{"data": [{"t": 1696609920, "d": ["acmeair-booking-db", 5.545]}, {"t": 1696609920, "d": ["acmeair-bookingservice", 2.76275]}, {"t": 1696609920, "d": ["acmeair-flightservice", 2.061]}, {"t": 1696609920, "d": ["acmeair-customerservice", 1.710751]}, {"t": 1696609920, "d": ["acmeair-customer-db", 0.74325]}, {"t": 1696609920, "d": ["acmeair-authservice", 0.487]}, {"t": 1696609920, "d": ["acmeair-flight-db", 0.2695]}, {"t": 1696609920, "d": ["acmeair-mainservice", 0.14075]}, {"t": 1696609930, "d": ["acmeair-booking-db", 5.7195]}, {"t": 1696609930, "d": ["acmeair-bookingservice", 3.21225]}, {"t": 1696609930, "d": ["acmeair-flightservice", 2.2395]}, {"t": 1696609930, "d": ["acmeair-customerservice", 1.791]}, {"t": 1696609930, "d": ["acmeair-customer-db", 1.08225]}, {"t": 1696609930, "d": ["acmeair-authservice", 0.52925]}, {"t": 1696609930, "d": ["acmeair-flight-db", 0.2705]}, {"t": 1696609930, "d": ["acmeair-mainservice", 0.133]}, {"t": 1696609940, "d": ["acmeair-booking-db", 4.348]}, {"t": 1696609940, "d": ["acmeair-bookingservice", 2.27125]}, {"t": 1696609940, "d": ["acmeair-flightservice", 2.339]}, {"t": 1696609940, "d": ["acmeair-customerservice", 1.4075]}, {"t": 1696609940, "d": ["acmeair-customer-db", 1.1915]}, {"t": 1696609940, "d": ["acmeair-authservice", 0.474001]}, {"t": 1696609940, "d": ["acmeair-flight-db", 0.2675]}, {"t": 1696609940, "d": ["acmeair-mainservice", 0.127]}, {"t": 1696609950, "d": ["acmeair-booking-db", 8.19425]}, {"t": 1696609950, "d": ["acmeair-bookingservice", 3.77575]}, {"t": 1696609950, "d": ["acmeair-flightservice", 1.8435]}, {"t": 1696609950, "d": ["acmeair-customerservice", 2.11275]}, {"t": 1696609950, "d": ["acmeair-customer-db", 0.86425]}, {"t": 1696609950, "d": ["acmeair-authservice", 0.617251]}, {"t": 1696609950, "d": ["acmeair-flight-db", 0.1715]}, {"t": 1696609950, "d": ["acmeair-mainservice", 0.14075]}, {"t": 1696609960, "d": ["acmeair-booking-db", 7.55675]}, {"t": 1696609960, "d": ["acmeair-bookingservice", 3.93175]}, {"t": 1696609960, "d": ["acmeair-flightservice", 2.89575]}, {"t": 1696609960, "d": ["acmeair-customerservice", 2.20625]}, {"t": 1696609960, "d": ["acmeair-customer-db", 1.2455]}, {"t": 1696609960, "d": ["acmeair-authservice", 0.59225]}, {"t": 1696609960, "d": ["acmeair-flight-db", 0.24625]}, {"t": 1696609960, "d": ["acmeair-mainservice", 0.14375]}, {"t": 1696609970, "d": ["acmeair-booking-db", 7.2785]}, {"t": 1696609970, "d": ["acmeair-bookingservice", 3.67525]}, {"t": 1696609970, "d": ["acmeair-flightservice", 2.9405]}, {"t": 1696609970, "d": ["acmeair-customerservice", 2.137]}, {"t": 1696609970, "d": ["acmeair-customer-db", 1.30625]}, {"t": 1696609970, "d": ["acmeair-authservice", 0.58675]}, {"t": 1696609970, "d": ["acmeair-flight-db", 0.268]}, {"t": 1696609970, "d": ["acmeair-mainservice", 0.12675]}, {"t": 1696609980, "d": ["acmeair-booking-db", 7.8475]}, {"t": 1696609980, "d": ["acmeair-bookingservice", 3.755]}, {"t": 1696609980, "d": ["acmeair-flightservice", 2.857]}, {"t": 1696609980, "d": ["acmeair-customerservice", 2.22225]}, {"t": 1696609980, "d": ["acmeair-customer-db", 1.273001]}, {"t": 1696609980, "d": ["acmeair-authservice", 0.6555]}, {"t": 1696609980, "d": ["acmeair-flight-db", 0.276]}, {"t": 1696609980, "d": ["acmeair-mainservice", 0.11375]}, {"t": 1696609990, "d": ["acmeair-booking-db", 8.1005]}, {"t": 1696609990, "d": ["acmeair-bookingservice", 3.93375]}, {"t": 1696609990, "d": ["acmeair-flightservice", 3.0465]}, {"t": 1696609990, "d": ["acmeair-customerservice", 2.3515]}, {"t": 1696609990, "d": ["acmeair-customer-db", 1.2835]}, {"t": 1696609990, "d": ["acmeair-authservice", 0.7085]}, {"t": 1696609990, "d": ["acmeair-flight-db", 0.29525]}, {"t": 1696609990, "d": ["acmeair-mainservice", 0.11075]}, {"t": 1696610000, "d": ["acmeair-booking-db", 6.503]}, {"t": 1696610000, "d": ["acmeair-bookingservice", 3.067]}, {"t": 1696610000, "d": ["acmeair-flightservice", 3.1235]}, {"t": 1696610000, "d": ["acmeair-customerservice", 1.894751]}, {"t": 1696610000, "d": ["acmeair-customer-db", 1.411]}, {"t": 1696610000, "d": ["acmeair-authservice", 0.5555]}, {"t": 1696610000, "d": ["acmeair-flight-db", 0.28325]}, {"t": 1696610000, "d": ["acmeair-mainservice", 0.109001]}, {"t": 1696610010, "d": ["acmeair-booking-db", 8.2905]}, {"t": 1696610010, "d": ["acmeair-bookingservice", 4.03625]}, {"t": 1696610010, "d": ["acmeair-flightservice", 2.530751]}, {"t": 1696610010, "d": ["acmeair-customerservice", 2.24775]}, {"t": 1696610010, "d": ["acmeair-customer-db", 1.102]}, {"t": 1696610010, "d": ["acmeair-authservice", 0.692]}, {"t": 1696610010, "d": ["acmeair-flight-db", 0.279]}, {"t": 1696610010, "d": ["acmeair-mainservice", 0.11475]}, {"t": 1696610020, "d": ["acmeair-booking-db", 7.93325]}, {"t": 1696610020, "d": ["acmeair-bookingservice", 3.69875]}, {"t": 1696610020, "d": ["acmeair-flightservice", 3.03925]}, {"t": 1696610020, "d": ["acmeair-customerservice", 2.193]}, {"t": 1696610020, "d": ["acmeair-customer-db", 1.3155]}, {"t": 1696610020, "d": ["acmeair-authservice", 0.61175]}, {"t": 1696610020, "d": ["acmeair-flight-db", 0.27425]}, {"t": 1696610020, "d": ["acmeair-mainservice", 0.117501]}, {"t": 1696610030, "d": ["acmeair-booking-db", 8.90025]}, {"t": 1696610030, "d": ["acmeair-bookingservice", 4.26725]}, {"t": 1696610030, "d": ["acmeair-flightservice", 2.891]}, {"t": 1696610030, "d": ["acmeair-customerservice", 2.416251]}, {"t": 1696610030, "d": ["acmeair-customer-db", 1.24675]}, {"t": 1696610030, "d": ["acmeair-authservice", 0.71225]}, {"t": 1696610030, "d": ["acmeair-flight-db", 0.2595]}, {"t": 1696610030, "d": ["acmeair-mainservice", 0.144]}, {"t": 1696610040, "d": ["acmeair-booking-db", 8.89725]}, {"t": 1696610040, "d": ["acmeair-bookingservice", 4.153001]}, {"t": 1696610040, "d": ["acmeair-flightservice", 3.17825]}, {"t": 1696610040, "d": ["acmeair-customerservice", 2.525]}, {"t": 1696610040, "d": ["acmeair-customer-db", 1.462]}, {"t": 1696610040, "d": ["acmeair-authservice", 0.75525]}, {"t": 1696610040, "d": ["acmeair-flight-db", 0.30625]}, {"t": 1696610040, "d": ["acmeair-mainservice", 0.142]}, {"t": 1696610050, "d": ["acmeair-booking-db", 9.3485]}, {"t": 1696610050, "d": ["acmeair-bookingservice", 3.957501]}, {"t": 1696610050, "d": ["acmeair-flightservice", 3.408251]}, {"t": 1696610050, "d": ["acmeair-customerservice", 2.286]}, {"t": 1696610050, "d": ["acmeair-customer-db", 1.46475]}, {"t": 1696610050, "d": ["acmeair-authservice", 0.6265]}, {"t": 1696610050, "d": ["acmeair-flight-db", 0.234751]}, {"t": 1696610050, "d": ["acmeair-mainservice", 0.12875]}, {"t": 1696610060, "d": ["acmeair-booking-db", 8.199]}, {"t": 1696610060, "d": ["acmeair-bookingservice", 3.8995]}, {"t": 1696610060, "d": ["acmeair-flightservice", 3.2885]}, {"t": 1696610060, "d": ["acmeair-customerservice", 2.28825]}, {"t": 1696610060, "d": ["acmeair-customer-db", 1.429]}, {"t": 1696610060, "d": ["acmeair-authservice", 0.665]}, {"t": 1696610060, "d": ["acmeair-flight-db", 0.2685]}, {"t": 1696610060, "d": ["acmeair-mainservice", 0.14825]}, {"t": 1696610070, "d": ["acmeair-booking-db", 7.691501]}, {"t": 1696610070, "d": ["acmeair-bookingservice", 3.796001]}, {"t": 1696610070, "d": ["acmeair-flightservice", 3.0495]}, {"t": 1696610070, "d": ["acmeair-customerservice", 2.2955]}, {"t": 1696610070, "d": ["acmeair-customer-db", 1.325501]}, {"t": 1696610070, "d": ["acmeair-authservice", 0.627]}, {"t": 1696610070, "d": ["acmeair-flight-db", 0.30225]}, {"t": 1696610070, "d": ["acmeair-mainservice", 0.110001]}, {"t": 1696610080, "d": ["acmeair-booking-db", 7.2255]}, {"t": 1696610080, "d": ["acmeair-bookingservice", 3.684]}, {"t": 1696610080, "d": ["acmeair-flightservice", 3.2065]}, {"t": 1696610080, "d": ["acmeair-customerservice", 2.2035]}, {"t": 1696610080, "d": ["acmeair-customer-db", 1.35625]}, {"t": 1696610080, "d": ["acmeair-authservice", 0.629251]}, {"t": 1696610080, "d": ["acmeair-flight-db", 0.27]}, {"t": 1696610080, "d": ["acmeair-mainservice", 0.103751]}, {"t": 1696610090, "d": ["acmeair-booking-db", 7.08375]}, {"t": 1696610090, "d": ["acmeair-bookingservice", 3.565251]}, {"t": 1696610090, "d": ["acmeair-flightservice", 3.0055]}, {"t": 1696610090, "d": ["acmeair-customerservice", 2.0975]}, {"t": 1696610090, "d": ["acmeair-customer-db", 1.273751]}, {"t": 1696610090, "d": ["acmeair-authservice", 0.63]}, {"t": 1696610090, "d": ["acmeair-flight-db", 0.2725]}, {"t": 1696610090, "d": ["acmeair-mainservice", 0.102001]}, {"t": 1696610100, "d": ["acmeair-booking-db", 7.346]}, {"t": 1696610100, "d": ["acmeair-bookingservice", 3.59625]}, {"t": 1696610100, "d": ["acmeair-flightservice", 2.7585]}, {"t": 1696610100, "d": ["acmeair-customerservice", 2.15825]}, {"t": 1696610100, "d": ["acmeair-customer-db", 1.1895]}, {"t": 1696610100, "d": ["acmeair-authservice", 0.64925]}, {"t": 1696610100, "d": ["acmeair-flight-db", 0.27875]}, {"t": 1696610100, "d": ["acmeair-mainservice", 0.106001]}, {"t": 1696610110, "d": ["acmeair-booking-db", 8.1195]}, {"t": 1696610110, "d": ["acmeair-bookingservice", 4.0745]}, {"t": 1696610110, "d": ["acmeair-flightservice", 2.948]}, {"t": 1696610110, "d": ["acmeair-customerservice", 2.27225]}, {"t": 1696610110, "d": ["acmeair-customer-db", 1.2625]}, {"t": 1696610110, "d": ["acmeair-authservice", 2.80875]}, {"t": 1696610110, "d": ["acmeair-flight-db", 0.2795]}, {"t": 1696610110, "d": ["acmeair-mainservice", 0.114]}, {"t": 1696610120, "d": ["acmeair-booking-db", 8.08175]}, {"t": 1696610120, "d": ["acmeair-bookingservice", 4.17275]}, {"t": 1696610120, "d": ["acmeair-flightservice", 3.19975]}, {"t": 1696610120, "d": ["acmeair-customerservice", 2.36675]}, {"t": 1696610120, "d": ["acmeair-customer-db", 1.3395]}, {"t": 1696610120, "d": ["acmeair-authservice", 0.71275]}, {"t": 1696610120, "d": ["acmeair-flight-db", 0.39125]}, {"t": 1696610120, "d": ["acmeair-mainservice", 0.1135]}, {"t": 1696610130, "d": ["acmeair-booking-db", 9.92825]}, {"t": 1696610130, "d": ["acmeair-bookingservice", 4.95625]}, {"t": 1696610130, "d": ["acmeair-flightservice", 3.382]}, {"t": 1696610130, "d": ["acmeair-customerservice", 2.879]}, {"t": 1696610130, "d": ["acmeair-customer-db", 1.57975]}, {"t": 1696610130, "d": ["acmeair-authservice", 0.756501]}, {"t": 1696610130, "d": ["acmeair-flight-db", 0.30175]}, {"t": 1696610130, "d": ["acmeair-mainservice", 0.122]}, {"t": 1696610140, "d": ["acmeair-booking-db", 8.98975]}, {"t": 1696610140, "d": ["acmeair-bookingservice", 4.7095]}, {"t": 1696610140, "d": ["acmeair-flightservice", 3.8175]}, {"t": 1696610140, "d": ["acmeair-customerservice", 2.827251]}, {"t": 1696610140, "d": ["acmeair-customer-db", 1.698]}, {"t": 1696610140, "d": ["acmeair-authservice", 0.71925]}, {"t": 1696610140, "d": ["acmeair-flight-db", 0.27525]}, {"t": 1696610140, "d": ["acmeair-mainservice", 0.12875]}, {"t": 1696610150, "d": ["acmeair-booking-db", 8.593251]}, {"t": 1696610150, "d": ["acmeair-bookingservice", 3.949001]}, {"t": 1696610150, "d": ["acmeair-flightservice", 3.7265]}, {"t": 1696610150, "d": ["acmeair-customerservice", 2.40975]}, {"t": 1696610150, "d": ["acmeair-customer-db", 1.55125]}, {"t": 1696610150, "d": ["acmeair-authservice", 0.67375]}, {"t": 1696610150, "d": ["acmeair-flight-db", 0.28575]}, {"t": 1696610150, "d": ["acmeair-mainservice", 0.12575]}, {"t": 1696610160, "d": ["acmeair-booking-db", 5.80725]}, {"t": 1696610160, "d": ["acmeair-bookingservice", 2.592501]}, {"t": 1696610160, "d": ["acmeair-flightservice", 3.13325]}, {"t": 1696610160, "d": ["acmeair-customerservice", 1.60125]}, {"t": 1696610160, "d": ["acmeair-customer-db", 1.382751]}, {"t": 1696610160, "d": ["acmeair-authservice", 0.527501]}, {"t": 1696610160, "d": ["acmeair-flight-db", 0.27175]}, {"t": 1696610160, "d": ["acmeair-mainservice", 0.1325]}, {"t": 1696610170, "d": ["acmeair-booking-db", 7.51775]}, {"t": 1696610170, "d": ["acmeair-bookingservice", 3.721501]}, {"t": 1696610170, "d": ["acmeair-flightservice", 2.1625]}, {"t": 1696610170, "d": ["acmeair-customerservice", 2.219751]}, {"t": 1696610170, "d": ["acmeair-customer-db", 0.9625]}, {"t": 1696610170, "d": ["acmeair-authservice", 0.613]}, {"t": 1696610170, "d": ["acmeair-flight-db", 0.51175]}, {"t": 1696610170, "d": ["acmeair-mainservice", 0.1325]}, {"t": 1696610180, "d": ["acmeair-booking-db", 6.54375]}, {"t": 1696610180, "d": ["acmeair-bookingservice", 3.508251]}, {"t": 1696610180, "d": ["acmeair-flightservice", 2.873751]}, {"t": 1696610180, "d": ["acmeair-customerservice", 2.04925]}, {"t": 1696610180, "d": ["acmeair-customer-db", 1.562]}, {"t": 1696610180, "d": ["acmeair-authservice", 0.57775]}, {"t": 1696610180, "d": ["acmeair-flight-db", 0.249251]}, {"t": 1696610180, "d": ["acmeair-mainservice", 0.1165]}, {"t": 1696610190, "d": ["acmeair-booking-db", 7.34825]}, {"t": 1696610190, "d": ["acmeair-bookingservice", 3.6845]}, {"t": 1696610190, "d": ["acmeair-flightservice", 2.79875]}, {"t": 1696610190, "d": ["acmeair-customerservice", 2.12275]}, {"t": 1696610190, "d": ["acmeair-customer-db", 1.264]}, {"t": 1696610190, "d": ["acmeair-authservice", 0.63025]}, {"t": 1696610190, "d": ["acmeair-flight-db", 0.27725]}, {"t": 1696610190, "d": ["acmeair-mainservice", 0.117501]}, {"t": 1696610200, "d": ["acmeair-booking-db", 6.68625]}, {"t": 1696610200, "d": ["acmeair-bookingservice", 3.3495]}, {"t": 1696610200, "d": ["acmeair-flightservice", 2.8575]}, {"t": 1696610200, "d": ["acmeair-customerservice", 2.161]}, {"t": 1696610200, "d": ["acmeair-customer-db", 1.2385]}, {"t": 1696610200, "d": ["acmeair-authservice", 0.66825]}, {"t": 1696610200, "d": ["acmeair-flight-db", 0.2675]}, {"t": 1696610200, "d": ["acmeair-mainservice", 0.118]}, {"t": 1696610210, "d": ["acmeair-booking-db", 3.39975]}, {"t": 1696610210, "d": ["acmeair-bookingservice", 1.74975]}, {"t": 1696610210, "d": ["acmeair-flightservice", 2.83925]}, {"t": 1696610210, "d": ["acmeair-customerservice", 1.06175]}, {"t": 1696610210, "d": ["acmeair-customer-db", 1.27675]}, {"t": 1696610210, "d": ["acmeair-authservice", 0.386751]}, {"t": 1696610210, "d": ["acmeair-flight-db", 0.269]}, {"t": 1696610210, "d": ["acmeair-mainservice", 0.110001]}, {"t": 1696610220, "d": ["acmeair-booking-db", 7.807251]}, {"t": 1696610220, "d": ["acmeair-bookingservice", 4.01075]}, {"t": 1696610220, "d": ["acmeair-flightservice", 1.399]}, {"t": 1696610220, "d": ["acmeair-customerservice", 2.381]}, {"t": 1696610220, "d": ["acmeair-customer-db", 0.66475]}, {"t": 1696610220, "d": ["acmeair-authservice", 0.7285]}, {"t": 1696610220, "d": ["acmeair-flight-db", 0.26925]}, {"t": 1696610220, "d": ["acmeair-mainservice", 0.120501]}, {"t": 1696610230, "d": ["acmeair-booking-db", 7.496]}, {"t": 1696610230, "d": ["acmeair-bookingservice", 3.943501]}, {"t": 1696610230, "d": ["acmeair-flightservice", 3.22375]}, {"t": 1696610230, "d": ["acmeair-customerservice", 2.2205]}, {"t": 1696610230, "d": ["acmeair-customer-db", 1.39475]}, {"t": 1696610230, "d": ["acmeair-authservice", 0.6775]}, {"t": 1696610230, "d": ["acmeair-flight-db", 0.263751]}, {"t": 1696610230, "d": ["acmeair-mainservice", 0.10775]}, {"t": 1696610240, "d": ["acmeair-booking-db", 7.852501]}, {"t": 1696610240, "d": ["acmeair-bookingservice", 4.23625]}, {"t": 1696610240, "d": ["acmeair-flightservice", 3.031]}, {"t": 1696610240, "d": ["acmeair-customerservice", 2.345]}, {"t": 1696610240, "d": ["acmeair-customer-db", 1.366]}, {"t": 1696610240, "d": ["acmeair-authservice", 0.722]}, {"t": 1696610240, "d": ["acmeair-flight-db", 0.26825]}, {"t": 1696610240, "d": ["acmeair-mainservice", 0.12275]}, {"t": 1696610250, "d": ["acmeair-booking-db", 9.1965]}, {"t": 1696610250, "d": ["acmeair-bookingservice", 4.36125]}, {"t": 1696610250, "d": ["acmeair-flightservice", 3.4015]}, {"t": 1696610250, "d": ["acmeair-customerservice", 2.34675]}, {"t": 1696610250, "d": ["acmeair-customer-db", 1.4995]}, {"t": 1696610250, "d": ["acmeair-authservice", 0.71075]}, {"t": 1696610250, "d": ["acmeair-flight-db", 0.18175]}, {"t": 1696610250, "d": ["acmeair-mainservice", 0.132]}, {"t": 1696610260, "d": ["acmeair-booking-db", 7.561751]}, {"t": 1696610260, "d": ["acmeair-bookingservice", 3.8995]}, {"t": 1696610260, "d": ["acmeair-flightservice", 3.484001]}, {"t": 1696610260, "d": ["acmeair-customerservice", 2.354501]}, {"t": 1696610260, "d": ["acmeair-customer-db", 1.542]}, {"t": 1696610260, "d": ["acmeair-authservice", 0.696]}, {"t": 1696610260, "d": ["acmeair-flight-db", 0.2675]}, {"t": 1696610260, "d": ["acmeair-mainservice", 0.147]}, {"t": 1696610270, "d": ["acmeair-booking-db", 6.605751]}, {"t": 1696610270, "d": ["acmeair-bookingservice", 3.2955]}, {"t": 1696610270, "d": ["acmeair-flightservice", 3.175]}, {"t": 1696610270, "d": ["acmeair-customerservice", 1.973]}, {"t": 1696610270, "d": ["acmeair-customer-db", 1.33325]}, {"t": 1696610270, "d": ["acmeair-authservice", 0.605]}, {"t": 1696610270, "d": ["acmeair-flight-db", 0.26875]}, {"t": 1696610270, "d": ["acmeair-mainservice", 0.11325]}, {"t": 1696610280, "d": ["acmeair-booking-db", 7.2465]}, {"t": 1696610280, "d": ["acmeair-bookingservice", 3.749]}, {"t": 1696610280, "d": ["acmeair-flightservice", 2.65]}, {"t": 1696610280, "d": ["acmeair-customerservice", 2.08575]}, {"t": 1696610280, "d": ["acmeair-customer-db", 1.2285]}, {"t": 1696610280, "d": ["acmeair-authservice", 0.652]}, {"t": 1696610280, "d": ["acmeair-flight-db", 0.26825]}, {"t": 1696610280, "d": ["acmeair-mainservice", 0.120501]}, {"t": 1696610290, "d": ["acmeair-booking-db", 8.25925]}, {"t": 1696610290, "d": ["acmeair-bookingservice", 4.17075]}, {"t": 1696610290, "d": ["acmeair-flightservice", 3.156501]}, {"t": 1696610290, "d": ["acmeair-customerservice", 2.46175]}, {"t": 1696610290, "d": ["acmeair-customer-db", 1.262]}, {"t": 1696610290, "d": ["acmeair-authservice", 0.756]}, {"t": 1696610290, "d": ["acmeair-flight-db", 0.27325]}, {"t": 1696610290, "d": ["acmeair-mainservice", 0.115]}, {"t": 1696610300, "d": ["acmeair-booking-db", 6.733]}, {"t": 1696610300, "d": ["acmeair-bookingservice", 3.5125]}, {"t": 1696610300, "d": ["acmeair-flightservice", 3.537251]}, {"t": 1696610300, "d": ["acmeair-customerservice", 2.07775]}, {"t": 1696610300, "d": ["acmeair-customer-db", 1.41275]}, {"t": 1696610300, "d": ["acmeair-authservice", 0.65225]}, {"t": 1696610300, "d": ["acmeair-flight-db", 0.2705]}, {"t": 1696610300, "d": ["acmeair-mainservice", 0.1015]}, {"t": 1696610310, "d": ["acmeair-booking-db", 4.642]}, {"t": 1696610310, "d": ["acmeair-bookingservice", 2.425]}, {"t": 1696610310, "d": ["acmeair-flightservice", 2.96575]}, {"t": 1696610310, "d": ["acmeair-customerservice", 1.4275]}, {"t": 1696610310, "d": ["acmeair-customer-db", 1.239751]}, {"t": 1696610310, "d": ["acmeair-authservice", 0.4795]}, {"t": 1696610310, "d": ["acmeair-flight-db", 0.27625]}, {"t": 1696610310, "d": ["acmeair-mainservice", 0.10325]}, {"t": 1696610320, "d": ["acmeair-booking-db", 6.61125]}, {"t": 1696610320, "d": ["acmeair-bookingservice", 3.44675]}, {"t": 1696610320, "d": ["acmeair-flightservice", 1.99025]}, {"t": 1696610320, "d": ["acmeair-customerservice", 2.0075]}, {"t": 1696610320, "d": ["acmeair-customer-db", 0.9385]}, {"t": 1696610320, "d": ["acmeair-authservice", 0.57975]}, {"t": 1696610320, "d": ["acmeair-flight-db", 0.27875]}, {"t": 1696610320, "d": ["acmeair-mainservice", 0.11925]}, {"t": 1696610330, "d": ["acmeair-booking-db", 5.1695]}, {"t": 1696610330, "d": ["acmeair-bookingservice", 2.695]}, {"t": 1696610330, "d": ["acmeair-flightservice", 2.60275]}, {"t": 1696610330, "d": ["acmeair-customerservice", 1.56075]}, {"t": 1696610330, "d": ["acmeair-customer-db", 1.136]}, {"t": 1696610330, "d": ["acmeair-authservice", 0.490501]}, {"t": 1696610330, "d": ["acmeair-flight-db", 0.27275]}, {"t": 1696610330, "d": ["acmeair-mainservice", 0.1055]}, {"t": 1696610340, "d": ["acmeair-booking-db", 7.876251]}, {"t": 1696610340, "d": ["acmeair-bookingservice", 4.1385]}, {"t": 1696610340, "d": ["acmeair-flightservice", 2.05775]}, {"t": 1696610340, "d": ["acmeair-customerservice", 2.24]}, {"t": 1696610340, "d": ["acmeair-customer-db", 1.00825]}, {"t": 1696610340, "d": ["acmeair-authservice", 0.62575]}, {"t": 1696610340, "d": ["acmeair-flight-db", 0.27425]}, {"t": 1696610340, "d": ["acmeair-mainservice", 0.1125]}, {"t": 1696610350, "d": ["acmeair-booking-db", 7.53375]}, {"t": 1696610350, "d": ["acmeair-bookingservice", 4.31725]}, {"t": 1696610350, "d": ["acmeair-flightservice", 3.09825]}, {"t": 1696610350, "d": ["acmeair-customerservice", 2.52375]}, {"t": 1696610350, "d": ["acmeair-customer-db", 1.367]}, {"t": 1696610350, "d": ["acmeair-authservice", 0.6955]}, {"t": 1696610350, "d": ["acmeair-flight-db", 0.276]}, {"t": 1696610350, "d": ["acmeair-mainservice", 0.117501]}, {"t": 1696610360, "d": ["acmeair-booking-db", 8.12325]}, {"t": 1696610360, "d": ["acmeair-bookingservice", 4.189501]}, {"t": 1696610360, "d": ["acmeair-flightservice", 3.43325]}, {"t": 1696610360, "d": ["acmeair-customerservice", 2.6645]}, {"t": 1696610360, "d": ["acmeair-customer-db", 1.507001]}, {"t": 1696610360, "d": ["acmeair-authservice", 0.75275]}, {"t": 1696610360, "d": ["acmeair-flight-db", 0.28175]}, {"t": 1696610360, "d": ["acmeair-mainservice", 0.124]}, {"t": 1696610370, "d": ["acmeair-booking-db", 8.396]}, {"t": 1696610370, "d": ["acmeair-bookingservice", 4.5705]}, {"t": 1696610370, "d": ["acmeair-flightservice", 3.51125]}, {"t": 1696610370, "d": ["acmeair-customerservice", 2.6185]}, {"t": 1696610370, "d": ["acmeair-customer-db", 1.48475]}, {"t": 1696610370, "d": ["acmeair-authservice", 0.7875]}, {"t": 1696610370, "d": ["acmeair-flight-db", 0.2765]}, {"t": 1696610370, "d": ["acmeair-mainservice", 0.120501]}, {"t": 1696610380, "d": ["acmeair-booking-db", 7.852]}, {"t": 1696610380, "d": ["acmeair-bookingservice", 4.155251]}, {"t": 1696610380, "d": ["acmeair-flightservice", 3.52775]}, {"t": 1696610380, "d": ["acmeair-customerservice", 2.446]}, {"t": 1696610380, "d": ["acmeair-customer-db", 1.6055]}, {"t": 1696610380, "d": ["acmeair-authservice", 0.71675]}, {"t": 1696610380, "d": ["acmeair-flight-db", 0.27425]}, {"t": 1696610380, "d": ["acmeair-mainservice", 0.11975]}, {"t": 1696610390, "d": ["acmeair-booking-db", 6.93625]}, {"t": 1696610390, "d": ["acmeair-bookingservice", 3.281]}, {"t": 1696610390, "d": ["acmeair-flightservice", 3.336]}, {"t": 1696610390, "d": ["acmeair-customerservice", 2.10525]}, {"t": 1696610390, "d": ["acmeair-customer-db", 1.39275]}, {"t": 1696610390, "d": ["acmeair-authservice", 0.60725]}, {"t": 1696610390, "d": ["acmeair-flight-db", 0.277]}, {"t": 1696610390, "d": ["acmeair-mainservice", 0.11175]}, {"t": 1696610400, "d": ["acmeair-booking-db", 8.42325]}, {"t": 1696610400, "d": ["acmeair-bookingservice", 4.436]}, {"t": 1696610400, "d": ["acmeair-flightservice", 2.732751]}, {"t": 1696610400, "d": ["acmeair-customerservice", 2.628]}, {"t": 1696610400, "d": ["acmeair-customer-db", 1.248]}, {"t": 1696610400, "d": ["acmeair-authservice", 0.7105]}, {"t": 1696610400, "d": ["acmeair-flight-db", 0.2755]}, {"t": 1696610400, "d": ["acmeair-mainservice", 0.11775]}, {"t": 1696610410, "d": ["acmeair-booking-db", 6.3365]}, {"t": 1696610410, "d": ["acmeair-bookingservice", 3.392751]}, {"t": 1696610410, "d": ["acmeair-flightservice", 3.5375]}, {"t": 1696610410, "d": ["acmeair-customerservice", 1.90975]}, {"t": 1696610410, "d": ["acmeair-customer-db", 1.5315]}, {"t": 1696610410, "d": ["acmeair-authservice", 0.567]}, {"t": 1696610410, "d": ["acmeair-flight-db", 0.28875]}, {"t": 1696610410, "d": ["acmeair-mainservice", 0.1345]}, {"t": 1696610420, "d": ["acmeair-booking-db", 6.930751]}, {"t": 1696610420, "d": ["acmeair-bookingservice", 3.8565]}, {"t": 1696610420, "d": ["acmeair-flightservice", 2.530751]}, {"t": 1696610420, "d": ["acmeair-customerservice", 2.308]}, {"t": 1696610420, "d": ["acmeair-customer-db", 1.1875]}, {"t": 1696610420, "d": ["acmeair-authservice", 0.625]}, {"t": 1696610420, "d": ["acmeair-flight-db", 0.37]}, {"t": 1696610420, "d": ["acmeair-mainservice", 0.1155]}, {"t": 1696610430, "d": ["acmeair-booking-db", 7.4875]}, {"t": 1696610430, "d": ["acmeair-bookingservice", 3.739501]}, {"t": 1696610430, "d": ["acmeair-flightservice", 3.11925]}, {"t": 1696610430, "d": ["acmeair-customerservice", 2.2705]}, {"t": 1696610430, "d": ["acmeair-customer-db", 1.4535]}, {"t": 1696610430, "d": ["acmeair-authservice", 0.655]}, {"t": 1696610430, "d": ["acmeair-flight-db", 0.29875]}, {"t": 1696610430, "d": ["acmeair-mainservice", 0.139]}, {"t": 1696610440, "d": ["acmeair-booking-db", 7.51725]}, {"t": 1696610440, "d": ["acmeair-bookingservice", 4.05025]}, {"t": 1696610440, "d": ["acmeair-flightservice", 3.089]}, {"t": 1696610440, "d": ["acmeair-customerservice", 2.3755]}, {"t": 1696610440, "d": ["acmeair-customer-db", 1.3955]}, {"t": 1696610440, "d": ["acmeair-authservice", 0.675]}, {"t": 1696610440, "d": ["acmeair-flight-db", 0.2715]}, {"t": 1696610440, "d": ["acmeair-mainservice", 0.1165]}, {"t": 1696610450, "d": ["acmeair-booking-db", 6.135]}, {"t": 1696610450, "d": ["acmeair-bookingservice", 3.29625]}, {"t": 1696610450, "d": ["acmeair-flightservice", 3.20925]}, {"t": 1696610450, "d": ["acmeair-customerservice", 1.992501]}, {"t": 1696610450, "d": ["acmeair-customer-db", 1.408]}, {"t": 1696610450, "d": ["acmeair-authservice", 0.59825]}, {"t": 1696610450, "d": ["acmeair-flight-db", 0.27625]}, {"t": 1696610450, "d": ["acmeair-mainservice", 0.122501]}, {"t": 1696610460, "d": ["acmeair-booking-db", 6.7595]}, {"t": 1696610460, "d": ["acmeair-bookingservice", 3.87475]}, {"t": 1696610460, "d": ["acmeair-flightservice", 2.8155]}, {"t": 1696610460, "d": ["acmeair-customerservice", 2.3]}, {"t": 1696610460, "d": ["acmeair-customer-db", 1.20625]}, {"t": 1696610460, "d": ["acmeair-authservice", 0.647]}, {"t": 1696610460, "d": ["acmeair-flight-db", 0.2795]}, {"t": 1696610460, "d": ["acmeair-mainservice", 0.122]}, {"t": 1696610470, "d": ["acmeair-booking-db", 7.05025]}, {"t": 1696610470, "d": ["acmeair-bookingservice", 3.603]}, {"t": 1696610470, "d": ["acmeair-flightservice", 3.128]}, {"t": 1696610470, "d": ["acmeair-customerservice", 2.115]}, {"t": 1696610470, "d": ["acmeair-customer-db", 1.368]}, {"t": 1696610470, "d": ["acmeair-authservice", 0.596251]}, {"t": 1696610470, "d": ["acmeair-flight-db", 0.50775]}, {"t": 1696610470, "d": ["acmeair-mainservice", 0.112001]}, {"t": 1696610480, "d": ["acmeair-booking-db", 7.45675]}, {"t": 1696610480, "d": ["acmeair-bookingservice", 3.4085]}, {"t": 1696610480, "d": ["acmeair-flightservice", 2.886]}, {"t": 1696610480, "d": ["acmeair-customerservice", 2.22975]}, {"t": 1696610480, "d": ["acmeair-customer-db", 1.45975]}, {"t": 1696610480, "d": ["acmeair-authservice", 0.6665]}, {"t": 1696610480, "d": ["acmeair-flight-db", 0.268]}, {"t": 1696610480, "d": ["acmeair-mainservice", 0.119501]}, {"t": 1696610490, "d": ["acmeair-booking-db", 8.881]}, {"t": 1696610490, "d": ["acmeair-bookingservice", 3.9775]}, {"t": 1696610490, "d": ["acmeair-flightservice", 2.9415]}, {"t": 1696610490, "d": ["acmeair-customerservice", 2.3835]}, {"t": 1696610490, "d": ["acmeair-customer-db", 1.2845]}, {"t": 1696610490, "d": ["acmeair-authservice", 0.691001]}, {"t": 1696610490, "d": ["acmeair-flight-db", 0.2705]}, {"t": 1696610490, "d": ["acmeair-mainservice", 0.11275]}, {"t": 1696610500, "d": ["acmeair-booking-db", 7.768001]}, {"t": 1696610500, "d": ["acmeair-bookingservice", 3.94925]}, {"t": 1696610500, "d": ["acmeair-flightservice", 3.25475]}, {"t": 1696610500, "d": ["acmeair-customerservice", 2.295251]}, {"t": 1696610500, "d": ["acmeair-customer-db", 1.41875]}, {"t": 1696610500, "d": ["acmeair-authservice", 0.648]}, {"t": 1696610500, "d": ["acmeair-flight-db", 0.2655]}, {"t": 1696610500, "d": ["acmeair-mainservice", 0.126]}, {"t": 1696610510, "d": ["acmeair-booking-db", 2.45425]}, {"t": 1696610510, "d": ["acmeair-bookingservice", 1.15075]}, {"t": 1696610510, "d": ["acmeair-flightservice", 3.2435]}, {"t": 1696610510, "d": ["acmeair-customerservice", 0.889]}, {"t": 1696610510, "d": ["acmeair-customer-db", 1.38025]}, {"t": 1696610510, "d": ["acmeair-authservice", 0.33475]}, {"t": 1696610510, "d": ["acmeair-flight-db", 0.26525]}, {"t": 1696610510, "d": ["acmeair-mainservice", 0.117251]}], "start": 1696609910, "end": 1696610510}