{"data": [{"t": 1696609900, "d": ["acmeair-customerservice", 175343712]}, {"t": 1696609900, "d": ["acmeair-bookingservice", 172195420]}, {"t": 1696609900, "d": ["acmeair-authservice", 163999288]}, {"t": 1696609900, "d": ["acmeair-flightservice", 163352136]}, {"t": 1696609900, "d": ["acmeair-mainservice", 112202528]}, {"t": 1696609910, "d": ["acmeair-customerservice", 175343712]}, {"t": 1696609910, "d": ["acmeair-bookingservice", 172195420]}, {"t": 1696609910, "d": ["acmeair-authservice", 163999288]}, {"t": 1696609910, "d": ["acmeair-flightservice", 163352136]}, {"t": 1696609910, "d": ["acmeair-mainservice", 112202528]}, {"t": 1696609920, "d": ["acmeair-customerservice", 175343712]}, {"t": 1696609920, "d": ["acmeair-bookingservice", 172195420]}, {"t": 1696609920, "d": ["acmeair-authservice", 163999288]}, {"t": 1696609920, "d": ["acmeair-flightservice", 163352136]}, {"t": 1696609920, "d": ["acmeair-mainservice", 112202528]}, {"t": 1696609930, "d": ["acmeair-customerservice", 175343712]}, {"t": 1696609930, "d": ["acmeair-bookingservice", 172195420]}, {"t": 1696609930, "d": ["acmeair-authservice", 163999288]}, {"t": 1696609930, "d": ["acmeair-flightservice", 163352796.8]}, {"t": 1696609930, "d": ["acmeair-mainservice", 112202528]}, {"t": 1696609940, "d": ["acmeair-customerservice", 175343712]}, {"t": 1696609940, "d": ["acmeair-bookingservice", 172195420]}, {"t": 1696609940, "d": ["acmeair-authservice", 163999288]}, {"t": 1696609940, "d": ["acmeair-flightservice", 163353080]}, {"t": 1696609940, "d": ["acmeair-mainservice", 112202528]}, {"t": 1696609950, "d": ["acmeair-customerservice", 175343712]}, {"t": 1696609950, "d": ["acmeair-bookingservice", 172195420]}, {"t": 1696609950, "d": ["acmeair-authservice", 163999288]}, {"t": 1696609950, "d": ["acmeair-flightservice", 163353080]}, {"t": 1696609950, "d": ["acmeair-mainservice", 112202528]}, {"t": 1696609960, "d": ["acmeair-customerservice", 175343712]}, {"t": 1696609960, "d": ["acmeair-bookingservice", 172195420]}, {"t": 1696609960, "d": ["acmeair-authservice", 163999288]}, {"t": 1696609960, "d": ["acmeair-flightservice", 163353080]}, {"t": 1696609960, "d": ["acmeair-mainservice", 112202528]}, {"t": 1696609970, "d": ["acmeair-customerservice", 175343712]}, {"t": 1696609970, "d": ["acmeair-bookingservice", 172195420]}, {"t": 1696609970, "d": ["acmeair-authservice", 163999624]}, {"t": 1696609970, "d": ["acmeair-flightservice", 163353080]}, {"t": 1696609970, "d": ["acmeair-mainservice", 112202528]}, {"t": 1696609980, "d": ["acmeair-customerservice", 175343712]}, {"t": 1696609980, "d": ["acmeair-bookingservice", 172195420]}, {"t": 1696609980, "d": ["acmeair-authservice", 163999848]}, {"t": 1696609980, "d": ["acmeair-flightservice", 163353080]}, {"t": 1696609980, "d": ["acmeair-mainservice", 112202528]}, {"t": 1696609990, "d": ["acmeair-customerservice", 175343712]}, {"t": 1696609990, "d": ["acmeair-bookingservice", 172195420]}, {"t": 1696609990, "d": ["acmeair-authservice", 163999848]}, {"t": 1696609990, "d": ["acmeair-flightservice", 163353080]}, {"t": 1696609990, "d": ["acmeair-mainservice", 112202528]}, {"t": 1696610000, "d": ["acmeair-customerservice", 175343712]}, {"t": 1696610000, "d": ["acmeair-bookingservice", 172195420]}, {"t": 1696610000, "d": ["acmeair-authservice", 163999848]}, {"t": 1696610000, "d": ["acmeair-flightservice", 163353080]}, {"t": 1696610000, "d": ["acmeair-mainservice", 112202528]}, {"t": 1696610010, "d": ["acmeair-customerservice", 175343712]}, {"t": 1696610010, "d": ["acmeair-bookingservice", 172196053.6]}, {"t": 1696610010, "d": ["acmeair-authservice", 163999848]}, {"t": 1696610010, "d": ["acmeair-flightservice", 163353080]}, {"t": 1696610010, "d": ["acmeair-mainservice", 112202528]}, {"t": 1696610020, "d": ["acmeair-customerservice", 175343712]}, {"t": 1696610020, "d": ["acmeair-bookingservice", 172196124]}, {"t": 1696610020, "d": ["acmeair-authservice", 163999848]}, {"t": 1696610020, "d": ["acmeair-flightservice", 163353080]}, {"t": 1696610020, "d": ["acmeair-mainservice", 112202528]}, {"t": 1696610030, "d": ["acmeair-customerservice", 175343712]}, {"t": 1696610030, "d": ["acmeair-bookingservice", 172196124]}, {"t": 1696610030, "d": ["acmeair-authservice", 163999848]}, {"t": 1696610030, "d": ["acmeair-flightservice", 163353080]}, {"t": 1696610030, "d": ["acmeair-mainservice", 112202528]}, {"t": 1696610040, "d": ["acmeair-customerservice", 175343712]}, {"t": 1696610040, "d": ["acmeair-bookingservice", 172196124]}, {"t": 1696610040, "d": ["acmeair-authservice", 163999848]}, {"t": 1696610040, "d": ["acmeair-flightservice", 163353080]}, {"t": 1696610040, "d": ["acmeair-mainservice", 112202528]}, {"t": 1696610050, "d": ["acmeair-customerservice", 175343712]}, {"t": 1696610050, "d": ["acmeair-bookingservice", 172196124]}, {"t": 1696610050, "d": ["acmeair-authservice", 163999848]}, {"t": 1696610050, "d": ["acmeair-flightservice", 163353080]}, {"t": 1696610050, "d": ["acmeair-mainservice", 112202528]}, {"t": 1696610060, "d": ["acmeair-customerservice", 175343712]}, {"t": 1696610060, "d": ["acmeair-bookingservice", 172196124]}, {"t": 1696610060, "d": ["acmeair-authservice", 163999848]}, {"t": 1696610060, "d": ["acmeair-flightservice", 163353816]}, {"t": 1696610060, "d": ["acmeair-mainservice", 112202528]}, {"t": 1696610070, "d": ["acmeair-customerservice", 175343712]}, {"t": 1696610070, "d": ["acmeair-bookingservice", 172196124]}, {"t": 1696610070, "d": ["acmeair-authservice", 163999848]}, {"t": 1696610070, "d": ["acmeair-flightservice", 163353816]}, {"t": 1696610070, "d": ["acmeair-mainservice", 112202528]}, {"t": 1696610080, "d": ["acmeair-customerservice", 175343712]}, {"t": 1696610080, "d": ["acmeair-bookingservice", 172196124]}, {"t": 1696610080, "d": ["acmeair-authservice", 163999848]}, {"t": 1696610080, "d": ["acmeair-flightservice", 163353816]}, {"t": 1696610080, "d": ["acmeair-mainservice", 112202528]}, {"t": 1696610090, "d": ["acmeair-customerservice", 175343768]}, {"t": 1696610090, "d": ["acmeair-bookingservice", 172196124]}, {"t": 1696610090, "d": ["acmeair-authservice", 163999848]}, {"t": 1696610090, "d": ["acmeair-flightservice", 163353816]}, {"t": 1696610090, "d": ["acmeair-mainservice", 112202528]}, {"t": 1696610100, "d": ["acmeair-customerservice", 175344272]}, {"t": 1696610100, "d": ["acmeair-bookingservice", 172196124]}, {"t": 1696610100, "d": ["acmeair-authservice", 163999848]}, {"t": 1696610100, "d": ["acmeair-flightservice", 163353816]}, {"t": 1696610100, "d": ["acmeair-mainservice", 112202528]}, {"t": 1696610110, "d": ["acmeair-customerservice", 175344272]}, {"t": 1696610110, "d": ["acmeair-bookingservice", 172196124]}, {"t": 1696610110, "d": ["acmeair-authservice", 165732316.8]}, {"t": 1696610110, "d": ["acmeair-flightservice", 163353816]}, {"t": 1696610110, "d": ["acmeair-mainservice", 112202528]}, {"t": 1696610120, "d": ["acmeair-customerservice", 175344272]}, {"t": 1696610120, "d": ["acmeair-bookingservice", 172196124]}, {"t": 1696610120, "d": ["acmeair-authservice", 164040856]}, {"t": 1696610120, "d": ["acmeair-flightservice", 163353816]}, {"t": 1696610120, "d": ["acmeair-mainservice", 112202528]}, {"t": 1696610130, "d": ["acmeair-customerservice", 175344272]}, {"t": 1696610130, "d": ["acmeair-bookingservice", 172196124]}, {"t": 1696610130, "d": ["acmeair-authservice", 164040856]}, {"t": 1696610130, "d": ["acmeair-flightservice", 163353816]}, {"t": 1696610130, "d": ["acmeair-mainservice", 112202528]}, {"t": 1696610140, "d": ["acmeair-customerservice", 175344272]}, {"t": 1696610140, "d": ["acmeair-bookingservice", 172196124]}, {"t": 1696610140, "d": ["acmeair-authservice", 164040856]}, {"t": 1696610140, "d": ["acmeair-flightservice", 163353816]}, {"t": 1696610140, "d": ["acmeair-mainservice", 112203024]}, {"t": 1696610150, "d": ["acmeair-customerservice", 175344272]}, {"t": 1696610150, "d": ["acmeair-bookingservice", 172196124]}, {"t": 1696610150, "d": ["acmeair-authservice", 164040856]}, {"t": 1696610150, "d": ["acmeair-flightservice", 163353816]}, {"t": 1696610150, "d": ["acmeair-mainservice", 112203520]}, {"t": 1696610160, "d": ["acmeair-customerservice", 175344272]}, {"t": 1696610160, "d": ["acmeair-bookingservice", 172196124]}, {"t": 1696610160, "d": ["acmeair-authservice", 164040856]}, {"t": 1696610160, "d": ["acmeair-flightservice", 163353816]}, {"t": 1696610160, "d": ["acmeair-mainservice", 112203520]}, {"t": 1696610170, "d": ["acmeair-customerservice", 175344272]}, {"t": 1696610170, "d": ["acmeair-bookingservice", 172196124]}, {"t": 1696610170, "d": ["acmeair-authservice", 164040856]}, {"t": 1696610170, "d": ["acmeair-flightservice", 163353816]}, {"t": 1696610170, "d": ["acmeair-mainservice", 112203520]}, {"t": 1696610180, "d": ["acmeair-customerservice", 175344272]}, {"t": 1696610180, "d": ["acmeair-bookingservice", 172196124]}, {"t": 1696610180, "d": ["acmeair-authservice", 164040856]}, {"t": 1696610180, "d": ["acmeair-flightservice", 163353816]}, {"t": 1696610180, "d": ["acmeair-mainservice", 112203520]}, {"t": 1696610190, "d": ["acmeair-customerservice", 175344272]}, {"t": 1696610190, "d": ["acmeair-bookingservice", 172196124]}, {"t": 1696610190, "d": ["acmeair-authservice", 164040856]}, {"t": 1696610190, "d": ["acmeair-flightservice", 163353816]}, {"t": 1696610190, "d": ["acmeair-mainservice", 112203520]}, {"t": 1696610200, "d": ["acmeair-customerservice", 175344272]}, {"t": 1696610200, "d": ["acmeair-bookingservice", 172196124]}, {"t": 1696610200, "d": ["acmeair-authservice", 164040856]}, {"t": 1696610200, "d": ["acmeair-flightservice", 163353816]}, {"t": 1696610200, "d": ["acmeair-mainservice", 112203520]}, {"t": 1696610210, "d": ["acmeair-customerservice", 175344272]}, {"t": 1696610210, "d": ["acmeair-bookingservice", 172196124]}, {"t": 1696610210, "d": ["acmeair-authservice", 164040856]}, {"t": 1696610210, "d": ["acmeair-flightservice", 163353816]}, {"t": 1696610210, "d": ["acmeair-mainservice", 112203520]}, {"t": 1696610220, "d": ["acmeair-customerservice", 175344272]}, {"t": 1696610220, "d": ["acmeair-bookingservice", 172196124]}, {"t": 1696610220, "d": ["acmeair-authservice", 164040856]}, {"t": 1696610220, "d": ["acmeair-flightservice", 163353816]}, {"t": 1696610220, "d": ["acmeair-mainservice", 112203520]}, {"t": 1696610230, "d": ["acmeair-customerservice", 175344272]}, {"t": 1696610230, "d": ["acmeair-bookingservice", 172196124]}, {"t": 1696610230, "d": ["acmeair-authservice", 164040856]}, {"t": 1696610230, "d": ["acmeair-flightservice", 163353816]}, {"t": 1696610230, "d": ["acmeair-mainservice", 112203520]}, {"t": 1696610240, "d": ["acmeair-customerservice", 175344272]}, {"t": 1696610240, "d": ["acmeair-bookingservice", 172196124]}, {"t": 1696610240, "d": ["acmeair-authservice", 164041332.8]}, {"t": 1696610240, "d": ["acmeair-flightservice", 163353816]}, {"t": 1696610240, "d": ["acmeair-mainservice", 112203520]}, {"t": 1696610250, "d": ["acmeair-customerservice", 175344272]}, {"t": 1696610250, "d": ["acmeair-bookingservice", 172196124]}, {"t": 1696610250, "d": ["acmeair-authservice", 164040792]}, {"t": 1696610250, "d": ["acmeair-flightservice", 163353816]}, {"t": 1696610250, "d": ["acmeair-mainservice", 112203520]}, {"t": 1696610260, "d": ["acmeair-customerservice", 175344272]}, {"t": 1696610260, "d": ["acmeair-bookingservice", 172196124]}, {"t": 1696610260, "d": ["acmeair-authservice", 164040976]}, {"t": 1696610260, "d": ["acmeair-flightservice", 163353816]}, {"t": 1696610260, "d": ["acmeair-mainservice", 112203520]}, {"t": 1696610270, "d": ["acmeair-customerservice", 175344272]}, {"t": 1696610270, "d": ["acmeair-bookingservice", 172196124]}, {"t": 1696610270, "d": ["acmeair-authservice", 164041160]}, {"t": 1696610270, "d": ["acmeair-flightservice", 163353934.4]}, {"t": 1696610270, "d": ["acmeair-mainservice", 112203520]}, {"t": 1696610280, "d": ["acmeair-customerservice", 175344272]}, {"t": 1696610280, "d": ["acmeair-bookingservice", 172196124]}, {"t": 1696610280, "d": ["acmeair-authservice", 164041160]}, {"t": 1696610280, "d": ["acmeair-flightservice", 163354408]}, {"t": 1696610280, "d": ["acmeair-mainservice", 112203008]}, {"t": 1696610290, "d": ["acmeair-customerservice", 175344272]}, {"t": 1696610290, "d": ["acmeair-bookingservice", 172196124]}, {"t": 1696610290, "d": ["acmeair-authservice", 164041160]}, {"t": 1696610290, "d": ["acmeair-flightservice", 163617851.2]}, {"t": 1696610290, "d": ["acmeair-mainservice", 112202880]}, {"t": 1696610300, "d": ["acmeair-customerservice", 175344272]}, {"t": 1696610300, "d": ["acmeair-bookingservice", 172196124]}, {"t": 1696610300, "d": ["acmeair-authservice", 164041160]}, {"t": 1696610300, "d": ["acmeair-flightservice", 163362216]}, {"t": 1696610300, "d": ["acmeair-mainservice", 112202880]}, {"t": 1696610310, "d": ["acmeair-customerservice", 175344272]}, {"t": 1696610310, "d": ["acmeair-bookingservice", 172196124]}, {"t": 1696610310, "d": ["acmeair-authservice", 164041160]}, {"t": 1696610310, "d": ["acmeair-flightservice", 163362216]}, {"t": 1696610310, "d": ["acmeair-mainservice", 112202880]}, {"t": 1696610320, "d": ["acmeair-customerservice", 175344272]}, {"t": 1696610320, "d": ["acmeair-bookingservice", 172202488.8]}, {"t": 1696610320, "d": ["acmeair-authservice", 164041160]}, {"t": 1696610320, "d": ["acmeair-flightservice", 163363486.857143]}, {"t": 1696610320, "d": ["acmeair-mainservice", 112202880]}, {"t": 1696610330, "d": ["acmeair-customerservice", 175344272]}, {"t": 1696610330, "d": ["acmeair-bookingservice", 172217340]}, {"t": 1696610330, "d": ["acmeair-authservice", 164041160]}, {"t": 1696610330, "d": ["acmeair-flightservice", 163364440]}, {"t": 1696610330, "d": ["acmeair-mainservice", 112202880]}, {"t": 1696610340, "d": ["acmeair-customerservice", 175344272]}, {"t": 1696610340, "d": ["acmeair-bookingservice", 172221736.8]}, {"t": 1696610340, "d": ["acmeair-authservice", 164041160]}, {"t": 1696610340, "d": ["acmeair-flightservice", 163364440]}, {"t": 1696610340, "d": ["acmeair-mainservice", 112202880]}, {"t": 1696610350, "d": ["acmeair-customerservice", 175344272]}, {"t": 1696610350, "d": ["acmeair-bookingservice", 172221724]}, {"t": 1696610350, "d": ["acmeair-authservice", 164041160]}, {"t": 1696610350, "d": ["acmeair-flightservice", 163364577.6]}, {"t": 1696610350, "d": ["acmeair-mainservice", 112202880]}, {"t": 1696610360, "d": ["acmeair-customerservice", 175344272]}, {"t": 1696610360, "d": ["acmeair-bookingservice", 172223343.2]}, {"t": 1696610360, "d": ["acmeair-authservice", 164041160]}, {"t": 1696610360, "d": ["acmeair-flightservice", 163627913.6]}, {"t": 1696610360, "d": ["acmeair-mainservice", 112202880]}, {"t": 1696610370, "d": ["acmeair-customerservice", 175344272]}, {"t": 1696610370, "d": ["acmeair-bookingservice", 172225772]}, {"t": 1696610370, "d": ["acmeair-authservice", 164041160]}, {"t": 1696610370, "d": ["acmeair-flightservice", 163368120]}, {"t": 1696610370, "d": ["acmeair-mainservice", 112202880]}, {"t": 1696610380, "d": ["acmeair-customerservice", 175344272]}, {"t": 1696610380, "d": ["acmeair-bookingservice", 172225772]}, {"t": 1696610380, "d": ["acmeair-authservice", 164041160]}, {"t": 1696610380, "d": ["acmeair-flightservice", 163368120]}, {"t": 1696610380, "d": ["acmeair-mainservice", 112202880]}, {"t": 1696610390, "d": ["acmeair-customerservice", 175344272]}, {"t": 1696610390, "d": ["acmeair-bookingservice", 172225772]}, {"t": 1696610390, "d": ["acmeair-authservice", 164041160]}, {"t": 1696610390, "d": ["acmeair-flightservice", 163368120]}, {"t": 1696610390, "d": ["acmeair-mainservice", 112202880]}, {"t": 1696610400, "d": ["acmeair-customerservice", 175344272]}, {"t": 1696610400, "d": ["acmeair-bookingservice", 172225772]}, {"t": 1696610400, "d": ["acmeair-authservice", 164041160]}, {"t": 1696610400, "d": ["acmeair-flightservice", 163368120]}, {"t": 1696610400, "d": ["acmeair-mainservice", 112202880]}, {"t": 1696610410, "d": ["acmeair-customerservice", 175344272]}, {"t": 1696610410, "d": ["acmeair-bookingservice", 172227964]}, {"t": 1696610410, "d": ["acmeair-authservice", 164041160]}, {"t": 1696610410, "d": ["acmeair-flightservice", 163368120]}, {"t": 1696610410, "d": ["acmeair-mainservice", 112202880]}, {"t": 1696610420, "d": ["acmeair-customerservice", 175344272]}, {"t": 1696610420, "d": ["acmeair-bookingservice", 172227964]}, {"t": 1696610420, "d": ["acmeair-authservice", 164041160]}, {"t": 1696610420, "d": ["acmeair-flightservice", 163368796.8]}, {"t": 1696610420, "d": ["acmeair-mainservice", 112202880]}, {"t": 1696610430, "d": ["acmeair-customerservice", 175344272]}, {"t": 1696610430, "d": ["acmeair-bookingservice", 172227964]}, {"t": 1696610430, "d": ["acmeair-authservice", 164041160]}, {"t": 1696610430, "d": ["acmeair-flightservice", 163368872]}, {"t": 1696610430, "d": ["acmeair-mainservice", 112202880]}, {"t": 1696610440, "d": ["acmeair-customerservice", 175344272]}, {"t": 1696610440, "d": ["acmeair-bookingservice", 172227964]}, {"t": 1696610440, "d": ["acmeair-authservice", 164041160]}, {"t": 1696610440, "d": ["acmeair-flightservice", 163368872]}, {"t": 1696610440, "d": ["acmeair-mainservice", 112202880]}, {"t": 1696610450, "d": ["acmeair-customerservice", 175344272]}, {"t": 1696610450, "d": ["acmeair-bookingservice", 172227964]}, {"t": 1696610450, "d": ["acmeair-authservice", 164041160]}, {"t": 1696610450, "d": ["acmeair-flightservice", 163368872]}, {"t": 1696610450, "d": ["acmeair-mainservice", 112202880]}, {"t": 1696610460, "d": ["acmeair-customerservice", 175344272]}, {"t": 1696610460, "d": ["acmeair-bookingservice", 172227964]}, {"t": 1696610460, "d": ["acmeair-authservice", 164041160]}, {"t": 1696610460, "d": ["acmeair-flightservice", 163369496]}, {"t": 1696610460, "d": ["acmeair-mainservice", 112202880]}, {"t": 1696610470, "d": ["acmeair-customerservice", 175344272]}, {"t": 1696610470, "d": ["acmeair-bookingservice", 172227964]}, {"t": 1696610470, "d": ["acmeair-authservice", 164041880]}, {"t": 1696610470, "d": ["acmeair-flightservice", 163371992]}, {"t": 1696610470, "d": ["acmeair-mainservice", 112202880]}, {"t": 1696610480, "d": ["acmeair-customerservice", 175344272]}, {"t": 1696610480, "d": ["acmeair-bookingservice", 172227964]}, {"t": 1696610480, "d": ["acmeair-authservice", 164041880]}, {"t": 1696610480, "d": ["acmeair-flightservice", 163371992]}, {"t": 1696610480, "d": ["acmeair-mainservice", 112202880]}, {"t": 1696610490, "d": ["acmeair-customerservice", 175344272]}, {"t": 1696610490, "d": ["acmeair-bookingservice", 172227964]}, {"t": 1696610490, "d": ["acmeair-authservice", 164042472]}, {"t": 1696610490, "d": ["acmeair-flightservice", 163371992]}, {"t": 1696610490, "d": ["acmeair-mainservice", 112202880]}], "start": 1696609890, "end": 1696610490}