{"data": [{"t": 1696609900, "d": ["acmeair-bookingservice", 67]}, {"t": 1696609900, "d": ["acmeair-customerservice", 66]}, {"t": 1696609900, "d": ["acmeair-flightservice", 65.4]}, {"t": 1696609900, "d": ["acmeair-authservice", 64]}, {"t": 1696609900, "d": ["acmeair-mainservice", 60]}, {"t": 1696609910, "d": ["acmeair-bookingservice", 67]}, {"t": 1696609910, "d": ["acmeair-customerservice", 66]}, {"t": 1696609910, "d": ["acmeair-flightservice", 65]}, {"t": 1696609910, "d": ["acmeair-authservice", 64]}, {"t": 1696609910, "d": ["acmeair-mainservice", 60]}, {"t": 1696609920, "d": ["acmeair-bookingservice", 67]}, {"t": 1696609920, "d": ["acmeair-customerservice", 66]}, {"t": 1696609920, "d": ["acmeair-flightservice", 65]}, {"t": 1696609920, "d": ["acmeair-authservice", 64]}, {"t": 1696609920, "d": ["acmeair-mainservice", 60]}, {"t": 1696609930, "d": ["acmeair-bookingservice", 68.6]}, {"t": 1696609930, "d": ["acmeair-customerservice", 66]}, {"t": 1696609930, "d": ["acmeair-flightservice", 65.8]}, {"t": 1696609930, "d": ["acmeair-authservice", 64]}, {"t": 1696609930, "d": ["acmeair-mainservice", 60]}, {"t": 1696609940, "d": ["acmeair-bookingservice", 69.4]}, {"t": 1696609940, "d": ["acmeair-customerservice", 66]}, {"t": 1696609940, "d": ["acmeair-flightservice", 65]}, {"t": 1696609940, "d": ["acmeair-authservice", 64]}, {"t": 1696609940, "d": ["acmeair-mainservice", 60]}, {"t": 1696609950, "d": ["acmeair-bookingservice", 70.6]}, {"t": 1696609950, "d": ["acmeair-customerservice", 66]}, {"t": 1696609950, "d": ["acmeair-flightservice", 65]}, {"t": 1696609950, "d": ["acmeair-authservice", 64]}, {"t": 1696609950, "d": ["acmeair-mainservice", 60.555556]}, {"t": 1696609960, "d": ["acmeair-bookingservice", 67.8]}, {"t": 1696609960, "d": ["acmeair-customerservice", 66]}, {"t": 1696609960, "d": ["acmeair-flightservice", 65]}, {"t": 1696609960, "d": ["acmeair-authservice", 64]}, {"t": 1696609960, "d": ["acmeair-mainservice", 60]}, {"t": 1696609970, "d": ["acmeair-bookingservice", 68.2]}, {"t": 1696609970, "d": ["acmeair-customerservice", 66.8]}, {"t": 1696609970, "d": ["acmeair-flightservice", 65]}, {"t": 1696609970, "d": ["acmeair-authservice", 64]}, {"t": 1696609970, "d": ["acmeair-mainservice", 60]}, {"t": 1696609980, "d": ["acmeair-bookingservice", 67]}, {"t": 1696609980, "d": ["acmeair-customerservice", 66]}, {"t": 1696609980, "d": ["acmeair-flightservice", 65.8]}, {"t": 1696609980, "d": ["acmeair-authservice", 64]}, {"t": 1696609980, "d": ["acmeair-mainservice", 60]}, {"t": 1696609990, "d": ["acmeair-bookingservice", 67]}, {"t": 1696609990, "d": ["acmeair-customerservice", 66.8]}, {"t": 1696609990, "d": ["acmeair-flightservice", 65]}, {"t": 1696609990, "d": ["acmeair-authservice", 64]}, {"t": 1696609990, "d": ["acmeair-mainservice", 60]}, {"t": 1696610000, "d": ["acmeair-bookingservice", 70.2]}, {"t": 1696610000, "d": ["acmeair-customerservice", 66]}, {"t": 1696610000, "d": ["acmeair-flightservice", 65]}, {"t": 1696610000, "d": ["acmeair-authservice", 64]}, {"t": 1696610000, "d": ["acmeair-mainservice", 60]}, {"t": 1696610010, "d": ["acmeair-bookingservice", 71.4]}, {"t": 1696610010, "d": ["acmeair-customerservice", 66.8]}, {"t": 1696610010, "d": ["acmeair-flightservice", 65.444445]}, {"t": 1696610010, "d": ["acmeair-authservice", 64]}, {"t": 1696610010, "d": ["acmeair-mainservice", 60]}, {"t": 1696610020, "d": ["acmeair-bookingservice", 71.4]}, {"t": 1696610020, "d": ["acmeair-customerservice", 66.4]}, {"t": 1696610020, "d": ["acmeair-flightservice", 65]}, {"t": 1696610020, "d": ["acmeair-authservice", 64]}, {"t": 1696610020, "d": ["acmeair-mainservice", 60]}, {"t": 1696610030, "d": ["acmeair-bookingservice", 69.8]}, {"t": 1696610030, "d": ["acmeair-customerservice", 66]}, {"t": 1696610030, "d": ["acmeair-flightservice", 65]}, {"t": 1696610030, "d": ["acmeair-authservice", 64]}, {"t": 1696610030, "d": ["acmeair-mainservice", 60]}, {"t": 1696610040, "d": ["acmeair-bookingservice", 67]}, {"t": 1696610040, "d": ["acmeair-customerservice", 66]}, {"t": 1696610040, "d": ["acmeair-flightservice", 65]}, {"t": 1696610040, "d": ["acmeair-authservice", 64]}, {"t": 1696610040, "d": ["acmeair-mainservice", 60]}, {"t": 1696610050, "d": ["acmeair-bookingservice", 67]}, {"t": 1696610050, "d": ["acmeair-customerservice", 66]}, {"t": 1696610050, "d": ["acmeair-flightservice", 65]}, {"t": 1696610050, "d": ["acmeair-authservice", 64]}, {"t": 1696610050, "d": ["acmeair-mainservice", 60]}, {"t": 1696610060, "d": ["acmeair-bookingservice", 68.2]}, {"t": 1696610060, "d": ["acmeair-customerservice", 66.4]}, {"t": 1696610060, "d": ["acmeair-flightservice", 66.2]}, {"t": 1696610060, "d": ["acmeair-authservice", 64]}, {"t": 1696610060, "d": ["acmeair-mainservice", 60]}, {"t": 1696610070, "d": ["acmeair-bookingservice", 68.2]}, {"t": 1696610070, "d": ["acmeair-customerservice", 66]}, {"t": 1696610070, "d": ["acmeair-flightservice", 66.2]}, {"t": 1696610070, "d": ["acmeair-authservice", 64]}, {"t": 1696610070, "d": ["acmeair-mainservice", 60]}, {"t": 1696610080, "d": ["acmeair-bookingservice", 67]}, {"t": 1696610080, "d": ["acmeair-customerservice", 66.4]}, {"t": 1696610080, "d": ["acmeair-flightservice", 65.8]}, {"t": 1696610080, "d": ["acmeair-authservice", 64]}, {"t": 1696610080, "d": ["acmeair-mainservice", 60]}, {"t": 1696610090, "d": ["acmeair-bookingservice", 68.2]}, {"t": 1696610090, "d": ["acmeair-customerservice", 67.2]}, {"t": 1696610090, "d": ["acmeair-flightservice", 65]}, {"t": 1696610090, "d": ["acmeair-authservice", 64]}, {"t": 1696610090, "d": ["acmeair-mainservice", 60]}, {"t": 1696610100, "d": ["acmeair-bookingservice", 67]}, {"t": 1696610100, "d": ["acmeair-customerservice", 66.8]}, {"t": 1696610100, "d": ["acmeair-flightservice", 65.8]}, {"t": 1696610100, "d": ["acmeair-authservice", 64]}, {"t": 1696610100, "d": ["acmeair-mainservice", 60]}, {"t": 1696610110, "d": ["acmeair-bookingservice", 67.8]}, {"t": 1696610110, "d": ["acmeair-customerservice", 66]}, {"t": 1696610110, "d": ["acmeair-flightservice", 65]}, {"t": 1696610110, "d": ["acmeair-authservice", 64]}, {"t": 1696610110, "d": ["acmeair-mainservice", 60]}, {"t": 1696610120, "d": ["acmeair-bookingservice", 68.6]}, {"t": 1696610120, "d": ["acmeair-customerservice", 66]}, {"t": 1696610120, "d": ["acmeair-flightservice", 65]}, {"t": 1696610120, "d": ["acmeair-authservice", 64]}, {"t": 1696610120, "d": ["acmeair-mainservice", 60]}, {"t": 1696610130, "d": ["acmeair-bookingservice", 69]}, {"t": 1696610130, "d": ["acmeair-customerservice", 66]}, {"t": 1696610130, "d": ["acmeair-flightservice", 65.8]}, {"t": 1696610130, "d": ["acmeair-authservice", 64]}, {"t": 1696610130, "d": ["acmeair-mainservice", 60]}, {"t": 1696610140, "d": ["acmeair-bookingservice", 69.8]}, {"t": 1696610140, "d": ["acmeair-customerservice", 66.4]}, {"t": 1696610140, "d": ["acmeair-flightservice", 65]}, {"t": 1696610140, "d": ["acmeair-authservice", 64]}, {"t": 1696610140, "d": ["acmeair-mainservice", 60]}, {"t": 1696610150, "d": ["acmeair-bookingservice", 68.2]}, {"t": 1696610150, "d": ["acmeair-customerservice", 66.4]}, {"t": 1696610150, "d": ["acmeair-flightservice", 65.4]}, {"t": 1696610150, "d": ["acmeair-authservice", 64]}, {"t": 1696610150, "d": ["acmeair-mainservice", 60]}, {"t": 1696610160, "d": ["acmeair-bookingservice", 68.333334]}, {"t": 1696610160, "d": ["acmeair-customerservice", 66]}, {"t": 1696610160, "d": ["acmeair-flightservice", 65.8]}, {"t": 1696610160, "d": ["acmeair-authservice", 64]}, {"t": 1696610160, "d": ["acmeair-mainservice", 60]}, {"t": 1696610170, "d": ["acmeair-bookingservice", 69]}, {"t": 1696610170, "d": ["acmeair-customerservice", 68.4]}, {"t": 1696610170, "d": ["acmeair-flightservice", 66]}, {"t": 1696610170, "d": ["acmeair-authservice", 64]}, {"t": 1696610170, "d": ["acmeair-mainservice", 60]}, {"t": 1696610180, "d": ["acmeair-bookingservice", 67.8]}, {"t": 1696610180, "d": ["acmeair-customerservice", 66.4]}, {"t": 1696610180, "d": ["acmeair-flightservice", 66.6]}, {"t": 1696610180, "d": ["acmeair-authservice", 64]}, {"t": 1696610180, "d": ["acmeair-mainservice", 60]}, {"t": 1696610190, "d": ["acmeair-bookingservice", 69.8]}, {"t": 1696610190, "d": ["acmeair-customerservice", 67.6]}, {"t": 1696610190, "d": ["acmeair-flightservice", 65.8]}, {"t": 1696610190, "d": ["acmeair-authservice", 64]}, {"t": 1696610190, "d": ["acmeair-mainservice", 60]}, {"t": 1696610200, "d": ["acmeair-bookingservice", 67]}, {"t": 1696610200, "d": ["acmeair-customerservice", 67.6]}, {"t": 1696610200, "d": ["acmeair-flightservice", 65]}, {"t": 1696610200, "d": ["acmeair-authservice", 64]}, {"t": 1696610200, "d": ["acmeair-mainservice", 60]}, {"t": 1696610210, "d": ["acmeair-bookingservice", 69]}, {"t": 1696610210, "d": ["acmeair-customerservice", 66]}, {"t": 1696610210, "d": ["acmeair-flightservice", 65]}, {"t": 1696610210, "d": ["acmeair-authservice", 64]}, {"t": 1696610210, "d": ["acmeair-mainservice", 60]}, {"t": 1696610220, "d": ["acmeair-bookingservice", 67.8]}, {"t": 1696610220, "d": ["acmeair-customerservice", 66.4]}, {"t": 1696610220, "d": ["acmeair-flightservice", 65.8]}, {"t": 1696610220, "d": ["acmeair-authservice", 64]}, {"t": 1696610220, "d": ["acmeair-mainservice", 60]}, {"t": 1696610230, "d": ["acmeair-bookingservice", 67.4]}, {"t": 1696610230, "d": ["acmeair-customerservice", 66]}, {"t": 1696610230, "d": ["acmeair-flightservice", 66.2]}, {"t": 1696610230, "d": ["acmeair-authservice", 64]}, {"t": 1696610230, "d": ["acmeair-mainservice", 60]}, {"t": 1696610240, "d": ["acmeair-bookingservice", 68.3]}, {"t": 1696610240, "d": ["acmeair-customerservice", 66]}, {"t": 1696610240, "d": ["acmeair-flightservice", 69.8]}, {"t": 1696610240, "d": ["acmeair-authservice", 64]}, {"t": 1696610240, "d": ["acmeair-mainservice", 60]}, {"t": 1696610250, "d": ["acmeair-bookingservice", 67.8]}, {"t": 1696610250, "d": ["acmeair-customerservice", 66]}, {"t": 1696610250, "d": ["acmeair-flightservice", 67.8]}, {"t": 1696610250, "d": ["acmeair-authservice", 64]}, {"t": 1696610250, "d": ["acmeair-mainservice", 60]}, {"t": 1696610260, "d": ["acmeair-bookingservice", 68.2]}, {"t": 1696610260, "d": ["acmeair-customerservice", 67.2]}, {"t": 1696610260, "d": ["acmeair-flightservice", 65.4]}, {"t": 1696610260, "d": ["acmeair-authservice", 64]}, {"t": 1696610260, "d": ["acmeair-mainservice", 60.8]}, {"t": 1696610270, "d": ["acmeair-bookingservice", 68.2]}, {"t": 1696610270, "d": ["acmeair-customerservice", 66]}, {"t": 1696610270, "d": ["acmeair-flightservice", 67.4]}, {"t": 1696610270, "d": ["acmeair-authservice", 64]}, {"t": 1696610270, "d": ["acmeair-mainservice", 60]}, {"t": 1696610280, "d": ["acmeair-bookingservice", 67.4]}, {"t": 1696610280, "d": ["acmeair-customerservice", 66]}, {"t": 1696610280, "d": ["acmeair-flightservice", 67.4]}, {"t": 1696610280, "d": ["acmeair-authservice", 64]}, {"t": 1696610280, "d": ["acmeair-mainservice", 60]}, {"t": 1696610290, "d": ["acmeair-bookingservice", 69.4]}, {"t": 1696610290, "d": ["acmeair-customerservice", 67.6]}, {"t": 1696610290, "d": ["acmeair-flightservice", 71]}, {"t": 1696610290, "d": ["acmeair-authservice", 64]}, {"t": 1696610290, "d": ["acmeair-mainservice", 60]}, {"t": 1696610300, "d": ["acmeair-bookingservice", 68.2]}, {"t": 1696610300, "d": ["acmeair-customerservice", 66]}, {"t": 1696610300, "d": ["acmeair-flightservice", 74.2]}, {"t": 1696610300, "d": ["acmeair-authservice", 64]}, {"t": 1696610300, "d": ["acmeair-mainservice", 60]}, {"t": 1696610310, "d": ["acmeair-bookingservice", 67.4]}, {"t": 1696610310, "d": ["acmeair-customerservice", 66.4]}, {"t": 1696610310, "d": ["acmeair-flightservice", 69.8]}, {"t": 1696610310, "d": ["acmeair-authservice", 64.4]}, {"t": 1696610310, "d": ["acmeair-mainservice", 60]}, {"t": 1696610320, "d": ["acmeair-bookingservice", 70.6]}, {"t": 1696610320, "d": ["acmeair-customerservice", 66]}, {"t": 1696610320, "d": ["acmeair-flightservice", 68.428572]}, {"t": 1696610320, "d": ["acmeair-authservice", 64]}, {"t": 1696610320, "d": ["acmeair-mainservice", 60]}, {"t": 1696610330, "d": ["acmeair-bookingservice", 73.4]}, {"t": 1696610330, "d": ["acmeair-customerservice", 66]}, {"t": 1696610330, "d": ["acmeair-flightservice", 65.888889]}, {"t": 1696610330, "d": ["acmeair-authservice", 64]}, {"t": 1696610330, "d": ["acmeair-mainservice", 60]}, {"t": 1696610340, "d": ["acmeair-bookingservice", 73]}, {"t": 1696610340, "d": ["acmeair-customerservice", 67.2]}, {"t": 1696610340, "d": ["acmeair-flightservice", 69.111112]}, {"t": 1696610340, "d": ["acmeair-authservice", 64]}, {"t": 1696610340, "d": ["acmeair-mainservice", 60]}, {"t": 1696610350, "d": ["acmeair-bookingservice", 71.8]}, {"t": 1696610350, "d": ["acmeair-customerservice", 66]}, {"t": 1696610350, "d": ["acmeair-flightservice", 68.6]}, {"t": 1696610350, "d": ["acmeair-authservice", 64]}, {"t": 1696610350, "d": ["acmeair-mainservice", 60]}, {"t": 1696610360, "d": ["acmeair-bookingservice", 71.4]}, {"t": 1696610360, "d": ["acmeair-customerservice", 71.2]}, {"t": 1696610360, "d": ["acmeair-flightservice", 66.6]}, {"t": 1696610360, "d": ["acmeair-authservice", 64]}, {"t": 1696610360, "d": ["acmeair-mainservice", 60]}, {"t": 1696610370, "d": ["acmeair-bookingservice", 68.2]}, {"t": 1696610370, "d": ["acmeair-customerservice", 68]}, {"t": 1696610370, "d": ["acmeair-flightservice", 69.4]}, {"t": 1696610370, "d": ["acmeair-authservice", 64]}, {"t": 1696610370, "d": ["acmeair-mainservice", 60]}, {"t": 1696610380, "d": ["acmeair-bookingservice", 70.2]}, {"t": 1696610380, "d": ["acmeair-customerservice", 66]}, {"t": 1696610380, "d": ["acmeair-flightservice", 67.4]}, {"t": 1696610380, "d": ["acmeair-authservice", 64]}, {"t": 1696610380, "d": ["acmeair-mainservice", 60]}, {"t": 1696610390, "d": ["acmeair-bookingservice", 67.8]}, {"t": 1696610390, "d": ["acmeair-customerservice", 67.6]}, {"t": 1696610390, "d": ["acmeair-flightservice", 67]}, {"t": 1696610390, "d": ["acmeair-authservice", 64.4]}, {"t": 1696610390, "d": ["acmeair-mainservice", 60]}, {"t": 1696610400, "d": ["acmeair-bookingservice", 68.6]}, {"t": 1696610400, "d": ["acmeair-customerservice", 67.2]}, {"t": 1696610400, "d": ["acmeair-flightservice", 65]}, {"t": 1696610400, "d": ["acmeair-authservice", 64]}, {"t": 1696610400, "d": ["acmeair-mainservice", 60]}, {"t": 1696610410, "d": ["acmeair-bookingservice", 69]}, {"t": 1696610410, "d": ["acmeair-customerservice", 66.4]}, {"t": 1696610410, "d": ["acmeair-flightservice", 66.4]}, {"t": 1696610410, "d": ["acmeair-authservice", 64.4]}, {"t": 1696610410, "d": ["acmeair-mainservice", 60]}, {"t": 1696610420, "d": ["acmeair-bookingservice", 67.4]}, {"t": 1696610420, "d": ["acmeair-customerservice", 66]}, {"t": 1696610420, "d": ["acmeair-flightservice", 66.2]}, {"t": 1696610420, "d": ["acmeair-authservice", 67.6]}, {"t": 1696610420, "d": ["acmeair-mainservice", 60]}, {"t": 1696610430, "d": ["acmeair-bookingservice", 67]}, {"t": 1696610430, "d": ["acmeair-customerservice", 67.2]}, {"t": 1696610430, "d": ["acmeair-flightservice", 66.333334]}, {"t": 1696610430, "d": ["acmeair-authservice", 65.6]}, {"t": 1696610430, "d": ["acmeair-mainservice", 60]}, {"t": 1696610440, "d": ["acmeair-bookingservice", 67.4]}, {"t": 1696610440, "d": ["acmeair-customerservice", 66.4]}, {"t": 1696610440, "d": ["acmeair-flightservice", 65]}, {"t": 1696610440, "d": ["acmeair-authservice", 64]}, {"t": 1696610440, "d": ["acmeair-mainservice", 60]}, {"t": 1696610450, "d": ["acmeair-bookingservice", 71.8]}, {"t": 1696610450, "d": ["acmeair-customerservice", 66]}, {"t": 1696610450, "d": ["acmeair-flightservice", 66.6]}, {"t": 1696610450, "d": ["acmeair-authservice", 64]}, {"t": 1696610450, "d": ["acmeair-mainservice", 60]}, {"t": 1696610460, "d": ["acmeair-bookingservice", 69.8]}, {"t": 1696610460, "d": ["acmeair-customerservice", 66]}, {"t": 1696610460, "d": ["acmeair-flightservice", 66.3]}, {"t": 1696610460, "d": ["acmeair-authservice", 64]}, {"t": 1696610460, "d": ["acmeair-mainservice", 60]}, {"t": 1696610470, "d": ["acmeair-bookingservice", 69.8]}, {"t": 1696610470, "d": ["acmeair-customerservice", 66.4]}, {"t": 1696610470, "d": ["acmeair-flightservice", 69.444445]}, {"t": 1696610470, "d": ["acmeair-authservice", 64]}, {"t": 1696610470, "d": ["acmeair-mainservice", 60]}, {"t": 1696610480, "d": ["acmeair-bookingservice", 67.8]}, {"t": 1696610480, "d": ["acmeair-customerservice", 66.8]}, {"t": 1696610480, "d": ["acmeair-flightservice", 70.333334]}, {"t": 1696610480, "d": ["acmeair-authservice", 64]}, {"t": 1696610480, "d": ["acmeair-mainservice", 60]}, {"t": 1696610490, "d": ["acmeair-bookingservice", 67.8]}, {"t": 1696610490, "d": ["acmeair-customerservice", 66.4]}, {"t": 1696610490, "d": ["acmeair-flightservice", 66.5]}, {"t": 1696610490, "d": ["acmeair-authservice", 64]}, {"t": 1696610490, "d": ["acmeair-mainservice", 60]}], "start": 1696609890, "end": 1696610490}