{"data": [{"t": 1696609900, "d": ["acmeair-customerservice", 216964953.6]}, {"t": 1696609900, "d": ["acmeair-bookingservice", 172859430.4]}, {"t": 1696609900, "d": ["acmeair-flightservice", 136815137.6]}, {"t": 1696609900, "d": ["acmeair-authservice", 82150160]}, {"t": 1696609900, "d": ["acmeair-mainservice", 38041356.8]}, {"t": 1696609910, "d": ["acmeair-customerservice", 224703526.4]}, {"t": 1696609910, "d": ["acmeair-bookingservice", 187202393.6]}, {"t": 1696609910, "d": ["acmeair-flightservice", 138195080]}, {"t": 1696609910, "d": ["acmeair-authservice", 81445860.444445]}, {"t": 1696609910, "d": ["acmeair-mainservice", 38971148.8]}, {"t": 1696609920, "d": ["acmeair-customerservice", 198217610.4]}, {"t": 1696609920, "d": ["acmeair-bookingservice", 216456278.4]}, {"t": 1696609920, "d": ["acmeair-flightservice", 146808781.333334]}, {"t": 1696609920, "d": ["acmeair-authservice", 79808034.4]}, {"t": 1696609920, "d": ["acmeair-mainservice", 39905446.4]}, {"t": 1696609930, "d": ["acmeair-customerservice", 220418363.2]}, {"t": 1696609930, "d": ["acmeair-bookingservice", 216264984]}, {"t": 1696609930, "d": ["acmeair-flightservice", 137024472.8]}, {"t": 1696609930, "d": ["acmeair-authservice", 80777609.6]}, {"t": 1696609930, "d": ["acmeair-mainservice", 40779942.4]}, {"t": 1696609940, "d": ["acmeair-customerservice", 209967359.2]}, {"t": 1696609940, "d": ["acmeair-bookingservice", 223662862.4]}, {"t": 1696609940, "d": ["acmeair-flightservice", 145764232]}, {"t": 1696609940, "d": ["acmeair-authservice", 78638752]}, {"t": 1696609940, "d": ["acmeair-mainservice", 41590540.8]}, {"t": 1696609950, "d": ["acmeair-customerservice", 219764112]}, {"t": 1696609950, "d": ["acmeair-bookingservice", 220547356]}, {"t": 1696609950, "d": ["acmeair-flightservice", 129662096]}, {"t": 1696609950, "d": ["acmeair-authservice", 80578343.2]}, {"t": 1696609950, "d": ["acmeair-mainservice", 42530709.333334]}, {"t": 1696609960, "d": ["acmeair-customerservice", 197981664.8]}, {"t": 1696609960, "d": ["acmeair-bookingservice", 212650269.6]}, {"t": 1696609960, "d": ["acmeair-flightservice", 144470201.6]}, {"t": 1696609960, "d": ["acmeair-authservice", 78531515.2]}, {"t": 1696609960, "d": ["acmeair-mainservice", 43328473.6]}, {"t": 1696609970, "d": ["acmeair-customerservice", 215806492.8]}, {"t": 1696609970, "d": ["acmeair-bookingservice", 220021588.8]}, {"t": 1696609970, "d": ["acmeair-flightservice", 149115177.6]}, {"t": 1696609970, "d": ["acmeair-authservice", 78802589.6]}, {"t": 1696609970, "d": ["acmeair-mainservice", 44265137.777778]}, {"t": 1696609980, "d": ["acmeair-customerservice", 223522250.4]}, {"t": 1696609980, "d": ["acmeair-bookingservice", 207768590.4]}, {"t": 1696609980, "d": ["acmeair-flightservice", 139145146.4]}, {"t": 1696609980, "d": ["acmeair-authservice", 80067855.2]}, {"t": 1696609980, "d": ["acmeair-mainservice", 45186009.6]}, {"t": 1696609990, "d": ["acmeair-customerservice", 190236241.6]}, {"t": 1696609990, "d": ["acmeair-bookingservice", 210177371.2]}, {"t": 1696609990, "d": ["acmeair-flightservice", 142565544]}, {"t": 1696609990, "d": ["acmeair-authservice", 78749481.6]}, {"t": 1696609990, "d": ["acmeair-mainservice", 46122355.2]}, {"t": 1696610000, "d": ["acmeair-customerservice", 230872600]}, {"t": 1696610000, "d": ["acmeair-bookingservice", 217807114.4]}, {"t": 1696610000, "d": ["acmeair-flightservice", 140488896.8]}, {"t": 1696610000, "d": ["acmeair-authservice", 79859182.4]}, {"t": 1696610000, "d": ["acmeair-mainservice", 46925171.2]}, {"t": 1696610010, "d": ["acmeair-customerservice", 220282464]}, {"t": 1696610010, "d": ["acmeair-bookingservice", 221400616.8]}, {"t": 1696610010, "d": ["acmeair-flightservice", 131659107.555556]}, {"t": 1696610010, "d": ["acmeair-authservice", 79683107.2]}, {"t": 1696610010, "d": ["acmeair-mainservice", 47853734.4]}, {"t": 1696610020, "d": ["acmeair-customerservice", 197303040]}, {"t": 1696610020, "d": ["acmeair-bookingservice", 212489306.4]}, {"t": 1696610020, "d": ["acmeair-flightservice", 151087843.2]}, {"t": 1696610020, "d": ["acmeair-authservice", 80069705.6]}, {"t": 1696610020, "d": ["acmeair-mainservice", 48733145.6]}, {"t": 1696610030, "d": ["acmeair-customerservice", 210655376.8]}, {"t": 1696610030, "d": ["acmeair-bookingservice", 220492388.8]}, {"t": 1696610030, "d": ["acmeair-flightservice", 144857703.2]}, {"t": 1696610030, "d": ["acmeair-authservice", 80027266.4]}, {"t": 1696610030, "d": ["acmeair-mainservice", 49658841.6]}, {"t": 1696610040, "d": ["acmeair-customerservice", 227054480]}, {"t": 1696610040, "d": ["acmeair-bookingservice", 222813937.6]}, {"t": 1696610040, "d": ["acmeair-flightservice", 145000182.4]}, {"t": 1696610040, "d": ["acmeair-authservice", 79632614.4]}, {"t": 1696610040, "d": ["acmeair-mainservice", 50602969.6]}, {"t": 1696610050, "d": ["acmeair-customerservice", 213288172.8]}, {"t": 1696610050, "d": ["acmeair-bookingservice", 219203966.4]}, {"t": 1696610050, "d": ["acmeair-flightservice", 147378207.2]}, {"t": 1696610050, "d": ["acmeair-authservice", 80114760]}, {"t": 1696610050, "d": ["acmeair-mainservice", 51470092.8]}, {"t": 1696610060, "d": ["acmeair-customerservice", 206921949.6]}, {"t": 1696610060, "d": ["acmeair-bookingservice", 228631309.6]}, {"t": 1696610060, "d": ["acmeair-flightservice", 143314242.4]}, {"t": 1696610060, "d": ["acmeair-authservice", 79731944.8]}, {"t": 1696610060, "d": ["acmeair-mainservice", 36145373.6]}, {"t": 1696610070, "d": ["acmeair-customerservice", 217825448]}, {"t": 1696610070, "d": ["acmeair-bookingservice", 208152252.8]}, {"t": 1696610070, "d": ["acmeair-flightservice", 148032585.6]}, {"t": 1696610070, "d": ["acmeair-authservice", 78530310.4]}, {"t": 1696610070, "d": ["acmeair-mainservice", 32946038.4]}, {"t": 1696610080, "d": ["acmeair-customerservice", 225479748.8]}, {"t": 1696610080, "d": ["acmeair-bookingservice", 231905836]}, {"t": 1696610080, "d": ["acmeair-flightservice", 145256046.4]}, {"t": 1696610080, "d": ["acmeair-authservice", 79117000.8]}, {"t": 1696610080, "d": ["acmeair-mainservice", 33852892.8]}, {"t": 1696610090, "d": ["acmeair-customerservice", 199733457.6]}, {"t": 1696610090, "d": ["acmeair-bookingservice", 223529300]}, {"t": 1696610090, "d": ["acmeair-flightservice", 148527975.2]}, {"t": 1696610090, "d": ["acmeair-authservice", 79952308]}, {"t": 1696610090, "d": ["acmeair-mainservice", 34789238.4]}, {"t": 1696610100, "d": ["acmeair-customerservice", 208983376.8]}, {"t": 1696610100, "d": ["acmeair-bookingservice", 218554256.8]}, {"t": 1696610100, "d": ["acmeair-flightservice", 145466211.2]}, {"t": 1696610100, "d": ["acmeair-authservice", 79981260.8]}, {"t": 1696610100, "d": ["acmeair-mainservice", 35694044.8]}, {"t": 1696610110, "d": ["acmeair-customerservice", 227763747.2]}, {"t": 1696610110, "d": ["acmeair-bookingservice", 230282056]}, {"t": 1696610110, "d": ["acmeair-flightservice", 134579332]}, {"t": 1696610110, "d": ["acmeair-authservice", 79289282.4]}, {"t": 1696610110, "d": ["acmeair-mainservice", 36589020.8]}, {"t": 1696610120, "d": ["acmeair-customerservice", 201456865.6]}, {"t": 1696610120, "d": ["acmeair-bookingservice", 221903331.2]}, {"t": 1696610120, "d": ["acmeair-flightservice", 148450577.6]}, {"t": 1696610120, "d": ["acmeair-authservice", 76549169.6]}, {"t": 1696610120, "d": ["acmeair-mainservice", 37494236.8]}, {"t": 1696610130, "d": ["acmeair-customerservice", 217795572]}, {"t": 1696610130, "d": ["acmeair-bookingservice", 225799974.4]}, {"t": 1696610130, "d": ["acmeair-flightservice", 146055351.2]}, {"t": 1696610130, "d": ["acmeair-authservice", 78325003.2]}, {"t": 1696610130, "d": ["acmeair-mainservice", 38375696]}, {"t": 1696610140, "d": ["acmeair-customerservice", 213336298.4]}, {"t": 1696610140, "d": ["acmeair-bookingservice", 229975338.4]}, {"t": 1696610140, "d": ["acmeair-flightservice", 151450697.6]}, {"t": 1696610140, "d": ["acmeair-authservice", 76249271.2]}, {"t": 1696610140, "d": ["acmeair-mainservice", 39256344]}, {"t": 1696610150, "d": ["acmeair-customerservice", 223693240]}, {"t": 1696610150, "d": ["acmeair-bookingservice", 236873877.6]}, {"t": 1696610150, "d": ["acmeair-flightservice", 146672516.8]}, {"t": 1696610150, "d": ["acmeair-authservice", 76873718.4]}, {"t": 1696610150, "d": ["acmeair-mainservice", 40256595.2]}, {"t": 1696610160, "d": ["acmeair-customerservice", 223282505.777778]}, {"t": 1696610160, "d": ["acmeair-bookingservice", 228591510.222223]}, {"t": 1696610160, "d": ["acmeair-flightservice", 149383670.4]}, {"t": 1696610160, "d": ["acmeair-authservice", 76763147.2]}, {"t": 1696610160, "d": ["acmeair-mainservice", 41122899.2]}, {"t": 1696610170, "d": ["acmeair-customerservice", 217927164.8]}, {"t": 1696610170, "d": ["acmeair-bookingservice", 226916432]}, {"t": 1696610170, "d": ["acmeair-flightservice", 147229636]}, {"t": 1696610170, "d": ["acmeair-authservice", 78227786.4]}, {"t": 1696610170, "d": ["acmeair-mainservice", 41913836.8]}, {"t": 1696610180, "d": ["acmeair-customerservice", 240584652.8]}, {"t": 1696610180, "d": ["acmeair-bookingservice", 228574432.8]}, {"t": 1696610180, "d": ["acmeair-flightservice", 142010819.2]}, {"t": 1696610180, "d": ["acmeair-authservice", 77398428.8]}, {"t": 1696610180, "d": ["acmeair-mainservice", 42895648]}, {"t": 1696610190, "d": ["acmeair-customerservice", 209409798.4]}, {"t": 1696610190, "d": ["acmeair-bookingservice", 221181828.8]}, {"t": 1696610190, "d": ["acmeair-flightservice", 151194368.8]}, {"t": 1696610190, "d": ["acmeair-authservice", 78558072]}, {"t": 1696610190, "d": ["acmeair-mainservice", 43728364.8]}, {"t": 1696610200, "d": ["acmeair-customerservice", 221814724]}, {"t": 1696610200, "d": ["acmeair-bookingservice", 233247086.4]}, {"t": 1696610200, "d": ["acmeair-flightservice", 148205188]}, {"t": 1696610200, "d": ["acmeair-authservice", 79193292.8]}, {"t": 1696610200, "d": ["acmeair-mainservice", 44620883.2]}, {"t": 1696610210, "d": ["acmeair-customerservice", 213846955.2]}, {"t": 1696610210, "d": ["acmeair-bookingservice", 241589587.2]}, {"t": 1696610210, "d": ["acmeair-flightservice", 152699963.2]}, {"t": 1696610210, "d": ["acmeair-authservice", 77775184]}, {"t": 1696610210, "d": ["acmeair-mainservice", 45511353.6]}, {"t": 1696610220, "d": ["acmeair-customerservice", 213755753.6]}, {"t": 1696610220, "d": ["acmeair-bookingservice", 236062923.2]}, {"t": 1696610220, "d": ["acmeair-flightservice", 124840489.6]}, {"t": 1696610220, "d": ["acmeair-authservice", 78457885.6]}, {"t": 1696610220, "d": ["acmeair-mainservice", 46423123.2]}, {"t": 1696610230, "d": ["acmeair-customerservice", 236891476.8]}, {"t": 1696610230, "d": ["acmeair-bookingservice", 218338895.2]}, {"t": 1696610230, "d": ["acmeair-flightservice", 154581227.2]}, {"t": 1696610230, "d": ["acmeair-authservice", 79311374.4]}, {"t": 1696610230, "d": ["acmeair-mainservice", 47304582.4]}, {"t": 1696610240, "d": ["acmeair-customerservice", 221648268.8]}, {"t": 1696610240, "d": ["acmeair-bookingservice", 234092236]}, {"t": 1696610240, "d": ["acmeair-flightservice", 144132596.8]}, {"t": 1696610240, "d": ["acmeair-authservice", 77766880]}, {"t": 1696610240, "d": ["acmeair-mainservice", 48232736]}, {"t": 1696610250, "d": ["acmeair-customerservice", 209298048.8]}, {"t": 1696610250, "d": ["acmeair-bookingservice", 234882586.4]}, {"t": 1696610250, "d": ["acmeair-flightservice", 150878330.4]}, {"t": 1696610250, "d": ["acmeair-authservice", 78855792]}, {"t": 1696610250, "d": ["acmeair-mainservice", 49066670.4]}, {"t": 1696610260, "d": ["acmeair-customerservice", 220880224.8]}, {"t": 1696610260, "d": ["acmeair-bookingservice", 221144761.6]}, {"t": 1696610260, "d": ["acmeair-flightservice", 148218202.4]}, {"t": 1696610260, "d": ["acmeair-authservice", 79247203.2]}, {"t": 1696610260, "d": ["acmeair-mainservice", 50038606.4]}, {"t": 1696610270, "d": ["acmeair-customerservice", 238522196]}, {"t": 1696610270, "d": ["acmeair-bookingservice", 235778714.4]}, {"t": 1696610270, "d": ["acmeair-flightservice", 144447746.4]}, {"t": 1696610270, "d": ["acmeair-authservice", 78179452.8]}, {"t": 1696610270, "d": ["acmeair-mainservice", 50882792]}, {"t": 1696610280, "d": ["acmeair-customerservice", 210059830.4]}, {"t": 1696610280, "d": ["acmeair-bookingservice", 224216408]}, {"t": 1696610280, "d": ["acmeair-flightservice", 148491356.8]}, {"t": 1696610280, "d": ["acmeair-authservice", 78187743.2]}, {"t": 1696610280, "d": ["acmeair-mainservice", 36043419.2]}, {"t": 1696610290, "d": ["acmeair-customerservice", 229884728]}, {"t": 1696610290, "d": ["acmeair-bookingservice", 242479208.8]}, {"t": 1696610290, "d": ["acmeair-flightservice", 145470948]}, {"t": 1696610290, "d": ["acmeair-authservice", 77032755.2]}, {"t": 1696610290, "d": ["acmeair-mainservice", 33028769.6]}, {"t": 1696610300, "d": ["acmeair-customerservice", 235290065.6]}, {"t": 1696610300, "d": ["acmeair-bookingservice", 221939642.4]}, {"t": 1696610300, "d": ["acmeair-flightservice", 149102105.6]}, {"t": 1696610300, "d": ["acmeair-authservice", 78634272]}, {"t": 1696610300, "d": ["acmeair-mainservice", 33926203.2]}, {"t": 1696610310, "d": ["acmeair-customerservice", 215811668.8]}, {"t": 1696610310, "d": ["acmeair-bookingservice", 222520674.4]}, {"t": 1696610310, "d": ["acmeair-flightservice", 147324678.4]}, {"t": 1696610310, "d": ["acmeair-authservice", 77740192]}, {"t": 1696610310, "d": ["acmeair-mainservice", 34804385.6]}, {"t": 1696610320, "d": ["acmeair-customerservice", 238712065.6]}, {"t": 1696610320, "d": ["acmeair-bookingservice", 231837354.4]}, {"t": 1696610320, "d": ["acmeair-flightservice", 162304484.571429]}, {"t": 1696610320, "d": ["acmeair-authservice", 78434670.4]}, {"t": 1696610320, "d": ["acmeair-mainservice", 35768993.6]}, {"t": 1696610330, "d": ["acmeair-customerservice", 206113921.6]}, {"t": 1696610330, "d": ["acmeair-bookingservice", 238316102.4]}, {"t": 1696610330, "d": ["acmeair-flightservice", 143927780.444445]}, {"t": 1696610330, "d": ["acmeair-authservice", 79191104.8]}, {"t": 1696610330, "d": ["acmeair-mainservice", 36625876.8]}, {"t": 1696610340, "d": ["acmeair-customerservice", 225636668.8]}, {"t": 1696610340, "d": ["acmeair-bookingservice", 237624538.4]}, {"t": 1696610340, "d": ["acmeair-flightservice", 161044200]}, {"t": 1696610340, "d": ["acmeair-authservice", 78346371.2]}, {"t": 1696610340, "d": ["acmeair-mainservice", 37512660.8]}, {"t": 1696610350, "d": ["acmeair-customerservice", 230212233.6]}, {"t": 1696610350, "d": ["acmeair-bookingservice", 238783020.8]}, {"t": 1696610350, "d": ["acmeair-flightservice", 142725852.8]}, {"t": 1696610350, "d": ["acmeair-authservice", 79477646.4]}, {"t": 1696610350, "d": ["acmeair-mainservice", 38390843.2]}, {"t": 1696610360, "d": ["acmeair-customerservice", 232480822.4]}, {"t": 1696610360, "d": ["acmeair-bookingservice", 221260286.4]}, {"t": 1696610360, "d": ["acmeair-flightservice", 143393931.2]}, {"t": 1696610360, "d": ["acmeair-authservice", 77783335.2]}, {"t": 1696610360, "d": ["acmeair-mainservice", 39264929.6]}, {"t": 1696610370, "d": ["acmeair-customerservice", 217041300.8]}, {"t": 1696610370, "d": ["acmeair-bookingservice", 231206758.4]}, {"t": 1696610370, "d": ["acmeair-flightservice", 156675780.8]}, {"t": 1696610370, "d": ["acmeair-authservice", 78211603.2]}, {"t": 1696610370, "d": ["acmeair-mainservice", 40234452.8]}, {"t": 1696610380, "d": ["acmeair-customerservice", 226462607.2]}, {"t": 1696610380, "d": ["acmeair-bookingservice", 241240416]}, {"t": 1696610380, "d": ["acmeair-flightservice", 145224407.2]}, {"t": 1696610380, "d": ["acmeair-authservice", 79186389.333334]}, {"t": 1696610380, "d": ["acmeair-mainservice", 40997128]}, {"t": 1696610390, "d": ["acmeair-customerservice", 238519497.6]}, {"t": 1696610390, "d": ["acmeair-bookingservice", 233143824.8]}, {"t": 1696610390, "d": ["acmeair-flightservice", 151853717.6]}, {"t": 1696610390, "d": ["acmeair-authservice", 78663553.6]}, {"t": 1696610390, "d": ["acmeair-mainservice", 41965422.4]}, {"t": 1696610400, "d": ["acmeair-customerservice", 233493388.8]}, {"t": 1696610400, "d": ["acmeair-bookingservice", 243110115.2]}, {"t": 1696610400, "d": ["acmeair-flightservice", 145387940.8]}, {"t": 1696610400, "d": ["acmeair-authservice", 77441991.2]}, {"t": 1696610400, "d": ["acmeair-mainservice", 42883336]}, {"t": 1696610410, "d": ["acmeair-customerservice", 213374878.4]}, {"t": 1696610410, "d": ["acmeair-bookingservice", 234093271.2]}, {"t": 1696610410, "d": ["acmeair-flightservice", 141322768]}, {"t": 1696610410, "d": ["acmeair-authservice", 78937597.6]}, {"t": 1696610410, "d": ["acmeair-mainservice", 43729979.2]}, {"t": 1696610420, "d": ["acmeair-customerservice", 234045207.2]}, {"t": 1696610420, "d": ["acmeair-bookingservice", 244393774.4]}, {"t": 1696610420, "d": ["acmeair-flightservice", 149162784.8]}, {"t": 1696610420, "d": ["acmeair-authservice", 78719305.6]}, {"t": 1696610420, "d": ["acmeair-mainservice", 44647073.6]}, {"t": 1696610430, "d": ["acmeair-customerservice", 248654052.8]}, {"t": 1696610430, "d": ["acmeair-bookingservice", 231650004.8]}, {"t": 1696610430, "d": ["acmeair-flightservice", 155552360.888889]}, {"t": 1696610430, "d": ["acmeair-authservice", 77462520]}, {"t": 1696610430, "d": ["acmeair-mainservice", 45543688]}, {"t": 1696610440, "d": ["acmeair-customerservice", 221872384]}, {"t": 1696610440, "d": ["acmeair-bookingservice", 244036844]}, {"t": 1696610440, "d": ["acmeair-flightservice", 147772088]}, {"t": 1696610440, "d": ["acmeair-authservice", 77451000.8]}, {"t": 1696610440, "d": ["acmeair-mainservice", 46349780.8]}, {"t": 1696610450, "d": ["acmeair-customerservice", 225835582.4]}, {"t": 1696610450, "d": ["acmeair-bookingservice", 231216065.6]}, {"t": 1696610450, "d": ["acmeair-flightservice", 149959514.4]}, {"t": 1696610450, "d": ["acmeair-authservice", 78733236]}, {"t": 1696610450, "d": ["acmeair-mainservice", 47373371.2]}, {"t": 1696610460, "d": ["acmeair-customerservice", 230487215.2]}, {"t": 1696610460, "d": ["acmeair-bookingservice", 244996963.2]}, {"t": 1696610460, "d": ["acmeair-flightservice", 157182004.8]}, {"t": 1696610460, "d": ["acmeair-authservice", 79555508.8]}, {"t": 1696610460, "d": ["acmeair-mainservice", 48254830.4]}, {"t": 1696610470, "d": ["acmeair-customerservice", 232857480]}, {"t": 1696610470, "d": ["acmeair-bookingservice", 230782192.8]}, {"t": 1696610470, "d": ["acmeair-flightservice", 143572920.888889]}, {"t": 1696610470, "d": ["acmeair-authservice", 80260249.6]}, {"t": 1696610470, "d": ["acmeair-mainservice", 49051502.4]}, {"t": 1696610480, "d": ["acmeair-customerservice", 223196432]}, {"t": 1696610480, "d": ["acmeair-bookingservice", 250209537.6]}, {"t": 1696610480, "d": ["acmeair-flightservice", 148264965.333334]}, {"t": 1696610480, "d": ["acmeair-authservice", 79218060.8]}, {"t": 1696610480, "d": ["acmeair-mainservice", 49953441.6]}, {"t": 1696610490, "d": ["acmeair-customerservice", 243927094.4]}, {"t": 1696610490, "d": ["acmeair-bookingservice", 227472648.8]}, {"t": 1696610490, "d": ["acmeair-flightservice", 156172109]}, {"t": 1696610490, "d": ["acmeair-authservice", 78998087.111112]}, {"t": 1696610490, "d": ["acmeair-mainservice", 50838996.8]}], "start": 1696609890, "end": 1696610490}