{"data": [{"t": 1696609900, "d": ["acmeair-bookingservice", 2.792411]}, {"t": 1696609900, "d": ["acmeair-customerservice", 2.773096]}, {"t": 1696609900, "d": ["acmeair-flightservice", 2.01944]}, {"t": 1696609900, "d": ["acmeair-booking-db", 1.885436]}, {"t": 1696609900, "d": ["acmeair-authservice", 1.654746]}, {"t": 1696609900, "d": ["acmeair-customer-db", 1.270512]}, {"t": 1696609900, "d": ["acmeair-flight-db", 1.198198]}, {"t": 1696609900, "d": ["acmeair-mainservice", 0.953608]}, {"t": 1696609910, "d": ["acmeair-bookingservice", 2.792494]}, {"t": 1696609910, "d": ["acmeair-customerservice", 2.773096]}, {"t": 1696609910, "d": ["acmeair-flightservice", 2.01945]}, {"t": 1696609910, "d": ["acmeair-booking-db", 1.885624]}, {"t": 1696609910, "d": ["acmeair-authservice", 1.654775]}, {"t": 1696609910, "d": ["acmeair-customer-db", 1.270512]}, {"t": 1696609910, "d": ["acmeair-flight-db", 1.198198]}, {"t": 1696609910, "d": ["acmeair-mainservice", 0.953608]}, {"t": 1696609920, "d": ["acmeair-bookingservice", 2.792692]}, {"t": 1696609920, "d": ["acmeair-customerservice", 2.773096]}, {"t": 1696609920, "d": ["acmeair-flightservice", 2.019598]}, {"t": 1696609920, "d": ["acmeair-booking-db", 1.886021]}, {"t": 1696609920, "d": ["acmeair-authservice", 1.654795]}, {"t": 1696609920, "d": ["acmeair-customer-db", 1.270509]}, {"t": 1696609920, "d": ["acmeair-flight-db", 1.198198]}, {"t": 1696609920, "d": ["acmeair-mainservice", 0.953608]}, {"t": 1696609930, "d": ["acmeair-bookingservice", 2.792704]}, {"t": 1696609930, "d": ["acmeair-customerservice", 2.773096]}, {"t": 1696609930, "d": ["acmeair-flightservice", 2.020111]}, {"t": 1696609930, "d": ["acmeair-booking-db", 1.886063]}, {"t": 1696609930, "d": ["acmeair-authservice", 1.654807]}, {"t": 1696609930, "d": ["acmeair-customer-db", 1.270509]}, {"t": 1696609930, "d": ["acmeair-flight-db", 1.198198]}, {"t": 1696609930, "d": ["acmeair-mainservice", 0.953608]}, {"t": 1696609940, "d": ["acmeair-bookingservice", 2.792848]}, {"t": 1696609940, "d": ["acmeair-customerservice", 2.773096]}, {"t": 1696609940, "d": ["acmeair-flightservice", 2.020867]}, {"t": 1696609940, "d": ["acmeair-booking-db", 1.88607]}, {"t": 1696609940, "d": ["acmeair-authservice", 1.654883]}, {"t": 1696609940, "d": ["acmeair-customer-db", 1.270509]}, {"t": 1696609940, "d": ["acmeair-flight-db", 1.198198]}, {"t": 1696609940, "d": ["acmeair-mainservice", 0.953608]}, {"t": 1696609950, "d": ["acmeair-bookingservice", 2.786317]}, {"t": 1696609950, "d": ["acmeair-customerservice", 2.773096]}, {"t": 1696609950, "d": ["acmeair-flightservice", 2.027095]}, {"t": 1696609950, "d": ["acmeair-booking-db", 1.886085]}, {"t": 1696609950, "d": ["acmeair-authservice", 1.654161]}, {"t": 1696609950, "d": ["acmeair-customer-db", 1.270478]}, {"t": 1696609950, "d": ["acmeair-flight-db", 1.1982]}, {"t": 1696609950, "d": ["acmeair-mainservice", 0.953608]}, {"t": 1696609960, "d": ["acmeair-bookingservice", 2.790024]}, {"t": 1696609960, "d": ["acmeair-customerservice", 2.773096]}, {"t": 1696609960, "d": ["acmeair-flightservice", 2.027127]}, {"t": 1696609960, "d": ["acmeair-booking-db", 1.884963]}, {"t": 1696609960, "d": ["acmeair-authservice", 1.654161]}, {"t": 1696609960, "d": ["acmeair-customer-db", 1.270434]}, {"t": 1696609960, "d": ["acmeair-flight-db", 1.198198]}, {"t": 1696609960, "d": ["acmeair-mainservice", 0.953608]}, {"t": 1696609970, "d": ["acmeair-bookingservice", 2.793177]}, {"t": 1696609970, "d": ["acmeair-customerservice", 2.773115]}, {"t": 1696609970, "d": ["acmeair-flightservice", 2.027271]}, {"t": 1696609970, "d": ["acmeair-booking-db", 1.882339]}, {"t": 1696609970, "d": ["acmeair-authservice", 1.654329]}, {"t": 1696609970, "d": ["acmeair-customer-db", 1.270482]}, {"t": 1696609970, "d": ["acmeair-flight-db", 1.198198]}, {"t": 1696609970, "d": ["acmeair-mainservice", 0.953608]}, {"t": 1696609980, "d": ["acmeair-bookingservice", 2.796511]}, {"t": 1696609980, "d": ["acmeair-customerservice", 2.773081]}, {"t": 1696609980, "d": ["acmeair-flightservice", 2.027637]}, {"t": 1696609980, "d": ["acmeair-booking-db", 1.882363]}, {"t": 1696609980, "d": ["acmeair-authservice", 1.654185]}, {"t": 1696609980, "d": ["acmeair-customer-db", 1.270463]}, {"t": 1696609980, "d": ["acmeair-flight-db", 1.198149]}, {"t": 1696609980, "d": ["acmeair-mainservice", 0.953678]}, {"t": 1696609990, "d": ["acmeair-bookingservice", 2.799855]}, {"t": 1696609990, "d": ["acmeair-customerservice", 2.773081]}, {"t": 1696609990, "d": ["acmeair-flightservice", 2.027705]}, {"t": 1696609990, "d": ["acmeair-booking-db", 1.883514]}, {"t": 1696609990, "d": ["acmeair-authservice", 1.654185]}, {"t": 1696609990, "d": ["acmeair-customer-db", 1.270268]}, {"t": 1696609990, "d": ["acmeair-flight-db", 1.198152]}, {"t": 1696609990, "d": ["acmeair-mainservice", 0.953681]}, {"t": 1696610000, "d": ["acmeair-bookingservice", 2.80471]}, {"t": 1696610000, "d": ["acmeair-customerservice", 2.773086]}, {"t": 1696610000, "d": ["acmeair-flightservice", 2.027742]}, {"t": 1696610000, "d": ["acmeair-booking-db", 1.883802]}, {"t": 1696610000, "d": ["acmeair-authservice", 1.654185]}, {"t": 1696610000, "d": ["acmeair-customer-db", 1.27029]}, {"t": 1696610000, "d": ["acmeair-flight-db", 1.198149]}, {"t": 1696610000, "d": ["acmeair-mainservice", 0.953681]}, {"t": 1696610010, "d": ["acmeair-bookingservice", 2.808295]}, {"t": 1696610010, "d": ["acmeair-customerservice", 2.773105]}, {"t": 1696610010, "d": ["acmeair-flightservice", 2.068148]}, {"t": 1696610010, "d": ["acmeair-booking-db", 1.883846]}, {"t": 1696610010, "d": ["acmeair-authservice", 1.654185]}, {"t": 1696610010, "d": ["acmeair-customer-db", 1.269851]}, {"t": 1696610010, "d": ["acmeair-flight-db", 1.198149]}, {"t": 1696610010, "d": ["acmeair-mainservice", 0.953681]}, {"t": 1696610020, "d": ["acmeair-bookingservice", 2.813924]}, {"t": 1696610020, "d": ["acmeair-customerservice", 2.773081]}, {"t": 1696610020, "d": ["acmeair-flightservice", 2.068363]}, {"t": 1696610020, "d": ["acmeair-booking-db", 1.883875]}, {"t": 1696610020, "d": ["acmeair-authservice", 1.654185]}, {"t": 1696610020, "d": ["acmeair-customer-db", 1.269573]}, {"t": 1696610020, "d": ["acmeair-flight-db", 1.198149]}, {"t": 1696610020, "d": ["acmeair-mainservice", 0.953681]}, {"t": 1696610030, "d": ["acmeair-bookingservice", 2.817229]}, {"t": 1696610030, "d": ["acmeair-customerservice", 2.773086]}, {"t": 1696610030, "d": ["acmeair-flightservice", 2.068502]}, {"t": 1696610030, "d": ["acmeair-booking-db", 1.883875]}, {"t": 1696610030, "d": ["acmeair-authservice", 1.654185]}, {"t": 1696610030, "d": ["acmeair-customer-db", 1.268946]}, {"t": 1696610030, "d": ["acmeair-flight-db", 1.198149]}, {"t": 1696610030, "d": ["acmeair-mainservice", 0.953681]}, {"t": 1696610040, "d": ["acmeair-bookingservice", 2.822021]}, {"t": 1696610040, "d": ["acmeair-customerservice", 2.773096]}, {"t": 1696610040, "d": ["acmeair-flightservice", 2.068612]}, {"t": 1696610040, "d": ["acmeair-booking-db", 1.883875]}, {"t": 1696610040, "d": ["acmeair-authservice", 1.654185]}, {"t": 1696610040, "d": ["acmeair-customer-db", 1.268341]}, {"t": 1696610040, "d": ["acmeair-flight-db", 1.198149]}, {"t": 1696610040, "d": ["acmeair-mainservice", 0.953681]}, {"t": 1696610050, "d": ["acmeair-bookingservice", 2.829481]}, {"t": 1696610050, "d": ["acmeair-customerservice", 2.773096]}, {"t": 1696610050, "d": ["acmeair-flightservice", 2.068768]}, {"t": 1696610050, "d": ["acmeair-booking-db", 1.883875]}, {"t": 1696610050, "d": ["acmeair-authservice", 1.654185]}, {"t": 1696610050, "d": ["acmeair-customer-db", 1.269002]}, {"t": 1696610050, "d": ["acmeair-flight-db", 1.198149]}, {"t": 1696610050, "d": ["acmeair-mainservice", 0.953681]}, {"t": 1696610060, "d": ["acmeair-bookingservice", 2.829952]}, {"t": 1696610060, "d": ["acmeair-customerservice", 2.773108]}, {"t": 1696610060, "d": ["acmeair-flightservice", 2.068951]}, {"t": 1696610060, "d": ["acmeair-booking-db", 1.884031]}, {"t": 1696610060, "d": ["acmeair-authservice", 1.654185]}, {"t": 1696610060, "d": ["acmeair-customer-db", 1.269275]}, {"t": 1696610060, "d": ["acmeair-flight-db", 1.198149]}, {"t": 1696610060, "d": ["acmeair-mainservice", 0.952276]}, {"t": 1696610070, "d": ["acmeair-bookingservice", 2.834025]}, {"t": 1696610070, "d": ["acmeair-customerservice", 2.773096]}, {"t": 1696610070, "d": ["acmeair-flightservice", 2.069102]}, {"t": 1696610070, "d": ["acmeair-booking-db", 1.884268]}, {"t": 1696610070, "d": ["acmeair-authservice", 1.654185]}, {"t": 1696610070, "d": ["acmeair-customer-db", 1.269721]}, {"t": 1696610070, "d": ["acmeair-flight-db", 1.198149]}, {"t": 1696610070, "d": ["acmeair-mainservice", 0.95212]}, {"t": 1696610080, "d": ["acmeair-bookingservice", 2.830377]}, {"t": 1696610080, "d": ["acmeair-customerservice", 2.773103]}, {"t": 1696610080, "d": ["acmeair-flightservice", 2.069187]}, {"t": 1696610080, "d": ["acmeair-booking-db", 1.882229]}, {"t": 1696610080, "d": ["acmeair-authservice", 1.653873]}, {"t": 1696610080, "d": ["acmeair-customer-db", 1.270329]}, {"t": 1696610080, "d": ["acmeair-flight-db", 1.198149]}, {"t": 1696610080, "d": ["acmeair-mainservice", 0.95212]}, {"t": 1696610090, "d": ["acmeair-bookingservice", 2.830008]}, {"t": 1696610090, "d": ["acmeair-customerservice", 2.773108]}, {"t": 1696610090, "d": ["acmeair-flightservice", 2.069338]}, {"t": 1696610090, "d": ["acmeair-booking-db", 1.880192]}, {"t": 1696610090, "d": ["acmeair-authservice", 1.653405]}, {"t": 1696610090, "d": ["acmeair-customer-db", 1.28163]}, {"t": 1696610090, "d": ["acmeair-flight-db", 1.198149]}, {"t": 1696610090, "d": ["acmeair-mainservice", 0.95212]}, {"t": 1696610100, "d": ["acmeair-bookingservice", 2.833327]}, {"t": 1696610100, "d": ["acmeair-customerservice", 2.773091]}, {"t": 1696610100, "d": ["acmeair-flightservice", 2.069499]}, {"t": 1696610100, "d": ["acmeair-booking-db", 1.880195]}, {"t": 1696610100, "d": ["acmeair-authservice", 1.653412]}, {"t": 1696610100, "d": ["acmeair-customer-db", 1.282989]}, {"t": 1696610100, "d": ["acmeair-flight-db", 1.198149]}, {"t": 1696610100, "d": ["acmeair-mainservice", 0.95212]}, {"t": 1696610110, "d": ["acmeair-bookingservice", 2.834388]}, {"t": 1696610110, "d": ["acmeair-customerservice", 2.772291]}, {"t": 1696610110, "d": ["acmeair-flightservice", 2.06957]}, {"t": 1696610110, "d": ["acmeair-booking-db", 1.880739]}, {"t": 1696610110, "d": ["acmeair-authservice", 1.572397]}, {"t": 1696610110, "d": ["acmeair-customer-db", 1.283045]}, {"t": 1696610110, "d": ["acmeair-flight-db", 1.198149]}, {"t": 1696610110, "d": ["acmeair-mainservice", 0.95212]}, {"t": 1696610120, "d": ["acmeair-bookingservice", 2.837132]}, {"t": 1696610120, "d": ["acmeair-customerservice", 2.765211]}, {"t": 1696610120, "d": ["acmeair-flightservice", 2.069629]}, {"t": 1696610120, "d": ["acmeair-booking-db", 1.880875]}, {"t": 1696610120, "d": ["acmeair-authservice", 1.563473]}, {"t": 1696610120, "d": ["acmeair-customer-db", 1.283089]}, {"t": 1696610120, "d": ["acmeair-flight-db", 1.198149]}, {"t": 1696610120, "d": ["acmeair-mainservice", 0.95212]}, {"t": 1696610130, "d": ["acmeair-bookingservice", 2.840727]}, {"t": 1696610130, "d": ["acmeair-customerservice", 2.765313]}, {"t": 1696610130, "d": ["acmeair-flightservice", 2.069804]}, {"t": 1696610130, "d": ["acmeair-booking-db", 1.88089]}, {"t": 1696610130, "d": ["acmeair-authservice", 1.563485]}, {"t": 1696610130, "d": ["acmeair-customer-db", 1.292051]}, {"t": 1696610130, "d": ["acmeair-flight-db", 1.198149]}, {"t": 1696610130, "d": ["acmeair-mainservice", 0.95212]}, {"t": 1696610140, "d": ["acmeair-bookingservice", 2.844061]}, {"t": 1696610140, "d": ["acmeair-customerservice", 2.765316]}, {"t": 1696610140, "d": ["acmeair-flightservice", 2.072475]}, {"t": 1696610140, "d": ["acmeair-booking-db", 1.8809]}, {"t": 1696610140, "d": ["acmeair-authservice", 1.563485]}, {"t": 1696610140, "d": ["acmeair-customer-db", 1.296905]}, {"t": 1696610140, "d": ["acmeair-flight-db", 1.198149]}, {"t": 1696610140, "d": ["acmeair-mainservice", 0.95212]}, {"t": 1696610150, "d": ["acmeair-bookingservice", 2.847092]}, {"t": 1696610150, "d": ["acmeair-customerservice", 2.765338]}, {"t": 1696610150, "d": ["acmeair-flightservice", 2.082642]}, {"t": 1696610150, "d": ["acmeair-booking-db", 1.880902]}, {"t": 1696610150, "d": ["acmeair-authservice", 1.563485]}, {"t": 1696610150, "d": ["acmeair-customer-db", 1.297046]}, {"t": 1696610150, "d": ["acmeair-flight-db", 1.198149]}, {"t": 1696610150, "d": ["acmeair-mainservice", 0.95212]}, {"t": 1696610160, "d": ["acmeair-bookingservice", 2.849943]}, {"t": 1696610160, "d": ["acmeair-customerservice", 2.76534]}, {"t": 1696610160, "d": ["acmeair-flightservice", 2.082642]}, {"t": 1696610160, "d": ["acmeair-booking-db", 1.8809]}, {"t": 1696610160, "d": ["acmeair-authservice", 1.563497]}, {"t": 1696610160, "d": ["acmeair-customer-db", 1.297051]}, {"t": 1696610160, "d": ["acmeair-flight-db", 1.198149]}, {"t": 1696610160, "d": ["acmeair-mainservice", 0.95212]}, {"t": 1696610170, "d": ["acmeair-bookingservice", 2.852482]}, {"t": 1696610170, "d": ["acmeair-customerservice", 2.765396]}, {"t": 1696610170, "d": ["acmeair-flightservice", 2.082652]}, {"t": 1696610170, "d": ["acmeair-booking-db", 1.8809]}, {"t": 1696610170, "d": ["acmeair-authservice", 1.563539]}, {"t": 1696610170, "d": ["acmeair-customer-db", 1.297044]}, {"t": 1696610170, "d": ["acmeair-flight-db", 1.198174]}, {"t": 1696610170, "d": ["acmeair-mainservice", 0.95212]}, {"t": 1696610180, "d": ["acmeair-bookingservice", 2.855016]}, {"t": 1696610180, "d": ["acmeair-customerservice", 2.765321]}, {"t": 1696610180, "d": ["acmeair-flightservice", 2.082635]}, {"t": 1696610180, "d": ["acmeair-booking-db", 1.880951]}, {"t": 1696610180, "d": ["acmeair-authservice", 1.563822]}, {"t": 1696610180, "d": ["acmeair-customer-db", 1.297044]}, {"t": 1696610180, "d": ["acmeair-flight-db", 1.198174]}, {"t": 1696610180, "d": ["acmeair-mainservice", 0.95212]}, {"t": 1696610190, "d": ["acmeair-bookingservice", 2.859401]}, {"t": 1696610190, "d": ["acmeair-customerservice", 2.76534]}, {"t": 1696610190, "d": ["acmeair-flightservice", 2.082657]}, {"t": 1696610190, "d": ["acmeair-booking-db", 1.880973]}, {"t": 1696610190, "d": ["acmeair-authservice", 1.564017]}, {"t": 1696610190, "d": ["acmeair-customer-db", 1.297044]}, {"t": 1696610190, "d": ["acmeair-flight-db", 1.198174]}, {"t": 1696610190, "d": ["acmeair-mainservice", 0.95212]}, {"t": 1696610200, "d": ["acmeair-bookingservice", 2.860767]}, {"t": 1696610200, "d": ["acmeair-customerservice", 2.765321]}, {"t": 1696610200, "d": ["acmeair-flightservice", 2.082676]}, {"t": 1696610200, "d": ["acmeair-booking-db", 1.880973]}, {"t": 1696610200, "d": ["acmeair-authservice", 1.564022]}, {"t": 1696610200, "d": ["acmeair-customer-db", 1.297044]}, {"t": 1696610200, "d": ["acmeair-flight-db", 1.198174]}, {"t": 1696610200, "d": ["acmeair-mainservice", 0.95212]}, {"t": 1696610210, "d": ["acmeair-bookingservice", 2.86311]}, {"t": 1696610210, "d": ["acmeair-customerservice", 2.765304]}, {"t": 1696610210, "d": ["acmeair-flightservice", 2.082703]}, {"t": 1696610210, "d": ["acmeair-booking-db", 1.879546]}, {"t": 1696610210, "d": ["acmeair-authservice", 1.564022]}, {"t": 1696610210, "d": ["acmeair-customer-db", 1.297046]}, {"t": 1696610210, "d": ["acmeair-flight-db", 1.198174]}, {"t": 1696610210, "d": ["acmeair-mainservice", 0.95212]}, {"t": 1696610220, "d": ["acmeair-bookingservice", 2.860262]}, {"t": 1696610220, "d": ["acmeair-customerservice", 2.765326]}, {"t": 1696610220, "d": ["acmeair-flightservice", 2.082852]}, {"t": 1696610220, "d": ["acmeair-booking-db", 1.876217]}, {"t": 1696610220, "d": ["acmeair-authservice", 1.564112]}, {"t": 1696610220, "d": ["acmeair-customer-db", 1.297049]}, {"t": 1696610220, "d": ["acmeair-flight-db", 1.198174]}, {"t": 1696610220, "d": ["acmeair-mainservice", 0.95212]}, {"t": 1696610230, "d": ["acmeair-bookingservice", 2.861098]}, {"t": 1696610230, "d": ["acmeair-customerservice", 2.765326]}, {"t": 1696610230, "d": ["acmeair-flightservice", 2.082884]}, {"t": 1696610230, "d": ["acmeair-booking-db", 1.87632]}, {"t": 1696610230, "d": ["acmeair-authservice", 1.563461]}, {"t": 1696610230, "d": ["acmeair-customer-db", 1.297046]}, {"t": 1696610230, "d": ["acmeair-flight-db", 1.198174]}, {"t": 1696610230, "d": ["acmeair-mainservice", 0.95212]}, {"t": 1696610240, "d": ["acmeair-bookingservice", 2.863276]}, {"t": 1696610240, "d": ["acmeair-customerservice", 2.765374]}, {"t": 1696610240, "d": ["acmeair-flightservice", 2.08291]}, {"t": 1696610240, "d": ["acmeair-booking-db", 1.876537]}, {"t": 1696610240, "d": ["acmeair-authservice", 1.563395]}, {"t": 1696610240, "d": ["acmeair-customer-db", 1.297046]}, {"t": 1696610240, "d": ["acmeair-flight-db", 1.198174]}, {"t": 1696610240, "d": ["acmeair-mainservice", 0.95212]}, {"t": 1696610250, "d": ["acmeair-bookingservice", 2.863667]}, {"t": 1696610250, "d": ["acmeair-customerservice", 2.769113]}, {"t": 1696610250, "d": ["acmeair-flightservice", 2.082947]}, {"t": 1696610250, "d": ["acmeair-booking-db", 1.876985]}, {"t": 1696610250, "d": ["acmeair-authservice", 1.563427]}, {"t": 1696610250, "d": ["acmeair-customer-db", 1.297046]}, {"t": 1696610250, "d": ["acmeair-flight-db", 1.198174]}, {"t": 1696610250, "d": ["acmeair-mainservice", 0.95212]}, {"t": 1696610260, "d": ["acmeair-bookingservice", 2.869232]}, {"t": 1696610260, "d": ["acmeair-customerservice", 2.774037]}, {"t": 1696610260, "d": ["acmeair-flightservice", 2.08294]}, {"t": 1696610260, "d": ["acmeair-booking-db", 1.877315]}, {"t": 1696610260, "d": ["acmeair-authservice", 1.563436]}, {"t": 1696610260, "d": ["acmeair-customer-db", 1.297046]}, {"t": 1696610260, "d": ["acmeair-flight-db", 1.198176]}, {"t": 1696610260, "d": ["acmeair-mainservice", 0.95212]}, {"t": 1696610270, "d": ["acmeair-bookingservice", 2.871227]}, {"t": 1696610270, "d": ["acmeair-customerservice", 2.776105]}, {"t": 1696610270, "d": ["acmeair-flightservice", 2.082964]}, {"t": 1696610270, "d": ["acmeair-booking-db", 1.877327]}, {"t": 1696610270, "d": ["acmeair-authservice", 1.563436]}, {"t": 1696610270, "d": ["acmeair-customer-db", 1.297044]}, {"t": 1696610270, "d": ["acmeair-flight-db", 1.198174]}, {"t": 1696610270, "d": ["acmeair-mainservice", 0.95212]}, {"t": 1696610280, "d": ["acmeair-bookingservice", 2.876783]}, {"t": 1696610280, "d": ["acmeair-customerservice", 2.77613]}, {"t": 1696610280, "d": ["acmeair-flightservice", 2.082969]}, {"t": 1696610280, "d": ["acmeair-booking-db", 1.877341]}, {"t": 1696610280, "d": ["acmeair-authservice", 1.563446]}, {"t": 1696610280, "d": ["acmeair-customer-db", 1.297056]}, {"t": 1696610280, "d": ["acmeair-flight-db", 1.198174]}, {"t": 1696610280, "d": ["acmeair-mainservice", 0.95223]}, {"t": 1696610290, "d": ["acmeair-bookingservice", 2.878809]}, {"t": 1696610290, "d": ["acmeair-customerservice", 2.776132]}, {"t": 1696610290, "d": ["acmeair-flightservice", 2.090583]}, {"t": 1696610290, "d": ["acmeair-booking-db", 1.877339]}, {"t": 1696610290, "d": ["acmeair-authservice", 1.563514]}, {"t": 1696610290, "d": ["acmeair-customer-db", 1.297071]}, {"t": 1696610290, "d": ["acmeair-flight-db", 1.198174]}, {"t": 1696610290, "d": ["acmeair-mainservice", 0.952242]}, {"t": 1696610300, "d": ["acmeair-bookingservice", 2.880077]}, {"t": 1696610300, "d": ["acmeair-customerservice", 2.776105]}, {"t": 1696610300, "d": ["acmeair-flightservice", 2.083389]}, {"t": 1696610300, "d": ["acmeair-booking-db", 1.877339]}, {"t": 1696610300, "d": ["acmeair-authservice", 1.563558]}, {"t": 1696610300, "d": ["acmeair-customer-db", 1.297071]}, {"t": 1696610300, "d": ["acmeair-flight-db", 1.198174]}, {"t": 1696610300, "d": ["acmeair-mainservice", 0.952242]}, {"t": 1696610310, "d": ["acmeair-bookingservice", 2.886009]}, {"t": 1696610310, "d": ["acmeair-customerservice", 2.77613]}, {"t": 1696610310, "d": ["acmeair-flightservice", 2.083413]}, {"t": 1696610310, "d": ["acmeair-booking-db", 1.877339]}, {"t": 1696610310, "d": ["acmeair-authservice", 1.563734]}, {"t": 1696610310, "d": ["acmeair-customer-db", 1.297068]}, {"t": 1696610310, "d": ["acmeair-flight-db", 1.198174]}, {"t": 1696610310, "d": ["acmeair-mainservice", 0.952242]}, {"t": 1696610320, "d": ["acmeair-bookingservice", 2.888345]}, {"t": 1696610320, "d": ["acmeair-customerservice", 2.777217]}, {"t": 1696610320, "d": ["acmeair-flightservice", 2.085942]}, {"t": 1696610320, "d": ["acmeair-booking-db", 1.877339]}, {"t": 1696610320, "d": ["acmeair-authservice", 1.56379]}, {"t": 1696610320, "d": ["acmeair-customer-db", 1.297068]}, {"t": 1696610320, "d": ["acmeair-flight-db", 1.198174]}, {"t": 1696610320, "d": ["acmeair-mainservice", 0.952242]}, {"t": 1696610330, "d": ["acmeair-bookingservice", 2.889289]}, {"t": 1696610330, "d": ["acmeair-customerservice", 2.779788]}, {"t": 1696610330, "d": ["acmeair-flightservice", 2.083369]}, {"t": 1696610330, "d": ["acmeair-booking-db", 1.877378]}, {"t": 1696610330, "d": ["acmeair-authservice", 1.563836]}, {"t": 1696610330, "d": ["acmeair-customer-db", 1.297078]}, {"t": 1696610330, "d": ["acmeair-flight-db", 1.198174]}, {"t": 1696610330, "d": ["acmeair-mainservice", 0.952242]}, {"t": 1696610340, "d": ["acmeair-bookingservice", 2.895479]}, {"t": 1696610340, "d": ["acmeair-customerservice", 2.779817]}, {"t": 1696610340, "d": ["acmeair-flightservice", 2.083359]}, {"t": 1696610340, "d": ["acmeair-booking-db", 1.877463]}, {"t": 1696610340, "d": ["acmeair-authservice", 1.563888]}, {"t": 1696610340, "d": ["acmeair-customer-db", 1.297092]}, {"t": 1696610340, "d": ["acmeair-flight-db", 1.198174]}, {"t": 1696610340, "d": ["acmeair-mainservice", 0.952242]}, {"t": 1696610350, "d": ["acmeair-bookingservice", 2.902132]}, {"t": 1696610350, "d": ["acmeair-customerservice", 2.778293]}, {"t": 1696610350, "d": ["acmeair-flightservice", 2.083376]}, {"t": 1696610350, "d": ["acmeair-booking-db", 1.877639]}, {"t": 1696610350, "d": ["acmeair-authservice", 1.5639]}, {"t": 1696610350, "d": ["acmeair-customer-db", 1.297095]}, {"t": 1696610350, "d": ["acmeair-flight-db", 1.198174]}, {"t": 1696610350, "d": ["acmeair-mainservice", 0.952242]}, {"t": 1696610360, "d": ["acmeair-bookingservice", 2.898325]}, {"t": 1696610360, "d": ["acmeair-customerservice", 2.775642]}, {"t": 1696610360, "d": ["acmeair-flightservice", 2.083345]}, {"t": 1696610360, "d": ["acmeair-booking-db", 1.877949]}, {"t": 1696610360, "d": ["acmeair-authservice", 1.563673]}, {"t": 1696610360, "d": ["acmeair-customer-db", 1.297097]}, {"t": 1696610360, "d": ["acmeair-flight-db", 1.198174]}, {"t": 1696610360, "d": ["acmeair-mainservice", 0.952242]}, {"t": 1696610370, "d": ["acmeair-bookingservice", 2.896769]}, {"t": 1696610370, "d": ["acmeair-customerservice", 2.781646]}, {"t": 1696610370, "d": ["acmeair-flightservice", 2.083398]}, {"t": 1696610370, "d": ["acmeair-booking-db", 1.873008]}, {"t": 1696610370, "d": ["acmeair-authservice", 1.563363]}, {"t": 1696610370, "d": ["acmeair-customer-db", 1.297092]}, {"t": 1696610370, "d": ["acmeair-flight-db", 1.198174]}, {"t": 1696610370, "d": ["acmeair-mainservice", 0.952242]}, {"t": 1696610380, "d": ["acmeair-bookingservice", 2.899105]}, {"t": 1696610380, "d": ["acmeair-customerservice", 2.783724]}, {"t": 1696610380, "d": ["acmeair-flightservice", 2.08342]}, {"t": 1696610380, "d": ["acmeair-booking-db", 1.872461]}, {"t": 1696610380, "d": ["acmeair-authservice", 1.563532]}, {"t": 1696610380, "d": ["acmeair-customer-db", 1.297095]}, {"t": 1696610380, "d": ["acmeair-flight-db", 1.198174]}, {"t": 1696610380, "d": ["acmeair-mainservice", 0.952242]}, {"t": 1696610390, "d": ["acmeair-bookingservice", 2.900612]}, {"t": 1696610390, "d": ["acmeair-customerservice", 2.785704]}, {"t": 1696610390, "d": ["acmeair-flightservice", 2.083415]}, {"t": 1696610390, "d": ["acmeair-booking-db", 1.872461]}, {"t": 1696610390, "d": ["acmeair-authservice", 1.563544]}, {"t": 1696610390, "d": ["acmeair-customer-db", 1.297092]}, {"t": 1696610390, "d": ["acmeair-flight-db", 1.198174]}, {"t": 1696610390, "d": ["acmeair-mainservice", 0.952242]}, {"t": 1696610400, "d": ["acmeair-bookingservice", 2.906207]}, {"t": 1696610400, "d": ["acmeair-customerservice", 2.78916]}, {"t": 1696610400, "d": ["acmeair-flightservice", 2.083506]}, {"t": 1696610400, "d": ["acmeair-booking-db", 1.872461]}, {"t": 1696610400, "d": ["acmeair-authservice", 1.56341]}, {"t": 1696610400, "d": ["acmeair-customer-db", 1.297095]}, {"t": 1696610400, "d": ["acmeair-flight-db", 1.198174]}, {"t": 1696610400, "d": ["acmeair-mainservice", 0.952242]}, {"t": 1696610410, "d": ["acmeair-bookingservice", 2.911202]}, {"t": 1696610410, "d": ["acmeair-customerservice", 2.794557]}, {"t": 1696610410, "d": ["acmeair-flightservice", 2.083491]}, {"t": 1696610410, "d": ["acmeair-booking-db", 1.872461]}, {"t": 1696610410, "d": ["acmeair-authservice", 1.563446]}, {"t": 1696610410, "d": ["acmeair-customer-db", 1.297095]}, {"t": 1696610410, "d": ["acmeair-flight-db", 1.198174]}, {"t": 1696610410, "d": ["acmeair-mainservice", 0.952242]}, {"t": 1696610420, "d": ["acmeair-bookingservice", 2.913324]}, {"t": 1696610420, "d": ["acmeair-customerservice", 2.795823]}, {"t": 1696610420, "d": ["acmeair-flightservice", 2.083486]}, {"t": 1696610420, "d": ["acmeair-booking-db", 1.872461]}, {"t": 1696610420, "d": ["acmeair-authservice", 1.563695]}, {"t": 1696610420, "d": ["acmeair-customer-db", 1.297097]}, {"t": 1696610420, "d": ["acmeair-flight-db", 1.198174]}, {"t": 1696610420, "d": ["acmeair-mainservice", 0.952242]}, {"t": 1696610430, "d": ["acmeair-bookingservice", 2.91676]}, {"t": 1696610430, "d": ["acmeair-customerservice", 2.797494]}, {"t": 1696610430, "d": ["acmeair-flightservice", 2.083498]}, {"t": 1696610430, "d": ["acmeair-booking-db", 1.872486]}, {"t": 1696610430, "d": ["acmeair-authservice", 1.563636]}, {"t": 1696610430, "d": ["acmeair-customer-db", 1.297092]}, {"t": 1696610430, "d": ["acmeair-flight-db", 1.198174]}, {"t": 1696610430, "d": ["acmeair-mainservice", 0.952242]}, {"t": 1696610440, "d": ["acmeair-bookingservice", 2.919265]}, {"t": 1696610440, "d": ["acmeair-customerservice", 2.801003]}, {"t": 1696610440, "d": ["acmeair-flightservice", 2.083515]}, {"t": 1696610440, "d": ["acmeair-booking-db", 1.87251]}, {"t": 1696610440, "d": ["acmeair-authservice", 1.563651]}, {"t": 1696610440, "d": ["acmeair-customer-db", 1.297095]}, {"t": 1696610440, "d": ["acmeair-flight-db", 1.198174]}, {"t": 1696610440, "d": ["acmeair-mainservice", 0.952242]}, {"t": 1696610450, "d": ["acmeair-bookingservice", 2.921435]}, {"t": 1696610450, "d": ["acmeair-customerservice", 2.80262]}, {"t": 1696610450, "d": ["acmeair-flightservice", 2.083535]}, {"t": 1696610450, "d": ["acmeair-booking-db", 1.87251]}, {"t": 1696610450, "d": ["acmeair-authservice", 1.563766]}, {"t": 1696610450, "d": ["acmeair-customer-db", 1.297097]}, {"t": 1696610450, "d": ["acmeair-flight-db", 1.198174]}, {"t": 1696610450, "d": ["acmeair-mainservice", 0.952242]}, {"t": 1696610460, "d": ["acmeair-bookingservice", 2.92403]}, {"t": 1696610460, "d": ["acmeair-customerservice", 2.805113]}, {"t": 1696610460, "d": ["acmeair-flightservice", 2.084388]}, {"t": 1696610460, "d": ["acmeair-booking-db", 1.87251]}, {"t": 1696610460, "d": ["acmeair-authservice", 1.56389]}, {"t": 1696610460, "d": ["acmeair-customer-db", 1.297117]}, {"t": 1696610460, "d": ["acmeair-flight-db", 1.198174]}, {"t": 1696610460, "d": ["acmeair-mainservice", 0.952242]}, {"t": 1696610470, "d": ["acmeair-bookingservice", 2.925545]}, {"t": 1696610470, "d": ["acmeair-customerservice", 2.80721]}, {"t": 1696610470, "d": ["acmeair-flightservice", 2.083574]}, {"t": 1696610470, "d": ["acmeair-booking-db", 1.872561]}, {"t": 1696610470, "d": ["acmeair-authservice", 1.564075]}, {"t": 1696610470, "d": ["acmeair-customer-db", 1.297141]}, {"t": 1696610470, "d": ["acmeair-flight-db", 1.198174]}, {"t": 1696610470, "d": ["acmeair-mainservice", 0.952242]}, {"t": 1696610480, "d": ["acmeair-bookingservice", 2.926761]}, {"t": 1696610480, "d": ["acmeair-customerservice", 2.809966]}, {"t": 1696610480, "d": ["acmeair-flightservice", 2.083532]}, {"t": 1696610480, "d": ["acmeair-booking-db", 1.872583]}, {"t": 1696610480, "d": ["acmeair-authservice", 1.5642]}, {"t": 1696610480, "d": ["acmeair-customer-db", 1.297144]}, {"t": 1696610480, "d": ["acmeair-flight-db", 1.198174]}, {"t": 1696610480, "d": ["acmeair-mainservice", 0.952242]}, {"t": 1696610490, "d": ["acmeair-bookingservice", 2.930037]}, {"t": 1696610490, "d": ["acmeair-customerservice", 2.813885]}, {"t": 1696610490, "d": ["acmeair-flightservice", 2.083591]}, {"t": 1696610490, "d": ["acmeair-booking-db", 1.872598]}, {"t": 1696610490, "d": ["acmeair-authservice", 1.564039]}, {"t": 1696610490, "d": ["acmeair-customer-db", 1.297141]}, {"t": 1696610490, "d": ["acmeair-flight-db", 1.198174]}, {"t": 1696610490, "d": ["acmeair-mainservice", 0.952242]}], "start": 1696609890, "end": 1696610490}