{"data": [{"t": 1696609900, "d": ["acmeair-bookingservice", 468983808]}, {"t": 1696609900, "d": ["acmeair-customerservice", 465739776]}, {"t": 1696609900, "d": ["acmeair-flightservice", 339163545.6]}, {"t": 1696609900, "d": ["acmeair-booking-db", 316657664]}, {"t": 1696609900, "d": ["acmeair-authservice", 277913600]}, {"t": 1696609900, "d": ["acmeair-customer-db", 213381529.6]}, {"t": 1696609900, "d": ["acmeair-flight-db", 201236480]}, {"t": 1696609900, "d": ["acmeair-mainservice", 160157696]}, {"t": 1696609910, "d": ["acmeair-bookingservice", 468997734.4]}, {"t": 1696609910, "d": ["acmeair-customerservice", 465739776]}, {"t": 1696609910, "d": ["acmeair-flightservice", 339165184]}, {"t": 1696609910, "d": ["acmeair-booking-db", 316689203.2]}, {"t": 1696609910, "d": ["acmeair-authservice", 277918515.2]}, {"t": 1696609910, "d": ["acmeair-customer-db", 213381529.6]}, {"t": 1696609910, "d": ["acmeair-flight-db", 201236480]}, {"t": 1696609910, "d": ["acmeair-mainservice", 160157696]}, {"t": 1696609920, "d": ["acmeair-bookingservice", 469030912]}, {"t": 1696609920, "d": ["acmeair-customerservice", 465739776]}, {"t": 1696609920, "d": ["acmeair-flightservice", 339190169.6]}, {"t": 1696609920, "d": ["acmeair-booking-db", 316755968]}, {"t": 1696609920, "d": ["acmeair-authservice", 277921792]}, {"t": 1696609920, "d": ["acmeair-customer-db", 213381120]}, {"t": 1696609920, "d": ["acmeair-flight-db", 201236480]}, {"t": 1696609920, "d": ["acmeair-mainservice", 160157696]}, {"t": 1696609930, "d": ["acmeair-bookingservice", 469032960]}, {"t": 1696609930, "d": ["acmeair-customerservice", 465739776]}, {"t": 1696609930, "d": ["acmeair-flightservice", 339276185.6]}, {"t": 1696609930, "d": ["acmeair-booking-db", 316762931.2]}, {"t": 1696609930, "d": ["acmeair-authservice", 277923840]}, {"t": 1696609930, "d": ["acmeair-customer-db", 213381120]}, {"t": 1696609930, "d": ["acmeair-flight-db", 201236480]}, {"t": 1696609930, "d": ["acmeair-mainservice", 160157696]}, {"t": 1696609940, "d": ["acmeair-bookingservice", 469057126.4]}, {"t": 1696609940, "d": ["acmeair-customerservice", 465739776]}, {"t": 1696609940, "d": ["acmeair-flightservice", 339403161.6]}, {"t": 1696609940, "d": ["acmeair-booking-db", 316764160]}, {"t": 1696609940, "d": ["acmeair-authservice", 277936537.6]}, {"t": 1696609940, "d": ["acmeair-customer-db", 213381120]}, {"t": 1696609940, "d": ["acmeair-flight-db", 201236480]}, {"t": 1696609940, "d": ["acmeair-mainservice", 160157696]}, {"t": 1696609950, "d": ["acmeair-bookingservice", 467960217.6]}, {"t": 1696609950, "d": ["acmeair-customerservice", 465739776]}, {"t": 1696609950, "d": ["acmeair-flightservice", 340449280]}, {"t": 1696609950, "d": ["acmeair-booking-db", 316766617.6]}, {"t": 1696609950, "d": ["acmeair-authservice", 277815296]}, {"t": 1696609950, "d": ["acmeair-customer-db", 213375795.2]}, {"t": 1696609950, "d": ["acmeair-flight-db", 201236889.6]}, {"t": 1696609950, "d": ["acmeair-mainservice", 160157696]}, {"t": 1696609960, "d": ["acmeair-bookingservice", 468582809.6]}, {"t": 1696609960, "d": ["acmeair-customerservice", 465739776]}, {"t": 1696609960, "d": ["acmeair-flightservice", 340454604.8]}, {"t": 1696609960, "d": ["acmeair-booking-db", 316578201.6]}, {"t": 1696609960, "d": ["acmeair-authservice", 277815296]}, {"t": 1696609960, "d": ["acmeair-customer-db", 213368422.4]}, {"t": 1696609960, "d": ["acmeair-flight-db", 201236480]}, {"t": 1696609960, "d": ["acmeair-mainservice", 160157696]}, {"t": 1696609970, "d": ["acmeair-bookingservice", 469112422.4]}, {"t": 1696609970, "d": ["acmeair-customerservice", 465743052.8]}, {"t": 1696609970, "d": ["acmeair-flightservice", 340478771.2]}, {"t": 1696609970, "d": ["acmeair-booking-db", 316137472]}, {"t": 1696609970, "d": ["acmeair-authservice", 277843558.4]}, {"t": 1696609970, "d": ["acmeair-customer-db", 213376614.4]}, {"t": 1696609970, "d": ["acmeair-flight-db", 201236480]}, {"t": 1696609970, "d": ["acmeair-mainservice", 160157696]}, {"t": 1696609980, "d": ["acmeair-bookingservice", 469672345.6]}, {"t": 1696609980, "d": ["acmeair-customerservice", 465737318.4]}, {"t": 1696609980, "d": ["acmeair-flightservice", 340540211.2]}, {"t": 1696609980, "d": ["acmeair-booking-db", 316141568]}, {"t": 1696609980, "d": ["acmeair-authservice", 277819392]}, {"t": 1696609980, "d": ["acmeair-customer-db", 213373337.6]}, {"t": 1696609980, "d": ["acmeair-flight-db", 201228288]}, {"t": 1696609980, "d": ["acmeair-mainservice", 160169574.4]}, {"t": 1696609990, "d": ["acmeair-bookingservice", 470233907.2]}, {"t": 1696609990, "d": ["acmeair-customerservice", 465737318.4]}, {"t": 1696609990, "d": ["acmeair-flightservice", 340551680]}, {"t": 1696609990, "d": ["acmeair-booking-db", 316334899.2]}, {"t": 1696609990, "d": ["acmeair-authservice", 277819392]}, {"t": 1696609990, "d": ["acmeair-customer-db", 213340569.6]}, {"t": 1696609990, "d": ["acmeair-flight-db", 201228697.6]}, {"t": 1696609990, "d": ["acmeair-mainservice", 160169984]}, {"t": 1696610000, "d": ["acmeair-bookingservice", 471049420.8]}, {"t": 1696610000, "d": ["acmeair-customerservice", 465738137.6]}, {"t": 1696610000, "d": ["acmeair-flightservice", 340557824]}, {"t": 1696610000, "d": ["acmeair-booking-db", 316383232]}, {"t": 1696610000, "d": ["acmeair-authservice", 277819392]}, {"t": 1696610000, "d": ["acmeair-customer-db", 213344256]}, {"t": 1696610000, "d": ["acmeair-flight-db", 201228288]}, {"t": 1696610000, "d": ["acmeair-mainservice", 160169984]}, {"t": 1696610010, "d": ["acmeair-bookingservice", 471651532.8]}, {"t": 1696610010, "d": ["acmeair-customerservice", 465741414.4]}, {"t": 1696610010, "d": ["acmeair-flightservice", 347344076.8]}, {"t": 1696610010, "d": ["acmeair-booking-db", 316390604.8]}, {"t": 1696610010, "d": ["acmeair-authservice", 277819392]}, {"t": 1696610010, "d": ["acmeair-customer-db", 213270528]}, {"t": 1696610010, "d": ["acmeair-flight-db", 201228288]}, {"t": 1696610010, "d": ["acmeair-mainservice", 160169984]}, {"t": 1696610020, "d": ["acmeair-bookingservice", 472596889.6]}, {"t": 1696610020, "d": ["acmeair-customerservice", 465737318.4]}, {"t": 1696610020, "d": ["acmeair-flightservice", 347380121.6]}, {"t": 1696610020, "d": ["acmeair-booking-db", 316395520]}, {"t": 1696610020, "d": ["acmeair-authservice", 277819392]}, {"t": 1696610020, "d": ["acmeair-customer-db", 213223833.6]}, {"t": 1696610020, "d": ["acmeair-flight-db", 201228288]}, {"t": 1696610020, "d": ["acmeair-mainservice", 160169984]}, {"t": 1696610030, "d": ["acmeair-bookingservice", 473151897.6]}, {"t": 1696610030, "d": ["acmeair-customerservice", 465738137.6]}, {"t": 1696610030, "d": ["acmeair-flightservice", 347403468.8]}, {"t": 1696610030, "d": ["acmeair-booking-db", 316395520]}, {"t": 1696610030, "d": ["acmeair-authservice", 277819392]}, {"t": 1696610030, "d": ["acmeair-customer-db", 213118566.4]}, {"t": 1696610030, "d": ["acmeair-flight-db", 201228288]}, {"t": 1696610030, "d": ["acmeair-mainservice", 160169984]}, {"t": 1696610040, "d": ["acmeair-bookingservice", 473956761.6]}, {"t": 1696610040, "d": ["acmeair-customerservice", 465739776]}, {"t": 1696610040, "d": ["acmeair-flightservice", 347421900.8]}, {"t": 1696610040, "d": ["acmeair-booking-db", 316395520]}, {"t": 1696610040, "d": ["acmeair-authservice", 277819392]}, {"t": 1696610040, "d": ["acmeair-customer-db", 213016985.6]}, {"t": 1696610040, "d": ["acmeair-flight-db", 201228288]}, {"t": 1696610040, "d": ["acmeair-mainservice", 160169984]}, {"t": 1696610050, "d": ["acmeair-bookingservice", 475209728]}, {"t": 1696610050, "d": ["acmeair-customerservice", 465739776]}, {"t": 1696610050, "d": ["acmeair-flightservice", 347448115.2]}, {"t": 1696610050, "d": ["acmeair-booking-db", 316395520]}, {"t": 1696610050, "d": ["acmeair-authservice", 277819392]}, {"t": 1696610050, "d": ["acmeair-customer-db", 213127987.2]}, {"t": 1696610050, "d": ["acmeair-flight-db", 201228288]}, {"t": 1696610050, "d": ["acmeair-mainservice", 160169984]}, {"t": 1696610060, "d": ["acmeair-bookingservice", 475288780.8]}, {"t": 1696610060, "d": ["acmeair-customerservice", 465741824]}, {"t": 1696610060, "d": ["acmeair-flightservice", 347478835.2]}, {"t": 1696610060, "d": ["acmeair-booking-db", 316421734.4]}, {"t": 1696610060, "d": ["acmeair-authservice", 277819392]}, {"t": 1696610060, "d": ["acmeair-customer-db", 213173862.4]}, {"t": 1696610060, "d": ["acmeair-flight-db", 201228288]}, {"t": 1696610060, "d": ["acmeair-mainservice", 159934054.4]}, {"t": 1696610070, "d": ["acmeair-bookingservice", 475972812.8]}, {"t": 1696610070, "d": ["acmeair-customerservice", 465739776]}, {"t": 1696610070, "d": ["acmeair-flightservice", 347504230.4]}, {"t": 1696610070, "d": ["acmeair-booking-db", 316461465.6]}, {"t": 1696610070, "d": ["acmeair-authservice", 277819392]}, {"t": 1696610070, "d": ["acmeair-customer-db", 213248819.2]}, {"t": 1696610070, "d": ["acmeair-flight-db", 201228288]}, {"t": 1696610070, "d": ["acmeair-mainservice", 159907840]}, {"t": 1696610080, "d": ["acmeair-bookingservice", 475360051.2]}, {"t": 1696610080, "d": ["acmeair-customerservice", 465741004.8]}, {"t": 1696610080, "d": ["acmeair-flightservice", 347518566.4]}, {"t": 1696610080, "d": ["acmeair-booking-db", 316119040]}, {"t": 1696610080, "d": ["acmeair-authservice", 277766963.2]}, {"t": 1696610080, "d": ["acmeair-customer-db", 213350809.6]}, {"t": 1696610080, "d": ["acmeair-flight-db", 201228288]}, {"t": 1696610080, "d": ["acmeair-mainservice", 159907840]}, {"t": 1696610090, "d": ["acmeair-bookingservice", 475298201.6]}, {"t": 1696610090, "d": ["acmeair-customerservice", 465741824]}, {"t": 1696610090, "d": ["acmeair-flightservice", 347543961.6]}, {"t": 1696610090, "d": ["acmeair-booking-db", 315777024]}, {"t": 1696610090, "d": ["acmeair-authservice", 277688320]}, {"t": 1696610090, "d": ["acmeair-customer-db", 215248896]}, {"t": 1696610090, "d": ["acmeair-flight-db", 201228288]}, {"t": 1696610090, "d": ["acmeair-mainservice", 159907840]}, {"t": 1696610100, "d": ["acmeair-bookingservice", 475855667.2]}, {"t": 1696610100, "d": ["acmeair-customerservice", 465738956.8]}, {"t": 1696610100, "d": ["acmeair-flightservice", 347570995.2]}, {"t": 1696610100, "d": ["acmeair-booking-db", 315777433.6]}, {"t": 1696610100, "d": ["acmeair-authservice", 277689548.8]}, {"t": 1696610100, "d": ["acmeair-customer-db", 215477043.2]}, {"t": 1696610100, "d": ["acmeair-flight-db", 201228288]}, {"t": 1696610100, "d": ["acmeair-mainservice", 159907840]}, {"t": 1696610110, "d": ["acmeair-bookingservice", 476033843.2]}, {"t": 1696610110, "d": ["acmeair-customerservice", 465604608]}, {"t": 1696610110, "d": ["acmeair-flightservice", 347582873.6]}, {"t": 1696610110, "d": ["acmeair-booking-db", 315868774.4]}, {"t": 1696610110, "d": ["acmeair-authservice", 264083046.4]}, {"t": 1696610110, "d": ["acmeair-customer-db", 215486464]}, {"t": 1696610110, "d": ["acmeair-flight-db", 201228288]}, {"t": 1696610110, "d": ["acmeair-mainservice", 159907840]}, {"t": 1696610120, "d": ["acmeair-bookingservice", 476494643.2]}, {"t": 1696610120, "d": ["acmeair-customerservice", 464415539.2]}, {"t": 1696610120, "d": ["acmeair-flightservice", 347592704]}, {"t": 1696610120, "d": ["acmeair-booking-db", 315891712]}, {"t": 1696610120, "d": ["acmeair-authservice", 262584320]}, {"t": 1696610120, "d": ["acmeair-customer-db", 215493836.8]}, {"t": 1696610120, "d": ["acmeair-flight-db", 201228288]}, {"t": 1696610120, "d": ["acmeair-mainservice", 159907840]}, {"t": 1696610130, "d": ["acmeair-bookingservice", 477098393.6]}, {"t": 1696610130, "d": ["acmeair-customerservice", 464432742.4]}, {"t": 1696610130, "d": ["acmeair-flightservice", 347622195.2]}, {"t": 1696610130, "d": ["acmeair-booking-db", 315894169.6]}, {"t": 1696610130, "d": ["acmeair-authservice", 262586368]}, {"t": 1696610130, "d": ["acmeair-customer-db", 216999116.8]}, {"t": 1696610130, "d": ["acmeair-flight-db", 201228288]}, {"t": 1696610130, "d": ["acmeair-mainservice", 159907840]}, {"t": 1696610140, "d": ["acmeair-bookingservice", 477658316.8]}, {"t": 1696610140, "d": ["acmeair-customerservice", 464433152]}, {"t": 1696610140, "d": ["acmeair-flightservice", 348070707.2]}, {"t": 1696610140, "d": ["acmeair-booking-db", 315895808]}, {"t": 1696610140, "d": ["acmeair-authservice", 262586368]}, {"t": 1696610140, "d": ["acmeair-customer-db", 217814220.8]}, {"t": 1696610140, "d": ["acmeair-flight-db", 201228288]}, {"t": 1696610140, "d": ["acmeair-mainservice", 159907840]}, {"t": 1696610150, "d": ["acmeair-bookingservice", 478167449.6]}, {"t": 1696610150, "d": ["acmeair-customerservice", 464436838.4]}, {"t": 1696610150, "d": ["acmeair-flightservice", 349778329.6]}, {"t": 1696610150, "d": ["acmeair-booking-db", 315896217.6]}, {"t": 1696610150, "d": ["acmeair-authservice", 262586368]}, {"t": 1696610150, "d": ["acmeair-customer-db", 217837977.6]}, {"t": 1696610150, "d": ["acmeair-flight-db", 201228288]}, {"t": 1696610150, "d": ["acmeair-mainservice", 159907840]}, {"t": 1696610160, "d": ["acmeair-bookingservice", 478646272]}, {"t": 1696610160, "d": ["acmeair-customerservice", 464437248]}, {"t": 1696610160, "d": ["acmeair-flightservice", 349778329.6]}, {"t": 1696610160, "d": ["acmeair-booking-db", 315895808]}, {"t": 1696610160, "d": ["acmeair-authservice", 262588416]}, {"t": 1696610160, "d": ["acmeair-customer-db", 217838796.8]}, {"t": 1696610160, "d": ["acmeair-flight-db", 201228288]}, {"t": 1696610160, "d": ["acmeair-mainservice", 159907840]}, {"t": 1696610170, "d": ["acmeair-bookingservice", 479072665.6]}, {"t": 1696610170, "d": ["acmeair-customerservice", 464446668.8]}, {"t": 1696610170, "d": ["acmeair-flightservice", 349779968]}, {"t": 1696610170, "d": ["acmeair-booking-db", 315895808]}, {"t": 1696610170, "d": ["acmeair-authservice", 262595379.2]}, {"t": 1696610170, "d": ["acmeair-customer-db", 217837568]}, {"t": 1696610170, "d": ["acmeair-flight-db", 201232384]}, {"t": 1696610170, "d": ["acmeair-mainservice", 159907840]}, {"t": 1696610180, "d": ["acmeair-bookingservice", 479498240]}, {"t": 1696610180, "d": ["acmeair-customerservice", 464433971.2]}, {"t": 1696610180, "d": ["acmeair-flightservice", 349777100.8]}, {"t": 1696610180, "d": ["acmeair-booking-db", 315904409.6]}, {"t": 1696610180, "d": ["acmeair-authservice", 262642892.8]}, {"t": 1696610180, "d": ["acmeair-customer-db", 217837568]}, {"t": 1696610180, "d": ["acmeair-flight-db", 201232384]}, {"t": 1696610180, "d": ["acmeair-mainservice", 159907840]}, {"t": 1696610190, "d": ["acmeair-bookingservice", 480234700.8]}, {"t": 1696610190, "d": ["acmeair-customerservice", 464437248]}, {"t": 1696610190, "d": ["acmeair-flightservice", 349780787.2]}, {"t": 1696610190, "d": ["acmeair-booking-db", 315908096]}, {"t": 1696610190, "d": ["acmeair-authservice", 262675660.8]}, {"t": 1696610190, "d": ["acmeair-customer-db", 217837568]}, {"t": 1696610190, "d": ["acmeair-flight-db", 201232384]}, {"t": 1696610190, "d": ["acmeair-mainservice", 159907840]}, {"t": 1696610200, "d": ["acmeair-bookingservice", 480464076.8]}, {"t": 1696610200, "d": ["acmeair-customerservice", 464433971.2]}, {"t": 1696610200, "d": ["acmeair-flightservice", 349784064]}, {"t": 1696610200, "d": ["acmeair-booking-db", 315908096]}, {"t": 1696610200, "d": ["acmeair-authservice", 262676480]}, {"t": 1696610200, "d": ["acmeair-customer-db", 217837568]}, {"t": 1696610200, "d": ["acmeair-flight-db", 201232384]}, {"t": 1696610200, "d": ["acmeair-mainservice", 159907840]}, {"t": 1696610210, "d": ["acmeair-bookingservice", 480857702.4]}, {"t": 1696610210, "d": ["acmeair-customerservice", 464431104]}, {"t": 1696610210, "d": ["acmeair-flightservice", 349788569.6]}, {"t": 1696610210, "d": ["acmeair-booking-db", 315668480]}, {"t": 1696610210, "d": ["acmeair-authservice", 262676480]}, {"t": 1696610210, "d": ["acmeair-customer-db", 217837977.6]}, {"t": 1696610210, "d": ["acmeair-flight-db", 201232384]}, {"t": 1696610210, "d": ["acmeair-mainservice", 159907840]}, {"t": 1696610220, "d": ["acmeair-bookingservice", 480379289.6]}, {"t": 1696610220, "d": ["acmeair-customerservice", 464434790.4]}, {"t": 1696610220, "d": ["acmeair-flightservice", 349813555.2]}, {"t": 1696610220, "d": ["acmeair-booking-db", 315109376]}, {"t": 1696610220, "d": ["acmeair-authservice", 262691635.2]}, {"t": 1696610220, "d": ["acmeair-customer-db", 217838387.2]}, {"t": 1696610220, "d": ["acmeair-flight-db", 201232384]}, {"t": 1696610220, "d": ["acmeair-mainservice", 159907840]}, {"t": 1696610230, "d": ["acmeair-bookingservice", 480519782.4]}, {"t": 1696610230, "d": ["acmeair-customerservice", 464434790.4]}, {"t": 1696610230, "d": ["acmeair-flightservice", 349818880]}, {"t": 1696610230, "d": ["acmeair-booking-db", 315126579.2]}, {"t": 1696610230, "d": ["acmeair-authservice", 262582272]}, {"t": 1696610230, "d": ["acmeair-customer-db", 217837977.6]}, {"t": 1696610230, "d": ["acmeair-flight-db", 201232384]}, {"t": 1696610230, "d": ["acmeair-mainservice", 159907840]}, {"t": 1696610240, "d": ["acmeair-bookingservice", 480885555.2]}, {"t": 1696610240, "d": ["acmeair-customerservice", 464442982.4]}, {"t": 1696610240, "d": ["acmeair-flightservice", 349823385.6]}, {"t": 1696610240, "d": ["acmeair-booking-db", 315163033.6]}, {"t": 1696610240, "d": ["acmeair-authservice", 262571212.8]}, {"t": 1696610240, "d": ["acmeair-customer-db", 217837977.6]}, {"t": 1696610240, "d": ["acmeair-flight-db", 201232384]}, {"t": 1696610240, "d": ["acmeair-mainservice", 159907840]}, {"t": 1696610250, "d": ["acmeair-bookingservice", 480951091.2]}, {"t": 1696610250, "d": ["acmeair-customerservice", 465070899.2]}, {"t": 1696610250, "d": ["acmeair-flightservice", 349829529.6]}, {"t": 1696610250, "d": ["acmeair-booking-db", 315238400]}, {"t": 1696610250, "d": ["acmeair-authservice", 262576537.6]}, {"t": 1696610250, "d": ["acmeair-customer-db", 217837977.6]}, {"t": 1696610250, "d": ["acmeair-flight-db", 201232384]}, {"t": 1696610250, "d": ["acmeair-mainservice", 159907840]}, {"t": 1696610260, "d": ["acmeair-bookingservice", 481885798.4]}, {"t": 1696610260, "d": ["acmeair-customerservice", 465897881.6]}, {"t": 1696610260, "d": ["acmeair-flightservice", 349828300.8]}, {"t": 1696610260, "d": ["acmeair-booking-db", 315293696]}, {"t": 1696610260, "d": ["acmeair-authservice", 262578176]}, {"t": 1696610260, "d": ["acmeair-customer-db", 217837977.6]}, {"t": 1696610260, "d": ["acmeair-flight-db", 201232793.6]}, {"t": 1696610260, "d": ["acmeair-mainservice", 159907840]}, {"t": 1696610270, "d": ["acmeair-bookingservice", 482220851.2]}, {"t": 1696610270, "d": ["acmeair-customerservice", 466245222.4]}, {"t": 1696610270, "d": ["acmeair-flightservice", 349832396.8]}, {"t": 1696610270, "d": ["acmeair-booking-db", 315295744]}, {"t": 1696610270, "d": ["acmeair-authservice", 262578176]}, {"t": 1696610270, "d": ["acmeair-customer-db", 217837568]}, {"t": 1696610270, "d": ["acmeair-flight-db", 201232384]}, {"t": 1696610270, "d": ["acmeair-mainservice", 159907840]}, {"t": 1696610280, "d": ["acmeair-bookingservice", 483153920]}, {"t": 1696610280, "d": ["acmeair-customerservice", 466249318.4]}, {"t": 1696610280, "d": ["acmeair-flightservice", 349833216]}, {"t": 1696610280, "d": ["acmeair-booking-db", 315298201.6]}, {"t": 1696610280, "d": ["acmeair-authservice", 262579814.4]}, {"t": 1696610280, "d": ["acmeair-customer-db", 217839616]}, {"t": 1696610280, "d": ["acmeair-flight-db", 201232384]}, {"t": 1696610280, "d": ["acmeair-mainservice", 159926272]}, {"t": 1696610290, "d": ["acmeair-bookingservice", 483494297.6]}, {"t": 1696610290, "d": ["acmeair-customerservice", 466249728]}, {"t": 1696610290, "d": ["acmeair-flightservice", 351111987.2]}, {"t": 1696610290, "d": ["acmeair-booking-db", 315297792]}, {"t": 1696610290, "d": ["acmeair-authservice", 262591283.2]}, {"t": 1696610290, "d": ["acmeair-customer-db", 217842073.6]}, {"t": 1696610290, "d": ["acmeair-flight-db", 201232384]}, {"t": 1696610290, "d": ["acmeair-mainservice", 159928320]}, {"t": 1696610300, "d": ["acmeair-bookingservice", 483707289.6]}, {"t": 1696610300, "d": ["acmeair-customerservice", 466245222.4]}, {"t": 1696610300, "d": ["acmeair-flightservice", 349903667.2]}, {"t": 1696610300, "d": ["acmeair-booking-db", 315297792]}, {"t": 1696610300, "d": ["acmeair-authservice", 262598656]}, {"t": 1696610300, "d": ["acmeair-customer-db", 217842073.6]}, {"t": 1696610300, "d": ["acmeair-flight-db", 201232384]}, {"t": 1696610300, "d": ["acmeair-mainservice", 159928320]}, {"t": 1696610310, "d": ["acmeair-bookingservice", 484703436.8]}, {"t": 1696610310, "d": ["acmeair-customerservice", 466249318.4]}, {"t": 1696610310, "d": ["acmeair-flightservice", 349907763.2]}, {"t": 1696610310, "d": ["acmeair-booking-db", 315297792]}, {"t": 1696610310, "d": ["acmeair-authservice", 262628147.2]}, {"t": 1696610310, "d": ["acmeair-customer-db", 217841664]}, {"t": 1696610310, "d": ["acmeair-flight-db", 201232384]}, {"t": 1696610310, "d": ["acmeair-mainservice", 159928320]}, {"t": 1696610320, "d": ["acmeair-bookingservice", 485095833.6]}, {"t": 1696610320, "d": ["acmeair-customerservice", 466432000]}, {"t": 1696610320, "d": ["acmeair-flightservice", 350332518.4]}, {"t": 1696610320, "d": ["acmeair-booking-db", 315297792]}, {"t": 1696610320, "d": ["acmeair-authservice", 262637568]}, {"t": 1696610320, "d": ["acmeair-customer-db", 217841664]}, {"t": 1696610320, "d": ["acmeair-flight-db", 201232384]}, {"t": 1696610320, "d": ["acmeair-mainservice", 159928320]}, {"t": 1696610330, "d": ["acmeair-bookingservice", 485254348.8]}, {"t": 1696610330, "d": ["acmeair-customerservice", 466863718.4]}, {"t": 1696610330, "d": ["acmeair-flightservice", 349900390.4]}, {"t": 1696610330, "d": ["acmeair-booking-db", 315304345.6]}, {"t": 1696610330, "d": ["acmeair-authservice", 262645350.4]}, {"t": 1696610330, "d": ["acmeair-customer-db", 217843302.4]}, {"t": 1696610330, "d": ["acmeair-flight-db", 201232384]}, {"t": 1696610330, "d": ["acmeair-mainservice", 159928320]}, {"t": 1696610340, "d": ["acmeair-bookingservice", 486293913.6]}, {"t": 1696610340, "d": ["acmeair-customerservice", 466868633.6]}, {"t": 1696610340, "d": ["acmeair-flightservice", 349898752]}, {"t": 1696610340, "d": ["acmeair-booking-db", 315318681.6]}, {"t": 1696610340, "d": ["acmeair-authservice", 262653952]}, {"t": 1696610340, "d": ["acmeair-customer-db", 217845760]}, {"t": 1696610340, "d": ["acmeair-flight-db", 201232384]}, {"t": 1696610340, "d": ["acmeair-mainservice", 159928320]}, {"t": 1696610350, "d": ["acmeair-bookingservice", 487411302.4]}, {"t": 1696610350, "d": ["acmeair-customerservice", 466612633.6]}, {"t": 1696610350, "d": ["acmeair-flightservice", 349901619.2]}, {"t": 1696610350, "d": ["acmeair-booking-db", 315348172.8]}, {"t": 1696610350, "d": ["acmeair-authservice", 262656000]}, {"t": 1696610350, "d": ["acmeair-customer-db", 217846169.6]}, {"t": 1696610350, "d": ["acmeair-flight-db", 201232384]}, {"t": 1696610350, "d": ["acmeair-mainservice", 159928320]}, {"t": 1696610360, "d": ["acmeair-bookingservice", 486771916.8]}, {"t": 1696610360, "d": ["acmeair-customerservice", 466167398.4]}, {"t": 1696610360, "d": ["acmeair-flightservice", 349896294.4]}, {"t": 1696610360, "d": ["acmeair-booking-db", 315400192]}, {"t": 1696610360, "d": ["acmeair-authservice", 262617907.2]}, {"t": 1696610360, "d": ["acmeair-customer-db", 217846579.2]}, {"t": 1696610360, "d": ["acmeair-flight-db", 201232384]}, {"t": 1696610360, "d": ["acmeair-mainservice", 159928320]}, {"t": 1696610370, "d": ["acmeair-bookingservice", 486510592]}, {"t": 1696610370, "d": ["acmeair-customerservice", 467175833.6]}, {"t": 1696610370, "d": ["acmeair-flightservice", 349905305.6]}, {"t": 1696610370, "d": ["acmeair-booking-db", 314570342.4]}, {"t": 1696610370, "d": ["acmeair-authservice", 262565888]}, {"t": 1696610370, "d": ["acmeair-customer-db", 217845760]}, {"t": 1696610370, "d": ["acmeair-flight-db", 201232384]}, {"t": 1696610370, "d": ["acmeair-mainservice", 159928320]}, {"t": 1696610380, "d": ["acmeair-bookingservice", 486902988.8]}, {"t": 1696610380, "d": ["acmeair-customerservice", 467524812.8]}, {"t": 1696610380, "d": ["acmeair-flightservice", 349908992]}, {"t": 1696610380, "d": ["acmeair-booking-db", 314478592]}, {"t": 1696610380, "d": ["acmeair-authservice", 262594150.4]}, {"t": 1696610380, "d": ["acmeair-customer-db", 217846169.6]}, {"t": 1696610380, "d": ["acmeair-flight-db", 201232384]}, {"t": 1696610380, "d": ["acmeair-mainservice", 159928320]}, {"t": 1696610390, "d": ["acmeair-bookingservice", 487156121.6]}, {"t": 1696610390, "d": ["acmeair-customerservice", 467857408]}, {"t": 1696610390, "d": ["acmeair-flightservice", 349908172.8]}, {"t": 1696610390, "d": ["acmeair-booking-db", 314478592]}, {"t": 1696610390, "d": ["acmeair-authservice", 262596198.4]}, {"t": 1696610390, "d": ["acmeair-customer-db", 217845760]}, {"t": 1696610390, "d": ["acmeair-flight-db", 201232384]}, {"t": 1696610390, "d": ["acmeair-mainservice", 159928320]}, {"t": 1696610400, "d": ["acmeair-bookingservice", 488095744]}, {"t": 1696610400, "d": ["acmeair-customerservice", 468437811.2]}, {"t": 1696610400, "d": ["acmeair-flightservice", 349923328]}, {"t": 1696610400, "d": ["acmeair-booking-db", 314478592]}, {"t": 1696610400, "d": ["acmeair-authservice", 262573670.4]}, {"t": 1696610400, "d": ["acmeair-customer-db", 217846169.6]}, {"t": 1696610400, "d": ["acmeair-flight-db", 201232384]}, {"t": 1696610400, "d": ["acmeair-mainservice", 159928320]}, {"t": 1696610410, "d": ["acmeair-bookingservice", 488934604.8]}, {"t": 1696610410, "d": ["acmeair-customerservice", 469344256]}, {"t": 1696610410, "d": ["acmeair-flightservice", 349920870.4]}, {"t": 1696610410, "d": ["acmeair-booking-db", 314478592]}, {"t": 1696610410, "d": ["acmeair-authservice", 262579814.4]}, {"t": 1696610410, "d": ["acmeair-customer-db", 217846169.6]}, {"t": 1696610410, "d": ["acmeair-flight-db", 201232384]}, {"t": 1696610410, "d": ["acmeair-mainservice", 159928320]}, {"t": 1696610420, "d": ["acmeair-bookingservice", 489290956.8]}, {"t": 1696610420, "d": ["acmeair-customerservice", 469556838.4]}, {"t": 1696610420, "d": ["acmeair-flightservice", 349920051.2]}, {"t": 1696610420, "d": ["acmeair-booking-db", 314478592]}, {"t": 1696610420, "d": ["acmeair-authservice", 262621593.6]}, {"t": 1696610420, "d": ["acmeair-customer-db", 217846579.2]}, {"t": 1696610420, "d": ["acmeair-flight-db", 201232384]}, {"t": 1696610420, "d": ["acmeair-mainservice", 159928320]}, {"t": 1696610430, "d": ["acmeair-bookingservice", 489868083.2]}, {"t": 1696610430, "d": ["acmeair-customerservice", 469837414.4]}, {"t": 1696610430, "d": ["acmeair-flightservice", 349922099.2]}, {"t": 1696610430, "d": ["acmeair-booking-db", 314482688]}, {"t": 1696610430, "d": ["acmeair-authservice", 262611763.2]}, {"t": 1696610430, "d": ["acmeair-customer-db", 217845760]}, {"t": 1696610430, "d": ["acmeair-flight-db", 201232384]}, {"t": 1696610430, "d": ["acmeair-mainservice", 159928320]}, {"t": 1696610440, "d": ["acmeair-bookingservice", 490288742.4]}, {"t": 1696610440, "d": ["acmeair-customerservice", 470426828.8]}, {"t": 1696610440, "d": ["acmeair-flightservice", 349924966.4]}, {"t": 1696610440, "d": ["acmeair-booking-db", 314486784]}, {"t": 1696610440, "d": ["acmeair-authservice", 262614220.8]}, {"t": 1696610440, "d": ["acmeair-customer-db", 217846169.6]}, {"t": 1696610440, "d": ["acmeair-flight-db", 201232384]}, {"t": 1696610440, "d": ["acmeair-mainservice", 159928320]}, {"t": 1696610450, "d": ["acmeair-bookingservice", 490653286.4]}, {"t": 1696610450, "d": ["acmeair-customerservice", 470698393.6]}, {"t": 1696610450, "d": ["acmeair-flightservice", 349928243.2]}, {"t": 1696610450, "d": ["acmeair-booking-db", 314486784]}, {"t": 1696610450, "d": ["acmeair-authservice", 262633472]}, {"t": 1696610450, "d": ["acmeair-customer-db", 217846579.2]}, {"t": 1696610450, "d": ["acmeair-flight-db", 201232384]}, {"t": 1696610450, "d": ["acmeair-mainservice", 159928320]}, {"t": 1696610460, "d": ["acmeair-bookingservice", 491089100.8]}, {"t": 1696610460, "d": ["acmeair-customerservice", 471117004.8]}, {"t": 1696610460, "d": ["acmeair-flightservice", 350071603.2]}, {"t": 1696610460, "d": ["acmeair-booking-db", 314486784]}, {"t": 1696610460, "d": ["acmeair-authservice", 262654361.6]}, {"t": 1696610460, "d": ["acmeair-customer-db", 217849856]}, {"t": 1696610460, "d": ["acmeair-flight-db", 201232384]}, {"t": 1696610460, "d": ["acmeair-mainservice", 159928320]}, {"t": 1696610470, "d": ["acmeair-bookingservice", 491343462.4]}, {"t": 1696610470, "d": ["acmeair-customerservice", 471469260.8]}, {"t": 1696610470, "d": ["acmeair-flightservice", 349934796.8]}, {"t": 1696610470, "d": ["acmeair-booking-db", 314495385.6]}, {"t": 1696610470, "d": ["acmeair-authservice", 262685491.2]}, {"t": 1696610470, "d": ["acmeair-customer-db", 217853952]}, {"t": 1696610470, "d": ["acmeair-flight-db", 201232384]}, {"t": 1696610470, "d": ["acmeair-mainservice", 159928320]}, {"t": 1696610480, "d": ["acmeair-bookingservice", 491547852.8]}, {"t": 1696610480, "d": ["acmeair-customerservice", 471932108.8]}, {"t": 1696610480, "d": ["acmeair-flightservice", 349927833.6]}, {"t": 1696610480, "d": ["acmeair-booking-db", 314499072]}, {"t": 1696610480, "d": ["acmeair-authservice", 262706380.8]}, {"t": 1696610480, "d": ["acmeair-customer-db", 217854361.6]}, {"t": 1696610480, "d": ["acmeair-flight-db", 201232384]}, {"t": 1696610480, "d": ["acmeair-mainservice", 159928320]}, {"t": 1696610490, "d": ["acmeair-bookingservice", 492097945.6]}, {"t": 1696610490, "d": ["acmeair-customerservice", 472590336]}, {"t": 1696610490, "d": ["acmeair-flightservice", 349937664]}, {"t": 1696610490, "d": ["acmeair-booking-db", 314501529.6]}, {"t": 1696610490, "d": ["acmeair-authservice", 262679347.2]}, {"t": 1696610490, "d": ["acmeair-customer-db", 217853952]}, {"t": 1696610490, "d": ["acmeair-flight-db", 201232384]}, {"t": 1696610490, "d": ["acmeair-mainservice", 159928320]}], "start": 1696609890, "end": 1696610490}