{"data": [{"t": 1696609900, "d": ["acmeair-customerservice", 521967635]}, {"t": 1696609900, "d": ["acmeair-bookingservice", 31056817]}, {"t": 1696609900, "d": ["acmeair-flightservice", 9904814]}, {"t": 1696609900, "d": ["acmeair-customer-db", 5207693.785715]}, {"t": 1696609900, "d": ["acmeair-authservice", 4532418]}, {"t": 1696609900, "d": ["acmeair-booking-db", 763197.357143]}, {"t": 1696609900, "d": ["acmeair-flight-db", 531453.785715]}, {"t": 1696609910, "d": ["acmeair-customerservice", 44763441.43077]}, {"t": 1696609910, "d": ["acmeair-bookingservice", 7374295.97561]}, {"t": 1696609910, "d": ["acmeair-flightservice", 33656551]}, {"t": 1696609910, "d": ["acmeair-customer-db", 2978117.928572]}, {"t": 1696609910, "d": ["acmeair-authservice", 1648236]}, {"t": 1696609910, "d": ["acmeair-booking-db", 2455336.253847]}, {"t": 1696609910, "d": ["acmeair-flight-db", 454103.857143]}, {"t": 1696609920, "d": ["acmeair-customerservice", 45858929.402986]}, {"t": 1696609920, "d": ["acmeair-bookingservice", 8210083.813334]}, {"t": 1696609920, "d": ["acmeair-flightservice", 9207541.289474]}, {"t": 1696609920, "d": ["acmeair-customer-db", 4367867.4]}, {"t": 1696609920, "d": ["acmeair-authservice", 86666782.4]}, {"t": 1696609920, "d": ["acmeair-booking-db", 3285867.344828]}, {"t": 1696609920, "d": ["acmeair-flight-db", 478823.214286]}, {"t": 1696609930, "d": ["acmeair-customerservice", 36573276.676471]}, {"t": 1696609930, "d": ["acmeair-bookingservice", 9929974.051949]}, {"t": 1696609930, "d": ["acmeair-flightservice", 3879970.611375]}, {"t": 1696609930, "d": ["acmeair-customer-db", 3482522.937063]}, {"t": 1696609930, "d": ["acmeair-authservice", 43250963.428572]}, {"t": 1696609930, "d": ["acmeair-booking-db", 2520340.503817]}, {"t": 1696609930, "d": ["acmeair-flight-db", 618875.071429]}, {"t": 1696609940, "d": ["acmeair-customerservice", 26652997.17284]}, {"t": 1696609940, "d": ["acmeair-bookingservice", 8902042.811882]}, {"t": 1696609940, "d": ["acmeair-flightservice", 4604760.128713]}, {"t": 1696609940, "d": ["acmeair-customer-db", 3049840.437909]}, {"t": 1696609940, "d": ["acmeair-authservice", 46813659.142858]}, {"t": 1696609940, "d": ["acmeair-booking-db", 3500030.391026]}, {"t": 1696609940, "d": ["acmeair-flight-db", 500719.4]}, {"t": 1696609950, "d": ["acmeair-customerservice", 44771796.512821]}, {"t": 1696609950, "d": ["acmeair-bookingservice", 28781327.034483]}, {"t": 1696609950, "d": ["acmeair-flightservice", 3983132.531691]}, {"t": 1696609950, "d": ["acmeair-customer-db", 2857017.359789]}, {"t": 1696609950, "d": ["acmeair-authservice", 69705937.444445]}, {"t": 1696609950, "d": ["acmeair-booking-db", 8314651.485508]}, {"t": 1696609950, "d": ["acmeair-flight-db", 681622.071429]}, {"t": 1696609960, "d": ["acmeair-customerservice", 34498334.2]}, {"t": 1696609960, "d": ["acmeair-bookingservice", 47113185.15]}, {"t": 1696609960, "d": ["acmeair-flightservice", 7204528.768628]}, {"t": 1696609960, "d": ["acmeair-customer-db", 4930473.878454]}, {"t": 1696609960, "d": ["acmeair-authservice", 70541144]}, {"t": 1696609960, "d": ["acmeair-booking-db", 8980058.319445]}, {"t": 1696609960, "d": ["acmeair-flight-db", 1295104.785715]}, {"t": 1696609970, "d": ["acmeair-customerservice", 47718215.012196]}, {"t": 1696609970, "d": ["acmeair-bookingservice", 46517791.808511]}, {"t": 1696609970, "d": ["acmeair-flightservice", 4473073.981133]}, {"t": 1696609970, "d": ["acmeair-customer-db", 2517454]}, {"t": 1696609970, "d": ["acmeair-authservice", 32715379.888889]}, {"t": 1696609970, "d": ["acmeair-booking-db", 10998027.413044]}, {"t": 1696609970, "d": ["acmeair-flight-db", 866874.370371]}, {"t": 1696609980, "d": ["acmeair-customerservice", 65831582.077923]}, {"t": 1696609980, "d": ["acmeair-bookingservice", 9676689.931373]}, {"t": 1696609980, "d": ["acmeair-flightservice", 6696857.744898]}, {"t": 1696609980, "d": ["acmeair-customer-db", 3925209.44149]}, {"t": 1696609980, "d": ["acmeair-authservice", 70192557.857143]}, {"t": 1696609980, "d": ["acmeair-booking-db", 4185362.430556]}, {"t": 1696609980, "d": ["acmeair-flight-db", 894020.928572]}, {"t": 1696609990, "d": ["acmeair-customerservice", 43292594.010417]}, {"t": 1696609990, "d": ["acmeair-bookingservice", 12413496.169643]}, {"t": 1696609990, "d": ["acmeair-flightservice", 7840099.900356]}, {"t": 1696609990, "d": ["acmeair-customer-db", 1593262.924856]}, {"t": 1696609990, "d": ["acmeair-authservice", 92676919.25]}, {"t": 1696609990, "d": ["acmeair-booking-db", 4672791.285715]}, {"t": 1696609990, "d": ["acmeair-flight-db", 704686.833334]}, {"t": 1696610000, "d": ["acmeair-customerservice", 38705901.617887]}, {"t": 1696610000, "d": ["acmeair-bookingservice", 8388695.384616]}, {"t": 1696610000, "d": ["acmeair-flightservice", 7269389.545162]}, {"t": 1696610000, "d": ["acmeair-customer-db", 3130504.975125]}, {"t": 1696610000, "d": ["acmeair-authservice", 69348818.111112]}, {"t": 1696610000, "d": ["acmeair-booking-db", 4394280.490798]}, {"t": 1696610000, "d": ["acmeair-flight-db", 518334.285715]}, {"t": 1696610010, "d": ["acmeair-customerservice", 72912587.411765]}, {"t": 1696610010, "d": ["acmeair-bookingservice", 8179224.443397]}, {"t": 1696610010, "d": ["acmeair-flightservice", 4377869.512438]}, {"t": 1696610010, "d": ["acmeair-customer-db", 6347127.377953]}, {"t": 1696610010, "d": ["acmeair-authservice", 60774780.625]}, {"t": 1696610010, "d": ["acmeair-booking-db", 2866037.596154]}, {"t": 1696610010, "d": ["acmeair-flight-db", 454260.214286]}, {"t": 1696610020, "d": ["acmeair-customerservice", 57224901.038462]}, {"t": 1696610020, "d": ["acmeair-bookingservice", 23816967.38]}, {"t": 1696610020, "d": ["acmeair-flightservice", 6888822.373189]}, {"t": 1696610020, "d": ["acmeair-customer-db", 4246954.86911]}, {"t": 1696610020, "d": ["acmeair-authservice", 37417625.777778]}, {"t": 1696610020, "d": ["acmeair-booking-db", 11568221.70803]}, {"t": 1696610020, "d": ["acmeair-flight-db", 617552.071429]}, {"t": 1696610030, "d": ["acmeair-customerservice", 38270637.51]}, {"t": 1696610030, "d": ["acmeair-bookingservice", 20753161.025211]}, {"t": 1696610030, "d": ["acmeair-flightservice", 4685375.295139]}, {"t": 1696610030, "d": ["acmeair-customer-db", 3738686.955224]}, {"t": 1696610030, "d": ["acmeair-authservice", 71398473.444445]}, {"t": 1696610030, "d": ["acmeair-booking-db", 7322970.832403]}, {"t": 1696610030, "d": ["acmeair-flight-db", 958756.071429]}, {"t": 1696610040, "d": ["acmeair-customerservice", 37066781.01]}, {"t": 1696610040, "d": ["acmeair-bookingservice", 7560209.440945]}, {"t": 1696610040, "d": ["acmeair-flightservice", 3251362.511364]}, {"t": 1696610040, "d": ["acmeair-customer-db", 5675728.576272]}, {"t": 1696610040, "d": ["acmeair-authservice", 42213799.1]}, {"t": 1696610040, "d": ["acmeair-booking-db", 3069875.17033]}, {"t": 1696610040, "d": ["acmeair-flight-db", 417246.178572]}, {"t": 1696610050, "d": ["acmeair-customerservice", 41401730.297873]}, {"t": 1696610050, "d": ["acmeair-bookingservice", 42834485.266056]}, {"t": 1696610050, "d": ["acmeair-flightservice", 3589610.983426]}, {"t": 1696610050, "d": ["acmeair-customer-db", 3890546.036698]}, {"t": 1696610050, "d": ["acmeair-authservice", 42509858.454546]}, {"t": 1696610050, "d": ["acmeair-booking-db", 11899709.367089]}, {"t": 1696610050, "d": ["acmeair-flight-db", 1537840.714286]}, {"t": 1696610060, "d": ["acmeair-customerservice", 50433163.911393]}, {"t": 1696610060, "d": ["acmeair-bookingservice", 20140720.052084]}, {"t": 1696610060, "d": ["acmeair-flightservice", 5520048.486957]}, {"t": 1696610060, "d": ["acmeair-customer-db", 4000960.020305]}, {"t": 1696610060, "d": ["acmeair-authservice", 51024123.111112]}, {"t": 1696610060, "d": ["acmeair-booking-db", 7636818.445206]}, {"t": 1696610060, "d": ["acmeair-flight-db", 768491.428572]}, {"t": 1696610070, "d": ["acmeair-customerservice", 68940425.09091]}, {"t": 1696610070, "d": ["acmeair-bookingservice", 51488507.732674]}, {"t": 1696610070, "d": ["acmeair-flightservice", 5672325.855219]}, {"t": 1696610070, "d": ["acmeair-customer-db", 2458372.398844]}, {"t": 1696610070, "d": ["acmeair-authservice", 54404014.444445]}, {"t": 1696610070, "d": ["acmeair-booking-db", 6816787.906475]}, {"t": 1696610070, "d": ["acmeair-flight-db", 488067.461539]}, {"t": 1696610080, "d": ["acmeair-customerservice", 38404337.611112]}, {"t": 1696610080, "d": ["acmeair-bookingservice", 8705919.609524]}, {"t": 1696610080, "d": ["acmeair-flightservice", 7149920.887789]}, {"t": 1696610080, "d": ["acmeair-customer-db", 13641875.792135]}, {"t": 1696610080, "d": ["acmeair-authservice", 81244606.833334]}, {"t": 1696610080, "d": ["acmeair-booking-db", 3184695.865385]}, {"t": 1696610080, "d": ["acmeair-flight-db", 398188.642858]}, {"t": 1696610090, "d": ["acmeair-customerservice", 54203598.702703]}, {"t": 1696610090, "d": ["acmeair-bookingservice", 12105549.630435]}, {"t": 1696610090, "d": ["acmeair-flightservice", 4259871.025642]}, {"t": 1696610090, "d": ["acmeair-customer-db", 2083581.278049]}, {"t": 1696610090, "d": ["acmeair-authservice", 54890217.444445]}, {"t": 1696610090, "d": ["acmeair-booking-db", 4234426.527778]}, {"t": 1696610090, "d": ["acmeair-flight-db", 428856.428572]}, {"t": 1696610100, "d": ["acmeair-customerservice", 82466772.289157]}, {"t": 1696610100, "d": ["acmeair-bookingservice", 10933502.959596]}, {"t": 1696610100, "d": ["acmeair-flightservice", 3574540.223939]}, {"t": 1696610100, "d": ["acmeair-customer-db", 5050973.104939]}, {"t": 1696610100, "d": ["acmeair-authservice", 43220599.3]}, {"t": 1696610100, "d": ["acmeair-booking-db", 4271716.176057]}, {"t": 1696610100, "d": ["acmeair-flight-db", 667293.928572]}, {"t": 1696610110, "d": ["acmeair-customerservice", 35621311.804124]}, {"t": 1696610110, "d": ["acmeair-bookingservice", 9136412.338843]}, {"t": 1696610110, "d": ["acmeair-flightservice", 4760859.086806]}, {"t": 1696610110, "d": ["acmeair-customer-db", 3194812.313954]}, {"t": 1696610110, "d": ["acmeair-authservice", 70494133.571429]}, {"t": 1696610110, "d": ["acmeair-booking-db", 3647677.432433]}, {"t": 1696610110, "d": ["acmeair-flight-db", 596687.928572]}, {"t": 1696610120, "d": ["acmeair-customerservice", 45766750.943397]}, {"t": 1696610120, "d": ["acmeair-bookingservice", 9050696.623932]}, {"t": 1696610120, "d": ["acmeair-flightservice", 5214739.955224]}, {"t": 1696610120, "d": ["acmeair-customer-db", 2921027.057143]}, {"t": 1696610120, "d": ["acmeair-authservice", 88959372.777778]}, {"t": 1696610120, "d": ["acmeair-booking-db", 3425967.289941]}, {"t": 1696610120, "d": ["acmeair-flight-db", 804646.714286]}, {"t": 1696610130, "d": ["acmeair-customerservice", 41628914.231482]}, {"t": 1696610130, "d": ["acmeair-bookingservice", 17018404.115385]}, {"t": 1696610130, "d": ["acmeair-flightservice", 6265445.132948]}, {"t": 1696610130, "d": ["acmeair-customer-db", 4787774.481328]}, {"t": 1696610130, "d": ["acmeair-authservice", 652310673.888889]}, {"t": 1696610130, "d": ["acmeair-booking-db", 5829259.26776]}, {"t": 1696610130, "d": ["acmeair-flight-db", 635241.964286]}, {"t": 1696610140, "d": ["acmeair-customerservice", 33354451.65812]}, {"t": 1696610140, "d": ["acmeair-bookingservice", 9867822.917911]}, {"t": 1696610140, "d": ["acmeair-flightservice", 4079849.558584]}, {"t": 1696610140, "d": ["acmeair-customer-db", 5669589.46383]}, {"t": 1696610140, "d": ["acmeair-authservice", 22201669]}, {"t": 1696610140, "d": ["acmeair-booking-db", 2949503.057592]}, {"t": 1696610140, "d": ["acmeair-flight-db", 499055.142858]}, {"t": 1696610150, "d": ["acmeair-customerservice", 35746386.205358]}, {"t": 1696610150, "d": ["acmeair-bookingservice", 14420786.30657]}, {"t": 1696610150, "d": ["acmeair-flightservice", 3839883.154856]}, {"t": 1696610150, "d": ["acmeair-customer-db", 2217853.458678]}, {"t": 1696610150, "d": ["acmeair-authservice", 62990920.875]}, {"t": 1696610150, "d": ["acmeair-booking-db", 6606873.549739]}, {"t": 1696610150, "d": ["acmeair-flight-db", 564713.785715]}, {"t": 1696610160, "d": ["acmeair-customerservice", 53682760.362069]}, {"t": 1696610160, "d": ["acmeair-bookingservice", 24775507.054055]}, {"t": 1696610160, "d": ["acmeair-flightservice", 2797098.641976]}, {"t": 1696610160, "d": ["acmeair-customer-db", 2750012.568]}, {"t": 1696610160, "d": ["acmeair-authservice", 72475656.25]}, {"t": 1696610160, "d": ["acmeair-booking-db", 5912968.4]}, {"t": 1696610160, "d": ["acmeair-flight-db", 466583.285715]}, {"t": 1696610170, "d": ["acmeair-customerservice", 45401297.714286]}, {"t": 1696610170, "d": ["acmeair-bookingservice", 12189627.504951]}, {"t": 1696610170, "d": ["acmeair-flightservice", 6396527.946281]}, {"t": 1696610170, "d": ["acmeair-customer-db", 2855139.892618]}, {"t": 1696610170, "d": ["acmeair-authservice", 47185777.666667]}, {"t": 1696610170, "d": ["acmeair-booking-db", 5196495.716418]}, {"t": 1696610170, "d": ["acmeair-flight-db", 540613.642858]}, {"t": 1696610180, "d": ["acmeair-customerservice", 50288993.625]}, {"t": 1696610180, "d": ["acmeair-bookingservice", 12495855.126214]}, {"t": 1696610180, "d": ["acmeair-flightservice", 5385379.687117]}, {"t": 1696610180, "d": ["acmeair-customer-db", 2725644.048129]}, {"t": 1696610180, "d": ["acmeair-authservice", 34002769.111112]}, {"t": 1696610180, "d": ["acmeair-booking-db", 5402201.589404]}, {"t": 1696610180, "d": ["acmeair-flight-db", 485014.785715]}, {"t": 1696610190, "d": ["acmeair-customerservice", 34613980.8]}, {"t": 1696610190, "d": ["acmeair-bookingservice", 36018419.258065]}, {"t": 1696610190, "d": ["acmeair-flightservice", 5886636.472414]}, {"t": 1696610190, "d": ["acmeair-customer-db", 3664593.6]}, {"t": 1696610190, "d": ["acmeair-authservice", 54806570.375]}, {"t": 1696610190, "d": ["acmeair-booking-db", 16730439.107345]}, {"t": 1696610190, "d": ["acmeair-flight-db", 412405.571429]}, {"t": 1696610200, "d": ["acmeair-customerservice", 43670268.346667]}, {"t": 1696610200, "d": ["acmeair-bookingservice", 23150379.730338]}, {"t": 1696610200, "d": ["acmeair-flightservice", 3750123.585586]}, {"t": 1696610200, "d": ["acmeair-customer-db", 1619110.990698]}, {"t": 1696610200, "d": ["acmeair-authservice", 580828226]}, {"t": 1696610200, "d": ["acmeair-booking-db", 8636240.937932]}, {"t": 1696610200, "d": ["acmeair-flight-db", 550271.714286]}, {"t": 1696610210, "d": ["acmeair-customerservice", 37939763.692308]}, {"t": 1696610210, "d": ["acmeair-bookingservice", 17356582.765433]}, {"t": 1696610210, "d": ["acmeair-flightservice", 5419136.939069]}, {"t": 1696610210, "d": ["acmeair-customer-db", 3719650.926137]}, {"t": 1696610210, "d": ["acmeair-authservice", 718100231.875]}, {"t": 1696610210, "d": ["acmeair-booking-db", 5672736.359375]}, {"t": 1696610210, "d": ["acmeair-flight-db", 505646.714286]}, {"t": 1696610220, "d": ["acmeair-customerservice", 39156412.021506]}, {"t": 1696610220, "d": ["acmeair-bookingservice", 16865877.685186]}, {"t": 1696610220, "d": ["acmeair-flightservice", 4849791.557554]}, {"t": 1696610220, "d": ["acmeair-customer-db", 1991069.084849]}, {"t": 1696610220, "d": ["acmeair-authservice", 62221845]}, {"t": 1696610220, "d": ["acmeair-booking-db", 5454964.213873]}, {"t": 1696610220, "d": ["acmeair-flight-db", 660440.5]}, {"t": 1696610230, "d": ["acmeair-customerservice", 38728284.348315]}, {"t": 1696610230, "d": ["acmeair-bookingservice", 10234343.714286]}, {"t": 1696610230, "d": ["acmeair-flightservice", 4659785.712934]}, {"t": 1696610230, "d": ["acmeair-customer-db", 5764634.887324]}, {"t": 1696610230, "d": ["acmeair-authservice", 60757445.272728]}, {"t": 1696610230, "d": ["acmeair-booking-db", 2988170.101191]}, {"t": 1696610230, "d": ["acmeair-flight-db", 551970.857143]}, {"t": 1696610240, "d": ["acmeair-customerservice", 32022890.485437]}, {"t": 1696610240, "d": ["acmeair-bookingservice", 11769844.357724]}, {"t": 1696610240, "d": ["acmeair-flightservice", 5884640.317858]}, {"t": 1696610240, "d": ["acmeair-customer-db", 2088098.782179]}, {"t": 1696610240, "d": ["acmeair-authservice", 29222078.818182]}, {"t": 1696610240, "d": ["acmeair-booking-db", 4299420.421966]}, {"t": 1696610240, "d": ["acmeair-flight-db", 486804.285715]}, {"t": 1696610250, "d": ["acmeair-customerservice", 28563258.881189]}, {"t": 1696610250, "d": ["acmeair-bookingservice", 50942287.634783]}, {"t": 1696610250, "d": ["acmeair-flightservice", 4046212.404559]}, {"t": 1696610250, "d": ["acmeair-customer-db", 3010559.453704]}, {"t": 1696610250, "d": ["acmeair-authservice", 41804167.25]}, {"t": 1696610250, "d": ["acmeair-booking-db", 11967270.029762]}, {"t": 1696610250, "d": ["acmeair-flight-db", 882359.285715]}, {"t": 1696610260, "d": ["acmeair-customerservice", 43725119.263737]}, {"t": 1696610260, "d": ["acmeair-bookingservice", 9551915.857143]}, {"t": 1696610260, "d": ["acmeair-flightservice", 5571512.757226]}, {"t": 1696610260, "d": ["acmeair-customer-db", 5778100.815669]}, {"t": 1696610260, "d": ["acmeair-authservice", 65933888.25]}, {"t": 1696610260, "d": ["acmeair-booking-db", 3145196.47742]}, {"t": 1696610260, "d": ["acmeair-flight-db", 1424749.357143]}, {"t": 1696610270, "d": ["acmeair-customerservice", 44988272.093334]}, {"t": 1696610270, "d": ["acmeair-bookingservice", 9402732.849463]}, {"t": 1696610270, "d": ["acmeair-flightservice", 3013830.727273]}, {"t": 1696610270, "d": ["acmeair-customer-db", 2521481.915493]}, {"t": 1696610270, "d": ["acmeair-authservice", 48904162]}, {"t": 1696610270, "d": ["acmeair-booking-db", 2998312.048952]}, {"t": 1696610270, "d": ["acmeair-flight-db", 413377.357143]}, {"t": 1696610280, "d": ["acmeair-customerservice", 40811627.517858]}, {"t": 1696610280, "d": ["acmeair-bookingservice", 11885643.811024]}, {"t": 1696610280, "d": ["acmeair-flightservice", 5567239.422311]}, {"t": 1696610280, "d": ["acmeair-customer-db", 3908906.242425]}, {"t": 1696610280, "d": ["acmeair-authservice", 23362313.384616]}, {"t": 1696610280, "d": ["acmeair-booking-db", 3767320.106146]}, {"t": 1696610280, "d": ["acmeair-flight-db", 548079.8]}, {"t": 1696610290, "d": ["acmeair-customerservice", 37195976.78125]}, {"t": 1696610290, "d": ["acmeair-bookingservice", 14088278.931035]}, {"t": 1696610290, "d": ["acmeair-flightservice", 4422966.226709]}, {"t": 1696610290, "d": ["acmeair-customer-db", 1956889.56087]}, {"t": 1696610290, "d": ["acmeair-authservice", 601458065.9]}, {"t": 1696610290, "d": ["acmeair-booking-db", 4754773.869048]}, {"t": 1696610290, "d": ["acmeair-flight-db", 451647.428572]}, {"t": 1696610300, "d": ["acmeair-customerservice", 53924044.670887]}, {"t": 1696610300, "d": ["acmeair-bookingservice", 25713375.89899]}, {"t": 1696610300, "d": ["acmeair-flightservice", 4200966.031701]}, {"t": 1696610300, "d": ["acmeair-customer-db", 2780477.12136]}, {"t": 1696610300, "d": ["acmeair-authservice", 44138201]}, {"t": 1696610300, "d": ["acmeair-booking-db", 6881032.131945]}, {"t": 1696610300, "d": ["acmeair-flight-db", 853670.285715]}, {"t": 1696610310, "d": ["acmeair-customerservice", 45311983.444445]}, {"t": 1696610310, "d": ["acmeair-bookingservice", 15003434.295919]}, {"t": 1696610310, "d": ["acmeair-flightservice", 2815174.416928]}, {"t": 1696610310, "d": ["acmeair-customer-db", 19693539.662922]}, {"t": 1696610310, "d": ["acmeair-authservice", 632464900.888889]}, {"t": 1696610310, "d": ["acmeair-booking-db", 4024875.26613]}, {"t": 1696610310, "d": ["acmeair-flight-db", 632630.5]}, {"t": 1696610320, "d": ["acmeair-customerservice", 40336059.67033]}, {"t": 1696610320, "d": ["acmeair-bookingservice", 21863676.522936]}, {"t": 1696610320, "d": ["acmeair-flightservice", 7819628.275363]}, {"t": 1696610320, "d": ["acmeair-customer-db", 3743995.416667]}, {"t": 1696610320, "d": ["acmeair-authservice", 782834392.857143]}, {"t": 1696610320, "d": ["acmeair-booking-db", 8249132.356061]}, {"t": 1696610320, "d": ["acmeair-flight-db", 576806.5]}, {"t": 1696610330, "d": ["acmeair-customerservice", 38362498.948718]}, {"t": 1696610330, "d": ["acmeair-bookingservice", 15885332.032968]}, {"t": 1696610330, "d": ["acmeair-flightservice", 6591928.752443]}, {"t": 1696610330, "d": ["acmeair-customer-db", 4127700.614974]}, {"t": 1696610330, "d": ["acmeair-authservice", 42026198.222223]}, {"t": 1696610330, "d": ["acmeair-booking-db", 6675536.472223]}, {"t": 1696610330, "d": ["acmeair-flight-db", 986651.266667]}, {"t": 1696610340, "d": ["acmeair-customerservice", 56916012.478261]}, {"t": 1696610340, "d": ["acmeair-bookingservice", 22803485.257732]}, {"t": 1696610340, "d": ["acmeair-flightservice", 6754111.479088]}, {"t": 1696610340, "d": ["acmeair-customer-db", 3128689.177084]}, {"t": 1696610340, "d": ["acmeair-authservice", 40886998.875]}, {"t": 1696610340, "d": ["acmeair-booking-db", 7114460.284723]}, {"t": 1696610340, "d": ["acmeair-flight-db", 407142.733334]}, {"t": 1696610350, "d": ["acmeair-customerservice", 42780608.290323]}, {"t": 1696610350, "d": ["acmeair-bookingservice", 53221042.263637]}, {"t": 1696610350, "d": ["acmeair-flightservice", 6520676.271904]}, {"t": 1696610350, "d": ["acmeair-customer-db", 12134110.634147]}, {"t": 1696610350, "d": ["acmeair-authservice", 53819901.636364]}, {"t": 1696610350, "d": ["acmeair-booking-db", 11208504.655406]}, {"t": 1696610350, "d": ["acmeair-flight-db", 799450.571429]}, {"t": 1696610360, "d": ["acmeair-customerservice", 45249450.694737]}, {"t": 1696610360, "d": ["acmeair-bookingservice", 44345211.972973]}, {"t": 1696610360, "d": ["acmeair-flightservice", 7658813.525994]}, {"t": 1696610360, "d": ["acmeair-customer-db", 1891509.734598]}, {"t": 1696610360, "d": ["acmeair-authservice", 58084566.333334]}, {"t": 1696610360, "d": ["acmeair-booking-db", 11112942.563219]}, {"t": 1696610360, "d": ["acmeair-flight-db", 844879.6]}, {"t": 1696610370, "d": ["acmeair-customerservice", 35141945.657143]}, {"t": 1696610370, "d": ["acmeair-bookingservice", 15488231.598361]}, {"t": 1696610370, "d": ["acmeair-flightservice", 6947686.929179]}, {"t": 1696610370, "d": ["acmeair-customer-db", 3420748.866029]}, {"t": 1696610370, "d": ["acmeair-authservice", 59976840.4]}, {"t": 1696610370, "d": ["acmeair-booking-db", 4098344.51634]}, {"t": 1696610370, "d": ["acmeair-flight-db", 362846.714286]}, {"t": 1696610380, "d": ["acmeair-customerservice", 38680587.422223]}, {"t": 1696610380, "d": ["acmeair-bookingservice", 18924566.947369]}, {"t": 1696610380, "d": ["acmeair-flightservice", 5998927.688525]}, {"t": 1696610380, "d": ["acmeair-customer-db", 3233989.329167]}, {"t": 1696610380, "d": ["acmeair-authservice", 549552188.1]}, {"t": 1696610380, "d": ["acmeair-booking-db", 6173548.346406]}, {"t": 1696610380, "d": ["acmeair-flight-db", 463100.357143]}, {"t": 1696610390, "d": ["acmeair-customerservice", 46084454.151163]}, {"t": 1696610390, "d": ["acmeair-bookingservice", 9754949.701924]}, {"t": 1696610390, "d": ["acmeair-flightservice", 5581426.295181]}, {"t": 1696610390, "d": ["acmeair-customer-db", 2927300.804124]}, {"t": 1696610390, "d": ["acmeair-authservice", 49848369.333334]}, {"t": 1696610390, "d": ["acmeair-booking-db", 3605446.3]}, {"t": 1696610390, "d": ["acmeair-flight-db", 449743.642858]}, {"t": 1696610400, "d": ["acmeair-customerservice", 49551603.849463]}, {"t": 1696610400, "d": ["acmeair-bookingservice", 14795647.966387]}, {"t": 1696610400, "d": ["acmeair-flightservice", 5206905.219136]}, {"t": 1696610400, "d": ["acmeair-customer-db", 3005024.35468]}, {"t": 1696610400, "d": ["acmeair-authservice", 45649971.846154]}, {"t": 1696610400, "d": ["acmeair-booking-db", 4850371.767046]}, {"t": 1696610400, "d": ["acmeair-flight-db", 574467.142858]}, {"t": 1696610410, "d": ["acmeair-customerservice", 66113929.662338]}, {"t": 1696610410, "d": ["acmeair-bookingservice", 19472311.473119]}, {"t": 1696610410, "d": ["acmeair-flightservice", 5611516.276537]}, {"t": 1696610410, "d": ["acmeair-customer-db", 3866258.681593]}, {"t": 1696610410, "d": ["acmeair-authservice", 38717924.111112]}, {"t": 1696610410, "d": ["acmeair-booking-db", 9698258.635037]}, {"t": 1696610410, "d": ["acmeair-flight-db", 788345.428572]}, {"t": 1696610420, "d": ["acmeair-customerservice", 41032564.106383]}, {"t": 1696610420, "d": ["acmeair-bookingservice", 8591178.8]}, {"t": 1696610420, "d": ["acmeair-flightservice", 9299221.561152]}, {"t": 1696610420, "d": ["acmeair-customer-db", 2950030.738373]}, {"t": 1696610420, "d": ["acmeair-authservice", 28532187.666667]}, {"t": 1696610420, "d": ["acmeair-booking-db", 3841194.615385]}, {"t": 1696610420, "d": ["acmeair-flight-db", 428429.285715]}, {"t": 1696610430, "d": ["acmeair-customerservice", 49020190.52381]}, {"t": 1696610430, "d": ["acmeair-bookingservice", 12392504.702971]}, {"t": 1696610430, "d": ["acmeair-flightservice", 3280253.62216]}, {"t": 1696610430, "d": ["acmeair-customer-db", 2552089.097088]}, {"t": 1696610430, "d": ["acmeair-authservice", 82164899.666667]}, {"t": 1696610430, "d": ["acmeair-booking-db", 3879227.256757]}, {"t": 1696610430, "d": ["acmeair-flight-db", 772623.071429]}, {"t": 1696610440, "d": ["acmeair-customerservice", 48248560.622223]}, {"t": 1696610440, "d": ["acmeair-bookingservice", 14535285.803739]}, {"t": 1696610440, "d": ["acmeair-flightservice", 8076549.586573]}, {"t": 1696610440, "d": ["acmeair-customer-db", 2485629.608939]}, {"t": 1696610440, "d": ["acmeair-authservice", 120149751.625]}, {"t": 1696610440, "d": ["acmeair-booking-db", 5802794.142858]}, {"t": 1696610440, "d": ["acmeair-flight-db", 519102]}, {"t": 1696610450, "d": ["acmeair-customerservice", 27073668.095239]}, {"t": 1696610450, "d": ["acmeair-bookingservice", 9343530.188977]}, {"t": 1696610450, "d": ["acmeair-flightservice", 5515411.18612]}, {"t": 1696610450, "d": ["acmeair-customer-db", 6583513.415]}, {"t": 1696610450, "d": ["acmeair-authservice", 59579012.25]}, {"t": 1696610450, "d": ["acmeair-booking-db", 3216390.263441]}, {"t": 1696610450, "d": ["acmeair-flight-db", 703392.928572]}, {"t": 1696610460, "d": ["acmeair-customerservice", 36836638.136364]}, {"t": 1696610460, "d": ["acmeair-bookingservice", 6925977.571429]}, {"t": 1696610460, "d": ["acmeair-flightservice", 4737270.456396]}, {"t": 1696610460, "d": ["acmeair-customer-db", 1933579.344681]}, {"t": 1696610460, "d": ["acmeair-authservice", 31070115.9]}, {"t": 1696610460, "d": ["acmeair-booking-db", 2899565.387979]}, {"t": 1696610460, "d": ["acmeair-flight-db", 1358698.857143]}, {"t": 1696610470, "d": ["acmeair-customerservice", 67412297.755556]}, {"t": 1696610470, "d": ["acmeair-bookingservice", 10920350.305556]}, {"t": 1696610470, "d": ["acmeair-flightservice", 5389159.613637]}, {"t": 1696610470, "d": ["acmeair-customer-db", 4053571.083334]}, {"t": 1696610470, "d": ["acmeair-authservice", 46972148.428572]}, {"t": 1696610470, "d": ["acmeair-booking-db", 3630443.721855]}, {"t": 1696610470, "d": ["acmeair-flight-db", 591343.785715]}, {"t": 1696610480, "d": ["acmeair-customerservice", 58007767.5375]}, {"t": 1696610480, "d": ["acmeair-bookingservice", 103897945.648937]}, {"t": 1696610480, "d": ["acmeair-flightservice", 8726631.367925]}, {"t": 1696610480, "d": ["acmeair-customer-db", 12670230.034314]}, {"t": 1696610480, "d": ["acmeair-authservice", 56833480.5]}, {"t": 1696610480, "d": ["acmeair-booking-db", 19766403.636364]}, {"t": 1696610480, "d": ["acmeair-flight-db", 516450.2]}, {"t": 1696610490, "d": ["acmeair-customerservice", 66853489.609196]}, {"t": 1696610490, "d": ["acmeair-bookingservice", 16666030.706423]}, {"t": 1696610490, "d": ["acmeair-flightservice", 4209943.245342]}, {"t": 1696610490, "d": ["acmeair-customer-db", 7617728.388236]}, {"t": 1696610490, "d": ["acmeair-authservice", 53714817.363637]}, {"t": 1696610490, "d": ["acmeair-booking-db", 7051951.876544]}, {"t": 1696610490, "d": ["acmeair-flight-db", 461742.928572]}], "start": 1696609890, "end": 1696610490}