{"data": [{"t": 1696609900, "d": ["acmeair-bookingservice", 0]}, {"t": 1696609900, "d": ["acmeair-customerservice", 0]}, {"t": 1696609900, "d": ["acmeair-authservice", 0]}, {"t": 1696609910, "d": ["acmeair-bookingservice", 262]}, {"t": 1696609910, "d": ["acmeair-customerservice", 119]}, {"t": 1696609910, "d": ["acmeair-authservice", 0]}, {"t": 1696609920, "d": ["acmeair-bookingservice", 360]}, {"t": 1696609920, "d": ["acmeair-customerservice", 170]}, {"t": 1696609920, "d": ["acmeair-authservice", 80]}, {"t": 1696609930, "d": ["acmeair-bookingservice", 360]}, {"t": 1696609930, "d": ["acmeair-customerservice", 120]}, {"t": 1696609930, "d": ["acmeair-authservice", 80]}, {"t": 1696609940, "d": ["acmeair-bookingservice", 298]}, {"t": 1696609940, "d": ["acmeair-customerservice", 96]}, {"t": 1696609940, "d": ["acmeair-authservice", 63]}, {"t": 1696609950, "d": ["acmeair-bookingservice", 413]}, {"t": 1696609950, "d": ["acmeair-customerservice", 120]}, {"t": 1696609950, "d": ["acmeair-authservice", 70]}, {"t": 1696609960, "d": ["acmeair-bookingservice", 427]}, {"t": 1696609960, "d": ["acmeair-customerservice", 93]}, {"t": 1696609960, "d": ["acmeair-authservice", 70]}, {"t": 1696609970, "d": ["acmeair-bookingservice", 430]}, {"t": 1696609970, "d": ["acmeair-customerservice", 95]}, {"t": 1696609970, "d": ["acmeair-authservice", 70]}, {"t": 1696609980, "d": ["acmeair-bookingservice", 430]}, {"t": 1696609980, "d": ["acmeair-customerservice", 101]}, {"t": 1696609980, "d": ["acmeair-authservice", 70]}, {"t": 1696609990, "d": ["acmeair-bookingservice", 367]}, {"t": 1696609990, "d": ["acmeair-customerservice", 112]}, {"t": 1696609990, "d": ["acmeair-authservice", 63]}, {"t": 1696610000, "d": ["acmeair-bookingservice", 338]}, {"t": 1696610000, "d": ["acmeair-customerservice", 120]}, {"t": 1696610000, "d": ["acmeair-authservice", 60]}, {"t": 1696610010, "d": ["acmeair-bookingservice", 380]}, {"t": 1696610010, "d": ["acmeair-customerservice", 125]}, {"t": 1696610010, "d": ["acmeair-authservice", 60]}, {"t": 1696610020, "d": ["acmeair-bookingservice", 393]}, {"t": 1696610020, "d": ["acmeair-customerservice", 130]}, {"t": 1696610020, "d": ["acmeair-authservice", 60]}, {"t": 1696610030, "d": ["acmeair-bookingservice", 430]}, {"t": 1696610030, "d": ["acmeair-customerservice", 130]}, {"t": 1696610030, "d": ["acmeair-authservice", 60]}, {"t": 1696610040, "d": ["acmeair-bookingservice", 430]}, {"t": 1696610040, "d": ["acmeair-customerservice", 130]}, {"t": 1696610040, "d": ["acmeair-authservice", 60]}, {"t": 1696610050, "d": ["acmeair-bookingservice", 430]}, {"t": 1696610050, "d": ["acmeair-customerservice", 130]}, {"t": 1696610050, "d": ["acmeair-authservice", 60]}, {"t": 1696610060, "d": ["acmeair-bookingservice", 420]}, {"t": 1696610060, "d": ["acmeair-customerservice", 130]}, {"t": 1696610060, "d": ["acmeair-authservice", 60]}, {"t": 1696610070, "d": ["acmeair-bookingservice", 370]}, {"t": 1696610070, "d": ["acmeair-customerservice", 130]}, {"t": 1696610070, "d": ["acmeair-authservice", 60]}, {"t": 1696610080, "d": ["acmeair-bookingservice", 370]}, {"t": 1696610080, "d": ["acmeair-customerservice", 130]}, {"t": 1696610080, "d": ["acmeair-authservice", 60]}, {"t": 1696610090, "d": ["acmeair-bookingservice", 370]}, {"t": 1696610090, "d": ["acmeair-customerservice", 130]}, {"t": 1696610090, "d": ["acmeair-authservice", 60]}, {"t": 1696610100, "d": ["acmeair-bookingservice", 370]}, {"t": 1696610100, "d": ["acmeair-customerservice", 130]}, {"t": 1696610100, "d": ["acmeair-authservice", 56]}, {"t": 1696610110, "d": ["acmeair-bookingservice", 373]}, {"t": 1696610110, "d": ["acmeair-customerservice", 130]}, {"t": 1696610110, "d": ["acmeair-authservice", 50]}, {"t": 1696610120, "d": ["acmeair-bookingservice", 360]}, {"t": 1696610120, "d": ["acmeair-customerservice", 130]}, {"t": 1696610120, "d": ["acmeair-authservice", 50]}, {"t": 1696610130, "d": ["acmeair-bookingservice", 363]}, {"t": 1696610130, "d": ["acmeair-customerservice", 130]}, {"t": 1696610130, "d": ["acmeair-authservice", 50]}, {"t": 1696610140, "d": ["acmeair-bookingservice", 370]}, {"t": 1696610140, "d": ["acmeair-customerservice", 130]}, {"t": 1696610140, "d": ["acmeair-authservice", 50]}, {"t": 1696610150, "d": ["acmeair-bookingservice", 370]}, {"t": 1696610150, "d": ["acmeair-customerservice", 130]}, {"t": 1696610150, "d": ["acmeair-authservice", 50]}, {"t": 1696610160, "d": ["acmeair-bookingservice", 370]}, {"t": 1696610160, "d": ["acmeair-customerservice", 130]}, {"t": 1696610160, "d": ["acmeair-authservice", 50]}, {"t": 1696610170, "d": ["acmeair-bookingservice", 357]}, {"t": 1696610170, "d": ["acmeair-customerservice", 130]}, {"t": 1696610170, "d": ["acmeair-authservice", 50]}, {"t": 1696610180, "d": ["acmeair-bookingservice", 350]}, {"t": 1696610180, "d": ["acmeair-customerservice", 130]}, {"t": 1696610180, "d": ["acmeair-authservice", 50]}, {"t": 1696610190, "d": ["acmeair-bookingservice", 362]}, {"t": 1696610190, "d": ["acmeair-customerservice", 130]}, {"t": 1696610190, "d": ["acmeair-authservice", 50]}, {"t": 1696610200, "d": ["acmeair-bookingservice", 370]}, {"t": 1696610200, "d": ["acmeair-customerservice", 130]}, {"t": 1696610200, "d": ["acmeair-authservice", 50]}, {"t": 1696610210, "d": ["acmeair-bookingservice", 222]}, {"t": 1696610210, "d": ["acmeair-customerservice", 78]}, {"t": 1696610210, "d": ["acmeair-authservice", 0]}, {"t": 1696610220, "d": ["acmeair-bookingservice", 373]}, {"t": 1696610220, "d": ["acmeair-customerservice", 130]}, {"t": 1696610220, "d": ["acmeair-authservice", 42]}, {"t": 1696610230, "d": ["acmeair-bookingservice", 370]}, {"t": 1696610230, "d": ["acmeair-customerservice", 130]}, {"t": 1696610230, "d": ["acmeair-authservice", 40]}, {"t": 1696610240, "d": ["acmeair-bookingservice", 370]}, {"t": 1696610240, "d": ["acmeair-customerservice", 130]}, {"t": 1696610240, "d": ["acmeair-authservice", 40]}, {"t": 1696610250, "d": ["acmeair-bookingservice", 368]}, {"t": 1696610250, "d": ["acmeair-customerservice", 130]}, {"t": 1696610250, "d": ["acmeair-authservice", 40]}, {"t": 1696610260, "d": ["acmeair-bookingservice", 357]}, {"t": 1696610260, "d": ["acmeair-customerservice", 130]}, {"t": 1696610260, "d": ["acmeair-authservice", 40]}, {"t": 1696610270, "d": ["acmeair-bookingservice", 350]}, {"t": 1696610270, "d": ["acmeair-customerservice", 130]}, {"t": 1696610270, "d": ["acmeair-authservice", 40]}, {"t": 1696610280, "d": ["acmeair-bookingservice", 350]}, {"t": 1696610280, "d": ["acmeair-customerservice", 130]}, {"t": 1696610280, "d": ["acmeair-authservice", 40]}, {"t": 1696610290, "d": ["acmeair-bookingservice", 349]}, {"t": 1696610290, "d": ["acmeair-customerservice", 130]}, {"t": 1696610290, "d": ["acmeair-authservice", 45]}, {"t": 1696610300, "d": ["acmeair-bookingservice", 352]}, {"t": 1696610300, "d": ["acmeair-customerservice", 130]}, {"t": 1696610300, "d": ["acmeair-authservice", 50]}, {"t": 1696610310, "d": ["acmeair-bookingservice", 288]}, {"t": 1696610310, "d": ["acmeair-customerservice", 104]}, {"t": 1696610310, "d": ["acmeair-authservice", 40]}, {"t": 1696610320, "d": ["acmeair-bookingservice", 360]}, {"t": 1696610320, "d": ["acmeair-customerservice", 130]}, {"t": 1696610320, "d": ["acmeair-authservice", 50]}, {"t": 1696610330, "d": ["acmeair-bookingservice", 306]}, {"t": 1696610330, "d": ["acmeair-customerservice", 117]}, {"t": 1696610330, "d": ["acmeair-authservice", 40]}, {"t": 1696610340, "d": ["acmeair-bookingservice", 410]}, {"t": 1696610340, "d": ["acmeair-customerservice", 130]}, {"t": 1696610340, "d": ["acmeair-authservice", 50]}, {"t": 1696610350, "d": ["acmeair-bookingservice", 435]}, {"t": 1696610350, "d": ["acmeair-customerservice", 130]}, {"t": 1696610350, "d": ["acmeair-authservice", 50]}, {"t": 1696610360, "d": ["acmeair-bookingservice", 448]}, {"t": 1696610360, "d": ["acmeair-customerservice", 136]}, {"t": 1696610360, "d": ["acmeair-authservice", 50]}, {"t": 1696610370, "d": ["acmeair-bookingservice", 450]}, {"t": 1696610370, "d": ["acmeair-customerservice", 150]}, {"t": 1696610370, "d": ["acmeair-authservice", 51]}, {"t": 1696610380, "d": ["acmeair-bookingservice", 450]}, {"t": 1696610380, "d": ["acmeair-customerservice", 150]}, {"t": 1696610380, "d": ["acmeair-authservice", 50]}, {"t": 1696610390, "d": ["acmeair-bookingservice", 450]}, {"t": 1696610390, "d": ["acmeair-customerservice", 150]}, {"t": 1696610390, "d": ["acmeair-authservice", 50]}, {"t": 1696610400, "d": ["acmeair-bookingservice", 450]}, {"t": 1696610400, "d": ["acmeair-customerservice", 150]}, {"t": 1696610400, "d": ["acmeair-authservice", 50]}, {"t": 1696610410, "d": ["acmeair-bookingservice", 450]}, {"t": 1696610410, "d": ["acmeair-customerservice", 150]}, {"t": 1696610410, "d": ["acmeair-authservice", 45]}, {"t": 1696610420, "d": ["acmeair-bookingservice", 450]}, {"t": 1696610420, "d": ["acmeair-customerservice", 150]}, {"t": 1696610420, "d": ["acmeair-authservice", 45]}, {"t": 1696610430, "d": ["acmeair-bookingservice", 450]}, {"t": 1696610430, "d": ["acmeair-customerservice", 150]}, {"t": 1696610430, "d": ["acmeair-authservice", 50]}, {"t": 1696610440, "d": ["acmeair-bookingservice", 439]}, {"t": 1696610440, "d": ["acmeair-customerservice", 150]}, {"t": 1696610440, "d": ["acmeair-authservice", 50]}, {"t": 1696610450, "d": ["acmeair-bookingservice", 388]}, {"t": 1696610450, "d": ["acmeair-customerservice", 150]}, {"t": 1696610450, "d": ["acmeair-authservice", 45]}, {"t": 1696610460, "d": ["acmeair-bookingservice", 380]}, {"t": 1696610460, "d": ["acmeair-customerservice", 150]}, {"t": 1696610460, "d": ["acmeair-authservice", 50]}, {"t": 1696610470, "d": ["acmeair-bookingservice", 370]}, {"t": 1696610470, "d": ["acmeair-customerservice", 146]}, {"t": 1696610470, "d": ["acmeair-authservice", 50]}, {"t": 1696610480, "d": ["acmeair-bookingservice", 357]}, {"t": 1696610480, "d": ["acmeair-customerservice", 130]}, {"t": 1696610480, "d": ["acmeair-authservice", 50]}, {"t": 1696610490, "d": ["acmeair-bookingservice", 362]}, {"t": 1696610490, "d": ["acmeair-customerservice", 130]}, {"t": 1696610490, "d": ["acmeair-authservice", 50]}], "start": 1696609890, "end": 1696610490}