{"data": [{"t": 1696609900, "d": ["acmeair-booking-db", 140]}, {"t": 1696609900, "d": ["acmeair-flight-db", 140]}, {"t": 1696609900, "d": ["acmeair-customer-db", 84]}, {"t": 1696609900, "d": ["acmeair-authservice", 3]}, {"t": 1696609900, "d": ["acmeair-flightservice", 3]}, {"t": 1696609900, "d": ["acmeair-bookingservice", 2]}, {"t": 1696609900, "d": ["acmeair-customerservice", 2]}, {"t": 1696609900, "d": ["acmeair-mainservice", 0]}, {"t": 1696609910, "d": ["acmeair-booking-db", 541]}, {"t": 1696609910, "d": ["acmeair-flight-db", 140]}, {"t": 1696609910, "d": ["acmeair-customer-db", 98]}, {"t": 1696609910, "d": ["acmeair-authservice", 2]}, {"t": 1696609910, "d": ["acmeair-flightservice", 2]}, {"t": 1696609910, "d": ["acmeair-bookingservice", 306]}, {"t": 1696609910, "d": ["acmeair-customerservice", 248]}, {"t": 1696609910, "d": ["acmeair-mainservice", 0]}, {"t": 1696609920, "d": ["acmeair-booking-db", 905]}, {"t": 1696609920, "d": ["acmeair-flight-db", 140]}, {"t": 1696609920, "d": ["acmeair-customer-db", 616]}, {"t": 1696609920, "d": ["acmeair-authservice", 12]}, {"t": 1696609920, "d": ["acmeair-flightservice", 886]}, {"t": 1696609920, "d": ["acmeair-bookingservice", 563]}, {"t": 1696609920, "d": ["acmeair-customerservice", 461]}, {"t": 1696609920, "d": ["acmeair-mainservice", 0]}, {"t": 1696609930, "d": ["acmeair-booking-db", 998]}, {"t": 1696609930, "d": ["acmeair-flight-db", 140]}, {"t": 1696609930, "d": ["acmeair-customer-db", 1082]}, {"t": 1696609930, "d": ["acmeair-authservice", 32]}, {"t": 1696609930, "d": ["acmeair-flightservice", 1603]}, {"t": 1696609930, "d": ["acmeair-bookingservice", 621]}, {"t": 1696609930, "d": ["acmeair-customerservice", 502]}, {"t": 1696609930, "d": ["acmeair-mainservice", 0]}, {"t": 1696609940, "d": ["acmeair-booking-db", 738]}, {"t": 1696609940, "d": ["acmeair-flight-db", 141]}, {"t": 1696609940, "d": ["acmeair-customer-db", 1182]}, {"t": 1696609940, "d": ["acmeair-authservice", 20]}, {"t": 1696609940, "d": ["acmeair-flightservice", 1679]}, {"t": 1696609940, "d": ["acmeair-bookingservice", 424]}, {"t": 1696609940, "d": ["acmeair-customerservice", 347]}, {"t": 1696609940, "d": ["acmeair-mainservice", 0]}, {"t": 1696609950, "d": ["acmeair-booking-db", 1122]}, {"t": 1696609950, "d": ["acmeair-flight-db", 42]}, {"t": 1696609950, "d": ["acmeair-customer-db", 871]}, {"t": 1696609950, "d": ["acmeair-authservice", 42]}, {"t": 1696609950, "d": ["acmeair-flightservice", 1273]}, {"t": 1696609950, "d": ["acmeair-bookingservice", 730]}, {"t": 1696609950, "d": ["acmeair-customerservice", 598]}, {"t": 1696609950, "d": ["acmeair-mainservice", 0]}, {"t": 1696609960, "d": ["acmeair-booking-db", 1013]}, {"t": 1696609960, "d": ["acmeair-flight-db", 97]}, {"t": 1696609960, "d": ["acmeair-customer-db", 1356]}, {"t": 1696609960, "d": ["acmeair-authservice", 41]}, {"t": 1696609960, "d": ["acmeair-flightservice", 2193]}, {"t": 1696609960, "d": ["acmeair-bookingservice", 796]}, {"t": 1696609960, "d": ["acmeair-customerservice", 670]}, {"t": 1696609960, "d": ["acmeair-mainservice", 0]}, {"t": 1696609970, "d": ["acmeair-booking-db", 914]}, {"t": 1696609970, "d": ["acmeair-flight-db", 127]}, {"t": 1696609970, "d": ["acmeair-customer-db", 1500]}, {"t": 1696609970, "d": ["acmeair-authservice", 51]}, {"t": 1696609970, "d": ["acmeair-flightservice", 2311]}, {"t": 1696609970, "d": ["acmeair-bookingservice", 706]}, {"t": 1696609970, "d": ["acmeair-customerservice", 609]}, {"t": 1696609970, "d": ["acmeair-mainservice", 0]}, {"t": 1696609980, "d": ["acmeair-booking-db", 1113]}, {"t": 1696609980, "d": ["acmeair-flight-db", 126]}, {"t": 1696609980, "d": ["acmeair-customer-db", 1374]}, {"t": 1696609980, "d": ["acmeair-authservice", 50]}, {"t": 1696609980, "d": ["acmeair-flightservice", 2137]}, {"t": 1696609980, "d": ["acmeair-bookingservice", 784]}, {"t": 1696609980, "d": ["acmeair-customerservice", 654]}, {"t": 1696609980, "d": ["acmeair-mainservice", 0]}, {"t": 1696609990, "d": ["acmeair-booking-db", 1114]}, {"t": 1696609990, "d": ["acmeair-flight-db", 154]}, {"t": 1696609990, "d": ["acmeair-customer-db", 1448]}, {"t": 1696609990, "d": ["acmeair-authservice", 47]}, {"t": 1696609990, "d": ["acmeair-flightservice", 2284]}, {"t": 1696609990, "d": ["acmeair-bookingservice", 822]}, {"t": 1696609990, "d": ["acmeair-customerservice", 680]}, {"t": 1696609990, "d": ["acmeair-mainservice", 0]}, {"t": 1696610000, "d": ["acmeair-booking-db", 825]}, {"t": 1696610000, "d": ["acmeair-flight-db", 140]}, {"t": 1696610000, "d": ["acmeair-customer-db", 1502]}, {"t": 1696610000, "d": ["acmeair-authservice", 32]}, {"t": 1696610000, "d": ["acmeair-flightservice", 2412]}, {"t": 1696610000, "d": ["acmeair-bookingservice", 589]}, {"t": 1696610000, "d": ["acmeair-customerservice", 516]}, {"t": 1696610000, "d": ["acmeair-mainservice", 0]}, {"t": 1696610010, "d": ["acmeair-booking-db", 1062]}, {"t": 1696610010, "d": ["acmeair-flight-db", 140]}, {"t": 1696610010, "d": ["acmeair-customer-db", 1178]}, {"t": 1696610010, "d": ["acmeair-authservice", 51]}, {"t": 1696610010, "d": ["acmeair-flightservice", 1847]}, {"t": 1696610010, "d": ["acmeair-bookingservice", 807]}, {"t": 1696610010, "d": ["acmeair-customerservice", 679]}, {"t": 1696610010, "d": ["acmeair-mainservice", 0]}, {"t": 1696610020, "d": ["acmeair-booking-db", 1045]}, {"t": 1696610020, "d": ["acmeair-flight-db", 140]}, {"t": 1696610020, "d": ["acmeair-customer-db", 1477]}, {"t": 1696610020, "d": ["acmeair-authservice", 44]}, {"t": 1696610020, "d": ["acmeair-flightservice", 2409]}, {"t": 1696610020, "d": ["acmeair-bookingservice", 765]}, {"t": 1696610020, "d": ["acmeair-customerservice", 614]}, {"t": 1696610020, "d": ["acmeair-mainservice", 0]}, {"t": 1696610030, "d": ["acmeair-booking-db", 1263]}, {"t": 1696610030, "d": ["acmeair-flight-db", 112]}, {"t": 1696610030, "d": ["acmeair-customer-db", 1405]}, {"t": 1696610030, "d": ["acmeair-authservice", 50]}, {"t": 1696610030, "d": ["acmeair-flightservice", 2197]}, {"t": 1696610030, "d": ["acmeair-bookingservice", 893]}, {"t": 1696610030, "d": ["acmeair-customerservice", 719]}, {"t": 1696610030, "d": ["acmeair-mainservice", 0]}, {"t": 1696610040, "d": ["acmeair-booking-db", 1334]}, {"t": 1696610040, "d": ["acmeair-flight-db", 154]}, {"t": 1696610040, "d": ["acmeair-customer-db", 1645]}, {"t": 1696610040, "d": ["acmeair-authservice", 57]}, {"t": 1696610040, "d": ["acmeair-flightservice", 2556]}, {"t": 1696610040, "d": ["acmeair-bookingservice", 898]}, {"t": 1696610040, "d": ["acmeair-customerservice", 744]}, {"t": 1696610040, "d": ["acmeair-mainservice", 0]}, {"t": 1696610050, "d": ["acmeair-booking-db", 1279]}, {"t": 1696610050, "d": ["acmeair-flight-db", 84]}, {"t": 1696610050, "d": ["acmeair-customer-db", 1634]}, {"t": 1696610050, "d": ["acmeair-authservice", 55]}, {"t": 1696610050, "d": ["acmeair-flightservice", 2720]}, {"t": 1696610050, "d": ["acmeair-bookingservice", 864]}, {"t": 1696610050, "d": ["acmeair-customerservice", 702]}, {"t": 1696610050, "d": ["acmeair-mainservice", 0]}, {"t": 1696610060, "d": ["acmeair-booking-db", 1186]}, {"t": 1696610060, "d": ["acmeair-flight-db", 126]}, {"t": 1696610060, "d": ["acmeair-customer-db", 1597]}, {"t": 1696610060, "d": ["acmeair-authservice", 53]}, {"t": 1696610060, "d": ["acmeair-flightservice", 2589]}, {"t": 1696610060, "d": ["acmeair-bookingservice", 780]}, {"t": 1696610060, "d": ["acmeair-customerservice", 651]}, {"t": 1696610060, "d": ["acmeair-mainservice", 0]}, {"t": 1696610070, "d": ["acmeair-booking-db", 1165]}, {"t": 1696610070, "d": ["acmeair-flight-db", 155]}, {"t": 1696610070, "d": ["acmeair-customer-db", 1454]}, {"t": 1696610070, "d": ["acmeair-authservice", 60]}, {"t": 1696610070, "d": ["acmeair-flightservice", 2377]}, {"t": 1696610070, "d": ["acmeair-bookingservice", 763]}, {"t": 1696610070, "d": ["acmeair-customerservice", 633]}, {"t": 1696610070, "d": ["acmeair-mainservice", 0]}, {"t": 1696610080, "d": ["acmeair-booking-db", 1161]}, {"t": 1696610080, "d": ["acmeair-flight-db", 140]}, {"t": 1696610080, "d": ["acmeair-customer-db", 1445]}, {"t": 1696610080, "d": ["acmeair-authservice", 40]}, {"t": 1696610080, "d": ["acmeair-flightservice", 2426]}, {"t": 1696610080, "d": ["acmeair-bookingservice", 734]}, {"t": 1696610080, "d": ["acmeair-customerservice", 630]}, {"t": 1696610080, "d": ["acmeair-mainservice", 0]}, {"t": 1696610090, "d": ["acmeair-booking-db", 1075]}, {"t": 1696610090, "d": ["acmeair-flight-db", 140]}, {"t": 1696610090, "d": ["acmeair-customer-db", 1400]}, {"t": 1696610090, "d": ["acmeair-authservice", 45]}, {"t": 1696610090, "d": ["acmeair-flightservice", 2306]}, {"t": 1696610090, "d": ["acmeair-bookingservice", 699]}, {"t": 1696610090, "d": ["acmeair-customerservice", 549]}, {"t": 1696610090, "d": ["acmeair-mainservice", 0]}, {"t": 1696610100, "d": ["acmeair-booking-db", 1153]}, {"t": 1696610100, "d": ["acmeair-flight-db", 140]}, {"t": 1696610100, "d": ["acmeair-customer-db", 1244]}, {"t": 1696610100, "d": ["acmeair-authservice", 57]}, {"t": 1696610100, "d": ["acmeair-flightservice", 2168]}, {"t": 1696610100, "d": ["acmeair-bookingservice", 766]}, {"t": 1696610100, "d": ["acmeair-customerservice", 630]}, {"t": 1696610100, "d": ["acmeair-mainservice", 0]}, {"t": 1696610110, "d": ["acmeair-booking-db", 1231]}, {"t": 1696610110, "d": ["acmeair-flight-db", 140]}, {"t": 1696610110, "d": ["acmeair-customer-db", 1344]}, {"t": 1696610110, "d": ["acmeair-authservice", 49]}, {"t": 1696610110, "d": ["acmeair-flightservice", 2265]}, {"t": 1696610110, "d": ["acmeair-bookingservice", 847]}, {"t": 1696610110, "d": ["acmeair-customerservice", 676]}, {"t": 1696610110, "d": ["acmeair-mainservice", 0]}, {"t": 1696610120, "d": ["acmeair-booking-db", 1318]}, {"t": 1696610120, "d": ["acmeair-flight-db", 140]}, {"t": 1696610120, "d": ["acmeair-customer-db", 1517]}, {"t": 1696610120, "d": ["acmeair-authservice", 47]}, {"t": 1696610120, "d": ["acmeair-flightservice", 2523]}, {"t": 1696610120, "d": ["acmeair-bookingservice", 896]}, {"t": 1696610120, "d": ["acmeair-customerservice", 728]}, {"t": 1696610120, "d": ["acmeair-mainservice", 0]}, {"t": 1696610130, "d": ["acmeair-booking-db", 1557]}, {"t": 1696610130, "d": ["acmeair-flight-db", 140]}, {"t": 1696610130, "d": ["acmeair-customer-db", 1643]}, {"t": 1696610130, "d": ["acmeair-authservice", 59]}, {"t": 1696610130, "d": ["acmeair-flightservice", 2712]}, {"t": 1696610130, "d": ["acmeair-bookingservice", 1079]}, {"t": 1696610130, "d": ["acmeair-customerservice", 880]}, {"t": 1696610130, "d": ["acmeair-mainservice", 0]}, {"t": 1696610140, "d": ["acmeair-booking-db", 1454]}, {"t": 1696610140, "d": ["acmeair-flight-db", 140]}, {"t": 1696610140, "d": ["acmeair-customer-db", 1947]}, {"t": 1696610140, "d": ["acmeair-authservice", 55]}, {"t": 1696610140, "d": ["acmeair-flightservice", 3075]}, {"t": 1696610140, "d": ["acmeair-bookingservice", 1022]}, {"t": 1696610140, "d": ["acmeair-customerservice", 822]}, {"t": 1696610140, "d": ["acmeair-mainservice", 0]}, {"t": 1696610150, "d": ["acmeair-booking-db", 1188]}, {"t": 1696610150, "d": ["acmeair-flight-db", 140]}, {"t": 1696610150, "d": ["acmeair-customer-db", 1812]}, {"t": 1696610150, "d": ["acmeair-authservice", 55]}, {"t": 1696610150, "d": ["acmeair-flightservice", 3010]}, {"t": 1696610150, "d": ["acmeair-bookingservice", 814]}, {"t": 1696610150, "d": ["acmeair-customerservice", 650]}, {"t": 1696610150, "d": ["acmeair-mainservice", 0]}, {"t": 1696610160, "d": ["acmeair-booking-db", 780]}, {"t": 1696610160, "d": ["acmeair-flight-db", 140]}, {"t": 1696610160, "d": ["acmeair-customer-db", 1462]}, {"t": 1696610160, "d": ["acmeair-authservice", 26]}, {"t": 1696610160, "d": ["acmeair-flightservice", 2402]}, {"t": 1696610160, "d": ["acmeair-bookingservice", 467]}, {"t": 1696610160, "d": ["acmeair-customerservice", 373]}, {"t": 1696610160, "d": ["acmeair-mainservice", 0]}, {"t": 1696610170, "d": ["acmeair-booking-db", 1148]}, {"t": 1696610170, "d": ["acmeair-flight-db", 140]}, {"t": 1696610170, "d": ["acmeair-customer-db", 921]}, {"t": 1696610170, "d": ["acmeair-authservice", 51]}, {"t": 1696610170, "d": ["acmeair-flightservice", 1469]}, {"t": 1696610170, "d": ["acmeair-bookingservice", 749]}, {"t": 1696610170, "d": ["acmeair-customerservice", 598]}, {"t": 1696610170, "d": ["acmeair-mainservice", 0]}, {"t": 1696610180, "d": ["acmeair-booking-db", 1054]}, {"t": 1696610180, "d": ["acmeair-flight-db", 140]}, {"t": 1696610180, "d": ["acmeair-customer-db", 1379]}, {"t": 1696610180, "d": ["acmeair-authservice", 39]}, {"t": 1696610180, "d": ["acmeair-flightservice", 2136]}, {"t": 1696610180, "d": ["acmeair-bookingservice", 687]}, {"t": 1696610180, "d": ["acmeair-customerservice", 561]}, {"t": 1696610180, "d": ["acmeair-mainservice", 0]}, {"t": 1696610190, "d": ["acmeair-booking-db", 1148]}, {"t": 1696610190, "d": ["acmeair-flight-db", 140]}, {"t": 1696610190, "d": ["acmeair-customer-db", 1287]}, {"t": 1696610190, "d": ["acmeair-authservice", 53]}, {"t": 1696610190, "d": ["acmeair-flightservice", 2045]}, {"t": 1696610190, "d": ["acmeair-bookingservice", 749]}, {"t": 1696610190, "d": ["acmeair-customerservice", 634]}, {"t": 1696610190, "d": ["acmeair-mainservice", 0]}, {"t": 1696610200, "d": ["acmeair-booking-db", 1074]}, {"t": 1696610200, "d": ["acmeair-flight-db", 140]}, {"t": 1696610200, "d": ["acmeair-customer-db", 1372]}, {"t": 1696610200, "d": ["acmeair-authservice", 40]}, {"t": 1696610200, "d": ["acmeair-flightservice", 2211]}, {"t": 1696610200, "d": ["acmeair-bookingservice", 710]}, {"t": 1696610200, "d": ["acmeair-customerservice", 581]}, {"t": 1696610200, "d": ["acmeair-mainservice", 0]}, {"t": 1696610210, "d": ["acmeair-booking-db", 547]}, {"t": 1696610210, "d": ["acmeair-flight-db", 140]}, {"t": 1696610210, "d": ["acmeair-customer-db", 1294]}, {"t": 1696610210, "d": ["acmeair-authservice", 24]}, {"t": 1696610210, "d": ["acmeair-flightservice", 2151]}, {"t": 1696610210, "d": ["acmeair-bookingservice", 267]}, {"t": 1696610210, "d": ["acmeair-customerservice", 260]}, {"t": 1696610210, "d": ["acmeair-mainservice", 0]}, {"t": 1696610220, "d": ["acmeair-booking-db", 1249]}, {"t": 1696610220, "d": ["acmeair-flight-db", 140]}, {"t": 1696610220, "d": ["acmeair-customer-db", 633]}, {"t": 1696610220, "d": ["acmeair-authservice", 56]}, {"t": 1696610220, "d": ["acmeair-flightservice", 1022]}, {"t": 1696610220, "d": ["acmeair-bookingservice", 806]}, {"t": 1696610220, "d": ["acmeair-customerservice", 699]}, {"t": 1696610220, "d": ["acmeair-mainservice", 0]}, {"t": 1696610230, "d": ["acmeair-booking-db", 1208]}, {"t": 1696610230, "d": ["acmeair-flight-db", 140]}, {"t": 1696610230, "d": ["acmeair-customer-db", 1526]}, {"t": 1696610230, "d": ["acmeair-authservice", 48]}, {"t": 1696610230, "d": ["acmeair-flightservice", 2553]}, {"t": 1696610230, "d": ["acmeair-bookingservice", 794]}, {"t": 1696610230, "d": ["acmeair-customerservice", 654]}, {"t": 1696610230, "d": ["acmeair-mainservice", 0]}, {"t": 1696610240, "d": ["acmeair-booking-db", 1320]}, {"t": 1696610240, "d": ["acmeair-flight-db", 140]}, {"t": 1696610240, "d": ["acmeair-customer-db", 1509]}, {"t": 1696610240, "d": ["acmeair-authservice", 60]}, {"t": 1696610240, "d": ["acmeair-flightservice", 2407]}, {"t": 1696610240, "d": ["acmeair-bookingservice", 905]}, {"t": 1696610240, "d": ["acmeair-customerservice", 749]}, {"t": 1696610240, "d": ["acmeair-mainservice", 0]}, {"t": 1696610250, "d": ["acmeair-booking-db", 1352]}, {"t": 1696610250, "d": ["acmeair-flight-db", 56]}, {"t": 1696610250, "d": ["acmeair-customer-db", 1652]}, {"t": 1696610250, "d": ["acmeair-authservice", 53]}, {"t": 1696610250, "d": ["acmeair-flightservice", 2692]}, {"t": 1696610250, "d": ["acmeair-bookingservice", 889]}, {"t": 1696610250, "d": ["acmeair-customerservice", 767]}, {"t": 1696610250, "d": ["acmeair-mainservice", 0]}, {"t": 1696610260, "d": ["acmeair-booking-db", 1259]}, {"t": 1696610260, "d": ["acmeair-flight-db", 125]}, {"t": 1696610260, "d": ["acmeair-customer-db", 1704]}, {"t": 1696610260, "d": ["acmeair-authservice", 56]}, {"t": 1696610260, "d": ["acmeair-flightservice", 2753]}, {"t": 1696610260, "d": ["acmeair-bookingservice", 841]}, {"t": 1696610260, "d": ["acmeair-customerservice", 692]}, {"t": 1696610260, "d": ["acmeair-mainservice", 0]}, {"t": 1696610270, "d": ["acmeair-booking-db", 1018]}, {"t": 1696610270, "d": ["acmeair-flight-db", 140]}, {"t": 1696610270, "d": ["acmeair-customer-db", 1541]}, {"t": 1696610270, "d": ["acmeair-authservice", 33]}, {"t": 1696610270, "d": ["acmeair-flightservice", 2493]}, {"t": 1696610270, "d": ["acmeair-bookingservice", 644]}, {"t": 1696610270, "d": ["acmeair-customerservice", 521]}, {"t": 1696610270, "d": ["acmeair-mainservice", 0]}, {"t": 1696610280, "d": ["acmeair-booking-db", 1140]}, {"t": 1696610280, "d": ["acmeair-flight-db", 141]}, {"t": 1696610280, "d": ["acmeair-customer-db", 1242]}, {"t": 1696610280, "d": ["acmeair-authservice", 51]}, {"t": 1696610280, "d": ["acmeair-flightservice", 1975]}, {"t": 1696610280, "d": ["acmeair-bookingservice", 756]}, {"t": 1696610280, "d": ["acmeair-customerservice", 623]}, {"t": 1696610280, "d": ["acmeair-mainservice", 0]}, {"t": 1696610290, "d": ["acmeair-booking-db", 1277]}, {"t": 1696610290, "d": ["acmeair-flight-db", 140]}, {"t": 1696610290, "d": ["acmeair-customer-db", 1390]}, {"t": 1696610290, "d": ["acmeair-authservice", 52]}, {"t": 1696610290, "d": ["acmeair-flightservice", 2230]}, {"t": 1696610290, "d": ["acmeair-bookingservice", 901]}, {"t": 1696610290, "d": ["acmeair-customerservice", 710]}, {"t": 1696610290, "d": ["acmeair-mainservice", 0]}, {"t": 1696610300, "d": ["acmeair-booking-db", 972]}, {"t": 1696610300, "d": ["acmeair-flight-db", 140]}, {"t": 1696610300, "d": ["acmeair-customer-db", 1584]}, {"t": 1696610300, "d": ["acmeair-authservice", 40]}, {"t": 1696610300, "d": ["acmeair-flightservice", 2730]}, {"t": 1696610300, "d": ["acmeair-bookingservice", 736]}, {"t": 1696610300, "d": ["acmeair-customerservice", 576]}, {"t": 1696610300, "d": ["acmeair-mainservice", 0]}, {"t": 1696610310, "d": ["acmeair-booking-db", 648]}, {"t": 1696610310, "d": ["acmeair-flight-db", 140]}, {"t": 1696610310, "d": ["acmeair-customer-db", 1313]}, {"t": 1696610310, "d": ["acmeair-authservice", 25]}, {"t": 1696610310, "d": ["acmeair-flightservice", 2261]}, {"t": 1696610310, "d": ["acmeair-bookingservice", 458]}, {"t": 1696610310, "d": ["acmeair-customerservice", 346]}, {"t": 1696610310, "d": ["acmeair-mainservice", 0]}, {"t": 1696610320, "d": ["acmeair-booking-db", 910]}, {"t": 1696610320, "d": ["acmeair-flight-db", 140]}, {"t": 1696610320, "d": ["acmeair-customer-db", 877]}, {"t": 1696610320, "d": ["acmeair-authservice", 24]}, {"t": 1696610320, "d": ["acmeair-flightservice", 1384]}, {"t": 1696610320, "d": ["acmeair-bookingservice", 635]}, {"t": 1696610320, "d": ["acmeair-customerservice", 544]}, {"t": 1696610320, "d": ["acmeair-mainservice", 0]}, {"t": 1696610330, "d": ["acmeair-booking-db", 686]}, {"t": 1696610330, "d": ["acmeair-flight-db", 141]}, {"t": 1696610330, "d": ["acmeair-customer-db", 1209]}, {"t": 1696610330, "d": ["acmeair-authservice", 30]}, {"t": 1696610330, "d": ["acmeair-flightservice", 1934]}, {"t": 1696610330, "d": ["acmeair-bookingservice", 473]}, {"t": 1696610330, "d": ["acmeair-customerservice", 394]}, {"t": 1696610330, "d": ["acmeair-mainservice", 0]}, {"t": 1696610340, "d": ["acmeair-booking-db", 1105]}, {"t": 1696610340, "d": ["acmeair-flight-db", 141]}, {"t": 1696610340, "d": ["acmeair-customer-db", 986]}, {"t": 1696610340, "d": ["acmeair-authservice", 40]}, {"t": 1696610340, "d": ["acmeair-flightservice", 1455]}, {"t": 1696610340, "d": ["acmeair-bookingservice", 812]}, {"t": 1696610340, "d": ["acmeair-customerservice", 620]}, {"t": 1696610340, "d": ["acmeair-mainservice", 0]}, {"t": 1696610350, "d": ["acmeair-booking-db", 1120]}, {"t": 1696610350, "d": ["acmeair-flight-db", 140]}, {"t": 1696610350, "d": ["acmeair-customer-db", 1476]}, {"t": 1696610350, "d": ["acmeair-authservice", 58]}, {"t": 1696610350, "d": ["acmeair-flightservice", 2393]}, {"t": 1696610350, "d": ["acmeair-bookingservice", 879]}, {"t": 1696610350, "d": ["acmeair-customerservice", 734]}, {"t": 1696610350, "d": ["acmeair-mainservice", 0]}, {"t": 1696610360, "d": ["acmeair-booking-db", 1223]}, {"t": 1696610360, "d": ["acmeair-flight-db", 141]}, {"t": 1696610360, "d": ["acmeair-customer-db", 1685]}, {"t": 1696610360, "d": ["acmeair-authservice", 61]}, {"t": 1696610360, "d": ["acmeair-flightservice", 2635]}, {"t": 1696610360, "d": ["acmeair-bookingservice", 897]}, {"t": 1696610360, "d": ["acmeair-customerservice", 720]}, {"t": 1696610360, "d": ["acmeair-mainservice", 0]}, {"t": 1696610370, "d": ["acmeair-booking-db", 1165]}, {"t": 1696610370, "d": ["acmeair-flight-db", 140]}, {"t": 1696610370, "d": ["acmeair-customer-db", 1606]}, {"t": 1696610370, "d": ["acmeair-authservice", 60]}, {"t": 1696610370, "d": ["acmeair-flightservice", 2718]}, {"t": 1696610370, "d": ["acmeair-bookingservice", 938]}, {"t": 1696610370, "d": ["acmeair-customerservice", 751]}, {"t": 1696610370, "d": ["acmeair-mainservice", 0]}, {"t": 1696610380, "d": ["acmeair-booking-db", 1068]}, {"t": 1696610380, "d": ["acmeair-flight-db", 140]}, {"t": 1696610380, "d": ["acmeair-customer-db", 1717]}, {"t": 1696610380, "d": ["acmeair-authservice", 55]}, {"t": 1696610380, "d": ["acmeair-flightservice", 2707]}, {"t": 1696610380, "d": ["acmeair-bookingservice", 876]}, {"t": 1696610380, "d": ["acmeair-customerservice", 701]}, {"t": 1696610380, "d": ["acmeair-mainservice", 0]}, {"t": 1696610390, "d": ["acmeair-booking-db", 972]}, {"t": 1696610390, "d": ["acmeair-flight-db", 140]}, {"t": 1696610390, "d": ["acmeair-customer-db", 1588]}, {"t": 1696610390, "d": ["acmeair-authservice", 40]}, {"t": 1696610390, "d": ["acmeair-flightservice", 2643]}, {"t": 1696610390, "d": ["acmeair-bookingservice", 708]}, {"t": 1696610390, "d": ["acmeair-customerservice", 544]}, {"t": 1696610390, "d": ["acmeair-mainservice", 0]}, {"t": 1696610400, "d": ["acmeair-booking-db", 1358]}, {"t": 1696610400, "d": ["acmeair-flight-db", 140]}, {"t": 1696610400, "d": ["acmeair-customer-db", 1263]}, {"t": 1696610400, "d": ["acmeair-authservice", 81]}, {"t": 1696610400, "d": ["acmeair-flightservice", 2072]}, {"t": 1696610400, "d": ["acmeair-bookingservice", 958]}, {"t": 1696610400, "d": ["acmeair-customerservice", 771]}, {"t": 1696610400, "d": ["acmeair-mainservice", 0]}, {"t": 1696610410, "d": ["acmeair-booking-db", 1003]}, {"t": 1696610410, "d": ["acmeair-flight-db", 140]}, {"t": 1696610410, "d": ["acmeair-customer-db", 1710]}, {"t": 1696610410, "d": ["acmeair-authservice", 46]}, {"t": 1696610410, "d": ["acmeair-flightservice", 2845]}, {"t": 1696610410, "d": ["acmeair-bookingservice", 639]}, {"t": 1696610410, "d": ["acmeair-customerservice", 513]}, {"t": 1696610410, "d": ["acmeair-mainservice", 0]}, {"t": 1696610420, "d": ["acmeair-booking-db", 1166]}, {"t": 1696610420, "d": ["acmeair-flight-db", 140]}, {"t": 1696610420, "d": ["acmeair-customer-db", 1198]}, {"t": 1696610420, "d": ["acmeair-authservice", 19]}, {"t": 1696610420, "d": ["acmeair-flightservice", 1825]}, {"t": 1696610420, "d": ["acmeair-bookingservice", 787]}, {"t": 1696610420, "d": ["acmeair-customerservice", 636]}, {"t": 1696610420, "d": ["acmeair-mainservice", 0]}, {"t": 1696610430, "d": ["acmeair-booking-db", 1186]}, {"t": 1696610430, "d": ["acmeair-flight-db", 140]}, {"t": 1696610430, "d": ["acmeair-customer-db", 1448]}, {"t": 1696610430, "d": ["acmeair-authservice", 41]}, {"t": 1696610430, "d": ["acmeair-flightservice", 2358]}, {"t": 1696610430, "d": ["acmeair-bookingservice", 783]}, {"t": 1696610430, "d": ["acmeair-customerservice", 654]}, {"t": 1696610430, "d": ["acmeair-mainservice", 0]}, {"t": 1696610440, "d": ["acmeair-booking-db", 1308]}, {"t": 1696610440, "d": ["acmeair-flight-db", 140]}, {"t": 1696610440, "d": ["acmeair-customer-db", 1447]}, {"t": 1696610440, "d": ["acmeair-authservice", 51]}, {"t": 1696610440, "d": ["acmeair-flightservice", 2440]}, {"t": 1696610440, "d": ["acmeair-bookingservice", 861]}, {"t": 1696610440, "d": ["acmeair-customerservice", 727]}, {"t": 1696610440, "d": ["acmeair-mainservice", 0]}, {"t": 1696610450, "d": ["acmeair-booking-db", 1044]}, {"t": 1696610450, "d": ["acmeair-flight-db", 140]}, {"t": 1696610450, "d": ["acmeair-customer-db", 1611]}, {"t": 1696610450, "d": ["acmeair-authservice", 39]}, {"t": 1696610450, "d": ["acmeair-flightservice", 2516]}, {"t": 1696610450, "d": ["acmeair-bookingservice", 649]}, {"t": 1696610450, "d": ["acmeair-customerservice", 548]}, {"t": 1696610450, "d": ["acmeair-mainservice", 0]}, {"t": 1696610460, "d": ["acmeair-booking-db", 1210]}, {"t": 1696610460, "d": ["acmeair-flight-db", 140]}, {"t": 1696610460, "d": ["acmeair-customer-db", 1251]}, {"t": 1696610460, "d": ["acmeair-authservice", 51]}, {"t": 1696610460, "d": ["acmeair-flightservice", 2012]}, {"t": 1696610460, "d": ["acmeair-bookingservice", 799]}, {"t": 1696610460, "d": ["acmeair-customerservice", 681]}, {"t": 1696610460, "d": ["acmeair-mainservice", 0]}, {"t": 1696610470, "d": ["acmeair-booking-db", 1103]}, {"t": 1696610470, "d": ["acmeair-flight-db", 140]}, {"t": 1696610470, "d": ["acmeair-customer-db", 1483]}, {"t": 1696610470, "d": ["acmeair-authservice", 46]}, {"t": 1696610470, "d": ["acmeair-flightservice", 2462]}, {"t": 1696610470, "d": ["acmeair-bookingservice", 744]}, {"t": 1696610470, "d": ["acmeair-customerservice", 594]}, {"t": 1696610470, "d": ["acmeair-mainservice", 0]}, {"t": 1696610480, "d": ["acmeair-booking-db", 1062]}, {"t": 1696610480, "d": ["acmeair-flight-db", 141]}, {"t": 1696610480, "d": ["acmeair-customer-db", 1311]}, {"t": 1696610480, "d": ["acmeair-authservice", 51]}, {"t": 1696610480, "d": ["acmeair-flightservice", 2214]}, {"t": 1696610480, "d": ["acmeair-bookingservice", 687]}, {"t": 1696610480, "d": ["acmeair-customerservice", 588]}, {"t": 1696610480, "d": ["acmeair-mainservice", 0]}, {"t": 1696610490, "d": ["acmeair-booking-db", 1215]}, {"t": 1696610490, "d": ["acmeair-flight-db", 140]}, {"t": 1696610490, "d": ["acmeair-customer-db", 1306]}, {"t": 1696610490, "d": ["acmeair-authservice", 63]}, {"t": 1696610490, "d": ["acmeair-flightservice", 2226]}, {"t": 1696610490, "d": ["acmeair-bookingservice", 823]}, {"t": 1696610490, "d": ["acmeair-customerservice", 666]}, {"t": 1696610490, "d": ["acmeair-mainservice", 0]}], "start": 1696609890, "end": 1696610490}