{
   "backend-auth_1_9_10_low": {
      "cpu_percent": 2.02,
      "memory_percent": 45.83,
      "response_time": 1081819.77
   },
   "backend-post_1_9_10_low": {
      "cpu_percent": 17.68,
      "memory_percent": 68.13,
      "response_time": 9407189.33
   },
   "backend-user_1_9_10_low": {
      "cpu_percent": 11.69,
      "memory_percent": 60.64,
      "response_time": 11352147.89
   },
   "backend-auth_1_9_100_low": {
      "cpu_percent": 7.04,
      "memory_percent": 46.58,
      "response_time": 1237989.06
   },
   "backend-post_1_9_100_low": {
      "cpu_percent": 45.5,
      "memory_percent": 69.37,
      "response_time": 24820284.06
   },
   "backend-user_1_9_100_low": {
      "cpu_percent": 32.35,
      "memory_percent": 61.26,
      "response_time": 24097342.124368
   },
   "backend-auth_1_18_10_low": {
      "cpu_percent": 1.15,
      "memory_percent": 46.95,
      "response_time": 1279383.8305606
   },
   "backend-post_1_18_10_low": {
      "cpu_percent": 25.73,
      "memory_percent": 70.52,
      "response_time": 35121818.23
   },
   "backend-user_1_18_10_low": {
      "cpu_percent": 20.22,
      "memory_percent": 60.67,
      "response_time": 53857873.46
   },
   "backend-auth_1_18_100_low": {
      "cpu_percent": 0.95,
      "memory_percent": 47.21,
      "response_time": 2200212.19
   },
   "backend-post_1_18_100_low": {
      "cpu_percent": 23.26,
      "memory_percent": 71.72,
      "response_time": 197228590.33
   },
   "backend-user_1_18_100_low": {
      "cpu_percent": 15.95,
      "memory_percent": 62.6,
      "response_time": 290527706.96
   },
   "backend-auth_1_9_10_high": {
      "cpu_percent": 0.71,
      "memory_percent": 47.17,
      "response_time": 1081315.2
   },
   "backend-post_1_9_10_high": {
      "cpu_percent": 19.08,
      "memory_percent": 70.71,
      "response_time": 86211892.3
   },
   "backend-user_1_9_10_high": {
      "cpu_percent": 15.68,
      "memory_percent": 63.42,
      "response_time": 143455245.6
   },
   "backend-auth_1_9_100_high": {
      "cpu_percent": 0.83,
      "memory_percent": 47.33,
      "response_time": 1928214.79
   },
   "backend-post_1_9_100_high": {
      "cpu_percent": 69.06,
      "memory_percent": 72.79,
      "response_time": 9036610327.14
   },
   "backend-user_1_9_100_high": {
      "cpu_percent": 15.16,
      "memory_percent": 65.67,
      "response_time": 10553936416.537
   },
   "backend-auth_1_18_10_high": {
      "cpu_percent": 0.44,
      "memory_percent": 47.25,
      "response_time": 1247486.19
   },
   "backend-post_1_18_10_high": {
      "cpu_percent": 44.47,
      "memory_percent": 73.72,
      "response_time": 1497135720.64
   },
   "backend-user_1_18_10_high": {
      "cpu_percent": 35.07,
      "memory_percent": 66.45,
      "response_time": 1846730265.05
   },
   "backend-auth_1_18_100_high": {
      "cpu_percent": 1.17,
      "memory_percent": 47.27,
      "response_time": 1809863.29
   },
   "backend-post_1_18_100_high": {
      "cpu_percent": 36.96,
      "memory_percent": 73.75,
      "response_time": 1954289071.73
   },
   "backend-user_1_18_100_high": {
      "cpu_percent": 31.52,
      "memory_percent": 66.24,
      "response_time": 2219007634.99
   },
   "backend-auth_2_9_10_low": {
      "cpu_percent": 3.3,
      "memory_percent": 39.48,
      "response_time": 57800540.41
   },
   "backend-post_2_9_10_low": {
      "cpu_percent": 19.69,
      "memory_percent": 59.49,
      "response_time": 207259606.52
   },
   "backend-user_2_9_10_low": {
      "cpu_percent": 11.98,
      "memory_percent": 51.98,
      "response_time": 80968324.64
   },
   "backend-auth_2_9_100_low": {
      "cpu_percent": 3.46,
      "memory_percent": 40.72,
      "response_time": 3186406.52
   },
   "backend-post_2_9_100_low": {
      "cpu_percent": 21.97,
      "memory_percent": 66.21,
      "response_time": 252904711.35
   },
   "backend-user_2_9_100_low": {
      "cpu_percent": 17.7,
      "memory_percent": 56.37,
      "response_time": 100904376.55
   },
   "backend-auth_2_18_10_low": {
      "cpu_percent": 0.94,
      "memory_percent": 41.48,
      "response_time": 1295013.28
   },
   "backend-post_2_18_10_low": {
      "cpu_percent": 7.43,
      "memory_percent": 70.14,
      "response_time": 142512930.73
   },
   "backend-user_2_18_10_low": {
      "cpu_percent": 6.57,
      "memory_percent": 58.1,
      "response_time": 41539149.01
   },
   "backend-auth_2_18_100_low": {
      "cpu_percent": 1.66,
      "memory_percent": 41.63,
      "response_time": 2439807.69
   },
   "backend-post_2_18_100_low": {
      "cpu_percent": 16.1,
      "memory_percent": 70.77,
      "response_time": 360800464.83
   },
   "backend-user_2_18_100_low": {
      "cpu_percent": 13.14,
      "memory_percent": 59.61,
      "response_time": 219036231.32947
   },
   "backend-auth_2_9_10_high": {
      "cpu_percent": 1.28,
      "memory_percent": 42.17,
      "response_time": 2032977.34
   },
   "backend-post_2_9_10_high": {
      "cpu_percent": 24.94,
      "memory_percent": 73.47,
      "response_time": 5811493973.62
   },
   "backend-user_2_9_10_high": {
      "cpu_percent": 3.21,
      "memory_percent": 64.22,
      "response_time": 6629706223.93
   },
   "backend-auth_2_9_100_high": {
      "cpu_percent": 0.92,
      "memory_percent": 41.9,
      "response_time": 1301702.69
   },
   "backend-post_2_9_100_high": {
      "cpu_percent": 25.28,
      "memory_percent": 72.07,
      "response_time": 4271853958.1
   },
   "backend-user_2_9_100_high": {
      "cpu_percent": 3.24,
      "memory_percent": 61.51,
      "response_time": 5065286586.02
   },
   "backend-auth_2_18_10_high": {
      "cpu_percent": 0.52,
      "memory_percent": 42.52,
      "response_time": 1254798.15
   },
   "backend-post_2_18_10_high": {
      "cpu_percent": 1.26,
      "memory_percent": 72.26,
      "response_time": 2226902100.07
   },
   "backend-user_2_18_10_high": {
      "cpu_percent": 1.2,
      "memory_percent": 63.08,
      "response_time": 2229423613.46
   },
   "backend-auth_2_18_100_high": {
      "cpu_percent": 1.23,
      "memory_percent": 42.59,
      "response_time": 1805826.53
   },
   "backend-post_2_18_100_high": {
      "cpu_percent": 6.1,
      "memory_percent": 72.59,
      "response_time": 2893036903.44
   },
   "backend-user_2_18_100_high": {
      "cpu_percent": 3.56,
      "memory_percent": 63.28,
      "response_time": 2904732011.5905
   },
   "backend-auth_1_9_0_low": {
      "cpu_percent": 0.34,
      "memory_percent": 42.66,
      "response_time": 155582.79
   },
   "backend-post_1_9_0_low": {
      "cpu_percent": 0.49,
      "memory_percent": 72.12,
      "response_time": 389699786.02
   },
   "backend-user_1_9_0_low": {
      "cpu_percent": 0.39,
      "memory_percent": 63.29,
      "response_time": 301073898.83611
   },
   "backend-auth_1_18_0_low": {
      "cpu_percent": 0.34,
      "memory_percent": 42.66,
      "response_time": 155582.79
   },
   "backend-post_1_18_0_low": {
      "cpu_percent": 0.49,
      "memory_percent": 72.12,
      "response_time": 389699786.02
   },
   "backend-user_1_18_0_low": {
      "cpu_percent": 0.39,
      "memory_percent": 63.29,
      "response_time": 301073898.83611
   },
   "backend-auth_1_9_0_high": {
      "cpu_percent": 0.34,
      "memory_percent": 42.66,
      "response_time": 155582.79
   },
   "backend-post_1_9_0_high": {
      "cpu_percent": 0.49,
      "memory_percent": 72.12,
      "response_time": 389699786.02
   },
   "backend-user_1_9_0_high": {
      "cpu_percent": 0.39,
      "memory_percent": 63.29,
      "response_time": 301073898.83611
   },
   "backend-auth_1_18_0_high": {
      "cpu_percent": 0.34,
      "memory_percent": 42.66,
      "response_time": 155582.79
   },
   "backend-post_1_18_0_high": {
      "cpu_percent": 0.49,
      "memory_percent": 72.12,
      "response_time": 389699786.02
   },
   "backend-user_1_18_0_high": {
      "cpu_percent": 0.39,
      "memory_percent": 63.29,
      "response_time": 301073898.83611
   },
   "backend-auth_2_9_0_low": {
      "cpu_percent": 0.34,
      "memory_percent": 42.66,
      "response_time": 155582.79
   },
   "backend-post_2_9_0_low": {
      "cpu_percent": 0.49,
      "memory_percent": 72.12,
      "response_time": 389699786.02
   },
   "backend-user_2_9_0_low": {
      "cpu_percent": 0.39,
      "memory_percent": 63.29,
      "response_time": 301073898.83611
   },
   "backend-auth_2_18_0_low": {
      "cpu_percent": 0.34,
      "memory_percent": 42.66,
      "response_time": 155582.79
   },
   "backend-post_2_18_0_low": {
      "cpu_percent": 0.49,
      "memory_percent": 72.12,
      "response_time": 389699786.02
   },
   "backend-user_2_18_0_low": {
      "cpu_percent": 0.39,
      "memory_percent": 63.29,
      "response_time": 301073898.83611
   },
   "backend-auth_2_9_0_high": {
      "cpu_percent": 0.34,
      "memory_percent": 42.66,
      "response_time": 155582.79
   },
   "backend-post_2_9_0_high": {
      "cpu_percent": 0.49,
      "memory_percent": 72.12,
      "response_time": 389699786.02
   },
   "backend-user_2_9_0_high": {
      "cpu_percent": 0.39,
      "memory_percent": 63.29,
      "response_time": 301073898.83611
   },
   "backend-auth_2_18_0_high": {
      "cpu_percent": 0.34,
      "memory_percent": 42.66,
      "response_time": 155582.79
   },
   "backend-post_2_18_0_high": {
      "cpu_percent": 0.49,
      "memory_percent": 72.12,
      "response_time": 389699786.02
   },
   "backend-user_2_18_0_high": {
      "cpu_percent": 0.39,
      "memory_percent": 63.29,
      "response_time": 301073898.83611
   }
}