{"data": [{"t": 1696561450, "d": ["acmeair-booking-db", 16.42575]}, {"t": 1696561450, "d": ["acmeair-bookingservice", 7.92825]}, {"t": 1696561450, "d": ["acmeair-customerservice", 4.7625]}, {"t": 1696561450, "d": ["acmeair-flightservice", 3.077]}, {"t": 1696561450, "d": ["acmeair-authservice", 1.69175]}, {"t": 1696561450, "d": ["acmeair-customer-db", 1.263001]}, {"t": 1696561450, "d": ["acmeair-flight-db", 0.26725]}, {"t": 1696561450, "d": ["acmeair-mainservice", 0.13125]}, {"t": 1696561460, "d": ["acmeair-booking-db", 18.25625]}, {"t": 1696561460, "d": ["acmeair-bookingservice", 8.51225]}, {"t": 1696561460, "d": ["acmeair-customerservice", 5.00525]}, {"t": 1696561460, "d": ["acmeair-flightservice", 6.372501]}, {"t": 1696561460, "d": ["acmeair-authservice", 0.9885]}, {"t": 1696561460, "d": ["acmeair-customer-db", 2.70325]}, {"t": 1696561460, "d": ["acmeair-flight-db", 0.274]}, {"t": 1696561460, "d": ["acmeair-mainservice", 0.136]}, {"t": 1696561470, "d": ["acmeair-booking-db", 15.37875]}, {"t": 1696561470, "d": ["acmeair-bookingservice", 6.994751]}, {"t": 1696561470, "d": ["acmeair-customerservice", 3.95725]}, {"t": 1696561470, "d": ["acmeair-flightservice", 7.43975]}, {"t": 1696561470, "d": ["acmeair-authservice", 1.0115]}, {"t": 1696561470, "d": ["acmeair-customer-db", 2.8705]}, {"t": 1696561470, "d": ["acmeair-flight-db", 0.2705]}, {"t": 1696561470, "d": ["acmeair-mainservice", 0.13925]}, {"t": 1696561480, "d": ["acmeair-booking-db", 16.642501]}, {"t": 1696561480, "d": ["acmeair-bookingservice", 8.56125]}, {"t": 1696561480, "d": ["acmeair-customerservice", 4.738751]}, {"t": 1696561480, "d": ["acmeair-flightservice", 5.562]}, {"t": 1696561480, "d": ["acmeair-authservice", 1.2325]}, {"t": 1696561480, "d": ["acmeair-customer-db", 2.31375]}, {"t": 1696561480, "d": ["acmeair-flight-db", 0.271]}, {"t": 1696561480, "d": ["acmeair-mainservice", 0.13375]}, {"t": 1696561490, "d": ["acmeair-booking-db", 14.23675]}, {"t": 1696561490, "d": ["acmeair-bookingservice", 5.9875]}, {"t": 1696561490, "d": ["acmeair-customerservice", 3.72425]}, {"t": 1696561490, "d": ["acmeair-flightservice", 6.363751]}, {"t": 1696561490, "d": ["acmeair-authservice", 1.08425]}, {"t": 1696561490, "d": ["acmeair-customer-db", 2.78975]}, {"t": 1696561490, "d": ["acmeair-flight-db", 0.26225]}, {"t": 1696561490, "d": ["acmeair-mainservice", 0.13375]}, {"t": 1696561500, "d": ["acmeair-booking-db", 19.011001]}, {"t": 1696561500, "d": ["acmeair-bookingservice", 9.1865]}, {"t": 1696561500, "d": ["acmeair-customerservice", 5.35875]}, {"t": 1696561500, "d": ["acmeair-flightservice", 5.271]}, {"t": 1696561500, "d": ["acmeair-authservice", 1.31025]}, {"t": 1696561500, "d": ["acmeair-customer-db", 2.2645]}, {"t": 1696561500, "d": ["acmeair-flight-db", 0.27275]}, {"t": 1696561500, "d": ["acmeair-mainservice", 0.13775]}, {"t": 1696561510, "d": ["acmeair-booking-db", 19.956]}, {"t": 1696561510, "d": ["acmeair-bookingservice", 9.98875]}, {"t": 1696561510, "d": ["acmeair-customerservice", 5.45375]}, {"t": 1696561510, "d": ["acmeair-flightservice", 6.91275]}, {"t": 1696561510, "d": ["acmeair-authservice", 1.40875]}, {"t": 1696561510, "d": ["acmeair-customer-db", 3.06775]}, {"t": 1696561510, "d": ["acmeair-flight-db", 0.26875]}, {"t": 1696561510, "d": ["acmeair-mainservice", 0.142]}, {"t": 1696561520, "d": ["acmeair-booking-db", 20.36775]}, {"t": 1696561520, "d": ["acmeair-bookingservice", 9.78925]}, {"t": 1696561520, "d": ["acmeair-customerservice", 5.809251]}, {"t": 1696561520, "d": ["acmeair-flightservice", 7.46425]}, {"t": 1696561520, "d": ["acmeair-authservice", 1.4825]}, {"t": 1696561520, "d": ["acmeair-customer-db", 3.284001]}, {"t": 1696561520, "d": ["acmeair-flight-db", 0.39175]}, {"t": 1696561520, "d": ["acmeair-mainservice", 0.176751]}, {"t": 1696561530, "d": ["acmeair-booking-db", 24.648501]}, {"t": 1696561530, "d": ["acmeair-bookingservice", 10.8395]}, {"t": 1696561530, "d": ["acmeair-customerservice", 5.98975]}, {"t": 1696561530, "d": ["acmeair-flightservice", 8.21925]}, {"t": 1696561530, "d": ["acmeair-authservice", 1.5535]}, {"t": 1696561530, "d": ["acmeair-customer-db", 3.50025]}, {"t": 1696561530, "d": ["acmeair-flight-db", 0.44025]}, {"t": 1696561530, "d": ["acmeair-mainservice", 0.143501]}, {"t": 1696561540, "d": ["acmeair-booking-db", 28.241751]}, {"t": 1696561540, "d": ["acmeair-bookingservice", 13.29075]}, {"t": 1696561540, "d": ["acmeair-customerservice", 7.552751]}, {"t": 1696561540, "d": ["acmeair-flightservice", 8.38425]}, {"t": 1696561540, "d": ["acmeair-authservice", 1.9625]}, {"t": 1696561540, "d": ["acmeair-customer-db", 3.6225]}, {"t": 1696561540, "d": ["acmeair-flight-db", 0.26075]}, {"t": 1696561540, "d": ["acmeair-mainservice", 0.13375]}, {"t": 1696561550, "d": ["acmeair-booking-db", 22.9945]}, {"t": 1696561550, "d": ["acmeair-bookingservice", 9.362]}, {"t": 1696561550, "d": ["acmeair-customerservice", 5.2125]}, {"t": 1696561550, "d": ["acmeair-flightservice", 10.794]}, {"t": 1696561550, "d": ["acmeair-authservice", 1.351501]}, {"t": 1696561550, "d": ["acmeair-customer-db", 4.471]}, {"t": 1696561550, "d": ["acmeair-flight-db", 0.2925]}, {"t": 1696561550, "d": ["acmeair-mainservice", 0.539]}, {"t": 1696561560, "d": ["acmeair-booking-db", 23.6365]}, {"t": 1696561560, "d": ["acmeair-bookingservice", 10.635]}, {"t": 1696561560, "d": ["acmeair-customerservice", 5.95325]}, {"t": 1696561560, "d": ["acmeair-flightservice", 7.863]}, {"t": 1696561560, "d": ["acmeair-authservice", 1.62625]}, {"t": 1696561560, "d": ["acmeair-customer-db", 3.06925]}, {"t": 1696561560, "d": ["acmeair-flight-db", 0.27425]}, {"t": 1696561560, "d": ["acmeair-mainservice", 0.13925]}, {"t": 1696561570, "d": ["acmeair-booking-db", 30.491751]}, {"t": 1696561570, "d": ["acmeair-bookingservice", 13.94075]}, {"t": 1696561570, "d": ["acmeair-customerservice", 7.71425]}, {"t": 1696561570, "d": ["acmeair-flightservice", 8.61325]}, {"t": 1696561570, "d": ["acmeair-authservice", 1.96175]}, {"t": 1696561570, "d": ["acmeair-customer-db", 3.363001]}, {"t": 1696561570, "d": ["acmeair-flight-db", 0.243251]}, {"t": 1696561570, "d": ["acmeair-mainservice", 0.1155]}, {"t": 1696561580, "d": ["acmeair-booking-db", 23.23125]}, {"t": 1696561580, "d": ["acmeair-bookingservice", 10.79825]}, {"t": 1696561580, "d": ["acmeair-customerservice", 6.13625]}, {"t": 1696561580, "d": ["acmeair-flightservice", 10.86975]}, {"t": 1696561580, "d": ["acmeair-authservice", 1.53575]}, {"t": 1696561580, "d": ["acmeair-customer-db", 4.24875]}, {"t": 1696561580, "d": ["acmeair-flight-db", 0.24475]}, {"t": 1696561580, "d": ["acmeair-mainservice", 0.135]}, {"t": 1696561590, "d": ["acmeair-booking-db", 28.287]}, {"t": 1696561590, "d": ["acmeair-bookingservice", 12.405751]}, {"t": 1696561590, "d": ["acmeair-customerservice", 6.915001]}, {"t": 1696561590, "d": ["acmeair-flightservice", 8.473]}, {"t": 1696561590, "d": ["acmeair-authservice", 2.0355]}, {"t": 1696561590, "d": ["acmeair-customer-db", 3.3445]}, {"t": 1696561590, "d": ["acmeair-flight-db", 0.2395]}, {"t": 1696561590, "d": ["acmeair-mainservice", 0.11925]}, {"t": 1696561600, "d": ["acmeair-booking-db", 29.9175]}, {"t": 1696561600, "d": ["acmeair-bookingservice", 13.60575]}, {"t": 1696561600, "d": ["acmeair-customerservice", 7.69525]}, {"t": 1696561600, "d": ["acmeair-flightservice", 9.879001]}, {"t": 1696561600, "d": ["acmeair-authservice", 2.274]}, {"t": 1696561600, "d": ["acmeair-customer-db", 3.789]}, {"t": 1696561600, "d": ["acmeair-flight-db", 0.2555]}, {"t": 1696561600, "d": ["acmeair-mainservice", 0.13025]}, {"t": 1696561610, "d": ["acmeair-booking-db", 27.98725]}, {"t": 1696561610, "d": ["acmeair-bookingservice", 12.44825]}, {"t": 1696561610, "d": ["acmeair-customerservice", 6.93325]}, {"t": 1696561610, "d": ["acmeair-flightservice", 10.773]}, {"t": 1696561610, "d": ["acmeair-authservice", 1.867501]}, {"t": 1696561610, "d": ["acmeair-customer-db", 4.11425]}, {"t": 1696561610, "d": ["acmeair-flight-db", 0.241001]}, {"t": 1696561610, "d": ["acmeair-mainservice", 0.13825]}, {"t": 1696561620, "d": ["acmeair-booking-db", 24.97875]}, {"t": 1696561620, "d": ["acmeair-bookingservice", 11.77825]}, {"t": 1696561620, "d": ["acmeair-customerservice", 6.89925]}, {"t": 1696561620, "d": ["acmeair-flightservice", 9.93725]}, {"t": 1696561620, "d": ["acmeair-authservice", 1.8865]}, {"t": 1696561620, "d": ["acmeair-customer-db", 3.76825]}, {"t": 1696561620, "d": ["acmeair-flight-db", 0.2455]}, {"t": 1696561620, "d": ["acmeair-mainservice", 0.1355]}, {"t": 1696561630, "d": ["acmeair-booking-db", 28.5265]}, {"t": 1696561630, "d": ["acmeair-bookingservice", 12.88]}, {"t": 1696561630, "d": ["acmeair-customerservice", 7.45325]}, {"t": 1696561630, "d": ["acmeair-flightservice", 9.261751]}, {"t": 1696561630, "d": ["acmeair-authservice", 1.947501]}, {"t": 1696561630, "d": ["acmeair-customer-db", 3.765251]}, {"t": 1696561630, "d": ["acmeair-flight-db", 0.2495]}, {"t": 1696561630, "d": ["acmeair-mainservice", 0.121501]}, {"t": 1696561640, "d": ["acmeair-booking-db", 29.70775]}, {"t": 1696561640, "d": ["acmeair-bookingservice", 13.35675]}, {"t": 1696561640, "d": ["acmeair-customerservice", 7.5735]}, {"t": 1696561640, "d": ["acmeair-flightservice", 10.25525]}, {"t": 1696561640, "d": ["acmeair-authservice", 2.030001]}, {"t": 1696561640, "d": ["acmeair-customer-db", 3.8525]}, {"t": 1696561640, "d": ["acmeair-flight-db", 0.235001]}, {"t": 1696561640, "d": ["acmeair-mainservice", 0.131]}, {"t": 1696561650, "d": ["acmeair-booking-db", 26.0015]}, {"t": 1696561650, "d": ["acmeair-bookingservice", 11.28825]}, {"t": 1696561650, "d": ["acmeair-customerservice", 6.49075]}, {"t": 1696561650, "d": ["acmeair-flightservice", 11.096251]}, {"t": 1696561650, "d": ["acmeair-authservice", 1.67475]}, {"t": 1696561650, "d": ["acmeair-customer-db", 4.227]}, {"t": 1696561650, "d": ["acmeair-flight-db", 0.201]}, {"t": 1696561650, "d": ["acmeair-mainservice", 0.121]}, {"t": 1696561660, "d": ["acmeair-booking-db", 32.4095]}, {"t": 1696561660, "d": ["acmeair-bookingservice", 14.712]}, {"t": 1696561660, "d": ["acmeair-customerservice", 8.23375]}, {"t": 1696561660, "d": ["acmeair-flightservice", 9.067]}, {"t": 1696561660, "d": ["acmeair-authservice", 2.30775]}, {"t": 1696561660, "d": ["acmeair-customer-db", 3.695001]}, {"t": 1696561660, "d": ["acmeair-flight-db", 0.2025]}, {"t": 1696561660, "d": ["acmeair-mainservice", 0.1355]}, {"t": 1696561670, "d": ["acmeair-booking-db", 31.63775]}, {"t": 1696561670, "d": ["acmeair-bookingservice", 15.196251]}, {"t": 1696561670, "d": ["acmeair-customerservice", 8.49175]}, {"t": 1696561670, "d": ["acmeair-flightservice", 11.824]}, {"t": 1696561670, "d": ["acmeair-authservice", 2.22425]}, {"t": 1696561670, "d": ["acmeair-customer-db", 4.627751]}, {"t": 1696561670, "d": ["acmeair-flight-db", 0.2565]}, {"t": 1696561670, "d": ["acmeair-mainservice", 0.153]}, {"t": 1696561680, "d": ["acmeair-booking-db", 24.927501]}, {"t": 1696561680, "d": ["acmeair-bookingservice", 11.92975]}, {"t": 1696561680, "d": ["acmeair-customerservice", 6.6255]}, {"t": 1696561680, "d": ["acmeair-flightservice", 11.8445]}, {"t": 1696561680, "d": ["acmeair-authservice", 1.83875]}, {"t": 1696561680, "d": ["acmeair-customer-db", 4.7465]}, {"t": 1696561680, "d": ["acmeair-flight-db", 0.265751]}, {"t": 1696561680, "d": ["acmeair-mainservice", 0.163]}, {"t": 1696561690, "d": ["acmeair-booking-db", 19.50575]}, {"t": 1696561690, "d": ["acmeair-bookingservice", 8.80425]}, {"t": 1696561690, "d": ["acmeair-customerservice", 5.021501]}, {"t": 1696561690, "d": ["acmeair-flightservice", 9.55225]}, {"t": 1696561690, "d": ["acmeair-authservice", 1.2375]}, {"t": 1696561690, "d": ["acmeair-customer-db", 3.80975]}, {"t": 1696561690, "d": ["acmeair-flight-db", 0.2455]}, {"t": 1696561690, "d": ["acmeair-mainservice", 0.1595]}, {"t": 1696561700, "d": ["acmeair-booking-db", 27.919]}, {"t": 1696561700, "d": ["acmeair-bookingservice", 13.68525]}, {"t": 1696561700, "d": ["acmeair-customerservice", 7.710501]}, {"t": 1696561700, "d": ["acmeair-flightservice", 6.676]}, {"t": 1696561700, "d": ["acmeair-authservice", 2.0605]}, {"t": 1696561700, "d": ["acmeair-customer-db", 2.848]}, {"t": 1696561700, "d": ["acmeair-flight-db", 0.251]}, {"t": 1696561700, "d": ["acmeair-mainservice", 0.15975]}, {"t": 1696561710, "d": ["acmeair-booking-db", 27.7015]}, {"t": 1696561710, "d": ["acmeair-bookingservice", 13.3845]}, {"t": 1696561710, "d": ["acmeair-customerservice", 7.097751]}, {"t": 1696561710, "d": ["acmeair-flightservice", 10.898]}, {"t": 1696561710, "d": ["acmeair-authservice", 1.816]}, {"t": 1696561710, "d": ["acmeair-customer-db", 4.2515]}, {"t": 1696561710, "d": ["acmeair-flight-db", 0.265751]}, {"t": 1696561710, "d": ["acmeair-mainservice", 0.15]}, {"t": 1696561720, "d": ["acmeair-booking-db", 30.9925]}, {"t": 1696561720, "d": ["acmeair-bookingservice", 14.476]}, {"t": 1696561720, "d": ["acmeair-customerservice", 7.772]}, {"t": 1696561720, "d": ["acmeair-flightservice", 10.06875]}, {"t": 1696561720, "d": ["acmeair-authservice", 2.1935]}, {"t": 1696561720, "d": ["acmeair-customer-db", 3.992]}, {"t": 1696561720, "d": ["acmeair-flight-db", 0.2625]}, {"t": 1696561720, "d": ["acmeair-mainservice", 0.132]}, {"t": 1696561730, "d": ["acmeair-booking-db", 24.784]}, {"t": 1696561730, "d": ["acmeair-bookingservice", 12.827001]}, {"t": 1696561730, "d": ["acmeair-customerservice", 6.8315]}, {"t": 1696561730, "d": ["acmeair-flightservice", 10.956]}, {"t": 1696561730, "d": ["acmeair-authservice", 1.8555]}, {"t": 1696561730, "d": ["acmeair-customer-db", 4.3655]}, {"t": 1696561730, "d": ["acmeair-flight-db", 0.264]}, {"t": 1696561730, "d": ["acmeair-mainservice", 0.131]}, {"t": 1696561740, "d": ["acmeair-booking-db", 33.11475]}, {"t": 1696561740, "d": ["acmeair-bookingservice", 16.164251]}, {"t": 1696561740, "d": ["acmeair-customerservice", 8.8565]}, {"t": 1696561740, "d": ["acmeair-flightservice", 9.91975]}, {"t": 1696561740, "d": ["acmeair-authservice", 2.36725]}, {"t": 1696561740, "d": ["acmeair-customer-db", 3.8395]}, {"t": 1696561740, "d": ["acmeair-flight-db", 0.24875]}, {"t": 1696561740, "d": ["acmeair-mainservice", 0.13525]}, {"t": 1696561750, "d": ["acmeair-booking-db", 25.804251]}, {"t": 1696561750, "d": ["acmeair-bookingservice", 13.358]}, {"t": 1696561750, "d": ["acmeair-customerservice", 6.78425]}, {"t": 1696561750, "d": ["acmeair-flightservice", 12.8165]}, {"t": 1696561750, "d": ["acmeair-authservice", 1.815]}, {"t": 1696561750, "d": ["acmeair-customer-db", 4.974]}, {"t": 1696561750, "d": ["acmeair-flight-db", 0.2505]}, {"t": 1696561750, "d": ["acmeair-mainservice", 0.175]}, {"t": 1696561760, "d": ["acmeair-booking-db", 26.61775]}, {"t": 1696561760, "d": ["acmeair-bookingservice", 13.88125]}, {"t": 1696561760, "d": ["acmeair-customerservice", 7.46]}, {"t": 1696561760, "d": ["acmeair-flightservice", 9.822751]}, {"t": 1696561760, "d": ["acmeair-authservice", 2.126001]}, {"t": 1696561760, "d": ["acmeair-customer-db", 3.826501]}, {"t": 1696561760, "d": ["acmeair-flight-db", 0.2575]}, {"t": 1696561760, "d": ["acmeair-mainservice", 0.1895]}, {"t": 1696561770, "d": ["acmeair-booking-db", 27.735501]}, {"t": 1696561770, "d": ["acmeair-bookingservice", 14.817251]}, {"t": 1696561770, "d": ["acmeair-customerservice", 7.6005]}, {"t": 1696561770, "d": ["acmeair-flightservice", 11.25975]}, {"t": 1696561770, "d": ["acmeair-authservice", 2.013]}, {"t": 1696561770, "d": ["acmeair-customer-db", 4.21425]}, {"t": 1696561770, "d": ["acmeair-flight-db", 0.22025]}, {"t": 1696561770, "d": ["acmeair-mainservice", 0.15475]}, {"t": 1696561780, "d": ["acmeair-booking-db", 24.7415]}, {"t": 1696561780, "d": ["acmeair-bookingservice", 12.319]}, {"t": 1696561780, "d": ["acmeair-customerservice", 6.429]}, {"t": 1696561780, "d": ["acmeair-flightservice", 10.80125]}, {"t": 1696561780, "d": ["acmeair-authservice", 1.775251]}, {"t": 1696561780, "d": ["acmeair-customer-db", 4.3235]}, {"t": 1696561780, "d": ["acmeair-flight-db", 0.22275]}, {"t": 1696561780, "d": ["acmeair-mainservice", 0.117]}, {"t": 1696561790, "d": ["acmeair-booking-db", 30.95725]}, {"t": 1696561790, "d": ["acmeair-bookingservice", 15.9295]}, {"t": 1696561790, "d": ["acmeair-customerservice", 8.307]}, {"t": 1696561790, "d": ["acmeair-flightservice", 9.3675]}, {"t": 1696561790, "d": ["acmeair-authservice", 2.20575]}, {"t": 1696561790, "d": ["acmeair-customer-db", 3.67125]}, {"t": 1696561790, "d": ["acmeair-flight-db", 0.29375]}, {"t": 1696561790, "d": ["acmeair-mainservice", 0.128]}, {"t": 1696561800, "d": ["acmeair-booking-db", 29.374001]}, {"t": 1696561800, "d": ["acmeair-bookingservice", 15.62025]}, {"t": 1696561800, "d": ["acmeair-customerservice", 8.37225]}, {"t": 1696561800, "d": ["acmeair-flightservice", 12.5405]}, {"t": 1696561800, "d": ["acmeair-authservice", 2.143]}, {"t": 1696561800, "d": ["acmeair-customer-db", 4.716251]}, {"t": 1696561800, "d": ["acmeair-flight-db", 0.26625]}, {"t": 1696561800, "d": ["acmeair-mainservice", 0.141251]}, {"t": 1696561810, "d": ["acmeair-booking-db", 29.64]}, {"t": 1696561810, "d": ["acmeair-bookingservice", 14.03625]}, {"t": 1696561810, "d": ["acmeair-customerservice", 7.632]}, {"t": 1696561810, "d": ["acmeair-flightservice", 11.70325]}, {"t": 1696561810, "d": ["acmeair-authservice", 2.08175]}, {"t": 1696561810, "d": ["acmeair-customer-db", 4.6725]}, {"t": 1696561810, "d": ["acmeair-flight-db", 0.217]}, {"t": 1696561810, "d": ["acmeair-mainservice", 0.13775]}, {"t": 1696561820, "d": ["acmeair-booking-db", 32.105001]}, {"t": 1696561820, "d": ["acmeair-bookingservice", 16.1185]}, {"t": 1696561820, "d": ["acmeair-customerservice", 8.6115]}, {"t": 1696561820, "d": ["acmeair-flightservice", 10.8895]}, {"t": 1696561820, "d": ["acmeair-authservice", 2.2305]}, {"t": 1696561820, "d": ["acmeair-customer-db", 4.371]}, {"t": 1696561820, "d": ["acmeair-flight-db", 0.29225]}, {"t": 1696561820, "d": ["acmeair-mainservice", 0.12775]}, {"t": 1696561830, "d": ["acmeair-booking-db", 29.99375]}, {"t": 1696561830, "d": ["acmeair-bookingservice", 15.071251]}, {"t": 1696561830, "d": ["acmeair-customerservice", 7.907]}, {"t": 1696561830, "d": ["acmeair-flightservice", 12.537]}, {"t": 1696561830, "d": ["acmeair-authservice", 2.0455]}, {"t": 1696561830, "d": ["acmeair-customer-db", 4.98025]}, {"t": 1696561830, "d": ["acmeair-flight-db", 0.429]}, {"t": 1696561830, "d": ["acmeair-mainservice", 0.148]}, {"t": 1696561840, "d": ["acmeair-booking-db", 24.773501]}, {"t": 1696561840, "d": ["acmeair-bookingservice", 12.69975]}, {"t": 1696561840, "d": ["acmeair-customerservice", 6.69275]}, {"t": 1696561840, "d": ["acmeair-flightservice", 11.574251]}, {"t": 1696561840, "d": ["acmeair-authservice", 1.7555]}, {"t": 1696561840, "d": ["acmeair-customer-db", 4.4815]}, {"t": 1696561840, "d": ["acmeair-flight-db", 0.2555]}, {"t": 1696561840, "d": ["acmeair-mainservice", 0.176]}, {"t": 1696561850, "d": ["acmeair-booking-db", 26.691751]}, {"t": 1696561850, "d": ["acmeair-bookingservice", 12.8965]}, {"t": 1696561850, "d": ["acmeair-customerservice", 6.8065]}, {"t": 1696561850, "d": ["acmeair-flightservice", 9.847]}, {"t": 1696561850, "d": ["acmeair-authservice", 1.9365]}, {"t": 1696561850, "d": ["acmeair-customer-db", 3.8535]}, {"t": 1696561850, "d": ["acmeair-flight-db", 0.27]}, {"t": 1696561850, "d": ["acmeair-mainservice", 0.157]}, {"t": 1696561860, "d": ["acmeair-booking-db", 30.7135]}, {"t": 1696561860, "d": ["acmeair-bookingservice", 15.71025]}, {"t": 1696561860, "d": ["acmeair-customerservice", 8.232]}, {"t": 1696561860, "d": ["acmeair-flightservice", 9.80225]}, {"t": 1696561860, "d": ["acmeair-authservice", 2.164]}, {"t": 1696561860, "d": ["acmeair-customer-db", 4.06725]}, {"t": 1696561860, "d": ["acmeair-flight-db", 0.27025]}, {"t": 1696561860, "d": ["acmeair-mainservice", 0.13725]}, {"t": 1696561870, "d": ["acmeair-booking-db", 28.2945]}, {"t": 1696561870, "d": ["acmeair-bookingservice", 14.264]}, {"t": 1696561870, "d": ["acmeair-customerservice", 7.301]}, {"t": 1696561870, "d": ["acmeair-flightservice", 11.87525]}, {"t": 1696561870, "d": ["acmeair-authservice", 1.954501]}, {"t": 1696561870, "d": ["acmeair-customer-db", 4.69575]}, {"t": 1696561870, "d": ["acmeair-flight-db", 0.27575]}, {"t": 1696561870, "d": ["acmeair-mainservice", 0.13775]}, {"t": 1696561880, "d": ["acmeair-booking-db", 28.08625]}, {"t": 1696561880, "d": ["acmeair-bookingservice", 14.27525]}, {"t": 1696561880, "d": ["acmeair-customerservice", 7.38725]}, {"t": 1696561880, "d": ["acmeair-flightservice", 10.88825]}, {"t": 1696561880, "d": ["acmeair-authservice", 1.979501]}, {"t": 1696561880, "d": ["acmeair-customer-db", 4.13]}, {"t": 1696561880, "d": ["acmeair-flight-db", 0.25025]}, {"t": 1696561880, "d": ["acmeair-mainservice", 0.13125]}, {"t": 1696561890, "d": ["acmeair-booking-db", 27.12525]}, {"t": 1696561890, "d": ["acmeair-bookingservice", 13.984]}, {"t": 1696561890, "d": ["acmeair-customerservice", 7.39375]}, {"t": 1696561890, "d": ["acmeair-flightservice", 10.71]}, {"t": 1696561890, "d": ["acmeair-authservice", 1.895]}, {"t": 1696561890, "d": ["acmeair-customer-db", 4.30375]}, {"t": 1696561890, "d": ["acmeair-flight-db", 0.238]}, {"t": 1696561890, "d": ["acmeair-mainservice", 0.13325]}, {"t": 1696561900, "d": ["acmeair-booking-db", 31.048751]}, {"t": 1696561900, "d": ["acmeair-bookingservice", 16.52025]}, {"t": 1696561900, "d": ["acmeair-customerservice", 8.38625]}, {"t": 1696561900, "d": ["acmeair-flightservice", 10.441501]}, {"t": 1696561900, "d": ["acmeair-authservice", 2.47325]}, {"t": 1696561900, "d": ["acmeair-customer-db", 4.18125]}, {"t": 1696561900, "d": ["acmeair-flight-db", 0.27125]}, {"t": 1696561900, "d": ["acmeair-mainservice", 0.12575]}, {"t": 1696561910, "d": ["acmeair-booking-db", 24.94825]}, {"t": 1696561910, "d": ["acmeair-bookingservice", 12.4405]}, {"t": 1696561910, "d": ["acmeair-customerservice", 6.6485]}, {"t": 1696561910, "d": ["acmeair-flightservice", 12.37975]}, {"t": 1696561910, "d": ["acmeair-authservice", 1.81475]}, {"t": 1696561910, "d": ["acmeair-customer-db", 4.853]}, {"t": 1696561910, "d": ["acmeair-flight-db", 0.2375]}, {"t": 1696561910, "d": ["acmeair-mainservice", 0.17625]}, {"t": 1696561920, "d": ["acmeair-booking-db", 30.603251]}, {"t": 1696561920, "d": ["acmeair-bookingservice", 14.51225]}, {"t": 1696561920, "d": ["acmeair-customerservice", 7.47375]}, {"t": 1696561920, "d": ["acmeair-flightservice", 9.6395]}, {"t": 1696561920, "d": ["acmeair-authservice", 2.05025]}, {"t": 1696561920, "d": ["acmeair-customer-db", 3.78925]}, {"t": 1696561920, "d": ["acmeair-flight-db", 0.2375]}, {"t": 1696561920, "d": ["acmeair-mainservice", 0.1565]}, {"t": 1696561930, "d": ["acmeair-booking-db", 30.416001]}, {"t": 1696561930, "d": ["acmeair-bookingservice", 15.583251]}, {"t": 1696561930, "d": ["acmeair-customerservice", 8.1325]}, {"t": 1696561930, "d": ["acmeair-flightservice", 11.34075]}, {"t": 1696561930, "d": ["acmeair-authservice", 2.2935]}, {"t": 1696561930, "d": ["acmeair-customer-db", 4.309]}, {"t": 1696561930, "d": ["acmeair-flight-db", 0.2555]}, {"t": 1696561930, "d": ["acmeair-mainservice", 0.13875]}, {"t": 1696561940, "d": ["acmeair-booking-db", 17.8105]}, {"t": 1696561940, "d": ["acmeair-bookingservice", 8.969]}, {"t": 1696561940, "d": ["acmeair-customerservice", 4.71325]}, {"t": 1696561940, "d": ["acmeair-flightservice", 11.776]}, {"t": 1696561940, "d": ["acmeair-authservice", 1.35825]}, {"t": 1696561940, "d": ["acmeair-customer-db", 4.678]}, {"t": 1696561940, "d": ["acmeair-flight-db", 0.27975]}, {"t": 1696561940, "d": ["acmeair-mainservice", 0.139]}, {"t": 1696561950, "d": ["acmeair-booking-db", 22.5435]}, {"t": 1696561950, "d": ["acmeair-bookingservice", 11.2235]}, {"t": 1696561950, "d": ["acmeair-customerservice", 6.16225]}, {"t": 1696561950, "d": ["acmeair-flightservice", 7.1505]}, {"t": 1696561950, "d": ["acmeair-authservice", 1.603751]}, {"t": 1696561950, "d": ["acmeair-customer-db", 2.79975]}, {"t": 1696561950, "d": ["acmeair-flight-db", 0.18]}, {"t": 1696561950, "d": ["acmeair-mainservice", 0.1365]}, {"t": 1696561960, "d": ["acmeair-booking-db", 20.48175]}, {"t": 1696561960, "d": ["acmeair-bookingservice", 10.1815]}, {"t": 1696561960, "d": ["acmeair-customerservice", 5.21825]}, {"t": 1696561960, "d": ["acmeair-flightservice", 9.0455]}, {"t": 1696561960, "d": ["acmeair-authservice", 1.4575]}, {"t": 1696561960, "d": ["acmeair-customer-db", 3.645751]}, {"t": 1696561960, "d": ["acmeair-flight-db", 0.18325]}, {"t": 1696561960, "d": ["acmeair-mainservice", 0.12525]}, {"t": 1696561970, "d": ["acmeair-booking-db", 19.25875]}, {"t": 1696561970, "d": ["acmeair-bookingservice", 9.59725]}, {"t": 1696561970, "d": ["acmeair-customerservice", 4.7175]}, {"t": 1696561970, "d": ["acmeair-flightservice", 7.95475]}, {"t": 1696561970, "d": ["acmeair-authservice", 1.32275]}, {"t": 1696561970, "d": ["acmeair-customer-db", 3.14575]}, {"t": 1696561970, "d": ["acmeair-flight-db", 0.25475]}, {"t": 1696561970, "d": ["acmeair-mainservice", 0.13625]}, {"t": 1696561980, "d": ["acmeair-booking-db", 21.92825]}, {"t": 1696561980, "d": ["acmeair-bookingservice", 10.24]}, {"t": 1696561980, "d": ["acmeair-customerservice", 5.677001]}, {"t": 1696561980, "d": ["acmeair-flightservice", 7.235251]}, {"t": 1696561980, "d": ["acmeair-authservice", 1.5165]}, {"t": 1696561980, "d": ["acmeair-customer-db", 2.82]}, {"t": 1696561980, "d": ["acmeair-flight-db", 0.255]}, {"t": 1696561980, "d": ["acmeair-mainservice", 0.127]}, {"t": 1696561990, "d": ["acmeair-booking-db", 17.63175]}, {"t": 1696561990, "d": ["acmeair-bookingservice", 9.092]}, {"t": 1696561990, "d": ["acmeair-customerservice", 4.66675]}, {"t": 1696561990, "d": ["acmeair-flightservice", 7.806]}, {"t": 1696561990, "d": ["acmeair-authservice", 1.41425]}, {"t": 1696561990, "d": ["acmeair-customer-db", 3.345751]}, {"t": 1696561990, "d": ["acmeair-flight-db", 0.237251]}, {"t": 1696561990, "d": ["acmeair-mainservice", 0.147]}, {"t": 1696562000, "d": ["acmeair-booking-db", 20.4135]}, {"t": 1696562000, "d": ["acmeair-bookingservice", 10.2975]}, {"t": 1696562000, "d": ["acmeair-customerservice", 5.429]}, {"t": 1696562000, "d": ["acmeair-flightservice", 6.530501]}, {"t": 1696562000, "d": ["acmeair-authservice", 1.64525]}, {"t": 1696562000, "d": ["acmeair-customer-db", 2.64025]}, {"t": 1696562000, "d": ["acmeair-flight-db", 0.26275]}, {"t": 1696562000, "d": ["acmeair-mainservice", 0.135]}, {"t": 1696562010, "d": ["acmeair-booking-db", 22.4]}, {"t": 1696562010, "d": ["acmeair-bookingservice", 11.21725]}, {"t": 1696562010, "d": ["acmeair-customerservice", 5.79175]}, {"t": 1696562010, "d": ["acmeair-flightservice", 7.34175]}, {"t": 1696562010, "d": ["acmeair-authservice", 1.70275]}, {"t": 1696562010, "d": ["acmeair-customer-db", 3.11825]}, {"t": 1696562010, "d": ["acmeair-flight-db", 0.27]}, {"t": 1696562010, "d": ["acmeair-mainservice", 0.16325]}, {"t": 1696562020, "d": ["acmeair-booking-db", 23.76225]}, {"t": 1696562020, "d": ["acmeair-bookingservice", 11.85925]}, {"t": 1696562020, "d": ["acmeair-customerservice", 6.1765]}, {"t": 1696562020, "d": ["acmeair-flightservice", 8.29225]}, {"t": 1696562020, "d": ["acmeair-authservice", 1.93975]}, {"t": 1696562020, "d": ["acmeair-customer-db", 3.2845]}, {"t": 1696562020, "d": ["acmeair-flight-db", 0.23225]}, {"t": 1696562020, "d": ["acmeair-mainservice", 0.186]}, {"t": 1696562030, "d": ["acmeair-booking-db", 20.24625]}, {"t": 1696562030, "d": ["acmeair-bookingservice", 9.76675]}, {"t": 1696562030, "d": ["acmeair-customerservice", 5.2375]}, {"t": 1696562030, "d": ["acmeair-flightservice", 8.8995]}, {"t": 1696562030, "d": ["acmeair-authservice", 1.5335]}, {"t": 1696562030, "d": ["acmeair-customer-db", 3.5815]}, {"t": 1696562030, "d": ["acmeair-flight-db", 0.274]}, {"t": 1696562030, "d": ["acmeair-mainservice", 0.1635]}, {"t": 1696562040, "d": ["acmeair-booking-db", 21.7465]}, {"t": 1696562040, "d": ["acmeair-bookingservice", 11.13625]}, {"t": 1696562040, "d": ["acmeair-customerservice", 5.79175]}, {"t": 1696562040, "d": ["acmeair-flightservice", 7.51575]}, {"t": 1696562040, "d": ["acmeair-authservice", 1.741751]}, {"t": 1696562040, "d": ["acmeair-customer-db", 3.01575]}, {"t": 1696562040, "d": ["acmeair-flight-db", 0.26525]}, {"t": 1696562040, "d": ["acmeair-mainservice", 0.16825]}], "start": 1696561440, "end": 1696562040}