{"data": [{"t": 1696561460, "d": ["acmeair-customerservice", 174952328]}, {"t": 1696561460, "d": ["acmeair-bookingservice", 171918108]}, {"t": 1696561460, "d": ["acmeair-authservice", 163789672]}, {"t": 1696561460, "d": ["acmeair-flightservice", 163227496]}, {"t": 1696561460, "d": ["acmeair-mainservice", 112111264]}, {"t": 1696561470, "d": ["acmeair-customerservice", 174952328]}, {"t": 1696561470, "d": ["acmeair-bookingservice", 171918108]}, {"t": 1696561470, "d": ["acmeair-authservice", 163666104]}, {"t": 1696561470, "d": ["acmeair-flightservice", 163227496]}, {"t": 1696561470, "d": ["acmeair-mainservice", 112111264]}, {"t": 1696561480, "d": ["acmeair-customerservice", 174952328]}, {"t": 1696561480, "d": ["acmeair-bookingservice", 171918108]}, {"t": 1696561480, "d": ["acmeair-authservice", 163666104]}, {"t": 1696561480, "d": ["acmeair-flightservice", 163227496]}, {"t": 1696561480, "d": ["acmeair-mainservice", 112111264]}, {"t": 1696561490, "d": ["acmeair-customerservice", 174952328]}, {"t": 1696561490, "d": ["acmeair-bookingservice", 171918108]}, {"t": 1696561490, "d": ["acmeair-authservice", 163806860.571429]}, {"t": 1696561490, "d": ["acmeair-flightservice", 163227496]}, {"t": 1696561490, "d": ["acmeair-mainservice", 112111264]}, {"t": 1696561500, "d": ["acmeair-customerservice", 174954971.2]}, {"t": 1696561500, "d": ["acmeair-bookingservice", 171918108]}, {"t": 1696561500, "d": ["acmeair-authservice", 163666568]}, {"t": 1696561500, "d": ["acmeair-flightservice", 163227496]}, {"t": 1696561500, "d": ["acmeair-mainservice", 112111264]}, {"t": 1696561510, "d": ["acmeair-customerservice", 174959218]}, {"t": 1696561510, "d": ["acmeair-bookingservice", 171918788]}, {"t": 1696561510, "d": ["acmeair-authservice", 163666852.8]}, {"t": 1696561510, "d": ["acmeair-flightservice", 163227496]}, {"t": 1696561510, "d": ["acmeair-mainservice", 112111264]}, {"t": 1696561520, "d": ["acmeair-customerservice", 174959688]}, {"t": 1696561520, "d": ["acmeair-bookingservice", 171920828]}, {"t": 1696561520, "d": ["acmeair-authservice", 163667928]}, {"t": 1696561520, "d": ["acmeair-flightservice", 163227496]}, {"t": 1696561520, "d": ["acmeair-mainservice", 112111264]}, {"t": 1696561530, "d": ["acmeair-customerservice", 174959688]}, {"t": 1696561530, "d": ["acmeair-bookingservice", 171920828]}, {"t": 1696561530, "d": ["acmeair-authservice", 163668185.777778]}, {"t": 1696561530, "d": ["acmeair-flightservice", 163227496]}, {"t": 1696561530, "d": ["acmeair-mainservice", 112111264]}, {"t": 1696561540, "d": ["acmeair-customerservice", 174959688]}, {"t": 1696561540, "d": ["acmeair-bookingservice", 171921074.4]}, {"t": 1696561540, "d": ["acmeair-authservice", 163670248]}, {"t": 1696561540, "d": ["acmeair-flightservice", 163227496]}, {"t": 1696561540, "d": ["acmeair-mainservice", 112111264]}, {"t": 1696561550, "d": ["acmeair-customerservice", 174959688]}, {"t": 1696561550, "d": ["acmeair-bookingservice", 171921180]}, {"t": 1696561550, "d": ["acmeair-authservice", 163670248]}, {"t": 1696561550, "d": ["acmeair-flightservice", 163227496]}, {"t": 1696561550, "d": ["acmeair-mainservice", 112535507.2]}, {"t": 1696561560, "d": ["acmeair-customerservice", 174959688]}, {"t": 1696561560, "d": ["acmeair-bookingservice", 171921180]}, {"t": 1696561560, "d": ["acmeair-authservice", 163670336]}, {"t": 1696561560, "d": ["acmeair-flightservice", 163227496]}, {"t": 1696561560, "d": ["acmeair-mainservice", 112139616]}, {"t": 1696561570, "d": ["acmeair-customerservice", 174959688]}, {"t": 1696561570, "d": ["acmeair-bookingservice", 171921180]}, {"t": 1696561570, "d": ["acmeair-authservice", 163671128]}, {"t": 1696561570, "d": ["acmeair-flightservice", 163227496]}, {"t": 1696561570, "d": ["acmeair-mainservice", 112139616]}, {"t": 1696561580, "d": ["acmeair-customerservice", 174959688]}, {"t": 1696561580, "d": ["acmeair-bookingservice", 171927112.8]}, {"t": 1696561580, "d": ["acmeair-authservice", 163671128]}, {"t": 1696561580, "d": ["acmeair-flightservice", 163227496]}, {"t": 1696561580, "d": ["acmeair-mainservice", 112139616]}, {"t": 1696561590, "d": ["acmeair-customerservice", 174959688]}, {"t": 1696561590, "d": ["acmeair-bookingservice", 171926716]}, {"t": 1696561590, "d": ["acmeair-authservice", 163671128]}, {"t": 1696561590, "d": ["acmeair-flightservice", 163227496]}, {"t": 1696561590, "d": ["acmeair-mainservice", 112139616]}, {"t": 1696561600, "d": ["acmeair-customerservice", 174959688]}, {"t": 1696561600, "d": ["acmeair-bookingservice", 171926716]}, {"t": 1696561600, "d": ["acmeair-authservice", 163671128]}, {"t": 1696561600, "d": ["acmeair-flightservice", 163227496]}, {"t": 1696561600, "d": ["acmeair-mainservice", 112139616]}, {"t": 1696561610, "d": ["acmeair-customerservice", 174959688]}, {"t": 1696561610, "d": ["acmeair-bookingservice", 171927820]}, {"t": 1696561610, "d": ["acmeair-authservice", 163674044.571429]}, {"t": 1696561610, "d": ["acmeair-flightservice", 163227496]}, {"t": 1696561610, "d": ["acmeair-mainservice", 112139616]}, {"t": 1696561620, "d": ["acmeair-customerservice", 174959688]}, {"t": 1696561620, "d": ["acmeair-bookingservice", 171932700]}, {"t": 1696561620, "d": ["acmeair-authservice", 163676232]}, {"t": 1696561620, "d": ["acmeair-flightservice", 163227496]}, {"t": 1696561620, "d": ["acmeair-mainservice", 112139616]}, {"t": 1696561630, "d": ["acmeair-customerservice", 175216152]}, {"t": 1696561630, "d": ["acmeair-bookingservice", 171932700]}, {"t": 1696561630, "d": ["acmeair-authservice", 163676232]}, {"t": 1696561630, "d": ["acmeair-flightservice", 163227496]}, {"t": 1696561630, "d": ["acmeair-mainservice", 112139616]}, {"t": 1696561640, "d": ["acmeair-customerservice", 174979352]}, {"t": 1696561640, "d": ["acmeair-bookingservice", 171932700]}, {"t": 1696561640, "d": ["acmeair-authservice", 163678593.6]}, {"t": 1696561640, "d": ["acmeair-flightservice", 163227496]}, {"t": 1696561640, "d": ["acmeair-mainservice", 112139616]}, {"t": 1696561650, "d": ["acmeair-customerservice", 174988648]}, {"t": 1696561650, "d": ["acmeair-bookingservice", 171932700]}, {"t": 1696561650, "d": ["acmeair-authservice", 163679816]}, {"t": 1696561650, "d": ["acmeair-flightservice", 163227496]}, {"t": 1696561650, "d": ["acmeair-mainservice", 112135466.666667]}, {"t": 1696561660, "d": ["acmeair-customerservice", 174988168]}, {"t": 1696561660, "d": ["acmeair-bookingservice", 171932757.6]}, {"t": 1696561660, "d": ["acmeair-authservice", 163679816]}, {"t": 1696561660, "d": ["acmeair-flightservice", 163227496]}, {"t": 1696561660, "d": ["acmeair-mainservice", 112127168]}, {"t": 1696561670, "d": ["acmeair-customerservice", 174988168]}, {"t": 1696561670, "d": ["acmeair-bookingservice", 171932844]}, {"t": 1696561670, "d": ["acmeair-authservice", 163679816]}, {"t": 1696561670, "d": ["acmeair-flightservice", 163227496]}, {"t": 1696561670, "d": ["acmeair-mainservice", 112127168]}, {"t": 1696561680, "d": ["acmeair-customerservice", 174988168]}, {"t": 1696561680, "d": ["acmeair-bookingservice", 171932844]}, {"t": 1696561680, "d": ["acmeair-authservice", 163680208]}, {"t": 1696561680, "d": ["acmeair-flightservice", 163227496]}, {"t": 1696561680, "d": ["acmeair-mainservice", 112127168]}, {"t": 1696561690, "d": ["acmeair-customerservice", 174988168]}, {"t": 1696561690, "d": ["acmeair-bookingservice", 171932844]}, {"t": 1696561690, "d": ["acmeair-authservice", 163683736]}, {"t": 1696561690, "d": ["acmeair-flightservice", 163227496]}, {"t": 1696561690, "d": ["acmeair-mainservice", 112127168]}, {"t": 1696561700, "d": ["acmeair-customerservice", 174988168]}, {"t": 1696561700, "d": ["acmeair-bookingservice", 171932844]}, {"t": 1696561700, "d": ["acmeair-authservice", 163683736]}, {"t": 1696561700, "d": ["acmeair-flightservice", 163227496]}, {"t": 1696561700, "d": ["acmeair-mainservice", 112127168]}, {"t": 1696561710, "d": ["acmeair-customerservice", 174988168]}, {"t": 1696561710, "d": ["acmeair-bookingservice", 171932844]}, {"t": 1696561710, "d": ["acmeair-authservice", 163683736]}, {"t": 1696561710, "d": ["acmeair-flightservice", 163227496]}, {"t": 1696561710, "d": ["acmeair-mainservice", 112127168]}, {"t": 1696561720, "d": ["acmeair-customerservice", 174988168]}, {"t": 1696561720, "d": ["acmeair-bookingservice", 171932844]}, {"t": 1696561720, "d": ["acmeair-authservice", 163683736]}, {"t": 1696561720, "d": ["acmeair-flightservice", 163227496]}, {"t": 1696561720, "d": ["acmeair-mainservice", 112127168]}, {"t": 1696561730, "d": ["acmeair-customerservice", 174988168]}, {"t": 1696561730, "d": ["acmeair-bookingservice", 172396916]}, {"t": 1696561730, "d": ["acmeair-authservice", 163684059.2]}, {"t": 1696561730, "d": ["acmeair-flightservice", 163227496]}, {"t": 1696561730, "d": ["acmeair-mainservice", 112127168]}, {"t": 1696561740, "d": ["acmeair-customerservice", 174988168]}, {"t": 1696561740, "d": ["acmeair-bookingservice", 171950172]}, {"t": 1696561740, "d": ["acmeair-authservice", 163685336]}, {"t": 1696561740, "d": ["acmeair-flightservice", 163227496]}, {"t": 1696561740, "d": ["acmeair-mainservice", 112127168]}, {"t": 1696561750, "d": ["acmeair-customerservice", 174990288]}, {"t": 1696561750, "d": ["acmeair-bookingservice", 171965392.8]}, {"t": 1696561750, "d": ["acmeair-authservice", 163685336]}, {"t": 1696561750, "d": ["acmeair-flightservice", 163227496]}, {"t": 1696561750, "d": ["acmeair-mainservice", 112127168]}, {"t": 1696561760, "d": ["acmeair-customerservice", 174992952]}, {"t": 1696561760, "d": ["acmeair-bookingservice", 171967084]}, {"t": 1696561760, "d": ["acmeair-authservice", 163685336]}, {"t": 1696561760, "d": ["acmeair-flightservice", 163227496]}, {"t": 1696561760, "d": ["acmeair-mainservice", 112127168]}, {"t": 1696561770, "d": ["acmeair-customerservice", 174992952]}, {"t": 1696561770, "d": ["acmeair-bookingservice", 171967084]}, {"t": 1696561770, "d": ["acmeair-authservice", 163685336]}, {"t": 1696561770, "d": ["acmeair-flightservice", 163227496]}, {"t": 1696561770, "d": ["acmeair-mainservice", 112127168]}, {"t": 1696561780, "d": ["acmeair-customerservice", 174992952]}, {"t": 1696561780, "d": ["acmeair-bookingservice", 171967084]}, {"t": 1696561780, "d": ["acmeair-authservice", 163685336]}, {"t": 1696561780, "d": ["acmeair-flightservice", 163227496]}, {"t": 1696561780, "d": ["acmeair-mainservice", 112127168]}, {"t": 1696561790, "d": ["acmeair-customerservice", 174992952]}, {"t": 1696561790, "d": ["acmeair-bookingservice", 171967084]}, {"t": 1696561790, "d": ["acmeair-authservice", 163685336]}, {"t": 1696561790, "d": ["acmeair-flightservice", 163227496]}, {"t": 1696561790, "d": ["acmeair-mainservice", 112127168]}, {"t": 1696561800, "d": ["acmeair-customerservice", 175001073.6]}, {"t": 1696561800, "d": ["acmeair-bookingservice", 171967084]}, {"t": 1696561800, "d": ["acmeair-authservice", 163685336]}, {"t": 1696561800, "d": ["acmeair-flightservice", 163227496]}, {"t": 1696561800, "d": ["acmeair-mainservice", 112127168]}, {"t": 1696561810, "d": ["acmeair-customerservice", 175001976]}, {"t": 1696561810, "d": ["acmeair-bookingservice", 171967084]}, {"t": 1696561810, "d": ["acmeair-authservice", 163685336]}, {"t": 1696561810, "d": ["acmeair-flightservice", 163227496]}, {"t": 1696561810, "d": ["acmeair-mainservice", 112127168]}, {"t": 1696561820, "d": ["acmeair-customerservice", 175001976]}, {"t": 1696561820, "d": ["acmeair-bookingservice", 171967084]}, {"t": 1696561820, "d": ["acmeair-authservice", 163685336]}, {"t": 1696561820, "d": ["acmeair-flightservice", 163227496]}, {"t": 1696561820, "d": ["acmeair-mainservice", 112127168]}, {"t": 1696561830, "d": ["acmeair-customerservice", 175001976]}, {"t": 1696561830, "d": ["acmeair-bookingservice", 171967084]}, {"t": 1696561830, "d": ["acmeair-authservice", 163685336]}, {"t": 1696561830, "d": ["acmeair-flightservice", 163227496]}, {"t": 1696561830, "d": ["acmeair-mainservice", 112127168]}, {"t": 1696561840, "d": ["acmeair-customerservice", 175002196.444445]}, {"t": 1696561840, "d": ["acmeair-bookingservice", 171967084]}, {"t": 1696561840, "d": ["acmeair-authservice", 163685336]}, {"t": 1696561840, "d": ["acmeair-flightservice", 163227496]}, {"t": 1696561840, "d": ["acmeair-mainservice", 112127168]}, {"t": 1696561850, "d": ["acmeair-customerservice", 175002472]}, {"t": 1696561850, "d": ["acmeair-bookingservice", 171967084]}, {"t": 1696561850, "d": ["acmeair-authservice", 163685336]}, {"t": 1696561850, "d": ["acmeair-flightservice", 163227496]}, {"t": 1696561850, "d": ["acmeair-mainservice", 112127168]}, {"t": 1696561860, "d": ["acmeair-customerservice", 175002472]}, {"t": 1696561860, "d": ["acmeair-bookingservice", 171967084]}, {"t": 1696561860, "d": ["acmeair-authservice", 163685336]}, {"t": 1696561860, "d": ["acmeair-flightservice", 163231323.2]}, {"t": 1696561860, "d": ["acmeair-mainservice", 112127168]}, {"t": 1696561870, "d": ["acmeair-customerservice", 175002472]}, {"t": 1696561870, "d": ["acmeair-bookingservice", 171967084]}, {"t": 1696561870, "d": ["acmeair-authservice", 163685336]}, {"t": 1696561870, "d": ["acmeair-flightservice", 163231144]}, {"t": 1696561870, "d": ["acmeair-mainservice", 112127168]}, {"t": 1696561880, "d": ["acmeair-customerservice", 175002472]}, {"t": 1696561880, "d": ["acmeair-bookingservice", 171967084]}, {"t": 1696561880, "d": ["acmeair-authservice", 163685336]}, {"t": 1696561880, "d": ["acmeair-flightservice", 163231144]}, {"t": 1696561880, "d": ["acmeair-mainservice", 112127168]}, {"t": 1696561890, "d": ["acmeair-customerservice", 175002472]}, {"t": 1696561890, "d": ["acmeair-bookingservice", 171967084]}, {"t": 1696561890, "d": ["acmeair-authservice", 163685336]}, {"t": 1696561890, "d": ["acmeair-flightservice", 163231144]}, {"t": 1696561890, "d": ["acmeair-mainservice", 112127168]}, {"t": 1696561900, "d": ["acmeair-customerservice", 175002472]}, {"t": 1696561900, "d": ["acmeair-bookingservice", 174043767.2]}, {"t": 1696561900, "d": ["acmeair-authservice", 163685582.4]}, {"t": 1696561900, "d": ["acmeair-flightservice", 163231144]}, {"t": 1696561900, "d": ["acmeair-mainservice", 112127168]}, {"t": 1696561910, "d": ["acmeair-customerservice", 175007756.8]}, {"t": 1696561910, "d": ["acmeair-bookingservice", 172014140]}, {"t": 1696561910, "d": ["acmeair-authservice", 163686568]}, {"t": 1696561910, "d": ["acmeair-flightservice", 163231144]}, {"t": 1696561910, "d": ["acmeair-mainservice", 112127168]}, {"t": 1696561920, "d": ["acmeair-customerservice", 175008344]}, {"t": 1696561920, "d": ["acmeair-bookingservice", 172014140]}, {"t": 1696561920, "d": ["acmeair-authservice", 163686568]}, {"t": 1696561920, "d": ["acmeair-flightservice", 163231144]}, {"t": 1696561920, "d": ["acmeair-mainservice", 112127168]}, {"t": 1696561930, "d": ["acmeair-customerservice", 175008344]}, {"t": 1696561930, "d": ["acmeair-bookingservice", 172014140]}, {"t": 1696561930, "d": ["acmeair-authservice", 163686568]}, {"t": 1696561930, "d": ["acmeair-flightservice", 163231144]}, {"t": 1696561930, "d": ["acmeair-mainservice", 112127168]}, {"t": 1696561940, "d": ["acmeair-customerservice", 175008344]}, {"t": 1696561940, "d": ["acmeair-bookingservice", 172014140]}, {"t": 1696561940, "d": ["acmeair-authservice", 163686568]}, {"t": 1696561940, "d": ["acmeair-flightservice", 163231144]}, {"t": 1696561940, "d": ["acmeair-mainservice", 112127168]}, {"t": 1696561950, "d": ["acmeair-customerservice", 175008344]}, {"t": 1696561950, "d": ["acmeair-bookingservice", 172014140]}, {"t": 1696561950, "d": ["acmeair-authservice", 163686568]}, {"t": 1696561950, "d": ["acmeair-flightservice", 163231144]}, {"t": 1696561950, "d": ["acmeair-mainservice", 112127168]}, {"t": 1696561960, "d": ["acmeair-customerservice", 175008344]}, {"t": 1696561960, "d": ["acmeair-bookingservice", 172024084]}, {"t": 1696561960, "d": ["acmeair-authservice", 163686568]}, {"t": 1696561960, "d": ["acmeair-flightservice", 163231144]}, {"t": 1696561960, "d": ["acmeair-mainservice", 112127168]}, {"t": 1696561970, "d": ["acmeair-customerservice", 175008344]}, {"t": 1696561970, "d": ["acmeair-bookingservice", 172017900]}, {"t": 1696561970, "d": ["acmeair-authservice", 163686568]}, {"t": 1696561970, "d": ["acmeair-flightservice", 163231144]}, {"t": 1696561970, "d": ["acmeair-mainservice", 112127168]}, {"t": 1696561980, "d": ["acmeair-customerservice", 175008344]}, {"t": 1696561980, "d": ["acmeair-bookingservice", 172019423.2]}, {"t": 1696561980, "d": ["acmeair-authservice", 163686928]}, {"t": 1696561980, "d": ["acmeair-flightservice", 163231144]}, {"t": 1696561980, "d": ["acmeair-mainservice", 112127168]}, {"t": 1696561990, "d": ["acmeair-customerservice", 175010968]}, {"t": 1696561990, "d": ["acmeair-bookingservice", 172020076]}, {"t": 1696561990, "d": ["acmeair-authservice", 163690168]}, {"t": 1696561990, "d": ["acmeair-flightservice", 163231144]}, {"t": 1696561990, "d": ["acmeair-mainservice", 112127168]}, {"t": 1696562000, "d": ["acmeair-customerservice", 175015465.6]}, {"t": 1696562000, "d": ["acmeair-bookingservice", 172020076]}, {"t": 1696562000, "d": ["acmeair-authservice", 164220084.444445]}, {"t": 1696562000, "d": ["acmeair-flightservice", 163231144]}, {"t": 1696562000, "d": ["acmeair-mainservice", 112127168]}, {"t": 1696562010, "d": ["acmeair-customerservice", 175058875.2]}, {"t": 1696562010, "d": ["acmeair-bookingservice", 172020076]}, {"t": 1696562010, "d": ["acmeair-authservice", 163696344]}, {"t": 1696562010, "d": ["acmeair-flightservice", 163231144]}, {"t": 1696562010, "d": ["acmeair-mainservice", 112127168]}, {"t": 1696562020, "d": ["acmeair-customerservice", 175020244.8]}, {"t": 1696562020, "d": ["acmeair-bookingservice", 172020076]}, {"t": 1696562020, "d": ["acmeair-authservice", 163696344]}, {"t": 1696562020, "d": ["acmeair-flightservice", 163231144]}, {"t": 1696562020, "d": ["acmeair-mainservice", 112127168]}, {"t": 1696562030, "d": ["acmeair-customerservice", 175020872]}, {"t": 1696562030, "d": ["acmeair-bookingservice", 172020076]}, {"t": 1696562030, "d": ["acmeair-authservice", 163696955.2]}, {"t": 1696562030, "d": ["acmeair-flightservice", 163231144]}, {"t": 1696562030, "d": ["acmeair-mainservice", 112127168]}, {"t": 1696562040, "d": ["acmeair-customerservice", 175020872]}, {"t": 1696562040, "d": ["acmeair-bookingservice", 172020076]}, {"t": 1696562040, "d": ["acmeair-authservice", 163698179.2]}, {"t": 1696562040, "d": ["acmeair-flightservice", 163231144]}, {"t": 1696562040, "d": ["acmeair-mainservice", 112127168]}, {"t": 1696562050, "d": ["acmeair-customerservice", 175020872]}, {"t": 1696562050, "d": ["acmeair-bookingservice", 172020076]}, {"t": 1696562050, "d": ["acmeair-authservice", 163705768]}, {"t": 1696562050, "d": ["acmeair-flightservice", 163231144]}, {"t": 1696562050, "d": ["acmeair-mainservice", 112127168]}], "start": 1696561450, "end": 1696562050}