{"data": [{"t": 1696561460, "d": ["acmeair-bookingservice", 75.4]}, {"t": 1696561460, "d": ["acmeair-customerservice", 68.4]}, {"t": 1696561460, "d": ["acmeair-flightservice", 65.8]}, {"t": 1696561460, "d": ["acmeair-authservice", 64]}, {"t": 1696561460, "d": ["acmeair-mainservice", 60]}, {"t": 1696561470, "d": ["acmeair-bookingservice", 74.6]}, {"t": 1696561470, "d": ["acmeair-customerservice", 68]}, {"t": 1696561470, "d": ["acmeair-flightservice", 66.777778]}, {"t": 1696561470, "d": ["acmeair-authservice", 64]}, {"t": 1696561470, "d": ["acmeair-mainservice", 60.7]}, {"t": 1696561480, "d": ["acmeair-bookingservice", 81.9]}, {"t": 1696561480, "d": ["acmeair-customerservice", 68.4]}, {"t": 1696561480, "d": ["acmeair-flightservice", 65.4]}, {"t": 1696561480, "d": ["acmeair-authservice", 64]}, {"t": 1696561480, "d": ["acmeair-mainservice", 60]}, {"t": 1696561490, "d": ["acmeair-bookingservice", 85]}, {"t": 1696561490, "d": ["acmeair-customerservice", 67.6]}, {"t": 1696561490, "d": ["acmeair-flightservice", 65]}, {"t": 1696561490, "d": ["acmeair-authservice", 64]}, {"t": 1696561490, "d": ["acmeair-mainservice", 60]}, {"t": 1696561500, "d": ["acmeair-bookingservice", 81.4]}, {"t": 1696561500, "d": ["acmeair-customerservice", 68.8]}, {"t": 1696561500, "d": ["acmeair-flightservice", 65]}, {"t": 1696561500, "d": ["acmeair-authservice", 64]}, {"t": 1696561500, "d": ["acmeair-mainservice", 60]}, {"t": 1696561510, "d": ["acmeair-bookingservice", 81]}, {"t": 1696561510, "d": ["acmeair-customerservice", 70]}, {"t": 1696561510, "d": ["acmeair-flightservice", 65]}, {"t": 1696561510, "d": ["acmeair-authservice", 64.8]}, {"t": 1696561510, "d": ["acmeair-mainservice", 60]}, {"t": 1696561520, "d": ["acmeair-bookingservice", 82.2]}, {"t": 1696561520, "d": ["acmeair-customerservice", 73.2]}, {"t": 1696561520, "d": ["acmeair-flightservice", 65]}, {"t": 1696561520, "d": ["acmeair-authservice", 65.333334]}, {"t": 1696561520, "d": ["acmeair-mainservice", 60.5]}, {"t": 1696561530, "d": ["acmeair-bookingservice", 88.2]}, {"t": 1696561530, "d": ["acmeair-customerservice", 70.4]}, {"t": 1696561530, "d": ["acmeair-flightservice", 65.444445]}, {"t": 1696561530, "d": ["acmeair-authservice", 64.888889]}, {"t": 1696561530, "d": ["acmeair-mainservice", 60.4]}, {"t": 1696561540, "d": ["acmeair-bookingservice", 96.6]}, {"t": 1696561540, "d": ["acmeair-customerservice", 69.2]}, {"t": 1696561540, "d": ["acmeair-flightservice", 65.6]}, {"t": 1696561540, "d": ["acmeair-authservice", 64]}, {"t": 1696561540, "d": ["acmeair-mainservice", 60]}, {"t": 1696561550, "d": ["acmeair-bookingservice", 101.8]}, {"t": 1696561550, "d": ["acmeair-customerservice", 67.6]}, {"t": 1696561550, "d": ["acmeair-flightservice", 65.888889]}, {"t": 1696561550, "d": ["acmeair-authservice", 64]}, {"t": 1696561550, "d": ["acmeair-mainservice", 60]}, {"t": 1696561560, "d": ["acmeair-bookingservice", 98.2]}, {"t": 1696561560, "d": ["acmeair-customerservice", 68]}, {"t": 1696561560, "d": ["acmeair-flightservice", 65]}, {"t": 1696561560, "d": ["acmeair-authservice", 64]}, {"t": 1696561560, "d": ["acmeair-mainservice", 60]}, {"t": 1696561570, "d": ["acmeair-bookingservice", 97.4]}, {"t": 1696561570, "d": ["acmeair-customerservice", 66.8]}, {"t": 1696561570, "d": ["acmeair-flightservice", 65]}, {"t": 1696561570, "d": ["acmeair-authservice", 64]}, {"t": 1696561570, "d": ["acmeair-mainservice", 60]}, {"t": 1696561580, "d": ["acmeair-bookingservice", 96.6]}, {"t": 1696561580, "d": ["acmeair-customerservice", 69.2]}, {"t": 1696561580, "d": ["acmeair-flightservice", 65]}, {"t": 1696561580, "d": ["acmeair-authservice", 64]}, {"t": 1696561580, "d": ["acmeair-mainservice", 60]}, {"t": 1696561590, "d": ["acmeair-bookingservice", 97]}, {"t": 1696561590, "d": ["acmeair-customerservice", 66]}, {"t": 1696561590, "d": ["acmeair-flightservice", 65]}, {"t": 1696561590, "d": ["acmeair-authservice", 64]}, {"t": 1696561590, "d": ["acmeair-mainservice", 60]}, {"t": 1696561600, "d": ["acmeair-bookingservice", 102.2]}, {"t": 1696561600, "d": ["acmeair-customerservice", 66.8]}, {"t": 1696561600, "d": ["acmeair-flightservice", 65]}, {"t": 1696561600, "d": ["acmeair-authservice", 64]}, {"t": 1696561600, "d": ["acmeair-mainservice", 60]}, {"t": 1696561610, "d": ["acmeair-bookingservice", 115]}, {"t": 1696561610, "d": ["acmeair-customerservice", 68]}, {"t": 1696561610, "d": ["acmeair-flightservice", 65]}, {"t": 1696561610, "d": ["acmeair-authservice", 64]}, {"t": 1696561610, "d": ["acmeair-mainservice", 60]}, {"t": 1696561620, "d": ["acmeair-bookingservice", 109]}, {"t": 1696561620, "d": ["acmeair-customerservice", 68]}, {"t": 1696561620, "d": ["acmeair-flightservice", 65]}, {"t": 1696561620, "d": ["acmeair-authservice", 65.333334]}, {"t": 1696561620, "d": ["acmeair-mainservice", 60]}, {"t": 1696561630, "d": ["acmeair-bookingservice", 109.222223]}, {"t": 1696561630, "d": ["acmeair-customerservice", 70]}, {"t": 1696561630, "d": ["acmeair-flightservice", 65]}, {"t": 1696561630, "d": ["acmeair-authservice", 64]}, {"t": 1696561630, "d": ["acmeair-mainservice", 60]}, {"t": 1696561640, "d": ["acmeair-bookingservice", 107.8]}, {"t": 1696561640, "d": ["acmeair-customerservice", 83.6]}, {"t": 1696561640, "d": ["acmeair-flightservice", 65]}, {"t": 1696561640, "d": ["acmeair-authservice", 64]}, {"t": 1696561640, "d": ["acmeair-mainservice", 60]}, {"t": 1696561650, "d": ["acmeair-bookingservice", 113.4]}, {"t": 1696561650, "d": ["acmeair-customerservice", 70.8]}, {"t": 1696561650, "d": ["acmeair-flightservice", 65.5]}, {"t": 1696561650, "d": ["acmeair-authservice", 64]}, {"t": 1696561650, "d": ["acmeair-mainservice", 60]}, {"t": 1696561660, "d": ["acmeair-bookingservice", 120.6]}, {"t": 1696561660, "d": ["acmeair-customerservice", 66]}, {"t": 1696561660, "d": ["acmeair-flightservice", 65]}, {"t": 1696561660, "d": ["acmeair-authservice", 64]}, {"t": 1696561660, "d": ["acmeair-mainservice", 60]}, {"t": 1696561670, "d": ["acmeair-bookingservice", 135]}, {"t": 1696561670, "d": ["acmeair-customerservice", 68]}, {"t": 1696561670, "d": ["acmeair-flightservice", 65]}, {"t": 1696561670, "d": ["acmeair-authservice", 64]}, {"t": 1696561670, "d": ["acmeair-mainservice", 60]}, {"t": 1696561680, "d": ["acmeair-bookingservice", 129.4]}, {"t": 1696561680, "d": ["acmeair-customerservice", 66.8]}, {"t": 1696561680, "d": ["acmeair-flightservice", 65]}, {"t": 1696561680, "d": ["acmeair-authservice", 64]}, {"t": 1696561680, "d": ["acmeair-mainservice", 60]}, {"t": 1696561690, "d": ["acmeair-bookingservice", 127]}, {"t": 1696561690, "d": ["acmeair-customerservice", 67.2]}, {"t": 1696561690, "d": ["acmeair-flightservice", 65]}, {"t": 1696561690, "d": ["acmeair-authservice", 64]}, {"t": 1696561690, "d": ["acmeair-mainservice", 60]}, {"t": 1696561700, "d": ["acmeair-bookingservice", 146.2]}, {"t": 1696561700, "d": ["acmeair-customerservice", 70]}, {"t": 1696561700, "d": ["acmeair-flightservice", 65]}, {"t": 1696561700, "d": ["acmeair-authservice", 64]}, {"t": 1696561700, "d": ["acmeair-mainservice", 60]}, {"t": 1696561710, "d": ["acmeair-bookingservice", 152.6]}, {"t": 1696561710, "d": ["acmeair-customerservice", 68.4]}, {"t": 1696561710, "d": ["acmeair-flightservice", 65.8]}, {"t": 1696561710, "d": ["acmeair-authservice", 64]}, {"t": 1696561710, "d": ["acmeair-mainservice", 61.2]}, {"t": 1696561720, "d": ["acmeair-bookingservice", 154.2]}, {"t": 1696561720, "d": ["acmeair-customerservice", 66]}, {"t": 1696561720, "d": ["acmeair-flightservice", 65]}, {"t": 1696561720, "d": ["acmeair-authservice", 64]}, {"t": 1696561720, "d": ["acmeair-mainservice", 60]}, {"t": 1696561730, "d": ["acmeair-bookingservice", 151]}, {"t": 1696561730, "d": ["acmeair-customerservice", 66]}, {"t": 1696561730, "d": ["acmeair-flightservice", 65]}, {"t": 1696561730, "d": ["acmeair-authservice", 64.4]}, {"t": 1696561730, "d": ["acmeair-mainservice", 60]}, {"t": 1696561740, "d": ["acmeair-bookingservice", 162.2]}, {"t": 1696561740, "d": ["acmeair-customerservice", 70]}, {"t": 1696561740, "d": ["acmeair-flightservice", 65.8]}, {"t": 1696561740, "d": ["acmeair-authservice", 64]}, {"t": 1696561740, "d": ["acmeair-mainservice", 60]}, {"t": 1696561750, "d": ["acmeair-bookingservice", 175.8]}, {"t": 1696561750, "d": ["acmeair-customerservice", 67.2]}, {"t": 1696561750, "d": ["acmeair-flightservice", 65]}, {"t": 1696561750, "d": ["acmeair-authservice", 65.333334]}, {"t": 1696561750, "d": ["acmeair-mainservice", 60]}, {"t": 1696561760, "d": ["acmeair-bookingservice", 169.4]}, {"t": 1696561760, "d": ["acmeair-customerservice", 68]}, {"t": 1696561760, "d": ["acmeair-flightservice", 65]}, {"t": 1696561760, "d": ["acmeair-authservice", 64.8]}, {"t": 1696561760, "d": ["acmeair-mainservice", 60]}, {"t": 1696561770, "d": ["acmeair-bookingservice", 181.4]}, {"t": 1696561770, "d": ["acmeair-customerservice", 66.8]}, {"t": 1696561770, "d": ["acmeair-flightservice", 65]}, {"t": 1696561770, "d": ["acmeair-authservice", 64]}, {"t": 1696561770, "d": ["acmeair-mainservice", 60]}, {"t": 1696561780, "d": ["acmeair-bookingservice", 177.4]}, {"t": 1696561780, "d": ["acmeair-customerservice", 66.4]}, {"t": 1696561780, "d": ["acmeair-flightservice", 65]}, {"t": 1696561780, "d": ["acmeair-authservice", 64]}, {"t": 1696561780, "d": ["acmeair-mainservice", 60]}, {"t": 1696561790, "d": ["acmeair-bookingservice", 179]}, {"t": 1696561790, "d": ["acmeair-customerservice", 71.6]}, {"t": 1696561790, "d": ["acmeair-flightservice", 65.4]}, {"t": 1696561790, "d": ["acmeair-authservice", 64]}, {"t": 1696561790, "d": ["acmeair-mainservice", 60]}, {"t": 1696561800, "d": ["acmeair-bookingservice", 183.8]}, {"t": 1696561800, "d": ["acmeair-customerservice", 68.8]}, {"t": 1696561800, "d": ["acmeair-flightservice", 65]}, {"t": 1696561800, "d": ["acmeair-authservice", 64]}, {"t": 1696561800, "d": ["acmeair-mainservice", 60]}, {"t": 1696561810, "d": ["acmeair-bookingservice", 175.8]}, {"t": 1696561810, "d": ["acmeair-customerservice", 68]}, {"t": 1696561810, "d": ["acmeair-flightservice", 65]}, {"t": 1696561810, "d": ["acmeair-authservice", 64]}, {"t": 1696561810, "d": ["acmeair-mainservice", 60]}, {"t": 1696561820, "d": ["acmeair-bookingservice", 167]}, {"t": 1696561820, "d": ["acmeair-customerservice", 67.6]}, {"t": 1696561820, "d": ["acmeair-flightservice", 65.4]}, {"t": 1696561820, "d": ["acmeair-authservice", 64]}, {"t": 1696561820, "d": ["acmeair-mainservice", 60]}, {"t": 1696561830, "d": ["acmeair-bookingservice", 163]}, {"t": 1696561830, "d": ["acmeair-customerservice", 66.8]}, {"t": 1696561830, "d": ["acmeair-flightservice", 65]}, {"t": 1696561830, "d": ["acmeair-authservice", 64]}, {"t": 1696561830, "d": ["acmeair-mainservice", 60]}, {"t": 1696561840, "d": ["acmeair-bookingservice", 165.222223]}, {"t": 1696561840, "d": ["acmeair-customerservice", 68.666667]}, {"t": 1696561840, "d": ["acmeair-flightservice", 65]}, {"t": 1696561840, "d": ["acmeair-authservice", 64]}, {"t": 1696561840, "d": ["acmeair-mainservice", 60]}, {"t": 1696561850, "d": ["acmeair-bookingservice", 166.2]}, {"t": 1696561850, "d": ["acmeair-customerservice", 69.2]}, {"t": 1696561850, "d": ["acmeair-flightservice", 65.4]}, {"t": 1696561850, "d": ["acmeair-authservice", 64.888889]}, {"t": 1696561850, "d": ["acmeair-mainservice", 60]}, {"t": 1696561860, "d": ["acmeair-bookingservice", 171]}, {"t": 1696561860, "d": ["acmeair-customerservice", 66]}, {"t": 1696561860, "d": ["acmeair-flightservice", 65]}, {"t": 1696561860, "d": ["acmeair-authservice", 64]}, {"t": 1696561860, "d": ["acmeair-mainservice", 60]}, {"t": 1696561870, "d": ["acmeair-bookingservice", 188.6]}, {"t": 1696561870, "d": ["acmeair-customerservice", 66]}, {"t": 1696561870, "d": ["acmeair-flightservice", 65]}, {"t": 1696561870, "d": ["acmeair-authservice", 64]}, {"t": 1696561870, "d": ["acmeair-mainservice", 60]}, {"t": 1696561880, "d": ["acmeair-bookingservice", 178.2]}, {"t": 1696561880, "d": ["acmeair-customerservice", 67.2]}, {"t": 1696561880, "d": ["acmeair-flightservice", 65]}, {"t": 1696561880, "d": ["acmeair-authservice", 64]}, {"t": 1696561880, "d": ["acmeair-mainservice", 60.3]}, {"t": 1696561890, "d": ["acmeair-bookingservice", 171.8]}, {"t": 1696561890, "d": ["acmeair-customerservice", 67.6]}, {"t": 1696561890, "d": ["acmeair-flightservice", 65]}, {"t": 1696561890, "d": ["acmeair-authservice", 64]}, {"t": 1696561890, "d": ["acmeair-mainservice", 60]}, {"t": 1696561900, "d": ["acmeair-bookingservice", 163.8]}, {"t": 1696561900, "d": ["acmeair-customerservice", 66.8]}, {"t": 1696561900, "d": ["acmeair-flightservice", 65]}, {"t": 1696561900, "d": ["acmeair-authservice", 64.4]}, {"t": 1696561900, "d": ["acmeair-mainservice", 60]}, {"t": 1696561910, "d": ["acmeair-bookingservice", 171.8]}, {"t": 1696561910, "d": ["acmeair-customerservice", 66.8]}, {"t": 1696561910, "d": ["acmeair-flightservice", 65.888889]}, {"t": 1696561910, "d": ["acmeair-authservice", 64]}, {"t": 1696561910, "d": ["acmeair-mainservice", 60]}, {"t": 1696561920, "d": ["acmeair-bookingservice", 183]}, {"t": 1696561920, "d": ["acmeair-customerservice", 66]}, {"t": 1696561920, "d": ["acmeair-flightservice", 65.4]}, {"t": 1696561920, "d": ["acmeair-authservice", 64]}, {"t": 1696561920, "d": ["acmeair-mainservice", 60]}, {"t": 1696561930, "d": ["acmeair-bookingservice", 202.2]}, {"t": 1696561930, "d": ["acmeair-customerservice", 66]}, {"t": 1696561930, "d": ["acmeair-flightservice", 65]}, {"t": 1696561930, "d": ["acmeair-authservice", 64.4]}, {"t": 1696561930, "d": ["acmeair-mainservice", 60]}, {"t": 1696561940, "d": ["acmeair-bookingservice", 195.8]}, {"t": 1696561940, "d": ["acmeair-customerservice", 67.6]}, {"t": 1696561940, "d": ["acmeair-flightservice", 65]}, {"t": 1696561940, "d": ["acmeair-authservice", 64.4]}, {"t": 1696561940, "d": ["acmeair-mainservice", 60.8]}, {"t": 1696561950, "d": ["acmeair-bookingservice", 179.8]}, {"t": 1696561950, "d": ["acmeair-customerservice", 66.8]}, {"t": 1696561950, "d": ["acmeair-flightservice", 65]}, {"t": 1696561950, "d": ["acmeair-authservice", 64.4]}, {"t": 1696561950, "d": ["acmeair-mainservice", 60]}, {"t": 1696561960, "d": ["acmeair-bookingservice", 180.6]}, {"t": 1696561960, "d": ["acmeair-customerservice", 67.6]}, {"t": 1696561960, "d": ["acmeair-flightservice", 65]}, {"t": 1696561960, "d": ["acmeair-authservice", 64]}, {"t": 1696561960, "d": ["acmeair-mainservice", 60]}, {"t": 1696561970, "d": ["acmeair-bookingservice", 183.888889]}, {"t": 1696561970, "d": ["acmeair-customerservice", 66.444445]}, {"t": 1696561970, "d": ["acmeair-flightservice", 65.8]}, {"t": 1696561970, "d": ["acmeair-authservice", 66.4]}, {"t": 1696561970, "d": ["acmeair-mainservice", 60]}, {"t": 1696561980, "d": ["acmeair-bookingservice", 171]}, {"t": 1696561980, "d": ["acmeair-customerservice", 69.4]}, {"t": 1696561980, "d": ["acmeair-flightservice", 65]}, {"t": 1696561980, "d": ["acmeair-authservice", 64]}, {"t": 1696561980, "d": ["acmeair-mainservice", 60]}, {"t": 1696561990, "d": ["acmeair-bookingservice", 165.4]}, {"t": 1696561990, "d": ["acmeair-customerservice", 66.8]}, {"t": 1696561990, "d": ["acmeair-flightservice", 65]}, {"t": 1696561990, "d": ["acmeair-authservice", 64]}, {"t": 1696561990, "d": ["acmeair-mainservice", 60]}, {"t": 1696562000, "d": ["acmeair-bookingservice", 170.2]}, {"t": 1696562000, "d": ["acmeair-customerservice", 66]}, {"t": 1696562000, "d": ["acmeair-flightservice", 65]}, {"t": 1696562000, "d": ["acmeair-authservice", 64]}, {"t": 1696562000, "d": ["acmeair-mainservice", 60]}, {"t": 1696562010, "d": ["acmeair-bookingservice", 173.4]}, {"t": 1696562010, "d": ["acmeair-customerservice", 66]}, {"t": 1696562010, "d": ["acmeair-flightservice", 65]}, {"t": 1696562010, "d": ["acmeair-authservice", 64]}, {"t": 1696562010, "d": ["acmeair-mainservice", 60]}, {"t": 1696562020, "d": ["acmeair-bookingservice", 163.8]}, {"t": 1696562020, "d": ["acmeair-customerservice", 66]}, {"t": 1696562020, "d": ["acmeair-flightservice", 66.2]}, {"t": 1696562020, "d": ["acmeair-authservice", 64]}, {"t": 1696562020, "d": ["acmeair-mainservice", 60]}, {"t": 1696562030, "d": ["acmeair-bookingservice", 163.8]}, {"t": 1696562030, "d": ["acmeair-customerservice", 66]}, {"t": 1696562030, "d": ["acmeair-flightservice", 65.4]}, {"t": 1696562030, "d": ["acmeair-authservice", 64]}, {"t": 1696562030, "d": ["acmeair-mainservice", 60]}, {"t": 1696562040, "d": ["acmeair-bookingservice", 157.4]}, {"t": 1696562040, "d": ["acmeair-customerservice", 66]}, {"t": 1696562040, "d": ["acmeair-flightservice", 67.4]}, {"t": 1696562040, "d": ["acmeair-authservice", 64]}, {"t": 1696562040, "d": ["acmeair-mainservice", 60]}, {"t": 1696562050, "d": ["acmeair-bookingservice", 151]}, {"t": 1696562050, "d": ["acmeair-customerservice", 66.4]}, {"t": 1696562050, "d": ["acmeair-flightservice", 65]}, {"t": 1696562050, "d": ["acmeair-authservice", 64]}, {"t": 1696562050, "d": ["acmeair-mainservice", 60]}], "start": 1696561450, "end": 1696562050}