{"data": [{"t": 1696561460, "d": ["acmeair-bookingservice", 175027324.8]}, {"t": 1696561460, "d": ["acmeair-customerservice", 174727372.8]}, {"t": 1696561460, "d": ["acmeair-flightservice", 101984984]}, {"t": 1696561460, "d": ["acmeair-authservice", 67751929.777778]}, {"t": 1696561460, "d": ["acmeair-mainservice", 37986795.2]}, {"t": 1696561470, "d": ["acmeair-bookingservice", 195340784]}, {"t": 1696561470, "d": ["acmeair-customerservice", 173491665.6]}, {"t": 1696561470, "d": ["acmeair-flightservice", 112173871.111112]}, {"t": 1696561470, "d": ["acmeair-authservice", 67215656]}, {"t": 1696561470, "d": ["acmeair-mainservice", 38858424]}, {"t": 1696561480, "d": ["acmeair-bookingservice", 183261382.4]}, {"t": 1696561480, "d": ["acmeair-customerservice", 184593243.2]}, {"t": 1696561480, "d": ["acmeair-flightservice", 108324825.6]}, {"t": 1696561480, "d": ["acmeair-authservice", 67368847.2]}, {"t": 1696561480, "d": ["acmeair-mainservice", 39819345.6]}, {"t": 1696561490, "d": ["acmeair-bookingservice", 207228571.2]}, {"t": 1696561490, "d": ["acmeair-customerservice", 158440446.4]}, {"t": 1696561490, "d": ["acmeair-flightservice", 106462466.4]}, {"t": 1696561490, "d": ["acmeair-authservice", 66172909.714286]}, {"t": 1696561490, "d": ["acmeair-mainservice", 40695070.4]}, {"t": 1696561500, "d": ["acmeair-bookingservice", 195750193.6]}, {"t": 1696561500, "d": ["acmeair-customerservice", 176153447.2]}, {"t": 1696561500, "d": ["acmeair-flightservice", 107698056]}, {"t": 1696561500, "d": ["acmeair-authservice", 66804958.4]}, {"t": 1696561500, "d": ["acmeair-mainservice", 41560555.2]}, {"t": 1696561510, "d": ["acmeair-bookingservice", 195150010]}, {"t": 1696561510, "d": ["acmeair-customerservice", 169617713]}, {"t": 1696561510, "d": ["acmeair-flightservice", 109496821.6]}, {"t": 1696561510, "d": ["acmeair-authservice", 67556856.8]}, {"t": 1696561510, "d": ["acmeair-mainservice", 42545233.6]}, {"t": 1696561520, "d": ["acmeair-bookingservice", 211121289.6]}, {"t": 1696561520, "d": ["acmeair-customerservice", 178074011.2]}, {"t": 1696561520, "d": ["acmeair-flightservice", 109513875.555556]}, {"t": 1696561520, "d": ["acmeair-authservice", 66991059.555556]}, {"t": 1696561520, "d": ["acmeair-mainservice", 43364433.6]}, {"t": 1696561530, "d": ["acmeair-bookingservice", 185224600]}, {"t": 1696561530, "d": ["acmeair-customerservice", 178544938.4]}, {"t": 1696561530, "d": ["acmeair-flightservice", 110015540.444445]}, {"t": 1696561530, "d": ["acmeair-authservice", 66676484.444445]}, {"t": 1696561530, "d": ["acmeair-mainservice", 44363857.6]}, {"t": 1696561540, "d": ["acmeair-bookingservice", 203773260.8]}, {"t": 1696561540, "d": ["acmeair-customerservice", 169647653.6]}, {"t": 1696561540, "d": ["acmeair-flightservice", 113956719.2]}, {"t": 1696561540, "d": ["acmeair-authservice", 67529503.2]}, {"t": 1696561540, "d": ["acmeair-mainservice", 45275635.2]}, {"t": 1696561550, "d": ["acmeair-bookingservice", 203314260.8]}, {"t": 1696561550, "d": ["acmeair-customerservice", 160135723.2]}, {"t": 1696561550, "d": ["acmeair-flightservice", 128699452.444445]}, {"t": 1696561550, "d": ["acmeair-authservice", 68114632.888889]}, {"t": 1696561550, "d": ["acmeair-mainservice", 46238203.2]}, {"t": 1696561560, "d": ["acmeair-bookingservice", 196084013.6]}, {"t": 1696561560, "d": ["acmeair-customerservice", 173410226.4]}, {"t": 1696561560, "d": ["acmeair-flightservice", 116757569.777778]}, {"t": 1696561560, "d": ["acmeair-authservice", 66608336]}, {"t": 1696561560, "d": ["acmeair-mainservice", 47078702.4]}, {"t": 1696561570, "d": ["acmeair-bookingservice", 232936304.8]}, {"t": 1696561570, "d": ["acmeair-customerservice", 180701731.2]}, {"t": 1696561570, "d": ["acmeair-flightservice", 114250540]}, {"t": 1696561570, "d": ["acmeair-authservice", 67662955.2]}, {"t": 1696561570, "d": ["acmeair-mainservice", 48055496]}, {"t": 1696561580, "d": ["acmeair-bookingservice", 215659329.6]}, {"t": 1696561580, "d": ["acmeair-customerservice", 193364017.6]}, {"t": 1696561580, "d": ["acmeair-flightservice", 119426294]}, {"t": 1696561580, "d": ["acmeair-authservice", 67030915.428572]}, {"t": 1696561580, "d": ["acmeair-mainservice", 48932961.6]}, {"t": 1696561590, "d": ["acmeair-bookingservice", 219090048]}, {"t": 1696561590, "d": ["acmeair-customerservice", 174220238.4]}, {"t": 1696561590, "d": ["acmeair-flightservice", 120426898.666667]}, {"t": 1696561590, "d": ["acmeair-authservice", 68149379.2]}, {"t": 1696561590, "d": ["acmeair-mainservice", 49688673.6]}, {"t": 1696561600, "d": ["acmeair-bookingservice", 226253959.2]}, {"t": 1696561600, "d": ["acmeair-customerservice", 186309954.4]}, {"t": 1696561600, "d": ["acmeair-flightservice", 109876756.8]}, {"t": 1696561600, "d": ["acmeair-authservice", 67778902.222223]}, {"t": 1696561600, "d": ["acmeair-mainservice", 50695880]}, {"t": 1696561610, "d": ["acmeair-bookingservice", 235247692]}, {"t": 1696561610, "d": ["acmeair-customerservice", 186448704]}, {"t": 1696561610, "d": ["acmeair-flightservice", 126911930.666667]}, {"t": 1696561610, "d": ["acmeair-authservice", 67665458.285715]}, {"t": 1696561610, "d": ["acmeair-mainservice", 51571604.8]}, {"t": 1696561620, "d": ["acmeair-bookingservice", 225821407]}, {"t": 1696561620, "d": ["acmeair-customerservice", 168531973]}, {"t": 1696561620, "d": ["acmeair-flightservice", 118800648]}, {"t": 1696561620, "d": ["acmeair-authservice", 67428279.111112]}, {"t": 1696561620, "d": ["acmeair-mainservice", 52399196.8]}, {"t": 1696561630, "d": ["acmeair-bookingservice", 232461605.333334]}, {"t": 1696561630, "d": ["acmeair-customerservice", 196106049.777778]}, {"t": 1696561630, "d": ["acmeair-flightservice", 119711559.111112]}, {"t": 1696561630, "d": ["acmeair-authservice", 66215872.888889]}, {"t": 1696561630, "d": ["acmeair-mainservice", 53324873.6]}, {"t": 1696561640, "d": ["acmeair-bookingservice", 222147670.4]}, {"t": 1696561640, "d": ["acmeair-customerservice", 197346677.6]}, {"t": 1696561640, "d": ["acmeair-flightservice", 114843600]}, {"t": 1696561640, "d": ["acmeair-authservice", 67361154.4]}, {"t": 1696561640, "d": ["acmeair-mainservice", 54216163.2]}, {"t": 1696561650, "d": ["acmeair-bookingservice", 230330378.4]}, {"t": 1696561650, "d": ["acmeair-customerservice", 191709794.4]}, {"t": 1696561650, "d": ["acmeair-flightservice", 109301909]}, {"t": 1696561650, "d": ["acmeair-authservice", 68272512]}, {"t": 1696561650, "d": ["acmeair-mainservice", 47315808]}, {"t": 1696561660, "d": ["acmeair-bookingservice", 240641600.8]}, {"t": 1696561660, "d": ["acmeair-customerservice", 188371956.8]}, {"t": 1696561660, "d": ["acmeair-flightservice", 111115725.6]}, {"t": 1696561660, "d": ["acmeair-authservice", 68998422.4]}, {"t": 1696561660, "d": ["acmeair-mainservice", 32679786.666667]}, {"t": 1696561670, "d": ["acmeair-bookingservice", 257257980]}, {"t": 1696561670, "d": ["acmeair-customerservice", 198134224]}, {"t": 1696561670, "d": ["acmeair-flightservice", 106006107.555556]}, {"t": 1696561670, "d": ["acmeair-authservice", 66935379]}, {"t": 1696561670, "d": ["acmeair-mainservice", 33563430.4]}, {"t": 1696561680, "d": ["acmeair-bookingservice", 222183174.4]}, {"t": 1696561680, "d": ["acmeair-customerservice", 187462513.6]}, {"t": 1696561680, "d": ["acmeair-flightservice", 114984200]}, {"t": 1696561680, "d": ["acmeair-authservice", 67408193.6]}, {"t": 1696561680, "d": ["acmeair-mainservice", 34493222.4]}, {"t": 1696561690, "d": ["acmeair-bookingservice", 240918067.2]}, {"t": 1696561690, "d": ["acmeair-customerservice", 197110420.8]}, {"t": 1696561690, "d": ["acmeair-flightservice", 123856960]}, {"t": 1696561690, "d": ["acmeair-authservice", 68071571.555556]}, {"t": 1696561690, "d": ["acmeair-mainservice", 35315699.2]}, {"t": 1696561700, "d": ["acmeair-bookingservice", 237719972]}, {"t": 1696561700, "d": ["acmeair-customerservice", 209176244.8]}, {"t": 1696561700, "d": ["acmeair-flightservice", 112183521.777778]}, {"t": 1696561700, "d": ["acmeair-authservice", 68491305.777778]}, {"t": 1696561700, "d": ["acmeair-mainservice", 36219276.8]}, {"t": 1696561710, "d": ["acmeair-bookingservice", 247182552]}, {"t": 1696561710, "d": ["acmeair-customerservice", 214351421.6]}, {"t": 1696561710, "d": ["acmeair-flightservice", 116408947.2]}, {"t": 1696561710, "d": ["acmeair-authservice", 68536912.8]}, {"t": 1696561710, "d": ["acmeair-mainservice", 37182656]}, {"t": 1696561720, "d": ["acmeair-bookingservice", 240238802.4]}, {"t": 1696561720, "d": ["acmeair-customerservice", 205123653.6]}, {"t": 1696561720, "d": ["acmeair-flightservice", 113159436.8]}, {"t": 1696561720, "d": ["acmeair-authservice", 67542259.2]}, {"t": 1696561720, "d": ["acmeair-mainservice", 38103846.4]}, {"t": 1696561730, "d": ["acmeair-bookingservice", 243385588]}, {"t": 1696561730, "d": ["acmeair-customerservice", 195619822.4]}, {"t": 1696561730, "d": ["acmeair-flightservice", 123275804]}, {"t": 1696561730, "d": ["acmeair-authservice", 67430448.8]}, {"t": 1696561730, "d": ["acmeair-mainservice", 38980800]}, {"t": 1696561740, "d": ["acmeair-bookingservice", 256399456]}, {"t": 1696561740, "d": ["acmeair-customerservice", 196332752]}, {"t": 1696561740, "d": ["acmeair-flightservice", 114658981.6]}, {"t": 1696561740, "d": ["acmeair-authservice", 68543866.666667]}, {"t": 1696561740, "d": ["acmeair-mainservice", 39831948.8]}, {"t": 1696561750, "d": ["acmeair-bookingservice", 273955872.8]}, {"t": 1696561750, "d": ["acmeair-customerservice", 202462954.4]}, {"t": 1696561750, "d": ["acmeair-flightservice", 115863944.8]}, {"t": 1696561750, "d": ["acmeair-authservice", 68807992]}, {"t": 1696561750, "d": ["acmeair-mainservice", 40857587.2]}, {"t": 1696561760, "d": ["acmeair-bookingservice", 271931748.8]}, {"t": 1696561760, "d": ["acmeair-customerservice", 209772202.4]}, {"t": 1696561760, "d": ["acmeair-flightservice", 127261744]}, {"t": 1696561760, "d": ["acmeair-authservice", 68197576.8]}, {"t": 1696561760, "d": ["acmeair-mainservice", 41731264]}, {"t": 1696561770, "d": ["acmeair-bookingservice", 269597633.6]}, {"t": 1696561770, "d": ["acmeair-customerservice", 223165480.8]}, {"t": 1696561770, "d": ["acmeair-flightservice", 116345961]}, {"t": 1696561770, "d": ["acmeair-authservice", 68680313.6]}, {"t": 1696561770, "d": ["acmeair-mainservice", 42583004.444445]}, {"t": 1696561780, "d": ["acmeair-bookingservice", 271156357.6]}, {"t": 1696561780, "d": ["acmeair-customerservice", 214366885.6]}, {"t": 1696561780, "d": ["acmeair-flightservice", 106391423.2]}, {"t": 1696561780, "d": ["acmeair-authservice", 68740010.4]}, {"t": 1696561780, "d": ["acmeair-mainservice", 43432742.4]}, {"t": 1696561790, "d": ["acmeair-bookingservice", 281495077.6]}, {"t": 1696561790, "d": ["acmeair-customerservice", 227108150.4]}, {"t": 1696561790, "d": ["acmeair-flightservice", 110330464]}, {"t": 1696561790, "d": ["acmeair-authservice", 69502239.2]}, {"t": 1696561790, "d": ["acmeair-mainservice", 44307648]}, {"t": 1696561800, "d": ["acmeair-bookingservice", 284714444.8]}, {"t": 1696561800, "d": ["acmeair-customerservice", 217699499.2]}, {"t": 1696561800, "d": ["acmeair-flightservice", 120298384]}, {"t": 1696561800, "d": ["acmeair-authservice", 66856196.8]}, {"t": 1696561800, "d": ["acmeair-mainservice", 45255872]}, {"t": 1696561810, "d": ["acmeair-bookingservice", 273346459.2]}, {"t": 1696561810, "d": ["acmeair-customerservice", 219792285.6]}, {"t": 1696561810, "d": ["acmeair-flightservice", 112802914.4]}, {"t": 1696561810, "d": ["acmeair-authservice", 68288996.8]}, {"t": 1696561810, "d": ["acmeair-mainservice", 46096462.222223]}, {"t": 1696561820, "d": ["acmeair-bookingservice", 281580764]}, {"t": 1696561820, "d": ["acmeair-customerservice", 209688720]}, {"t": 1696561820, "d": ["acmeair-flightservice", 115613033.6]}, {"t": 1696561820, "d": ["acmeair-authservice", 68663707]}, {"t": 1696561820, "d": ["acmeair-mainservice", 46857408]}, {"t": 1696561830, "d": ["acmeair-bookingservice", 277399855.2]}, {"t": 1696561830, "d": ["acmeair-customerservice", 224285278.4]}, {"t": 1696561830, "d": ["acmeair-flightservice", 115797509.6]}, {"t": 1696561830, "d": ["acmeair-authservice", 68331448]}, {"t": 1696561830, "d": ["acmeair-mainservice", 48002467.555556]}, {"t": 1696561840, "d": ["acmeair-bookingservice", 286897266.666667]}, {"t": 1696561840, "d": ["acmeair-customerservice", 212088273.777778]}, {"t": 1696561840, "d": ["acmeair-flightservice", 119520290.4]}, {"t": 1696561840, "d": ["acmeair-authservice", 68190822.222223]}, {"t": 1696561840, "d": ["acmeair-mainservice", 48861171.2]}, {"t": 1696561850, "d": ["acmeair-bookingservice", 287707932.8]}, {"t": 1696561850, "d": ["acmeair-customerservice", 210421763.2]}, {"t": 1696561850, "d": ["acmeair-flightservice", 105020741.6]}, {"t": 1696561850, "d": ["acmeair-authservice", 67873903.111112]}, {"t": 1696561850, "d": ["acmeair-mainservice", 49718464]}, {"t": 1696561860, "d": ["acmeair-bookingservice", 280492143.2]}, {"t": 1696561860, "d": ["acmeair-customerservice", 224535208]}, {"t": 1696561860, "d": ["acmeair-flightservice", 118992652.8]}, {"t": 1696561860, "d": ["acmeair-authservice", 68267092]}, {"t": 1696561860, "d": ["acmeair-mainservice", 50629004.8]}, {"t": 1696561870, "d": ["acmeair-bookingservice", 281612868.8]}, {"t": 1696561870, "d": ["acmeair-customerservice", 227170012.8]}, {"t": 1696561870, "d": ["acmeair-flightservice", 103473132.8]}, {"t": 1696561870, "d": ["acmeair-authservice", 68163968.8]}, {"t": 1696561870, "d": ["acmeair-mainservice", 51476785.777778]}, {"t": 1696561880, "d": ["acmeair-bookingservice", 296345917.6]}, {"t": 1696561880, "d": ["acmeair-customerservice", 219516710.4]}, {"t": 1696561880, "d": ["acmeair-flightservice", 114647023.2]}, {"t": 1696561880, "d": ["acmeair-authservice", 68493797.6]}, {"t": 1696561880, "d": ["acmeair-mainservice", 52445171.2]}, {"t": 1696561890, "d": ["acmeair-bookingservice", 297276452]}, {"t": 1696561890, "d": ["acmeair-customerservice", 230010525.6]}, {"t": 1696561890, "d": ["acmeair-flightservice", 122662251.2]}, {"t": 1696561890, "d": ["acmeair-authservice", 68709986.4]}, {"t": 1696561890, "d": ["acmeair-mainservice", 53342195.2]}, {"t": 1696561900, "d": ["acmeair-bookingservice", 298252949.6]}, {"t": 1696561900, "d": ["acmeair-customerservice", 234335296]}, {"t": 1696561900, "d": ["acmeair-flightservice", 123363088]}, {"t": 1696561900, "d": ["acmeair-authservice", 69818611.2]}, {"t": 1696561900, "d": ["acmeair-mainservice", 54310080]}, {"t": 1696561910, "d": ["acmeair-bookingservice", 312430355.2]}, {"t": 1696561910, "d": ["acmeair-customerservice", 236171500.8]}, {"t": 1696561910, "d": ["acmeair-flightservice", 115543273.777778]}, {"t": 1696561910, "d": ["acmeair-authservice", 68601775.2]}, {"t": 1696561910, "d": ["acmeair-mainservice", 48107194.4]}, {"t": 1696561920, "d": ["acmeair-bookingservice", 302461716.8]}, {"t": 1696561920, "d": ["acmeair-customerservice", 249591101.6]}, {"t": 1696561920, "d": ["acmeair-flightservice", 129003227.2]}, {"t": 1696561920, "d": ["acmeair-authservice", 70081582.4]}, {"t": 1696561920, "d": ["acmeair-mainservice", 32578801.6]}, {"t": 1696561930, "d": ["acmeair-bookingservice", 312845781.6]}, {"t": 1696561930, "d": ["acmeair-customerservice", 245404835.2]}, {"t": 1696561930, "d": ["acmeair-flightservice", 106091355.2]}, {"t": 1696561930, "d": ["acmeair-authservice", 69376820.8]}, {"t": 1696561930, "d": ["acmeair-mainservice", 33512280]}, {"t": 1696561940, "d": ["acmeair-bookingservice", 312120063.2]}, {"t": 1696561940, "d": ["acmeair-customerservice", 239528345.6]}, {"t": 1696561940, "d": ["acmeair-flightservice", 117356440]}, {"t": 1696561940, "d": ["acmeair-authservice", 69192595.2]}, {"t": 1696561940, "d": ["acmeair-mainservice", 34458046.4]}, {"t": 1696561950, "d": ["acmeair-bookingservice", 319599635.2]}, {"t": 1696561950, "d": ["acmeair-customerservice", 234733748.8]}, {"t": 1696561950, "d": ["acmeair-flightservice", 116846250.4]}, {"t": 1696561950, "d": ["acmeair-authservice", 69267812.8]}, {"t": 1696561950, "d": ["acmeair-mainservice", 35244376]}, {"t": 1696561960, "d": ["acmeair-bookingservice", 325053948]}, {"t": 1696561960, "d": ["acmeair-customerservice", 231878312.8]}, {"t": 1696561960, "d": ["acmeair-flightservice", 107956166.4]}, {"t": 1696561960, "d": ["acmeair-authservice", 70021458.666667]}, {"t": 1696561960, "d": ["acmeair-mainservice", 36254552]}, {"t": 1696561970, "d": ["acmeair-bookingservice", 326781796.444445]}, {"t": 1696561970, "d": ["acmeair-customerservice", 246403648.888889]}, {"t": 1696561970, "d": ["acmeair-flightservice", 113974564.8]}, {"t": 1696561970, "d": ["acmeair-authservice", 70076589.6]}, {"t": 1696561970, "d": ["acmeair-mainservice", 37054500.8]}, {"t": 1696561980, "d": ["acmeair-bookingservice", 318920507.2]}, {"t": 1696561980, "d": ["acmeair-customerservice", 233249552]}, {"t": 1696561980, "d": ["acmeair-flightservice", 120896625.6]}, {"t": 1696561980, "d": ["acmeair-authservice", 69898816]}, {"t": 1696561980, "d": ["acmeair-mainservice", 37899096]}, {"t": 1696561990, "d": ["acmeair-bookingservice", 305124454.4]}, {"t": 1696561990, "d": ["acmeair-customerservice", 236668200]}, {"t": 1696561990, "d": ["acmeair-flightservice", 114078418.4]}, {"t": 1696561990, "d": ["acmeair-authservice", 70298392.8]}, {"t": 1696561990, "d": ["acmeair-mainservice", 38779736]}, {"t": 1696562000, "d": ["acmeair-bookingservice", 326684501.6]}, {"t": 1696562000, "d": ["acmeair-customerservice", 242366798.4]}, {"t": 1696562000, "d": ["acmeair-flightservice", 130451872.8]}, {"t": 1696562000, "d": ["acmeair-authservice", 69070137.777778]}, {"t": 1696562000, "d": ["acmeair-mainservice", 39690686.4]}, {"t": 1696562010, "d": ["acmeair-bookingservice", 325395984]}, {"t": 1696562010, "d": ["acmeair-customerservice", 244208565.6]}, {"t": 1696562010, "d": ["acmeair-flightservice", 114681092]}, {"t": 1696562010, "d": ["acmeair-authservice", 70733400]}, {"t": 1696562010, "d": ["acmeair-mainservice", 40557809.6]}, {"t": 1696562020, "d": ["acmeair-bookingservice", 331624538.4]}, {"t": 1696562020, "d": ["acmeair-customerservice", 241360420]}, {"t": 1696562020, "d": ["acmeair-flightservice", 111814880]}, {"t": 1696562020, "d": ["acmeair-authservice", 70125541.6]}, {"t": 1696562020, "d": ["acmeair-mainservice", 41440088]}, {"t": 1696562030, "d": ["acmeair-bookingservice", 318069152.8]}, {"t": 1696562030, "d": ["acmeair-customerservice", 243349540.8]}, {"t": 1696562030, "d": ["acmeair-flightservice", 117591590.4]}, {"t": 1696562030, "d": ["acmeair-authservice", 70786904]}, {"t": 1696562030, "d": ["acmeair-mainservice", 42337931.2]}, {"t": 1696562040, "d": ["acmeair-bookingservice", 338740538.4]}, {"t": 1696562040, "d": ["acmeair-customerservice", 250079584]}, {"t": 1696562040, "d": ["acmeair-flightservice", 125809595.2]}, {"t": 1696562040, "d": ["acmeair-authservice", 69914628]}, {"t": 1696562040, "d": ["acmeair-mainservice", 43196452.8]}, {"t": 1696562050, "d": ["acmeair-bookingservice", 337581063.2]}, {"t": 1696562050, "d": ["acmeair-customerservice", 257279126.4]}, {"t": 1696562050, "d": ["acmeair-flightservice", 119301384]}, {"t": 1696562050, "d": ["acmeair-authservice", 70236982.4]}, {"t": 1696562050, "d": ["acmeair-mainservice", 44089380.8]}], "start": 1696561450, "end": 1696562050}