{"data": [{"t": 1696561460, "d": ["acmeair-bookingservice", 2.608011]}, {"t": 1696561460, "d": ["acmeair-customerservice", 2.434245]}, {"t": 1696561460, "d": ["acmeair-booking-db", 1.92815]}, {"t": 1696561460, "d": ["acmeair-flightservice", 1.755512]}, {"t": 1696561460, "d": ["acmeair-authservice", 1.43958]}, {"t": 1696561460, "d": ["acmeair-customer-db", 1.136064]}, {"t": 1696561460, "d": ["acmeair-flight-db", 1.079378]}, {"t": 1696561460, "d": ["acmeair-mainservice", 0.953437]}, {"t": 1696561470, "d": ["acmeair-bookingservice", 2.622647]}, {"t": 1696561470, "d": ["acmeair-customerservice", 2.436037]}, {"t": 1696561470, "d": ["acmeair-booking-db", 1.92543]}, {"t": 1696561470, "d": ["acmeair-flightservice", 1.759812]}, {"t": 1696561470, "d": ["acmeair-authservice", 1.440595]}, {"t": 1696561470, "d": ["acmeair-customer-db", 1.136059]}, {"t": 1696561470, "d": ["acmeair-flight-db", 1.079378]}, {"t": 1696561470, "d": ["acmeair-mainservice", 0.953437]}, {"t": 1696561480, "d": ["acmeair-bookingservice", 2.637033]}, {"t": 1696561480, "d": ["acmeair-customerservice", 2.436054]}, {"t": 1696561480, "d": ["acmeair-booking-db", 1.924199]}, {"t": 1696561480, "d": ["acmeair-flightservice", 1.77691]}, {"t": 1696561480, "d": ["acmeair-authservice", 1.440661]}, {"t": 1696561480, "d": ["acmeair-customer-db", 1.136061]}, {"t": 1696561480, "d": ["acmeair-flight-db", 1.079378]}, {"t": 1696561480, "d": ["acmeair-mainservice", 0.953437]}, {"t": 1696561490, "d": ["acmeair-bookingservice", 2.646186]}, {"t": 1696561490, "d": ["acmeair-customerservice", 2.435996]}, {"t": 1696561490, "d": ["acmeair-booking-db", 1.923872]}, {"t": 1696561490, "d": ["acmeair-flightservice", 1.777347]}, {"t": 1696561490, "d": ["acmeair-authservice", 1.440771]}, {"t": 1696561490, "d": ["acmeair-customer-db", 1.136057]}, {"t": 1696561490, "d": ["acmeair-flight-db", 1.079378]}, {"t": 1696561490, "d": ["acmeair-mainservice", 0.953437]}, {"t": 1696561500, "d": ["acmeair-bookingservice", 2.646503]}, {"t": 1696561500, "d": ["acmeair-customerservice", 2.438915]}, {"t": 1696561500, "d": ["acmeair-booking-db", 1.925316]}, {"t": 1696561500, "d": ["acmeair-flightservice", 1.777554]}, {"t": 1696561500, "d": ["acmeair-authservice", 1.440932]}, {"t": 1696561500, "d": ["acmeair-customer-db", 1.136059]}, {"t": 1696561500, "d": ["acmeair-flight-db", 1.079378]}, {"t": 1696561500, "d": ["acmeair-mainservice", 0.953437]}, {"t": 1696561510, "d": ["acmeair-bookingservice", 2.65104]}, {"t": 1696561510, "d": ["acmeair-customerservice", 2.443256]}, {"t": 1696561510, "d": ["acmeair-booking-db", 1.922043]}, {"t": 1696561510, "d": ["acmeair-flightservice", 1.777935]}, {"t": 1696561510, "d": ["acmeair-authservice", 1.441105]}, {"t": 1696561510, "d": ["acmeair-customer-db", 1.136822]}, {"t": 1696561510, "d": ["acmeair-flight-db", 1.079378]}, {"t": 1696561510, "d": ["acmeair-mainservice", 0.953554]}, {"t": 1696561520, "d": ["acmeair-bookingservice", 2.659532]}, {"t": 1696561520, "d": ["acmeair-customerservice", 2.467059]}, {"t": 1696561520, "d": ["acmeair-booking-db", 1.921696]}, {"t": 1696561520, "d": ["acmeair-flightservice", 1.778883]}, {"t": 1696561520, "d": ["acmeair-authservice", 1.440568]}, {"t": 1696561520, "d": ["acmeair-customer-db", 1.141354]}, {"t": 1696561520, "d": ["acmeair-flight-db", 1.079393]}, {"t": 1696561520, "d": ["acmeair-mainservice", 0.95373]}, {"t": 1696561530, "d": ["acmeair-bookingservice", 2.682188]}, {"t": 1696561530, "d": ["acmeair-customerservice", 2.468552]}, {"t": 1696561530, "d": ["acmeair-booking-db", 1.921772]}, {"t": 1696561530, "d": ["acmeair-flightservice", 1.782071]}, {"t": 1696561530, "d": ["acmeair-authservice", 1.440483]}, {"t": 1696561530, "d": ["acmeair-customer-db", 1.1435]}, {"t": 1696561530, "d": ["acmeair-flight-db", 1.079402]}, {"t": 1696561530, "d": ["acmeair-mainservice", 0.95373]}, {"t": 1696561540, "d": ["acmeair-bookingservice", 2.695792]}, {"t": 1696561540, "d": ["acmeair-customerservice", 2.468727]}, {"t": 1696561540, "d": ["acmeair-booking-db", 1.921809]}, {"t": 1696561540, "d": ["acmeair-flightservice", 1.786897]}, {"t": 1696561540, "d": ["acmeair-authservice", 1.440868]}, {"t": 1696561540, "d": ["acmeair-customer-db", 1.144131]}, {"t": 1696561540, "d": ["acmeair-flight-db", 1.079402]}, {"t": 1696561540, "d": ["acmeair-mainservice", 0.95372]}, {"t": 1696561550, "d": ["acmeair-bookingservice", 2.702728]}, {"t": 1696561550, "d": ["acmeair-customerservice", 2.470164]}, {"t": 1696561550, "d": ["acmeair-booking-db", 1.918975]}, {"t": 1696561550, "d": ["acmeair-flightservice", 1.8139]}, {"t": 1696561550, "d": ["acmeair-authservice", 1.440978]}, {"t": 1696561550, "d": ["acmeair-customer-db", 1.144312]}, {"t": 1696561550, "d": ["acmeair-flight-db", 1.079405]}, {"t": 1696561550, "d": ["acmeair-mainservice", 0.963282]}, {"t": 1696561560, "d": ["acmeair-bookingservice", 2.720824]}, {"t": 1696561560, "d": ["acmeair-customerservice", 2.475473]}, {"t": 1696561560, "d": ["acmeair-booking-db", 1.918267]}, {"t": 1696561560, "d": ["acmeair-flightservice", 1.832606]}, {"t": 1696561560, "d": ["acmeair-authservice", 1.441258]}, {"t": 1696561560, "d": ["acmeair-customer-db", 1.144527]}, {"t": 1696561560, "d": ["acmeair-flight-db", 1.079405]}, {"t": 1696561560, "d": ["acmeair-mainservice", 0.957168]}, {"t": 1696561570, "d": ["acmeair-bookingservice", 2.73178]}, {"t": 1696561570, "d": ["acmeair-customerservice", 2.485033]}, {"t": 1696561570, "d": ["acmeair-booking-db", 1.918267]}, {"t": 1696561570, "d": ["acmeair-flightservice", 1.835579]}, {"t": 1696561570, "d": ["acmeair-authservice", 1.441339]}, {"t": 1696561570, "d": ["acmeair-customer-db", 1.144588]}, {"t": 1696561570, "d": ["acmeair-flight-db", 1.079402]}, {"t": 1696561570, "d": ["acmeair-mainservice", 0.957129]}, {"t": 1696561580, "d": ["acmeair-bookingservice", 2.755468]}, {"t": 1696561580, "d": ["acmeair-customerservice", 2.49862]}, {"t": 1696561580, "d": ["acmeair-booking-db", 1.91827]}, {"t": 1696561580, "d": ["acmeair-flightservice", 1.837457]}, {"t": 1696561580, "d": ["acmeair-authservice", 1.441517]}, {"t": 1696561580, "d": ["acmeair-customer-db", 1.14448]}, {"t": 1696561580, "d": ["acmeair-flight-db", 1.079402]}, {"t": 1696561580, "d": ["acmeair-mainservice", 0.957144]}, {"t": 1696561590, "d": ["acmeair-bookingservice", 2.75808]}, {"t": 1696561590, "d": ["acmeair-customerservice", 2.514014]}, {"t": 1696561590, "d": ["acmeair-booking-db", 1.914726]}, {"t": 1696561590, "d": ["acmeair-flightservice", 1.83814]}, {"t": 1696561590, "d": ["acmeair-authservice", 1.441683]}, {"t": 1696561590, "d": ["acmeair-customer-db", 1.130652]}, {"t": 1696561590, "d": ["acmeair-flight-db", 1.079098]}, {"t": 1696561590, "d": ["acmeair-mainservice", 0.957144]}, {"t": 1696561600, "d": ["acmeair-bookingservice", 2.782344]}, {"t": 1696561600, "d": ["acmeair-customerservice", 2.52535]}, {"t": 1696561600, "d": ["acmeair-booking-db", 1.915204]}, {"t": 1696561600, "d": ["acmeair-flightservice", 1.845768]}, {"t": 1696561600, "d": ["acmeair-authservice", 1.441817]}, {"t": 1696561600, "d": ["acmeair-customer-db", 1.118175]}, {"t": 1696561600, "d": ["acmeair-flight-db", 1.079061]}, {"t": 1696561600, "d": ["acmeair-mainservice", 0.957144]}, {"t": 1696561610, "d": ["acmeair-bookingservice", 2.802042]}, {"t": 1696561610, "d": ["acmeair-customerservice", 2.530418]}, {"t": 1696561610, "d": ["acmeair-booking-db", 1.916855]}, {"t": 1696561610, "d": ["acmeair-flightservice", 1.846668]}, {"t": 1696561610, "d": ["acmeair-authservice", 1.442141]}, {"t": 1696561610, "d": ["acmeair-customer-db", 1.118404]}, {"t": 1696561610, "d": ["acmeair-flight-db", 1.079061]}, {"t": 1696561610, "d": ["acmeair-mainservice", 0.957144]}, {"t": 1696561620, "d": ["acmeair-bookingservice", 2.817009]}, {"t": 1696561620, "d": ["acmeair-customerservice", 2.533925]}, {"t": 1696561620, "d": ["acmeair-booking-db", 1.916019]}, {"t": 1696561620, "d": ["acmeair-flightservice", 1.846771]}, {"t": 1696561620, "d": ["acmeair-authservice", 1.44228]}, {"t": 1696561620, "d": ["acmeair-customer-db", 1.118409]}, {"t": 1696561620, "d": ["acmeair-flight-db", 1.079042]}, {"t": 1696561620, "d": ["acmeair-mainservice", 0.9571]}, {"t": 1696561630, "d": ["acmeair-bookingservice", 2.826633]}, {"t": 1696561630, "d": ["acmeair-customerservice", 2.539763]}, {"t": 1696561630, "d": ["acmeair-booking-db", 1.912709]}, {"t": 1696561630, "d": ["acmeair-flightservice", 1.846929]}, {"t": 1696561630, "d": ["acmeair-authservice", 1.443022]}, {"t": 1696561630, "d": ["acmeair-customer-db", 1.118414]}, {"t": 1696561630, "d": ["acmeair-flight-db", 1.078883]}, {"t": 1696561630, "d": ["acmeair-mainservice", 0.95651]}, {"t": 1696561640, "d": ["acmeair-bookingservice", 2.836988]}, {"t": 1696561640, "d": ["acmeair-customerservice", 2.548187]}, {"t": 1696561640, "d": ["acmeair-booking-db", 1.912944]}, {"t": 1696561640, "d": ["acmeair-flightservice", 1.842413]}, {"t": 1696561640, "d": ["acmeair-authservice", 1.443944]}, {"t": 1696561640, "d": ["acmeair-customer-db", 1.118409]}, {"t": 1696561640, "d": ["acmeair-flight-db", 1.078661]}, {"t": 1696561640, "d": ["acmeair-mainservice", 0.9564]}, {"t": 1696561650, "d": ["acmeair-bookingservice", 2.850063]}, {"t": 1696561650, "d": ["acmeair-customerservice", 2.554621]}, {"t": 1696561650, "d": ["acmeair-booking-db", 1.913046]}, {"t": 1696561650, "d": ["acmeair-flightservice", 1.842515]}, {"t": 1696561650, "d": ["acmeair-authservice", 1.444053]}, {"t": 1696561650, "d": ["acmeair-customer-db", 1.13174]}, {"t": 1696561650, "d": ["acmeair-flight-db", 1.078105]}, {"t": 1696561650, "d": ["acmeair-mainservice", 0.956044]}, {"t": 1696561660, "d": ["acmeair-bookingservice", 2.875317]}, {"t": 1696561660, "d": ["acmeair-customerservice", 2.558525]}, {"t": 1696561660, "d": ["acmeair-booking-db", 1.915829]}, {"t": 1696561660, "d": ["acmeair-flightservice", 1.842544]}, {"t": 1696561660, "d": ["acmeair-authservice", 1.444148]}, {"t": 1696561660, "d": ["acmeair-customer-db", 1.131752]}, {"t": 1696561660, "d": ["acmeair-flight-db", 1.07799]}, {"t": 1696561660, "d": ["acmeair-mainservice", 0.956071]}, {"t": 1696561670, "d": ["acmeair-bookingservice", 2.900368]}, {"t": 1696561670, "d": ["acmeair-customerservice", 2.575399]}, {"t": 1696561670, "d": ["acmeair-booking-db", 1.93201]}, {"t": 1696561670, "d": ["acmeair-flightservice", 1.8426]}, {"t": 1696561670, "d": ["acmeair-authservice", 1.443653]}, {"t": 1696561670, "d": ["acmeair-customer-db", 1.13175]}, {"t": 1696561670, "d": ["acmeair-flight-db", 1.077988]}, {"t": 1696561670, "d": ["acmeair-mainservice", 0.956071]}, {"t": 1696561680, "d": ["acmeair-bookingservice", 2.910124]}, {"t": 1696561680, "d": ["acmeair-customerservice", 2.587284]}, {"t": 1696561680, "d": ["acmeair-booking-db", 1.935778]}, {"t": 1696561680, "d": ["acmeair-flightservice", 1.842203]}, {"t": 1696561680, "d": ["acmeair-authservice", 1.443722]}, {"t": 1696561680, "d": ["acmeair-customer-db", 1.131745]}, {"t": 1696561680, "d": ["acmeair-flight-db", 1.07799]}, {"t": 1696561680, "d": ["acmeair-mainservice", 0.956071]}, {"t": 1696561690, "d": ["acmeair-bookingservice", 2.915721]}, {"t": 1696561690, "d": ["acmeair-customerservice", 2.594061]}, {"t": 1696561690, "d": ["acmeair-booking-db", 1.929189]}, {"t": 1696561690, "d": ["acmeair-flightservice", 1.838123]}, {"t": 1696561690, "d": ["acmeair-authservice", 1.443807]}, {"t": 1696561690, "d": ["acmeair-customer-db", 1.131752]}, {"t": 1696561690, "d": ["acmeair-flight-db", 1.077988]}, {"t": 1696561690, "d": ["acmeair-mainservice", 0.956071]}, {"t": 1696561700, "d": ["acmeair-bookingservice", 2.930608]}, {"t": 1696561700, "d": ["acmeair-customerservice", 2.601461]}, {"t": 1696561700, "d": ["acmeair-booking-db", 1.922935]}, {"t": 1696561700, "d": ["acmeair-flightservice", 1.838123]}, {"t": 1696561700, "d": ["acmeair-authservice", 1.443426]}, {"t": 1696561700, "d": ["acmeair-customer-db", 1.131747]}, {"t": 1696561700, "d": ["acmeair-flight-db", 1.07799]}, {"t": 1696561700, "d": ["acmeair-mainservice", 0.956071]}, {"t": 1696561710, "d": ["acmeair-bookingservice", 2.951501]}, {"t": 1696561710, "d": ["acmeair-customerservice", 2.615033]}, {"t": 1696561710, "d": ["acmeair-booking-db", 1.919875]}, {"t": 1696561710, "d": ["acmeair-flightservice", 1.839844]}, {"t": 1696561710, "d": ["acmeair-authservice", 1.443195]}, {"t": 1696561710, "d": ["acmeair-customer-db", 1.131752]}, {"t": 1696561710, "d": ["acmeair-flight-db", 1.077988]}, {"t": 1696561710, "d": ["acmeair-mainservice", 0.956071]}, {"t": 1696561720, "d": ["acmeair-bookingservice", 2.957957]}, {"t": 1696561720, "d": ["acmeair-customerservice", 2.619474]}, {"t": 1696561720, "d": ["acmeair-booking-db", 1.92396]}, {"t": 1696561720, "d": ["acmeair-flightservice", 1.845983]}, {"t": 1696561720, "d": ["acmeair-authservice", 1.443397]}, {"t": 1696561720, "d": ["acmeair-customer-db", 1.131745]}, {"t": 1696561720, "d": ["acmeair-flight-db", 1.077988]}, {"t": 1696561720, "d": ["acmeair-mainservice", 0.956071]}, {"t": 1696561730, "d": ["acmeair-bookingservice", 2.973219]}, {"t": 1696561730, "d": ["acmeair-customerservice", 2.625312]}, {"t": 1696561730, "d": ["acmeair-booking-db", 1.925411]}, {"t": 1696561730, "d": ["acmeair-flightservice", 1.8432]}, {"t": 1696561730, "d": ["acmeair-authservice", 1.44277]}, {"t": 1696561730, "d": ["acmeair-customer-db", 1.131745]}, {"t": 1696561730, "d": ["acmeair-flight-db", 1.077988]}, {"t": 1696561730, "d": ["acmeair-mainservice", 0.956071]}, {"t": 1696561740, "d": ["acmeair-bookingservice", 2.994037]}, {"t": 1696561740, "d": ["acmeair-customerservice", 2.63728]}, {"t": 1696561740, "d": ["acmeair-booking-db", 1.925633]}, {"t": 1696561740, "d": ["acmeair-flightservice", 1.841305]}, {"t": 1696561740, "d": ["acmeair-authservice", 1.443095]}, {"t": 1696561740, "d": ["acmeair-customer-db", 1.131747]}, {"t": 1696561740, "d": ["acmeair-flight-db", 1.07799]}, {"t": 1696561740, "d": ["acmeair-mainservice", 0.956071]}, {"t": 1696561750, "d": ["acmeair-bookingservice", 3.017286]}, {"t": 1696561750, "d": ["acmeair-customerservice", 2.649923]}, {"t": 1696561750, "d": ["acmeair-booking-db", 1.925801]}, {"t": 1696561750, "d": ["acmeair-flightservice", 1.841378]}, {"t": 1696561750, "d": ["acmeair-authservice", 1.443378]}, {"t": 1696561750, "d": ["acmeair-customer-db", 1.131752]}, {"t": 1696561750, "d": ["acmeair-flight-db", 1.077988]}, {"t": 1696561750, "d": ["acmeair-mainservice", 0.956071]}, {"t": 1696561760, "d": ["acmeair-bookingservice", 3.028792]}, {"t": 1696561760, "d": ["acmeair-customerservice", 2.655269]}, {"t": 1696561760, "d": ["acmeair-booking-db", 1.926716]}, {"t": 1696561760, "d": ["acmeair-flightservice", 1.841464]}, {"t": 1696561760, "d": ["acmeair-authservice", 1.443558]}, {"t": 1696561760, "d": ["acmeair-customer-db", 1.13175]}, {"t": 1696561760, "d": ["acmeair-flight-db", 1.077988]}, {"t": 1696561760, "d": ["acmeair-mainservice", 0.956071]}, {"t": 1696561770, "d": ["acmeair-bookingservice", 3.040433]}, {"t": 1696561770, "d": ["acmeair-customerservice", 2.664334]}, {"t": 1696561770, "d": ["acmeair-booking-db", 1.926303]}, {"t": 1696561770, "d": ["acmeair-flightservice", 1.841488]}, {"t": 1696561770, "d": ["acmeair-authservice", 1.4438]}, {"t": 1696561770, "d": ["acmeair-customer-db", 1.131569]}, {"t": 1696561770, "d": ["acmeair-flight-db", 1.077988]}, {"t": 1696561770, "d": ["acmeair-mainservice", 0.956071]}, {"t": 1696561780, "d": ["acmeair-bookingservice", 3.0499]}, {"t": 1696561780, "d": ["acmeair-customerservice", 2.674128]}, {"t": 1696561780, "d": ["acmeair-booking-db", 1.925416]}, {"t": 1696561780, "d": ["acmeair-flightservice", 1.8415]}, {"t": 1696561780, "d": ["acmeair-authservice", 1.444009]}, {"t": 1696561780, "d": ["acmeair-customer-db", 1.130559]}, {"t": 1696561780, "d": ["acmeair-flight-db", 1.077503]}, {"t": 1696561780, "d": ["acmeair-mainservice", 0.95541]}, {"t": 1696561790, "d": ["acmeair-bookingservice", 3.06437]}, {"t": 1696561790, "d": ["acmeair-customerservice", 2.689973]}, {"t": 1696561790, "d": ["acmeair-booking-db", 1.924316]}, {"t": 1696561790, "d": ["acmeair-flightservice", 1.841488]}, {"t": 1696561790, "d": ["acmeair-authservice", 1.444265]}, {"t": 1696561790, "d": ["acmeair-customer-db", 1.124287]}, {"t": 1696561790, "d": ["acmeair-flight-db", 1.077427]}, {"t": 1696561790, "d": ["acmeair-mainservice", 0.955266]}, {"t": 1696561800, "d": ["acmeair-bookingservice", 3.085644]}, {"t": 1696561800, "d": ["acmeair-customerservice", 2.69728]}, {"t": 1696561800, "d": ["acmeair-booking-db", 1.924599]}, {"t": 1696561800, "d": ["acmeair-flightservice", 1.841488]}, {"t": 1696561800, "d": ["acmeair-authservice", 1.444509]}, {"t": 1696561800, "d": ["acmeair-customer-db", 1.125691]}, {"t": 1696561800, "d": ["acmeair-flight-db", 1.077427]}, {"t": 1696561800, "d": ["acmeair-mainservice", 0.955266]}, {"t": 1696561810, "d": ["acmeair-bookingservice", 3.103401]}, {"t": 1696561810, "d": ["acmeair-customerservice", 2.70397]}, {"t": 1696561810, "d": ["acmeair-booking-db", 1.924382]}, {"t": 1696561810, "d": ["acmeair-flightservice", 1.841544]}, {"t": 1696561810, "d": ["acmeair-authservice", 1.444814]}, {"t": 1696561810, "d": ["acmeair-customer-db", 1.125938]}, {"t": 1696561810, "d": ["acmeair-flight-db", 1.077729]}, {"t": 1696561810, "d": ["acmeair-mainservice", 0.954934]}, {"t": 1696561820, "d": ["acmeair-bookingservice", 3.118714]}, {"t": 1696561820, "d": ["acmeair-customerservice", 2.714315]}, {"t": 1696561820, "d": ["acmeair-booking-db", 1.92474]}, {"t": 1696561820, "d": ["acmeair-flightservice", 1.841566]}, {"t": 1696561820, "d": ["acmeair-authservice", 1.4452]}, {"t": 1696561820, "d": ["acmeair-customer-db", 1.125967]}, {"t": 1696561820, "d": ["acmeair-flight-db", 1.078198]}, {"t": 1696561820, "d": ["acmeair-mainservice", 0.953659]}, {"t": 1696561830, "d": ["acmeair-bookingservice", 3.129611]}, {"t": 1696561830, "d": ["acmeair-customerservice", 2.725912]}, {"t": 1696561830, "d": ["acmeair-booking-db", 1.924128]}, {"t": 1696561830, "d": ["acmeair-flightservice", 1.84778]}, {"t": 1696561830, "d": ["acmeair-authservice", 1.445253]}, {"t": 1696561830, "d": ["acmeair-customer-db", 1.126899]}, {"t": 1696561830, "d": ["acmeair-flight-db", 1.078529]}, {"t": 1696561830, "d": ["acmeair-mainservice", 0.953791]}, {"t": 1696561840, "d": ["acmeair-bookingservice", 3.139491]}, {"t": 1696561840, "d": ["acmeair-customerservice", 2.742432]}, {"t": 1696561840, "d": ["acmeair-booking-db", 1.92406]}, {"t": 1696561840, "d": ["acmeair-flightservice", 1.849822]}, {"t": 1696561840, "d": ["acmeair-authservice", 1.445321]}, {"t": 1696561840, "d": ["acmeair-customer-db", 1.127601]}, {"t": 1696561840, "d": ["acmeair-flight-db", 1.078624]}, {"t": 1696561840, "d": ["acmeair-mainservice", 0.953827]}, {"t": 1696561850, "d": ["acmeair-bookingservice", 3.156655]}, {"t": 1696561850, "d": ["acmeair-customerservice", 2.750466]}, {"t": 1696561850, "d": ["acmeair-booking-db", 1.923755]}, {"t": 1696561850, "d": ["acmeair-flightservice", 1.849351]}, {"t": 1696561850, "d": ["acmeair-authservice", 1.445475]}, {"t": 1696561850, "d": ["acmeair-customer-db", 1.12765]}, {"t": 1696561850, "d": ["acmeair-flight-db", 1.078622]}, {"t": 1696561850, "d": ["acmeair-mainservice", 0.953827]}, {"t": 1696561860, "d": ["acmeair-bookingservice", 3.1785]}, {"t": 1696561860, "d": ["acmeair-customerservice", 2.756404]}, {"t": 1696561860, "d": ["acmeair-booking-db", 1.923196]}, {"t": 1696561860, "d": ["acmeair-flightservice", 1.846256]}, {"t": 1696561860, "d": ["acmeair-authservice", 1.445768]}, {"t": 1696561860, "d": ["acmeair-customer-db", 1.128033]}, {"t": 1696561860, "d": ["acmeair-flight-db", 1.078622]}, {"t": 1696561860, "d": ["acmeair-mainservice", 0.953827]}, {"t": 1696561870, "d": ["acmeair-bookingservice", 3.192223]}, {"t": 1696561870, "d": ["acmeair-customerservice", 2.763101]}, {"t": 1696561870, "d": ["acmeair-booking-db", 1.921501]}, {"t": 1696561870, "d": ["acmeair-flightservice", 1.845488]}, {"t": 1696561870, "d": ["acmeair-authservice", 1.44616]}, {"t": 1696561870, "d": ["acmeair-customer-db", 1.128347]}, {"t": 1696561870, "d": ["acmeair-flight-db", 1.078959]}, {"t": 1696561870, "d": ["acmeair-mainservice", 0.953666]}, {"t": 1696561880, "d": ["acmeair-bookingservice", 3.201639]}, {"t": 1696561880, "d": ["acmeair-customerservice", 2.77232]}, {"t": 1696561880, "d": ["acmeair-booking-db", 1.924984]}, {"t": 1696561880, "d": ["acmeair-flightservice", 1.845488]}, {"t": 1696561880, "d": ["acmeair-authservice", 1.446285]}, {"t": 1696561880, "d": ["acmeair-customer-db", 1.127708]}, {"t": 1696561880, "d": ["acmeair-flight-db", 1.079183]}, {"t": 1696561880, "d": ["acmeair-mainservice", 0.953559]}, {"t": 1696561890, "d": ["acmeair-bookingservice", 3.221211]}, {"t": 1696561890, "d": ["acmeair-customerservice", 2.784373]}, {"t": 1696561890, "d": ["acmeair-booking-db", 1.925382]}, {"t": 1696561890, "d": ["acmeair-flightservice", 1.845488]}, {"t": 1696561890, "d": ["acmeair-authservice", 1.446497]}, {"t": 1696561890, "d": ["acmeair-customer-db", 1.127845]}, {"t": 1696561890, "d": ["acmeair-flight-db", 1.079183]}, {"t": 1696561890, "d": ["acmeair-mainservice", 0.953773]}, {"t": 1696561900, "d": ["acmeair-bookingservice", 3.25595]}, {"t": 1696561900, "d": ["acmeair-customerservice", 2.793555]}, {"t": 1696561900, "d": ["acmeair-booking-db", 1.922901]}, {"t": 1696561900, "d": ["acmeair-flightservice", 1.845524]}, {"t": 1696561900, "d": ["acmeair-authservice", 1.446636]}, {"t": 1696561900, "d": ["acmeair-customer-db", 1.139844]}, {"t": 1696561900, "d": ["acmeair-flight-db", 1.079183]}, {"t": 1696561900, "d": ["acmeair-mainservice", 0.953827]}, {"t": 1696561910, "d": ["acmeair-bookingservice", 3.257047]}, {"t": 1696561910, "d": ["acmeair-customerservice", 2.801881]}, {"t": 1696561910, "d": ["acmeair-booking-db", 1.914556]}, {"t": 1696561910, "d": ["acmeair-flightservice", 1.841308]}, {"t": 1696561910, "d": ["acmeair-authservice", 1.446731]}, {"t": 1696561910, "d": ["acmeair-customer-db", 1.141083]}, {"t": 1696561910, "d": ["acmeair-flight-db", 1.079183]}, {"t": 1696561910, "d": ["acmeair-mainservice", 0.953827]}, {"t": 1696561920, "d": ["acmeair-bookingservice", 3.270056]}, {"t": 1696561920, "d": ["acmeair-customerservice", 2.814909]}, {"t": 1696561920, "d": ["acmeair-booking-db", 1.916799]}, {"t": 1696561920, "d": ["acmeair-flightservice", 1.840871]}, {"t": 1696561920, "d": ["acmeair-authservice", 1.446865]}, {"t": 1696561920, "d": ["acmeair-customer-db", 1.15118]}, {"t": 1696561920, "d": ["acmeair-flight-db", 1.079183]}, {"t": 1696561920, "d": ["acmeair-mainservice", 0.953827]}, {"t": 1696561930, "d": ["acmeair-bookingservice", 3.283111]}, {"t": 1696561930, "d": ["acmeair-customerservice", 2.830842]}, {"t": 1696561930, "d": ["acmeair-booking-db", 1.917531]}, {"t": 1696561930, "d": ["acmeair-flightservice", 1.840842]}, {"t": 1696561930, "d": ["acmeair-authservice", 1.447104]}, {"t": 1696561930, "d": ["acmeair-customer-db", 1.155657]}, {"t": 1696561930, "d": ["acmeair-flight-db", 1.07921]}, {"t": 1696561930, "d": ["acmeair-mainservice", 0.953827]}, {"t": 1696561940, "d": ["acmeair-bookingservice", 3.304063]}, {"t": 1696561940, "d": ["acmeair-customerservice", 2.840588]}, {"t": 1696561940, "d": ["acmeair-booking-db", 1.918053]}, {"t": 1696561940, "d": ["acmeair-flightservice", 1.840854]}, {"t": 1696561940, "d": ["acmeair-authservice", 1.447277]}, {"t": 1696561940, "d": ["acmeair-customer-db", 1.155833]}, {"t": 1696561940, "d": ["acmeair-flight-db", 1.079232]}, {"t": 1696561940, "d": ["acmeair-mainservice", 0.953827]}, {"t": 1696561950, "d": ["acmeair-bookingservice", 3.31583]}, {"t": 1696561950, "d": ["acmeair-customerservice", 2.847787]}, {"t": 1696561950, "d": ["acmeair-booking-db", 1.921201]}, {"t": 1696561950, "d": ["acmeair-flightservice", 1.840879]}, {"t": 1696561950, "d": ["acmeair-authservice", 1.447409]}, {"t": 1696561950, "d": ["acmeair-customer-db", 1.15594]}, {"t": 1696561950, "d": ["acmeair-flight-db", 1.079334]}, {"t": 1696561950, "d": ["acmeair-mainservice", 0.953625]}, {"t": 1696561960, "d": ["acmeair-bookingservice", 3.325681]}, {"t": 1696561960, "d": ["acmeair-customerservice", 2.855033]}, {"t": 1696561960, "d": ["acmeair-booking-db", 1.922457]}, {"t": 1696561960, "d": ["acmeair-flightservice", 1.840879]}, {"t": 1696561960, "d": ["acmeair-authservice", 1.447672]}, {"t": 1696561960, "d": ["acmeair-customer-db", 1.156182]}, {"t": 1696561960, "d": ["acmeair-flight-db", 1.079827]}, {"t": 1696561960, "d": ["acmeair-mainservice", 0.952861]}, {"t": 1696561970, "d": ["acmeair-bookingservice", 3.336153]}, {"t": 1696561970, "d": ["acmeair-customerservice", 2.86083]}, {"t": 1696561970, "d": ["acmeair-booking-db", 1.924747]}, {"t": 1696561970, "d": ["acmeair-flightservice", 1.840854]}, {"t": 1696561970, "d": ["acmeair-authservice", 1.448072]}, {"t": 1696561970, "d": ["acmeair-customer-db", 1.156182]}, {"t": 1696561970, "d": ["acmeair-flight-db", 1.079971]}, {"t": 1696561970, "d": ["acmeair-mainservice", 0.951242]}, {"t": 1696561980, "d": ["acmeair-bookingservice", 3.347623]}, {"t": 1696561980, "d": ["acmeair-customerservice", 2.863774]}, {"t": 1696561980, "d": ["acmeair-booking-db", 1.926381]}, {"t": 1696561980, "d": ["acmeair-flightservice", 1.840866]}, {"t": 1696561980, "d": ["acmeair-authservice", 1.448629]}, {"t": 1696561980, "d": ["acmeair-customer-db", 1.156179]}, {"t": 1696561980, "d": ["acmeair-flight-db", 1.079988]}, {"t": 1696561980, "d": ["acmeair-mainservice", 0.951242]}, {"t": 1696561990, "d": ["acmeair-bookingservice", 3.356854]}, {"t": 1696561990, "d": ["acmeair-customerservice", 2.868781]}, {"t": 1696561990, "d": ["acmeair-booking-db", 1.927325]}, {"t": 1696561990, "d": ["acmeair-flightservice", 1.850868]}, {"t": 1696561990, "d": ["acmeair-authservice", 1.448809]}, {"t": 1696561990, "d": ["acmeair-customer-db", 1.156177]}, {"t": 1696561990, "d": ["acmeair-flight-db", 1.07999]}, {"t": 1696561990, "d": ["acmeair-mainservice", 0.951242]}, {"t": 1696562000, "d": ["acmeair-bookingservice", 3.359329]}, {"t": 1696562000, "d": ["acmeair-customerservice", 2.869225]}, {"t": 1696562000, "d": ["acmeair-booking-db", 1.927915]}, {"t": 1696562000, "d": ["acmeair-flightservice", 1.853365]}, {"t": 1696562000, "d": ["acmeair-authservice", 1.448709]}, {"t": 1696562000, "d": ["acmeair-customer-db", 1.156191]}, {"t": 1696562000, "d": ["acmeair-flight-db", 1.080017]}, {"t": 1696562000, "d": ["acmeair-mainservice", 0.951242]}, {"t": 1696562010, "d": ["acmeair-bookingservice", 3.363185]}, {"t": 1696562010, "d": ["acmeair-customerservice", 2.875717]}, {"t": 1696562010, "d": ["acmeair-booking-db", 1.927923]}, {"t": 1696562010, "d": ["acmeair-flightservice", 1.853365]}, {"t": 1696562010, "d": ["acmeair-authservice", 1.448809]}, {"t": 1696562010, "d": ["acmeair-customer-db", 1.156184]}, {"t": 1696562010, "d": ["acmeair-flight-db", 1.080032]}, {"t": 1696562010, "d": ["acmeair-mainservice", 0.951515]}, {"t": 1696562020, "d": ["acmeair-bookingservice", 3.371965]}, {"t": 1696562020, "d": ["acmeair-customerservice", 2.88147]}, {"t": 1696562020, "d": ["acmeair-booking-db", 1.928081]}, {"t": 1696562020, "d": ["acmeair-flightservice", 1.851943]}, {"t": 1696562020, "d": ["acmeair-authservice", 1.448858]}, {"t": 1696562020, "d": ["acmeair-customer-db", 1.156179]}, {"t": 1696562020, "d": ["acmeair-flight-db", 1.080037]}, {"t": 1696562020, "d": ["acmeair-mainservice", 0.951583]}, {"t": 1696562030, "d": ["acmeair-bookingservice", 3.377325]}, {"t": 1696562030, "d": ["acmeair-customerservice", 2.885728]}, {"t": 1696562030, "d": ["acmeair-booking-db", 1.928172]}, {"t": 1696562030, "d": ["acmeair-flightservice", 1.848695]}, {"t": 1696562030, "d": ["acmeair-authservice", 1.449082]}, {"t": 1696562030, "d": ["acmeair-customer-db", 1.156179]}, {"t": 1696562030, "d": ["acmeair-flight-db", 1.079959]}, {"t": 1696562030, "d": ["acmeair-mainservice", 0.951466]}, {"t": 1696562040, "d": ["acmeair-bookingservice", 3.386352]}, {"t": 1696562040, "d": ["acmeair-customerservice", 2.890316]}, {"t": 1696562040, "d": ["acmeair-booking-db", 1.928684]}, {"t": 1696562040, "d": ["acmeair-flightservice", 1.848719]}, {"t": 1696562040, "d": ["acmeair-authservice", 1.450577]}, {"t": 1696562040, "d": ["acmeair-customer-db", 1.156179]}, {"t": 1696562040, "d": ["acmeair-flight-db", 1.079724]}, {"t": 1696562040, "d": ["acmeair-mainservice", 0.951159]}, {"t": 1696562050, "d": ["acmeair-bookingservice", 3.407328]}, {"t": 1696562050, "d": ["acmeair-customerservice", 2.903117]}, {"t": 1696562050, "d": ["acmeair-booking-db", 1.929947]}, {"t": 1696562050, "d": ["acmeair-flightservice", 1.847915]}, {"t": 1696562050, "d": ["acmeair-authservice", 1.449482]}, {"t": 1696562050, "d": ["acmeair-customer-db", 1.156172]}, {"t": 1696562050, "d": ["acmeair-flight-db", 1.079232]}, {"t": 1696562050, "d": ["acmeair-mainservice", 0.951071]}], "start": 1696561450, "end": 1696562050}