{"data": [{"t": 1696561460, "d": ["acmeair-bookingservice", 438013952]}, {"t": 1696561460, "d": ["acmeair-customerservice", 408829952]}, {"t": 1696561460, "d": ["acmeair-booking-db", 323831398.4]}, {"t": 1696561460, "d": ["acmeair-flightservice", 294837043.2]}, {"t": 1696561460, "d": ["acmeair-authservice", 241776640]}, {"t": 1696561460, "d": ["acmeair-customer-db", 190801100.8]}, {"t": 1696561460, "d": ["acmeair-flight-db", 181280768]}, {"t": 1696561460, "d": ["acmeair-mainservice", 160129024]}, {"t": 1696561470, "d": ["acmeair-bookingservice", 440471961.6]}, {"t": 1696561470, "d": ["acmeair-customerservice", 409131008]}, {"t": 1696561470, "d": ["acmeair-booking-db", 323374694.4]}, {"t": 1696561470, "d": ["acmeair-flightservice", 295559168]}, {"t": 1696561470, "d": ["acmeair-authservice", 241947033.6]}, {"t": 1696561470, "d": ["acmeair-customer-db", 190800281.6]}, {"t": 1696561470, "d": ["acmeair-flight-db", 181280768]}, {"t": 1696561470, "d": ["acmeair-mainservice", 160129024]}, {"t": 1696561480, "d": ["acmeair-bookingservice", 442888192]}, {"t": 1696561480, "d": ["acmeair-customerservice", 409133875.2]}, {"t": 1696561480, "d": ["acmeair-booking-db", 323167846.4]}, {"t": 1696561480, "d": ["acmeair-flightservice", 298430873.6]}, {"t": 1696561480, "d": ["acmeair-authservice", 241958092.8]}, {"t": 1696561480, "d": ["acmeair-customer-db", 190800691.2]}, {"t": 1696561480, "d": ["acmeair-flight-db", 181280768]}, {"t": 1696561480, "d": ["acmeair-mainservice", 160129024]}, {"t": 1696561490, "d": ["acmeair-bookingservice", 444425420.8]}, {"t": 1696561490, "d": ["acmeair-customerservice", 409124044.8]}, {"t": 1696561490, "d": ["acmeair-booking-db", 323112960]}, {"t": 1696561490, "d": ["acmeair-flightservice", 298504192]}, {"t": 1696561490, "d": ["acmeair-authservice", 241976524.8]}, {"t": 1696561490, "d": ["acmeair-customer-db", 190799872]}, {"t": 1696561490, "d": ["acmeair-flight-db", 181280768]}, {"t": 1696561490, "d": ["acmeair-mainservice", 160129024]}, {"t": 1696561500, "d": ["acmeair-bookingservice", 444478668.8]}, {"t": 1696561500, "d": ["acmeair-customerservice", 409614336]}, {"t": 1696561500, "d": ["acmeair-booking-db", 323355443.2]}, {"t": 1696561500, "d": ["acmeair-flightservice", 298539008]}, {"t": 1696561500, "d": ["acmeair-authservice", 242003558.4]}, {"t": 1696561500, "d": ["acmeair-customer-db", 190800281.6]}, {"t": 1696561500, "d": ["acmeair-flight-db", 181280768]}, {"t": 1696561500, "d": ["acmeair-mainservice", 160129024]}, {"t": 1696561510, "d": ["acmeair-bookingservice", 445240524.8]}, {"t": 1696561510, "d": ["acmeair-customerservice", 410343424]}, {"t": 1696561510, "d": ["acmeair-booking-db", 322805760]}, {"t": 1696561510, "d": ["acmeair-flightservice", 298602905.6]}, {"t": 1696561510, "d": ["acmeair-authservice", 242032640]}, {"t": 1696561510, "d": ["acmeair-customer-db", 190928486.4]}, {"t": 1696561510, "d": ["acmeair-flight-db", 181280768]}, {"t": 1696561510, "d": ["acmeair-mainservice", 160148684.8]}, {"t": 1696561520, "d": ["acmeair-bookingservice", 446666752]}, {"t": 1696561520, "d": ["acmeair-customerservice", 414341120]}, {"t": 1696561520, "d": ["acmeair-booking-db", 322747596.8]}, {"t": 1696561520, "d": ["acmeair-flightservice", 298762240]}, {"t": 1696561520, "d": ["acmeair-authservice", 241942528]}, {"t": 1696561520, "d": ["acmeair-customer-db", 191689523.2]}, {"t": 1696561520, "d": ["acmeair-flight-db", 181283225.6]}, {"t": 1696561520, "d": ["acmeair-mainservice", 160178176]}, {"t": 1696561530, "d": ["acmeair-bookingservice", 450471936]}, {"t": 1696561530, "d": ["acmeair-customerservice", 414591795.2]}, {"t": 1696561530, "d": ["acmeair-booking-db", 322760294.4]}, {"t": 1696561530, "d": ["acmeair-flightservice", 299297587.2]}, {"t": 1696561530, "d": ["acmeair-authservice", 241928192]}, {"t": 1696561530, "d": ["acmeair-customer-db", 192049971.2]}, {"t": 1696561530, "d": ["acmeair-flight-db", 181284864]}, {"t": 1696561530, "d": ["acmeair-mainservice", 160178176]}, {"t": 1696561540, "d": ["acmeair-bookingservice", 452756684.8]}, {"t": 1696561540, "d": ["acmeair-customerservice", 414621286.4]}, {"t": 1696561540, "d": ["acmeair-booking-db", 322766438.4]}, {"t": 1696561540, "d": ["acmeair-flightservice", 300108185.6]}, {"t": 1696561540, "d": ["acmeair-authservice", 241992908.8]}, {"t": 1696561540, "d": ["acmeair-customer-db", 192156057.6]}, {"t": 1696561540, "d": ["acmeair-flight-db", 181284864]}, {"t": 1696561540, "d": ["acmeair-mainservice", 160176537.6]}, {"t": 1696561550, "d": ["acmeair-bookingservice", 453921587.2]}, {"t": 1696561550, "d": ["acmeair-customerservice", 414862540.8]}, {"t": 1696561550, "d": ["acmeair-booking-db", 322290483.2]}, {"t": 1696561550, "d": ["acmeair-flightservice", 304643276.8]}, {"t": 1696561550, "d": ["acmeair-authservice", 242011340.8]}, {"t": 1696561550, "d": ["acmeair-customer-db", 192186368]}, {"t": 1696561550, "d": ["acmeair-flight-db", 181285273.6]}, {"t": 1696561550, "d": ["acmeair-mainservice", 161782579.2]}, {"t": 1696561560, "d": ["acmeair-bookingservice", 456960819.2]}, {"t": 1696561560, "d": ["acmeair-customerservice", 415754240]}, {"t": 1696561560, "d": ["acmeair-booking-db", 322171699.2]}, {"t": 1696561560, "d": ["acmeair-flightservice", 307784908.8]}, {"t": 1696561560, "d": ["acmeair-authservice", 242058444.8]}, {"t": 1696561560, "d": ["acmeair-customer-db", 192222412.8]}, {"t": 1696561560, "d": ["acmeair-flight-db", 181285273.6]}, {"t": 1696561560, "d": ["acmeair-mainservice", 160755712]}, {"t": 1696561570, "d": ["acmeair-bookingservice", 458800742.4]}, {"t": 1696561570, "d": ["acmeair-customerservice", 417359872]}, {"t": 1696561570, "d": ["acmeair-booking-db", 322171699.2]}, {"t": 1696561570, "d": ["acmeair-flightservice", 308284211.2]}, {"t": 1696561570, "d": ["acmeair-authservice", 242071961.6]}, {"t": 1696561570, "d": ["acmeair-customer-db", 192232652.8]}, {"t": 1696561570, "d": ["acmeair-flight-db", 181284864]}, {"t": 1696561570, "d": ["acmeair-mainservice", 160749158.4]}, {"t": 1696561580, "d": ["acmeair-bookingservice", 462779187.2]}, {"t": 1696561580, "d": ["acmeair-customerservice", 419641753.6]}, {"t": 1696561580, "d": ["acmeair-booking-db", 322172108.8]}, {"t": 1696561580, "d": ["acmeair-flightservice", 308599603.2]}, {"t": 1696561580, "d": ["acmeair-authservice", 242101862.4]}, {"t": 1696561580, "d": ["acmeair-customer-db", 192214630.4]}, {"t": 1696561580, "d": ["acmeair-flight-db", 181284864]}, {"t": 1696561580, "d": ["acmeair-mainservice", 160751616]}, {"t": 1696561590, "d": ["acmeair-bookingservice", 463217868.8]}, {"t": 1696561590, "d": ["acmeair-customerservice", 422227148.8]}, {"t": 1696561590, "d": ["acmeair-booking-db", 321576960]}, {"t": 1696561590, "d": ["acmeair-flightservice", 308714291.2]}, {"t": 1696561590, "d": ["acmeair-authservice", 242129715.2]}, {"t": 1696561590, "d": ["acmeair-customer-db", 189892198.4]}, {"t": 1696561590, "d": ["acmeair-flight-db", 181233664]}, {"t": 1696561590, "d": ["acmeair-mainservice", 160751616]}, {"t": 1696561600, "d": ["acmeair-bookingservice", 467292979.2]}, {"t": 1696561600, "d": ["acmeair-customerservice", 424130969.6]}, {"t": 1696561600, "d": ["acmeair-booking-db", 321657241.6]}, {"t": 1696561600, "d": ["acmeair-flightservice", 309995520]}, {"t": 1696561600, "d": ["acmeair-authservice", 242152243.2]}, {"t": 1696561600, "d": ["acmeair-customer-db", 187796684.8]}, {"t": 1696561600, "d": ["acmeair-flight-db", 181227520]}, {"t": 1696561600, "d": ["acmeair-mainservice", 160751616]}, {"t": 1696561610, "d": ["acmeair-bookingservice", 470601318.4]}, {"t": 1696561610, "d": ["acmeair-customerservice", 424982118.4]}, {"t": 1696561610, "d": ["acmeair-booking-db", 321934540.8]}, {"t": 1696561610, "d": ["acmeair-flightservice", 310146662.4]}, {"t": 1696561610, "d": ["acmeair-authservice", 242206720]}, {"t": 1696561610, "d": ["acmeair-customer-db", 187835187.2]}, {"t": 1696561610, "d": ["acmeair-flight-db", 181227520]}, {"t": 1696561610, "d": ["acmeair-mainservice", 160751616]}, {"t": 1696561620, "d": ["acmeair-bookingservice", 473115033.6]}, {"t": 1696561620, "d": ["acmeair-customerservice", 425571123.2]}, {"t": 1696561620, "d": ["acmeair-booking-db", 321794048]}, {"t": 1696561620, "d": ["acmeair-flightservice", 310163865.6]}, {"t": 1696561620, "d": ["acmeair-authservice", 242230067.2]}, {"t": 1696561620, "d": ["acmeair-customer-db", 187836006.4]}, {"t": 1696561620, "d": ["acmeair-flight-db", 181224243.2]}, {"t": 1696561620, "d": ["acmeair-mainservice", 160744243.2]}, {"t": 1696561630, "d": ["acmeair-bookingservice", 474731315.2]}, {"t": 1696561630, "d": ["acmeair-customerservice", 426551705.6]}, {"t": 1696561630, "d": ["acmeair-booking-db", 321238220.8]}, {"t": 1696561630, "d": ["acmeair-flightservice", 310190489.6]}, {"t": 1696561630, "d": ["acmeair-authservice", 242354585.6]}, {"t": 1696561630, "d": ["acmeair-customer-db", 187836825.6]}, {"t": 1696561630, "d": ["acmeair-flight-db", 181197619.2]}, {"t": 1696561630, "d": ["acmeair-mainservice", 160645120]}, {"t": 1696561640, "d": ["acmeair-bookingservice", 476470476.8]}, {"t": 1696561640, "d": ["acmeair-customerservice", 427966464]}, {"t": 1696561640, "d": ["acmeair-booking-db", 321277542.4]}, {"t": 1696561640, "d": ["acmeair-flightservice", 309431910.4]}, {"t": 1696561640, "d": ["acmeair-authservice", 242509414.4]}, {"t": 1696561640, "d": ["acmeair-customer-db", 187836006.4]}, {"t": 1696561640, "d": ["acmeair-flight-db", 181160345.6]}, {"t": 1696561640, "d": ["acmeair-mainservice", 160626688]}, {"t": 1696561650, "d": ["acmeair-bookingservice", 478666342.4]}, {"t": 1696561650, "d": ["acmeair-customerservice", 429046988.8]}, {"t": 1696561650, "d": ["acmeair-booking-db", 321294745.6]}, {"t": 1696561650, "d": ["acmeair-flightservice", 309449113.6]}, {"t": 1696561650, "d": ["acmeair-authservice", 242527846.4]}, {"t": 1696561650, "d": ["acmeair-customer-db", 190074880]}, {"t": 1696561650, "d": ["acmeair-flight-db", 181066956.8]}, {"t": 1696561650, "d": ["acmeair-mainservice", 160566886.4]}, {"t": 1696561660, "d": ["acmeair-bookingservice", 482907750.4]}, {"t": 1696561660, "d": ["acmeair-customerservice", 429702758.4]}, {"t": 1696561660, "d": ["acmeair-booking-db", 321762099.2]}, {"t": 1696561660, "d": ["acmeair-flightservice", 309454028.8]}, {"t": 1696561660, "d": ["acmeair-authservice", 242543820.8]}, {"t": 1696561660, "d": ["acmeair-customer-db", 190076928]}, {"t": 1696561660, "d": ["acmeair-flight-db", 181047705.6]}, {"t": 1696561660, "d": ["acmeair-mainservice", 160571392]}, {"t": 1696561670, "d": ["acmeair-bookingservice", 487115161.6]}, {"t": 1696561670, "d": ["acmeair-customerservice", 432536780.8]}, {"t": 1696561670, "d": ["acmeair-booking-db", 324479795.2]}, {"t": 1696561670, "d": ["acmeair-flightservice", 309463449.6]}, {"t": 1696561670, "d": ["acmeair-authservice", 242460672]}, {"t": 1696561670, "d": ["acmeair-customer-db", 190076518.4]}, {"t": 1696561670, "d": ["acmeair-flight-db", 181047296]}, {"t": 1696561670, "d": ["acmeair-mainservice", 160571392]}, {"t": 1696561680, "d": ["acmeair-bookingservice", 488753561.6]}, {"t": 1696561680, "d": ["acmeair-customerservice", 434532761.6]}, {"t": 1696561680, "d": ["acmeair-booking-db", 325112627.2]}, {"t": 1696561680, "d": ["acmeair-flightservice", 309396684.8]}, {"t": 1696561680, "d": ["acmeair-authservice", 242472140.8]}, {"t": 1696561680, "d": ["acmeair-customer-db", 190075699.2]}, {"t": 1696561680, "d": ["acmeair-flight-db", 181047705.6]}, {"t": 1696561680, "d": ["acmeair-mainservice", 160571392]}, {"t": 1696561690, "d": ["acmeair-bookingservice", 489693593.6]}, {"t": 1696561690, "d": ["acmeair-customerservice", 435671040]}, {"t": 1696561690, "d": ["acmeair-booking-db", 324005888]}, {"t": 1696561690, "d": ["acmeair-flightservice", 308711424]}, {"t": 1696561690, "d": ["acmeair-authservice", 242486476.8]}, {"t": 1696561690, "d": ["acmeair-customer-db", 190076928]}, {"t": 1696561690, "d": ["acmeair-flight-db", 181047296]}, {"t": 1696561690, "d": ["acmeair-mainservice", 160571392]}, {"t": 1696561700, "d": ["acmeair-bookingservice", 492193792]}, {"t": 1696561700, "d": ["acmeair-customerservice", 436913766.4]}, {"t": 1696561700, "d": ["acmeair-booking-db", 322955673.6]}, {"t": 1696561700, "d": ["acmeair-flightservice", 308711424]}, {"t": 1696561700, "d": ["acmeair-authservice", 242422579.2]}, {"t": 1696561700, "d": ["acmeair-customer-db", 190076108.8]}, {"t": 1696561700, "d": ["acmeair-flight-db", 181047705.6]}, {"t": 1696561700, "d": ["acmeair-mainservice", 160571392]}, {"t": 1696561710, "d": ["acmeair-bookingservice", 495702835.2]}, {"t": 1696561710, "d": ["acmeair-customerservice", 439193190.4]}, {"t": 1696561710, "d": ["acmeair-booking-db", 322441625.6]}, {"t": 1696561710, "d": ["acmeair-flightservice", 309000601.6]}, {"t": 1696561710, "d": ["acmeair-authservice", 242383667.2]}, {"t": 1696561710, "d": ["acmeair-customer-db", 190076928]}, {"t": 1696561710, "d": ["acmeair-flight-db", 181047296]}, {"t": 1696561710, "d": ["acmeair-mainservice", 160571392]}, {"t": 1696561720, "d": ["acmeair-bookingservice", 496787046.4]}, {"t": 1696561720, "d": ["acmeair-customerservice", 439939072]}, {"t": 1696561720, "d": ["acmeair-booking-db", 323127705.6]}, {"t": 1696561720, "d": ["acmeair-flightservice", 310031564.8]}, {"t": 1696561720, "d": ["acmeair-authservice", 242417664]}, {"t": 1696561720, "d": ["acmeair-customer-db", 190075699.2]}, {"t": 1696561720, "d": ["acmeair-flight-db", 181047296]}, {"t": 1696561720, "d": ["acmeair-mainservice", 160571392]}, {"t": 1696561730, "d": ["acmeair-bookingservice", 499350323.2]}, {"t": 1696561730, "d": ["acmeair-customerservice", 440919654.4]}, {"t": 1696561730, "d": ["acmeair-booking-db", 323371417.6]}, {"t": 1696561730, "d": ["acmeair-flightservice", 309564211.2]}, {"t": 1696561730, "d": ["acmeair-authservice", 242312396.8]}, {"t": 1696561730, "d": ["acmeair-customer-db", 190075699.2]}, {"t": 1696561730, "d": ["acmeair-flight-db", 181047296]}, {"t": 1696561730, "d": ["acmeair-mainservice", 160571392]}, {"t": 1696561740, "d": ["acmeair-bookingservice", 502846668.8]}, {"t": 1696561740, "d": ["acmeair-customerservice", 442929561.6]}, {"t": 1696561740, "d": ["acmeair-booking-db", 323408691.2]}, {"t": 1696561740, "d": ["acmeair-flightservice", 309245952]}, {"t": 1696561740, "d": ["acmeair-authservice", 242366873.6]}, {"t": 1696561740, "d": ["acmeair-customer-db", 190076108.8]}, {"t": 1696561740, "d": ["acmeair-flight-db", 181047705.6]}, {"t": 1696561740, "d": ["acmeair-mainservice", 160571392]}, {"t": 1696561750, "d": ["acmeair-bookingservice", 506751385.6]}, {"t": 1696561750, "d": ["acmeair-customerservice", 445052928]}, {"t": 1696561750, "d": ["acmeair-booking-db", 323436953.6]}, {"t": 1696561750, "d": ["acmeair-flightservice", 309258240]}, {"t": 1696561750, "d": ["acmeair-authservice", 242414387.2]}, {"t": 1696561750, "d": ["acmeair-customer-db", 190076928]}, {"t": 1696561750, "d": ["acmeair-flight-db", 181047296]}, {"t": 1696561750, "d": ["acmeair-mainservice", 160571392]}, {"t": 1696561760, "d": ["acmeair-bookingservice", 508683878.4]}, {"t": 1696561760, "d": ["acmeair-customerservice", 445950771.2]}, {"t": 1696561760, "d": ["acmeair-booking-db", 323590553.6]}, {"t": 1696561760, "d": ["acmeair-flightservice", 309272576]}, {"t": 1696561760, "d": ["acmeair-authservice", 242444697.6]}, {"t": 1696561760, "d": ["acmeair-customer-db", 190076518.4]}, {"t": 1696561760, "d": ["acmeair-flight-db", 181047296]}, {"t": 1696561760, "d": ["acmeair-mainservice", 160571392]}, {"t": 1696561770, "d": ["acmeair-bookingservice", 510638899.2]}, {"t": 1696561770, "d": ["acmeair-customerservice", 447473254.4]}, {"t": 1696561770, "d": ["acmeair-booking-db", 323521331.2]}, {"t": 1696561770, "d": ["acmeair-flightservice", 309276672]}, {"t": 1696561770, "d": ["acmeair-authservice", 242485248]}, {"t": 1696561770, "d": ["acmeair-customer-db", 190046208]}, {"t": 1696561770, "d": ["acmeair-flight-db", 181047296]}, {"t": 1696561770, "d": ["acmeair-mainservice", 160571392]}, {"t": 1696561780, "d": ["acmeair-bookingservice", 512228966.4]}, {"t": 1696561780, "d": ["acmeair-customerservice", 449118208]}, {"t": 1696561780, "d": ["acmeair-booking-db", 323372236.8]}, {"t": 1696561780, "d": ["acmeair-flightservice", 309278720]}, {"t": 1696561780, "d": ["acmeair-authservice", 242520473.6]}, {"t": 1696561780, "d": ["acmeair-customer-db", 189876633.6]}, {"t": 1696561780, "d": ["acmeair-flight-db", 180965785.6]}, {"t": 1696561780, "d": ["acmeair-mainservice", 160460390.4]}, {"t": 1696561790, "d": ["acmeair-bookingservice", 514659123.2]}, {"t": 1696561790, "d": ["acmeair-customerservice", 451779379.2]}, {"t": 1696561790, "d": ["acmeair-booking-db", 323187507.2]}, {"t": 1696561790, "d": ["acmeair-flightservice", 309276672]}, {"t": 1696561790, "d": ["acmeair-authservice", 242563481.6]}, {"t": 1696561790, "d": ["acmeair-customer-db", 188823142.4]}, {"t": 1696561790, "d": ["acmeair-flight-db", 180953088]}, {"t": 1696561790, "d": ["acmeair-mainservice", 160436224]}, {"t": 1696561800, "d": ["acmeair-bookingservice", 518232064]}, {"t": 1696561800, "d": ["acmeair-customerservice", 453006540.8]}, {"t": 1696561800, "d": ["acmeair-booking-db", 323235020.8]}, {"t": 1696561800, "d": ["acmeair-flightservice", 309276672]}, {"t": 1696561800, "d": ["acmeair-authservice", 242604441.6]}, {"t": 1696561800, "d": ["acmeair-customer-db", 189059072]}, {"t": 1696561800, "d": ["acmeair-flight-db", 180953088]}, {"t": 1696561800, "d": ["acmeair-mainservice", 160436224]}, {"t": 1696561810, "d": ["acmeair-bookingservice", 521214361.6]}, {"t": 1696561810, "d": ["acmeair-customerservice", 454130073.6]}, {"t": 1696561810, "d": ["acmeair-booking-db", 323198566.4]}, {"t": 1696561810, "d": ["acmeair-flightservice", 309286092.8]}, {"t": 1696561810, "d": ["acmeair-authservice", 242655641.6]}, {"t": 1696561810, "d": ["acmeair-customer-db", 189100441.6]}, {"t": 1696561810, "d": ["acmeair-flight-db", 181003878.4]}, {"t": 1696561810, "d": ["acmeair-mainservice", 160380518.4]}, {"t": 1696561820, "d": ["acmeair-bookingservice", 523786240]}, {"t": 1696561820, "d": ["acmeair-customerservice", 455867596.8]}, {"t": 1696561820, "d": ["acmeair-booking-db", 323258777.6]}, {"t": 1696561820, "d": ["acmeair-flightservice", 309289779.2]}, {"t": 1696561820, "d": ["acmeair-authservice", 242720358.4]}, {"t": 1696561820, "d": ["acmeair-customer-db", 189105356.8]}, {"t": 1696561820, "d": ["acmeair-flight-db", 181082521.6]}, {"t": 1696561820, "d": ["acmeair-mainservice", 160166297.6]}, {"t": 1696561830, "d": ["acmeair-bookingservice", 525616332.8]}, {"t": 1696561830, "d": ["acmeair-customerservice", 457815244.8]}, {"t": 1696561830, "d": ["acmeair-booking-db", 323155968]}, {"t": 1696561830, "d": ["acmeair-flightservice", 310333440]}, {"t": 1696561830, "d": ["acmeair-authservice", 242729369.6]}, {"t": 1696561830, "d": ["acmeair-customer-db", 189261824]}, {"t": 1696561830, "d": ["acmeair-flight-db", 181138227.2]}, {"t": 1696561830, "d": ["acmeair-mainservice", 160188416]}, {"t": 1696561840, "d": ["acmeair-bookingservice", 527275622.4]}, {"t": 1696561840, "d": ["acmeair-customerservice", 460589875.2]}, {"t": 1696561840, "d": ["acmeair-booking-db", 323144499.2]}, {"t": 1696561840, "d": ["acmeair-flightservice", 310676275.2]}, {"t": 1696561840, "d": ["acmeair-authservice", 242740838.4]}, {"t": 1696561840, "d": ["acmeair-customer-db", 189379788.8]}, {"t": 1696561840, "d": ["acmeair-flight-db", 181154201.6]}, {"t": 1696561840, "d": ["acmeair-mainservice", 160194560]}, {"t": 1696561850, "d": ["acmeair-bookingservice", 530158387.2]}, {"t": 1696561850, "d": ["acmeair-customerservice", 461939097.6]}, {"t": 1696561850, "d": ["acmeair-booking-db", 323093299.2]}, {"t": 1696561850, "d": ["acmeair-flightservice", 310597222.4]}, {"t": 1696561850, "d": ["acmeair-authservice", 242766643.2]}, {"t": 1696561850, "d": ["acmeair-customer-db", 189387980.8]}, {"t": 1696561850, "d": ["acmeair-flight-db", 181153792]}, {"t": 1696561850, "d": ["acmeair-mainservice", 160194560]}, {"t": 1696561860, "d": ["acmeair-bookingservice", 533827174.4]}, {"t": 1696561860, "d": ["acmeair-customerservice", 462936473.6]}, {"t": 1696561860, "d": ["acmeair-booking-db", 322999500.8]}, {"t": 1696561860, "d": ["acmeair-flightservice", 310077440]}, {"t": 1696561860, "d": ["acmeair-authservice", 242815795.2]}, {"t": 1696561860, "d": ["acmeair-customer-db", 189452288]}, {"t": 1696561860, "d": ["acmeair-flight-db", 181153792]}, {"t": 1696561860, "d": ["acmeair-mainservice", 160194560]}, {"t": 1696561870, "d": ["acmeair-bookingservice", 536131993.6]}, {"t": 1696561870, "d": ["acmeair-customerservice", 464061235.2]}, {"t": 1696561870, "d": ["acmeair-booking-db", 322714828.8]}, {"t": 1696561870, "d": ["acmeair-flightservice", 309948416]}, {"t": 1696561870, "d": ["acmeair-authservice", 242881740.8]}, {"t": 1696561870, "d": ["acmeair-customer-db", 189505126.4]}, {"t": 1696561870, "d": ["acmeair-flight-db", 181210316.8]}, {"t": 1696561870, "d": ["acmeair-mainservice", 160167526.4]}, {"t": 1696561880, "d": ["acmeair-bookingservice", 537713459.2]}, {"t": 1696561880, "d": ["acmeair-customerservice", 465609523.2]}, {"t": 1696561880, "d": ["acmeair-booking-db", 323299737.6]}, {"t": 1696561880, "d": ["acmeair-flightservice", 309948416]}, {"t": 1696561880, "d": ["acmeair-authservice", 242902630.4]}, {"t": 1696561880, "d": ["acmeair-customer-db", 189397811.2]}, {"t": 1696561880, "d": ["acmeair-flight-db", 181248000]}, {"t": 1696561880, "d": ["acmeair-mainservice", 160149504]}, {"t": 1696561890, "d": ["acmeair-bookingservice", 541000499.2]}, {"t": 1696561890, "d": ["acmeair-customerservice", 467633766.4]}, {"t": 1696561890, "d": ["acmeair-booking-db", 323366502.4]}, {"t": 1696561890, "d": ["acmeair-flightservice", 309948416]}, {"t": 1696561890, "d": ["acmeair-authservice", 242938265.6]}, {"t": 1696561890, "d": ["acmeair-customer-db", 189420748.8]}, {"t": 1696561890, "d": ["acmeair-flight-db", 181248000]}, {"t": 1696561890, "d": ["acmeair-mainservice", 160185548.8]}, {"t": 1696561900, "d": ["acmeair-bookingservice", 546834841.6]}, {"t": 1696561900, "d": ["acmeair-customerservice", 469175910.4]}, {"t": 1696561900, "d": ["acmeair-booking-db", 322949939.2]}, {"t": 1696561900, "d": ["acmeair-flightservice", 309954560]}, {"t": 1696561900, "d": ["acmeair-authservice", 242961612.8]}, {"t": 1696561900, "d": ["acmeair-customer-db", 191435980.8]}, {"t": 1696561900, "d": ["acmeair-flight-db", 181248000]}, {"t": 1696561900, "d": ["acmeair-mainservice", 160194560]}, {"t": 1696561910, "d": ["acmeair-bookingservice", 547019161.6]}, {"t": 1696561910, "d": ["acmeair-customerservice", 470574284.8]}, {"t": 1696561910, "d": ["acmeair-booking-db", 321548288]}, {"t": 1696561910, "d": ["acmeair-flightservice", 309246361.6]}, {"t": 1696561910, "d": ["acmeair-authservice", 242977587.2]}, {"t": 1696561910, "d": ["acmeair-customer-db", 191644057.6]}, {"t": 1696561910, "d": ["acmeair-flight-db", 181248000]}, {"t": 1696561910, "d": ["acmeair-mainservice", 160194560]}, {"t": 1696561920, "d": ["acmeair-bookingservice", 549203968]}, {"t": 1696561920, "d": ["acmeair-customerservice", 472762368]}, {"t": 1696561920, "d": ["acmeair-booking-db", 321925120]}, {"t": 1696561920, "d": ["acmeair-flightservice", 309173043.2]}, {"t": 1696561920, "d": ["acmeair-authservice", 243000115.2]}, {"t": 1696561920, "d": ["acmeair-customer-db", 193339801.6]}, {"t": 1696561920, "d": ["acmeair-flight-db", 181248000]}, {"t": 1696561920, "d": ["acmeair-mainservice", 160194560]}, {"t": 1696561930, "d": ["acmeair-bookingservice", 551396556.8]}, {"t": 1696561930, "d": ["acmeair-customerservice", 475438284.8]}, {"t": 1696561930, "d": ["acmeair-booking-db", 322048000]}, {"t": 1696561930, "d": ["acmeair-flightservice", 309168128]}, {"t": 1696561930, "d": ["acmeair-authservice", 243040256]}, {"t": 1696561930, "d": ["acmeair-customer-db", 194091827.2]}, {"t": 1696561930, "d": ["acmeair-flight-db", 181252505.6]}, {"t": 1696561930, "d": ["acmeair-mainservice", 160194560]}, {"t": 1696561940, "d": ["acmeair-bookingservice", 554915430.4]}, {"t": 1696561940, "d": ["acmeair-customerservice", 477075046.4]}, {"t": 1696561940, "d": ["acmeair-booking-db", 322135654.4]}, {"t": 1696561940, "d": ["acmeair-flightservice", 309170176]}, {"t": 1696561940, "d": ["acmeair-authservice", 243069337.6]}, {"t": 1696561940, "d": ["acmeair-customer-db", 194121318.4]}, {"t": 1696561940, "d": ["acmeair-flight-db", 181256192]}, {"t": 1696561940, "d": ["acmeair-mainservice", 160194560]}, {"t": 1696561950, "d": ["acmeair-bookingservice", 556891750.4]}, {"t": 1696561950, "d": ["acmeair-customerservice", 478284185.6]}, {"t": 1696561950, "d": ["acmeair-booking-db", 322664448]}, {"t": 1696561950, "d": ["acmeair-flightservice", 309174272]}, {"t": 1696561950, "d": ["acmeair-authservice", 243091456]}, {"t": 1696561950, "d": ["acmeair-customer-db", 194139340.8]}, {"t": 1696561950, "d": ["acmeair-flight-db", 181273395.2]}, {"t": 1696561950, "d": ["acmeair-mainservice", 160160563.2]}, {"t": 1696561960, "d": ["acmeair-bookingservice", 558546124.8]}, {"t": 1696561960, "d": ["acmeair-customerservice", 479501107.2]}, {"t": 1696561960, "d": ["acmeair-booking-db", 322875392]}, {"t": 1696561960, "d": ["acmeair-flightservice", 309174272]}, {"t": 1696561960, "d": ["acmeair-authservice", 243135692.8]}, {"t": 1696561960, "d": ["acmeair-customer-db", 194179891.2]}, {"t": 1696561960, "d": ["acmeair-flight-db", 181356134.4]}, {"t": 1696561960, "d": ["acmeair-mainservice", 160032358.4]}, {"t": 1696561970, "d": ["acmeair-bookingservice", 560304947.2]}, {"t": 1696561970, "d": ["acmeair-customerservice", 480474726.4]}, {"t": 1696561970, "d": ["acmeair-booking-db", 323260006.4]}, {"t": 1696561970, "d": ["acmeair-flightservice", 309170176]}, {"t": 1696561970, "d": ["acmeair-authservice", 243202867.2]}, {"t": 1696561970, "d": ["acmeair-customer-db", 194179891.2]}, {"t": 1696561970, "d": ["acmeair-flight-db", 181380300.8]}, {"t": 1696561970, "d": ["acmeair-mainservice", 159760384]}, {"t": 1696561980, "d": ["acmeair-bookingservice", 562231296]}, {"t": 1696561980, "d": ["acmeair-customerservice", 480969113.6]}, {"t": 1696561980, "d": ["acmeair-booking-db", 323534438.4]}, {"t": 1696561980, "d": ["acmeair-flightservice", 309172224]}, {"t": 1696561980, "d": ["acmeair-authservice", 243296256]}, {"t": 1696561980, "d": ["acmeair-customer-db", 194179481.6]}, {"t": 1696561980, "d": ["acmeair-flight-db", 181383168]}, {"t": 1696561980, "d": ["acmeair-mainservice", 159760384]}, {"t": 1696561990, "d": ["acmeair-bookingservice", 563781632]}, {"t": 1696561990, "d": ["acmeair-customerservice", 481810022.4]}, {"t": 1696561990, "d": ["acmeair-booking-db", 323692953.6]}, {"t": 1696561990, "d": ["acmeair-flightservice", 310851993.6]}, {"t": 1696561990, "d": ["acmeair-authservice", 243326566.4]}, {"t": 1696561990, "d": ["acmeair-customer-db", 194179072]}, {"t": 1696561990, "d": ["acmeair-flight-db", 181383577.6]}, {"t": 1696561990, "d": ["acmeair-mainservice", 159760384]}, {"t": 1696562000, "d": ["acmeair-bookingservice", 564197376]}, {"t": 1696562000, "d": ["acmeair-customerservice", 481884569.6]}, {"t": 1696562000, "d": ["acmeair-booking-db", 323792076.8]}, {"t": 1696562000, "d": ["acmeair-flightservice", 311271424]}, {"t": 1696562000, "d": ["acmeair-authservice", 243309772.8]}, {"t": 1696562000, "d": ["acmeair-customer-db", 194181529.6]}, {"t": 1696562000, "d": ["acmeair-flight-db", 181388083.2]}, {"t": 1696562000, "d": ["acmeair-mainservice", 159760384]}, {"t": 1696562010, "d": ["acmeair-bookingservice", 564844953.6]}, {"t": 1696562010, "d": ["acmeair-customerservice", 482974924.8]}, {"t": 1696562010, "d": ["acmeair-booking-db", 323793305.6]}, {"t": 1696562010, "d": ["acmeair-flightservice", 311271424]}, {"t": 1696562010, "d": ["acmeair-authservice", 243326566.4]}, {"t": 1696562010, "d": ["acmeair-customer-db", 194180300.8]}, {"t": 1696562010, "d": ["acmeair-flight-db", 181390540.8]}, {"t": 1696562010, "d": ["acmeair-mainservice", 159806259.2]}, {"t": 1696562020, "d": ["acmeair-bookingservice", 566319513.6]}, {"t": 1696562020, "d": ["acmeair-customerservice", 483941171.2]}, {"t": 1696562020, "d": ["acmeair-booking-db", 323819929.6]}, {"t": 1696562020, "d": ["acmeair-flightservice", 311032627.2]}, {"t": 1696562020, "d": ["acmeair-authservice", 243334758.4]}, {"t": 1696562020, "d": ["acmeair-customer-db", 194179481.6]}, {"t": 1696562020, "d": ["acmeair-flight-db", 181391360]}, {"t": 1696562020, "d": ["acmeair-mainservice", 159817728]}, {"t": 1696562030, "d": ["acmeair-bookingservice", 567219814.4]}, {"t": 1696562030, "d": ["acmeair-customerservice", 484656332.8]}, {"t": 1696562030, "d": ["acmeair-booking-db", 323835084.8]}, {"t": 1696562030, "d": ["acmeair-flightservice", 310487040]}, {"t": 1696562030, "d": ["acmeair-authservice", 243372441.6]}, {"t": 1696562030, "d": ["acmeair-customer-db", 194179481.6]}, {"t": 1696562030, "d": ["acmeair-flight-db", 181378252.8]}, {"t": 1696562030, "d": ["acmeair-mainservice", 159798067.2]}, {"t": 1696562040, "d": ["acmeair-bookingservice", 568735744]}, {"t": 1696562040, "d": ["acmeair-customerservice", 485426790.4]}, {"t": 1696562040, "d": ["acmeair-booking-db", 323921100.8]}, {"t": 1696562040, "d": ["acmeair-flightservice", 310491136]}, {"t": 1696562040, "d": ["acmeair-authservice", 243623526.4]}, {"t": 1696562040, "d": ["acmeair-customer-db", 194179481.6]}, {"t": 1696562040, "d": ["acmeair-flight-db", 181338931.2]}, {"t": 1696562040, "d": ["acmeair-mainservice", 159746457.6]}, {"t": 1696562050, "d": ["acmeair-bookingservice", 572258713.6]}, {"t": 1696562050, "d": ["acmeair-customerservice", 487576780.8]}, {"t": 1696562050, "d": ["acmeair-booking-db", 324133273.6]}, {"t": 1696562050, "d": ["acmeair-flightservice", 310355968]}, {"t": 1696562050, "d": ["acmeair-authservice", 243439616]}, {"t": 1696562050, "d": ["acmeair-customer-db", 194178252.8]}, {"t": 1696562050, "d": ["acmeair-flight-db", 181256192]}, {"t": 1696562050, "d": ["acmeair-mainservice", 159731712]}], "start": 1696561450, "end": 1696562050}