{"data": [{"t": 1696561460, "d": ["acmeair-bookingservice", 755442448]}, {"t": 1696561460, "d": ["acmeair-customerservice", 405534609]}, {"t": 1696561460, "d": ["acmeair-authservice", 121289435]}, {"t": 1696561460, "d": ["acmeair-flightservice", 81405887]}, {"t": 1696561460, "d": ["acmeair-mainservice", 468649]}, {"t": 1696561470, "d": ["acmeair-bookingservice", 749959991]}, {"t": 1696561470, "d": ["acmeair-customerservice", 190534023]}, {"t": 1696561470, "d": ["acmeair-authservice", 85166596]}, {"t": 1696561470, "d": ["acmeair-flightservice", 196025063]}, {"t": 1696561470, "d": ["acmeair-mainservice", 454643]}, {"t": 1696561480, "d": ["acmeair-bookingservice", 1094316124]}, {"t": 1696561480, "d": ["acmeair-customerservice", 335630449]}, {"t": 1696561480, "d": ["acmeair-authservice", 281359617]}, {"t": 1696561480, "d": ["acmeair-flightservice", 89519303]}, {"t": 1696561480, "d": ["acmeair-mainservice", 1327108]}, {"t": 1696561490, "d": ["acmeair-bookingservice", 1408670672]}, {"t": 1696561490, "d": ["acmeair-customerservice", 222914348]}, {"t": 1696561490, "d": ["acmeair-authservice", 207454971]}, {"t": 1696561490, "d": ["acmeair-flightservice", 105555557]}, {"t": 1696561490, "d": ["acmeair-mainservice", 748508]}, {"t": 1696561500, "d": ["acmeair-bookingservice", 3564451095]}, {"t": 1696561500, "d": ["acmeair-customerservice", 258775025]}, {"t": 1696561500, "d": ["acmeair-authservice", 196573344]}, {"t": 1696561500, "d": ["acmeair-flightservice", 143692927]}, {"t": 1696561500, "d": ["acmeair-mainservice", 465003]}, {"t": 1696561510, "d": ["acmeair-bookingservice", 898791970]}, {"t": 1696561510, "d": ["acmeair-customerservice", 582481845]}, {"t": 1696561510, "d": ["acmeair-authservice", 730275600]}, {"t": 1696561510, "d": ["acmeair-flightservice", 135587285]}, {"t": 1696561510, "d": ["acmeair-mainservice", 447849]}, {"t": 1696561520, "d": ["acmeair-bookingservice", 790579183]}, {"t": 1696561520, "d": ["acmeair-customerservice", 289116934]}, {"t": 1696561520, "d": ["acmeair-authservice", 5757014259]}, {"t": 1696561520, "d": ["acmeair-flightservice", 160152856]}, {"t": 1696561520, "d": ["acmeair-mainservice", 421426]}, {"t": 1696561530, "d": ["acmeair-bookingservice", 1620643981]}, {"t": 1696561530, "d": ["acmeair-customerservice", 214110102]}, {"t": 1696561530, "d": ["acmeair-authservice", 174541740]}, {"t": 1696561530, "d": ["acmeair-flightservice", 90108786]}, {"t": 1696561530, "d": ["acmeair-mainservice", 8361452]}, {"t": 1696561540, "d": ["acmeair-bookingservice", 644624361]}, {"t": 1696561540, "d": ["acmeair-customerservice", 220194540]}, {"t": 1696561540, "d": ["acmeair-authservice", 201088398]}, {"t": 1696561540, "d": ["acmeair-flightservice", 468133342]}, {"t": 1696561540, "d": ["acmeair-mainservice", 422821]}, {"t": 1696561550, "d": ["acmeair-bookingservice", 2236275228]}, {"t": 1696561550, "d": ["acmeair-customerservice", 215771945]}, {"t": 1696561550, "d": ["acmeair-authservice", 174904650]}, {"t": 1696561550, "d": ["acmeair-flightservice", 124389439]}, {"t": 1696561550, "d": ["acmeair-mainservice", 690095]}, {"t": 1696561560, "d": ["acmeair-bookingservice", 1279406566]}, {"t": 1696561560, "d": ["acmeair-customerservice", 149299478]}, {"t": 1696561560, "d": ["acmeair-authservice", 107397643]}, {"t": 1696561560, "d": ["acmeair-flightservice", 203780519]}, {"t": 1696561560, "d": ["acmeair-mainservice", 643986]}, {"t": 1696561570, "d": ["acmeair-bookingservice", 930760668]}, {"t": 1696561570, "d": ["acmeair-customerservice", 372887229]}, {"t": 1696561570, "d": ["acmeair-authservice", 162919845]}, {"t": 1696561570, "d": ["acmeair-flightservice", 65796430]}, {"t": 1696561570, "d": ["acmeair-mainservice", 965361]}, {"t": 1696561580, "d": ["acmeair-bookingservice", 1407669678]}, {"t": 1696561580, "d": ["acmeair-customerservice", 192227087]}, {"t": 1696561580, "d": ["acmeair-authservice", 204303777]}, {"t": 1696561580, "d": ["acmeair-flightservice", 36166449]}, {"t": 1696561580, "d": ["acmeair-mainservice", 474438]}, {"t": 1696561590, "d": ["acmeair-bookingservice", 1569741643]}, {"t": 1696561590, "d": ["acmeair-customerservice", 122732630]}, {"t": 1696561590, "d": ["acmeair-authservice", 150177938]}, {"t": 1696561590, "d": ["acmeair-flightservice", 53943331]}, {"t": 1696561590, "d": ["acmeair-mainservice", 521858]}, {"t": 1696561600, "d": ["acmeair-bookingservice", 887046550]}, {"t": 1696561600, "d": ["acmeair-customerservice", 383942827]}, {"t": 1696561600, "d": ["acmeair-authservice", 142975085]}, {"t": 1696561600, "d": ["acmeair-flightservice", 44867016]}, {"t": 1696561600, "d": ["acmeair-mainservice", 4684094]}, {"t": 1696561610, "d": ["acmeair-bookingservice", 2043669052]}, {"t": 1696561610, "d": ["acmeair-customerservice", 234456805]}, {"t": 1696561610, "d": ["acmeair-authservice", 183563283]}, {"t": 1696561610, "d": ["acmeair-flightservice", 47463996]}, {"t": 1696561610, "d": ["acmeair-mainservice", 2409321]}, {"t": 1696561620, "d": ["acmeair-bookingservice", 1460415396]}, {"t": 1696561620, "d": ["acmeair-customerservice", 251917459]}, {"t": 1696561620, "d": ["acmeair-authservice", 203330603]}, {"t": 1696561620, "d": ["acmeair-flightservice", 137955310]}, {"t": 1696561620, "d": ["acmeair-mainservice", 423753]}, {"t": 1696561630, "d": ["acmeair-bookingservice", 1373558220]}, {"t": 1696561630, "d": ["acmeair-customerservice", 255605549]}, {"t": 1696561630, "d": ["acmeair-authservice", 378594142]}, {"t": 1696561630, "d": ["acmeair-flightservice", 45578052]}, {"t": 1696561630, "d": ["acmeair-mainservice", 908657]}, {"t": 1696561640, "d": ["acmeair-bookingservice", 1278347161]}, {"t": 1696561640, "d": ["acmeair-customerservice", 244411472]}, {"t": 1696561640, "d": ["acmeair-authservice", 192137287]}, {"t": 1696561640, "d": ["acmeair-flightservice", 53232809]}, {"t": 1696561640, "d": ["acmeair-mainservice", 503755]}, {"t": 1696561650, "d": ["acmeair-bookingservice", 4114487934]}, {"t": 1696561650, "d": ["acmeair-customerservice", 81325654]}, {"t": 1696561650, "d": ["acmeair-authservice", 87212703]}, {"t": 1696561650, "d": ["acmeair-flightservice", 45160998]}, {"t": 1696561650, "d": ["acmeair-mainservice", 509240]}, {"t": 1696561660, "d": ["acmeair-bookingservice", 1691076398]}, {"t": 1696561660, "d": ["acmeair-customerservice", 127750584]}, {"t": 1696561660, "d": ["acmeair-authservice", 140975295]}, {"t": 1696561660, "d": ["acmeair-flightservice", 152981511]}, {"t": 1696561660, "d": ["acmeair-mainservice", 5789289]}, {"t": 1696561670, "d": ["acmeair-bookingservice", 1619277723]}, {"t": 1696561670, "d": ["acmeair-customerservice", 232066025]}, {"t": 1696561670, "d": ["acmeair-authservice", 230843285]}, {"t": 1696561670, "d": ["acmeair-flightservice", 82534620]}, {"t": 1696561670, "d": ["acmeair-mainservice", 427579]}, {"t": 1696561680, "d": ["acmeair-bookingservice", 2439190092]}, {"t": 1696561680, "d": ["acmeair-customerservice", 103177854]}, {"t": 1696561680, "d": ["acmeair-authservice", 184588208]}, {"t": 1696561680, "d": ["acmeair-flightservice", 72233014]}, {"t": 1696561680, "d": ["acmeair-mainservice", 1156187]}, {"t": 1696561690, "d": ["acmeair-bookingservice", 3275332192]}, {"t": 1696561690, "d": ["acmeair-customerservice", 97237539]}, {"t": 1696561690, "d": ["acmeair-authservice", 57759802]}, {"t": 1696561690, "d": ["acmeair-flightservice", 45699454]}, {"t": 1696561690, "d": ["acmeair-mainservice", 1490445]}, {"t": 1696561700, "d": ["acmeair-bookingservice", 2707686681]}, {"t": 1696561700, "d": ["acmeair-customerservice", 290236283]}, {"t": 1696561700, "d": ["acmeair-authservice", 211378663]}, {"t": 1696561700, "d": ["acmeair-flightservice", 32403848]}, {"t": 1696561700, "d": ["acmeair-mainservice", 1054505]}, {"t": 1696561710, "d": ["acmeair-bookingservice", 2039406253]}, {"t": 1696561710, "d": ["acmeair-customerservice", 352581779]}, {"t": 1696561710, "d": ["acmeair-authservice", 178566763]}, {"t": 1696561710, "d": ["acmeair-flightservice", 56862569]}, {"t": 1696561710, "d": ["acmeair-mainservice", 925749]}, {"t": 1696561720, "d": ["acmeair-bookingservice", 2242694787]}, {"t": 1696561720, "d": ["acmeair-customerservice", 130763445]}, {"t": 1696561720, "d": ["acmeair-authservice", 153818107]}, {"t": 1696561720, "d": ["acmeair-flightservice", 66148374]}, {"t": 1696561720, "d": ["acmeair-mainservice", 609744]}, {"t": 1696561730, "d": ["acmeair-bookingservice", 3069970725]}, {"t": 1696561730, "d": ["acmeair-customerservice", 310912348]}, {"t": 1696561730, "d": ["acmeair-authservice", 144943730]}, {"t": 1696561730, "d": ["acmeair-flightservice", 44723125]}, {"t": 1696561730, "d": ["acmeair-mainservice", 1143421]}, {"t": 1696561740, "d": ["acmeair-bookingservice", 1391668053]}, {"t": 1696561740, "d": ["acmeair-customerservice", 304750991]}, {"t": 1696561740, "d": ["acmeair-authservice", 251518708]}, {"t": 1696561740, "d": ["acmeair-flightservice", 61273747]}, {"t": 1696561740, "d": ["acmeair-mainservice", 447499]}, {"t": 1696561750, "d": ["acmeair-bookingservice", 2056213684]}, {"t": 1696561750, "d": ["acmeair-customerservice", 208032358]}, {"t": 1696561750, "d": ["acmeair-authservice", 172099897]}, {"t": 1696561750, "d": ["acmeair-flightservice", 80485995]}, {"t": 1696561750, "d": ["acmeair-mainservice", 448768]}, {"t": 1696561760, "d": ["acmeair-bookingservice", 1375667644]}, {"t": 1696561760, "d": ["acmeair-customerservice", 342252174]}, {"t": 1696561760, "d": ["acmeair-authservice", 281813420]}, {"t": 1696561760, "d": ["acmeair-flightservice", 47422754]}, {"t": 1696561760, "d": ["acmeair-mainservice", 2348449]}, {"t": 1696561770, "d": ["acmeair-bookingservice", 1059670860]}, {"t": 1696561770, "d": ["acmeair-customerservice", 173939181]}, {"t": 1696561770, "d": ["acmeair-authservice", 241354202]}, {"t": 1696561770, "d": ["acmeair-flightservice", 80651970]}, {"t": 1696561770, "d": ["acmeair-mainservice", 903066]}, {"t": 1696561780, "d": ["acmeair-bookingservice", 2507635898]}, {"t": 1696561780, "d": ["acmeair-customerservice", 113952837]}, {"t": 1696561780, "d": ["acmeair-authservice", 106531875]}, {"t": 1696561780, "d": ["acmeair-flightservice", 68462007]}, {"t": 1696561780, "d": ["acmeair-mainservice", 441157]}, {"t": 1696561790, "d": ["acmeair-bookingservice", 1799239634]}, {"t": 1696561790, "d": ["acmeair-customerservice", 212647863]}, {"t": 1696561790, "d": ["acmeair-authservice", 119911804]}, {"t": 1696561790, "d": ["acmeair-flightservice", 73717565]}, {"t": 1696561790, "d": ["acmeair-mainservice", 548775]}, {"t": 1696561800, "d": ["acmeair-bookingservice", 1814837017]}, {"t": 1696561800, "d": ["acmeair-customerservice", 208484850]}, {"t": 1696561800, "d": ["acmeair-authservice", 254377692]}, {"t": 1696561800, "d": ["acmeair-flightservice", 191281347]}, {"t": 1696561800, "d": ["acmeair-mainservice", 688358]}, {"t": 1696561810, "d": ["acmeair-bookingservice", 2165538151]}, {"t": 1696561810, "d": ["acmeair-customerservice", 134991405]}, {"t": 1696561810, "d": ["acmeair-authservice", 108400127]}, {"t": 1696561810, "d": ["acmeair-flightservice", 64737667]}, {"t": 1696561810, "d": ["acmeair-mainservice", 3910304]}, {"t": 1696561820, "d": ["acmeair-bookingservice", 1958419257]}, {"t": 1696561820, "d": ["acmeair-customerservice", 130380184]}, {"t": 1696561820, "d": ["acmeair-authservice", 156730211]}, {"t": 1696561820, "d": ["acmeair-flightservice", 42016637]}, {"t": 1696561820, "d": ["acmeair-mainservice", 8539862]}, {"t": 1696561830, "d": ["acmeair-bookingservice", 1917795798]}, {"t": 1696561830, "d": ["acmeair-customerservice", 144321070]}, {"t": 1696561830, "d": ["acmeair-authservice", 171645614]}, {"t": 1696561830, "d": ["acmeair-flightservice", 66194174]}, {"t": 1696561830, "d": ["acmeair-mainservice", 1775306]}, {"t": 1696561840, "d": ["acmeair-bookingservice", 2192896385]}, {"t": 1696561840, "d": ["acmeair-customerservice", 156918650]}, {"t": 1696561840, "d": ["acmeair-authservice", 144624529]}, {"t": 1696561840, "d": ["acmeair-flightservice", 63943544]}, {"t": 1696561840, "d": ["acmeair-mainservice", 542680]}, {"t": 1696561850, "d": ["acmeair-bookingservice", 2137616020]}, {"t": 1696561850, "d": ["acmeair-customerservice", 173185188]}, {"t": 1696561850, "d": ["acmeair-authservice", 144217804]}, {"t": 1696561850, "d": ["acmeair-flightservice", 22713851]}, {"t": 1696561850, "d": ["acmeair-mainservice", 1837075]}, {"t": 1696561860, "d": ["acmeair-bookingservice", 1859520971]}, {"t": 1696561860, "d": ["acmeair-customerservice", 135689350]}, {"t": 1696561860, "d": ["acmeair-authservice", 170413584]}, {"t": 1696561860, "d": ["acmeair-flightservice", 43802180]}, {"t": 1696561860, "d": ["acmeair-mainservice", 1610220]}, {"t": 1696561870, "d": ["acmeair-bookingservice", 2655899464]}, {"t": 1696561870, "d": ["acmeair-customerservice", 188828758]}, {"t": 1696561870, "d": ["acmeair-authservice", 185208920]}, {"t": 1696561870, "d": ["acmeair-flightservice", 44425507]}, {"t": 1696561870, "d": ["acmeair-mainservice", 787740]}, {"t": 1696561880, "d": ["acmeair-bookingservice", 2939900589]}, {"t": 1696561880, "d": ["acmeair-customerservice", 309751781]}, {"t": 1696561880, "d": ["acmeair-authservice", 181529646]}, {"t": 1696561880, "d": ["acmeair-flightservice", 37027149]}, {"t": 1696561880, "d": ["acmeair-mainservice", 579048]}, {"t": 1696561890, "d": ["acmeair-bookingservice", 2720683372]}, {"t": 1696561890, "d": ["acmeair-customerservice", 404142824]}, {"t": 1696561890, "d": ["acmeair-authservice", 285205730]}, {"t": 1696561890, "d": ["acmeair-flightservice", 104923312]}, {"t": 1696561890, "d": ["acmeair-mainservice", 1760132]}, {"t": 1696561900, "d": ["acmeair-bookingservice", 1533505718]}, {"t": 1696561900, "d": ["acmeair-customerservice", 233515305]}, {"t": 1696561900, "d": ["acmeair-authservice", 319374532]}, {"t": 1696561900, "d": ["acmeair-flightservice", 79179461]}, {"t": 1696561900, "d": ["acmeair-mainservice", 11515447]}, {"t": 1696561910, "d": ["acmeair-bookingservice", 2517746963]}, {"t": 1696561910, "d": ["acmeair-customerservice", 161186201]}, {"t": 1696561910, "d": ["acmeair-authservice", 176486305]}, {"t": 1696561910, "d": ["acmeair-flightservice", 72883776]}, {"t": 1696561910, "d": ["acmeair-mainservice", 987056]}, {"t": 1696561920, "d": ["acmeair-bookingservice", 2136458369]}, {"t": 1696561920, "d": ["acmeair-customerservice", 225980311]}, {"t": 1696561920, "d": ["acmeair-authservice", 129378678]}, {"t": 1696561920, "d": ["acmeair-flightservice", 47613228]}, {"t": 1696561920, "d": ["acmeair-mainservice", 1863061]}, {"t": 1696561930, "d": ["acmeair-bookingservice", 1292740784]}, {"t": 1696561930, "d": ["acmeair-customerservice", 322093719]}, {"t": 1696561930, "d": ["acmeair-authservice", 314417135]}, {"t": 1696561930, "d": ["acmeair-flightservice", 42534697]}, {"t": 1696561930, "d": ["acmeair-mainservice", 5818460]}, {"t": 1696561940, "d": ["acmeair-bookingservice", 2362003837]}, {"t": 1696561940, "d": ["acmeair-customerservice", 452332404]}, {"t": 1696561940, "d": ["acmeair-authservice", 329127520]}, {"t": 1696561940, "d": ["acmeair-flightservice", 50921630]}, {"t": 1696561940, "d": ["acmeair-mainservice", 1981371]}, {"t": 1696561950, "d": ["acmeair-bookingservice", 1341133337]}, {"t": 1696561950, "d": ["acmeair-customerservice", 262003049]}, {"t": 1696561950, "d": ["acmeair-authservice", 267943879]}, {"t": 1696561950, "d": ["acmeair-flightservice", 136940466]}, {"t": 1696561950, "d": ["acmeair-mainservice", 426624]}, {"t": 1696561960, "d": ["acmeair-bookingservice", 2007771196]}, {"t": 1696561960, "d": ["acmeair-customerservice", 383439188]}, {"t": 1696561960, "d": ["acmeair-authservice", 321674798]}, {"t": 1696561960, "d": ["acmeair-flightservice", 93770553]}, {"t": 1696561960, "d": ["acmeair-mainservice", 662606]}, {"t": 1696561970, "d": ["acmeair-bookingservice", 2513233495]}, {"t": 1696561970, "d": ["acmeair-customerservice", 421054888]}, {"t": 1696561970, "d": ["acmeair-authservice", 520360742]}, {"t": 1696561970, "d": ["acmeair-flightservice", 53474173]}, {"t": 1696561970, "d": ["acmeair-mainservice", 502229]}, {"t": 1696561980, "d": ["acmeair-bookingservice", 2306880633]}, {"t": 1696561980, "d": ["acmeair-customerservice", 220673005]}, {"t": 1696561980, "d": ["acmeair-authservice", 199624518]}, {"t": 1696561980, "d": ["acmeair-flightservice", 50021289]}, {"t": 1696561980, "d": ["acmeair-mainservice", 558089]}, {"t": 1696561990, "d": ["acmeair-bookingservice", 2138614459]}, {"t": 1696561990, "d": ["acmeair-customerservice", 183990662]}, {"t": 1696561990, "d": ["acmeair-authservice", 360115982]}, {"t": 1696561990, "d": ["acmeair-flightservice", 51380878]}, {"t": 1696561990, "d": ["acmeair-mainservice", 3829477]}, {"t": 1696562000, "d": ["acmeair-bookingservice", 5581816613]}, {"t": 1696562000, "d": ["acmeair-customerservice", 100549541]}, {"t": 1696562000, "d": ["acmeair-authservice", 96515857]}, {"t": 1696562000, "d": ["acmeair-flightservice", 46987616]}, {"t": 1696562000, "d": ["acmeair-mainservice", 2669418]}, {"t": 1696562010, "d": ["acmeair-bookingservice", 2121338102]}, {"t": 1696562010, "d": ["acmeair-customerservice", 188972429]}, {"t": 1696562010, "d": ["acmeair-authservice", 228729792]}, {"t": 1696562010, "d": ["acmeair-flightservice", 83274427]}, {"t": 1696562010, "d": ["acmeair-mainservice", 2014067]}, {"t": 1696562020, "d": ["acmeair-bookingservice", 2004736214]}, {"t": 1696562020, "d": ["acmeair-customerservice", 379744780]}, {"t": 1696562020, "d": ["acmeair-authservice", 225884535]}, {"t": 1696562020, "d": ["acmeair-flightservice", 60518176]}, {"t": 1696562020, "d": ["acmeair-mainservice", 1260385]}, {"t": 1696562030, "d": ["acmeair-bookingservice", 3353978592]}, {"t": 1696562030, "d": ["acmeair-customerservice", 191443008]}, {"t": 1696562030, "d": ["acmeair-authservice", 301209462]}, {"t": 1696562030, "d": ["acmeair-flightservice", 23149558]}, {"t": 1696562030, "d": ["acmeair-mainservice", 643779]}, {"t": 1696562040, "d": ["acmeair-bookingservice", 2155119182]}, {"t": 1696562040, "d": ["acmeair-customerservice", 215438790]}, {"t": 1696562040, "d": ["acmeair-authservice", 230604128]}, {"t": 1696562040, "d": ["acmeair-flightservice", 74211862]}, {"t": 1696562040, "d": ["acmeair-mainservice", 489304]}, {"t": 1696562050, "d": ["acmeair-bookingservice", 922317026]}, {"t": 1696562050, "d": ["acmeair-customerservice", 425254108]}, {"t": 1696562050, "d": ["acmeair-authservice", 215849952]}, {"t": 1696562050, "d": ["acmeair-flightservice", 28284314]}, {"t": 1696562050, "d": ["acmeair-mainservice", 1175075]}], "start": 1696561450, "end": 1696562050}