{"data": [{"t": 1696561460, "d": ["acmeair-flightservice", 5057]}, {"t": 1696561460, "d": ["acmeair-customer-db", 3343]}, {"t": 1696561460, "d": ["acmeair-booking-db", 2110]}, {"t": 1696561460, "d": ["acmeair-customerservice", 1685]}, {"t": 1696561460, "d": ["acmeair-bookingservice", 1460]}, {"t": 1696561460, "d": ["acmeair-flight-db", 140]}, {"t": 1696561460, "d": ["acmeair-authservice", 55]}, {"t": 1696561460, "d": ["acmeair-mainservice", 0]}, {"t": 1696561470, "d": ["acmeair-flightservice", 5741]}, {"t": 1696561470, "d": ["acmeair-customer-db", 3590]}, {"t": 1696561470, "d": ["acmeair-booking-db", 1519]}, {"t": 1696561470, "d": ["acmeair-customerservice", 1266]}, {"t": 1696561470, "d": ["acmeair-bookingservice", 191]}, {"t": 1696561470, "d": ["acmeair-flight-db", 140]}, {"t": 1696561470, "d": ["acmeair-authservice", 110]}, {"t": 1696561470, "d": ["acmeair-mainservice", 0]}, {"t": 1696561480, "d": ["acmeair-flightservice", 3873]}, {"t": 1696561480, "d": ["acmeair-customer-db", 2761]}, {"t": 1696561480, "d": ["acmeair-booking-db", 1797]}, {"t": 1696561480, "d": ["acmeair-customerservice", 1618]}, {"t": 1696561480, "d": ["acmeair-bookingservice", 1047]}, {"t": 1696561480, "d": ["acmeair-flight-db", 141]}, {"t": 1696561480, "d": ["acmeair-authservice", 106]}, {"t": 1696561480, "d": ["acmeair-mainservice", 0]}, {"t": 1696561490, "d": ["acmeair-flightservice", 4982]}, {"t": 1696561490, "d": ["acmeair-customer-db", 3491]}, {"t": 1696561490, "d": ["acmeair-booking-db", 1180]}, {"t": 1696561490, "d": ["acmeair-customerservice", 1204]}, {"t": 1696561490, "d": ["acmeair-bookingservice", 708]}, {"t": 1696561490, "d": ["acmeair-flight-db", 140]}, {"t": 1696561490, "d": ["acmeair-authservice", 114]}, {"t": 1696561490, "d": ["acmeair-mainservice", 0]}, {"t": 1696561500, "d": ["acmeair-flightservice", 4095]}, {"t": 1696561500, "d": ["acmeair-customer-db", 2636]}, {"t": 1696561500, "d": ["acmeair-booking-db", 2096]}, {"t": 1696561500, "d": ["acmeair-customerservice", 1861]}, {"t": 1696561500, "d": ["acmeair-bookingservice", 1143]}, {"t": 1696561500, "d": ["acmeair-flight-db", 140]}, {"t": 1696561500, "d": ["acmeair-authservice", 163]}, {"t": 1696561500, "d": ["acmeair-mainservice", 0]}, {"t": 1696561510, "d": ["acmeair-flightservice", 5992]}, {"t": 1696561510, "d": ["acmeair-customer-db", 3884]}, {"t": 1696561510, "d": ["acmeair-booking-db", 2150]}, {"t": 1696561510, "d": ["acmeair-customerservice", 1976]}, {"t": 1696561510, "d": ["acmeair-bookingservice", 1723]}, {"t": 1696561510, "d": ["acmeair-flight-db", 126]}, {"t": 1696561510, "d": ["acmeair-authservice", 115]}, {"t": 1696561510, "d": ["acmeair-mainservice", 0]}, {"t": 1696561520, "d": ["acmeair-flightservice", 6254]}, {"t": 1696561520, "d": ["acmeair-customer-db", 4204]}, {"t": 1696561520, "d": ["acmeair-booking-db", 2106]}, {"t": 1696561520, "d": ["acmeair-customerservice", 2028]}, {"t": 1696561520, "d": ["acmeair-bookingservice", 1177]}, {"t": 1696561520, "d": ["acmeair-flight-db", 122]}, {"t": 1696561520, "d": ["acmeair-authservice", 89]}, {"t": 1696561520, "d": ["acmeair-mainservice", 0]}, {"t": 1696561530, "d": ["acmeair-flightservice", 6628]}, {"t": 1696561530, "d": ["acmeair-customer-db", 4296]}, {"t": 1696561530, "d": ["acmeair-booking-db", 2411]}, {"t": 1696561530, "d": ["acmeair-customerservice", 2330]}, {"t": 1696561530, "d": ["acmeair-bookingservice", 1984]}, {"t": 1696561530, "d": ["acmeair-flight-db", 88]}, {"t": 1696561530, "d": ["acmeair-authservice", 167]}, {"t": 1696561530, "d": ["acmeair-mainservice", 0]}, {"t": 1696561540, "d": ["acmeair-flightservice", 7224]}, {"t": 1696561540, "d": ["acmeair-customer-db", 4866]}, {"t": 1696561540, "d": ["acmeair-booking-db", 2935]}, {"t": 1696561540, "d": ["acmeair-customerservice", 3026]}, {"t": 1696561540, "d": ["acmeair-bookingservice", 2791]}, {"t": 1696561540, "d": ["acmeair-flight-db", 98]}, {"t": 1696561540, "d": ["acmeair-authservice", 274]}, {"t": 1696561540, "d": ["acmeair-mainservice", 0]}, {"t": 1696561550, "d": ["acmeair-flightservice", 9515]}, {"t": 1696561550, "d": ["acmeair-customer-db", 6254]}, {"t": 1696561550, "d": ["acmeair-booking-db", 2047]}, {"t": 1696561550, "d": ["acmeair-customerservice", 1948]}, {"t": 1696561550, "d": ["acmeair-bookingservice", 1415]}, {"t": 1696561550, "d": ["acmeair-flight-db", 126]}, {"t": 1696561550, "d": ["acmeair-authservice", 152]}, {"t": 1696561550, "d": ["acmeair-mainservice", 0]}, {"t": 1696561560, "d": ["acmeair-flightservice", 6471]}, {"t": 1696561560, "d": ["acmeair-customer-db", 4150]}, {"t": 1696561560, "d": ["acmeair-booking-db", 2435]}, {"t": 1696561560, "d": ["acmeair-customerservice", 2336]}, {"t": 1696561560, "d": ["acmeair-bookingservice", 1954]}, {"t": 1696561560, "d": ["acmeair-flight-db", 112]}, {"t": 1696561560, "d": ["acmeair-authservice", 214]}, {"t": 1696561560, "d": ["acmeair-mainservice", 0]}, {"t": 1696561570, "d": ["acmeair-flightservice", 7610]}, {"t": 1696561570, "d": ["acmeair-customer-db", 4870]}, {"t": 1696561570, "d": ["acmeair-booking-db", 3272]}, {"t": 1696561570, "d": ["acmeair-customerservice", 3145]}, {"t": 1696561570, "d": ["acmeair-bookingservice", 2684]}, {"t": 1696561570, "d": ["acmeair-flight-db", 84]}, {"t": 1696561570, "d": ["acmeair-authservice", 248]}, {"t": 1696561570, "d": ["acmeair-mainservice", 0]}, {"t": 1696561580, "d": ["acmeair-flightservice", 10018]}, {"t": 1696561580, "d": ["acmeair-customer-db", 6447]}, {"t": 1696561580, "d": ["acmeair-booking-db", 2446]}, {"t": 1696561580, "d": ["acmeair-customerservice", 2330]}, {"t": 1696561580, "d": ["acmeair-bookingservice", 1908]}, {"t": 1696561580, "d": ["acmeair-flight-db", 98]}, {"t": 1696561580, "d": ["acmeair-authservice", 181]}, {"t": 1696561580, "d": ["acmeair-mainservice", 0]}, {"t": 1696561590, "d": ["acmeair-flightservice", 7562]}, {"t": 1696561590, "d": ["acmeair-customer-db", 4994]}, {"t": 1696561590, "d": ["acmeair-booking-db", 2757]}, {"t": 1696561590, "d": ["acmeair-customerservice", 2708]}, {"t": 1696561590, "d": ["acmeair-bookingservice", 2497]}, {"t": 1696561590, "d": ["acmeair-flight-db", 84]}, {"t": 1696561590, "d": ["acmeair-authservice", 236]}, {"t": 1696561590, "d": ["acmeair-mainservice", 0]}, {"t": 1696561600, "d": ["acmeair-flightservice", 9024]}, {"t": 1696561600, "d": ["acmeair-customer-db", 5739]}, {"t": 1696561600, "d": ["acmeair-booking-db", 2927]}, {"t": 1696561600, "d": ["acmeair-customerservice", 3017]}, {"t": 1696561600, "d": ["acmeair-bookingservice", 2717]}, {"t": 1696561600, "d": ["acmeair-flight-db", 112]}, {"t": 1696561600, "d": ["acmeair-authservice", 248]}, {"t": 1696561600, "d": ["acmeair-mainservice", 0]}, {"t": 1696561610, "d": ["acmeair-flightservice", 10004]}, {"t": 1696561610, "d": ["acmeair-customer-db", 6341]}, {"t": 1696561610, "d": ["acmeair-booking-db", 2752]}, {"t": 1696561610, "d": ["acmeair-customerservice", 2597]}, {"t": 1696561610, "d": ["acmeair-bookingservice", 2686]}, {"t": 1696561610, "d": ["acmeair-flight-db", 84]}, {"t": 1696561610, "d": ["acmeair-authservice", 208]}, {"t": 1696561610, "d": ["acmeair-mainservice", 0]}, {"t": 1696561620, "d": ["acmeair-flightservice", 9018]}, {"t": 1696561620, "d": ["acmeair-customer-db", 5613]}, {"t": 1696561620, "d": ["acmeair-booking-db", 2472]}, {"t": 1696561620, "d": ["acmeair-customerservice", 2603]}, {"t": 1696561620, "d": ["acmeair-bookingservice", 2206]}, {"t": 1696561620, "d": ["acmeair-flight-db", 98]}, {"t": 1696561620, "d": ["acmeair-authservice", 151]}, {"t": 1696561620, "d": ["acmeair-mainservice", 0]}, {"t": 1696561630, "d": ["acmeair-flightservice", 8581]}, {"t": 1696561630, "d": ["acmeair-customer-db", 5681]}, {"t": 1696561630, "d": ["acmeair-booking-db", 2561]}, {"t": 1696561630, "d": ["acmeair-customerservice", 2716]}, {"t": 1696561630, "d": ["acmeair-bookingservice", 2612]}, {"t": 1696561630, "d": ["acmeair-flight-db", 85]}, {"t": 1696561630, "d": ["acmeair-authservice", 242]}, {"t": 1696561630, "d": ["acmeair-mainservice", 0]}, {"t": 1696561640, "d": ["acmeair-flightservice", 9418]}, {"t": 1696561640, "d": ["acmeair-customer-db", 5837]}, {"t": 1696561640, "d": ["acmeair-booking-db", 2819]}, {"t": 1696561640, "d": ["acmeair-customerservice", 2951]}, {"t": 1696561640, "d": ["acmeair-bookingservice", 2813]}, {"t": 1696561640, "d": ["acmeair-flight-db", 97]}, {"t": 1696561640, "d": ["acmeair-authservice", 258]}, {"t": 1696561640, "d": ["acmeair-mainservice", 0]}, {"t": 1696561650, "d": ["acmeair-flightservice", 10374]}, {"t": 1696561650, "d": ["acmeair-customer-db", 5362]}, {"t": 1696561650, "d": ["acmeair-booking-db", 2630]}, {"t": 1696561650, "d": ["acmeair-customerservice", 2579]}, {"t": 1696561650, "d": ["acmeair-bookingservice", 2394]}, {"t": 1696561650, "d": ["acmeair-flight-db", 56]}, {"t": 1696561650, "d": ["acmeair-authservice", 220]}, {"t": 1696561650, "d": ["acmeair-mainservice", 0]}, {"t": 1696561660, "d": ["acmeair-flightservice", 8430]}, {"t": 1696561660, "d": ["acmeair-customer-db", 4904]}, {"t": 1696561660, "d": ["acmeair-booking-db", 3073]}, {"t": 1696561660, "d": ["acmeair-customerservice", 3350]}, {"t": 1696561660, "d": ["acmeair-bookingservice", 3187]}, {"t": 1696561660, "d": ["acmeair-flight-db", 70]}, {"t": 1696561660, "d": ["acmeair-authservice", 308]}, {"t": 1696561660, "d": ["acmeair-mainservice", 0]}, {"t": 1696561670, "d": ["acmeair-flightservice", 11210]}, {"t": 1696561670, "d": ["acmeair-customer-db", 6132]}, {"t": 1696561670, "d": ["acmeair-booking-db", 2935]}, {"t": 1696561670, "d": ["acmeair-customerservice", 3422]}, {"t": 1696561670, "d": ["acmeair-bookingservice", 3662]}, {"t": 1696561670, "d": ["acmeair-flight-db", 98]}, {"t": 1696561670, "d": ["acmeair-authservice", 278]}, {"t": 1696561670, "d": ["acmeair-mainservice", 0]}, {"t": 1696561680, "d": ["acmeair-flightservice", 11269]}, {"t": 1696561680, "d": ["acmeair-customer-db", 5489]}, {"t": 1696561680, "d": ["acmeair-booking-db", 2244]}, {"t": 1696561680, "d": ["acmeair-customerservice", 2682]}, {"t": 1696561680, "d": ["acmeair-bookingservice", 2538]}, {"t": 1696561680, "d": ["acmeair-flight-db", 112]}, {"t": 1696561680, "d": ["acmeair-authservice", 204]}, {"t": 1696561680, "d": ["acmeair-mainservice", 0]}, {"t": 1696561690, "d": ["acmeair-flightservice", 8898]}, {"t": 1696561690, "d": ["acmeair-customer-db", 4139]}, {"t": 1696561690, "d": ["acmeair-booking-db", 1573]}, {"t": 1696561690, "d": ["acmeair-customerservice", 1951]}, {"t": 1696561690, "d": ["acmeair-bookingservice", 1591]}, {"t": 1696561690, "d": ["acmeair-flight-db", 98]}, {"t": 1696561690, "d": ["acmeair-authservice", 135]}, {"t": 1696561690, "d": ["acmeair-mainservice", 0]}, {"t": 1696561700, "d": ["acmeair-flightservice", 6236]}, {"t": 1696561700, "d": ["acmeair-customer-db", 3087]}, {"t": 1696561700, "d": ["acmeair-booking-db", 2521]}, {"t": 1696561700, "d": ["acmeair-customerservice", 3064]}, {"t": 1696561700, "d": ["acmeair-bookingservice", 3002]}, {"t": 1696561700, "d": ["acmeair-flight-db", 98]}, {"t": 1696561700, "d": ["acmeair-authservice", 256]}, {"t": 1696561700, "d": ["acmeair-mainservice", 0]}, {"t": 1696561710, "d": ["acmeair-flightservice", 10173]}, {"t": 1696561710, "d": ["acmeair-customer-db", 4833]}, {"t": 1696561710, "d": ["acmeair-booking-db", 2240]}, {"t": 1696561710, "d": ["acmeair-customerservice", 2755]}, {"t": 1696561710, "d": ["acmeair-bookingservice", 2703]}, {"t": 1696561710, "d": ["acmeair-flight-db", 98]}, {"t": 1696561710, "d": ["acmeair-authservice", 242]}, {"t": 1696561710, "d": ["acmeair-mainservice", 0]}, {"t": 1696561720, "d": ["acmeair-flightservice", 9232]}, {"t": 1696561720, "d": ["acmeair-customer-db", 4486]}, {"t": 1696561720, "d": ["acmeair-booking-db", 2378]}, {"t": 1696561720, "d": ["acmeair-customerservice", 3081]}, {"t": 1696561720, "d": ["acmeair-bookingservice", 2991]}, {"t": 1696561720, "d": ["acmeair-flight-db", 98]}, {"t": 1696561720, "d": ["acmeair-authservice", 272]}, {"t": 1696561720, "d": ["acmeair-mainservice", 0]}, {"t": 1696561730, "d": ["acmeair-flightservice", 10139]}, {"t": 1696561730, "d": ["acmeair-customer-db", 4863]}, {"t": 1696561730, "d": ["acmeair-booking-db", 1955]}, {"t": 1696561730, "d": ["acmeair-customerservice", 2615]}, {"t": 1696561730, "d": ["acmeair-bookingservice", 2422]}, {"t": 1696561730, "d": ["acmeair-flight-db", 98]}, {"t": 1696561730, "d": ["acmeair-authservice", 186]}, {"t": 1696561730, "d": ["acmeair-mainservice", 0]}, {"t": 1696561740, "d": ["acmeair-flightservice", 9020]}, {"t": 1696561740, "d": ["acmeair-customer-db", 4203]}, {"t": 1696561740, "d": ["acmeair-booking-db", 2882]}, {"t": 1696561740, "d": ["acmeair-customerservice", 3548]}, {"t": 1696561740, "d": ["acmeair-bookingservice", 3923]}, {"t": 1696561740, "d": ["acmeair-flight-db", 84]}, {"t": 1696561740, "d": ["acmeair-authservice", 263]}, {"t": 1696561740, "d": ["acmeair-mainservice", 0]}, {"t": 1696561750, "d": ["acmeair-flightservice", 11880]}, {"t": 1696561750, "d": ["acmeair-customer-db", 5654]}, {"t": 1696561750, "d": ["acmeair-booking-db", 2145]}, {"t": 1696561750, "d": ["acmeair-customerservice", 2638]}, {"t": 1696561750, "d": ["acmeair-bookingservice", 2904]}, {"t": 1696561750, "d": ["acmeair-flight-db", 98]}, {"t": 1696561750, "d": ["acmeair-authservice", 211]}, {"t": 1696561750, "d": ["acmeair-mainservice", 0]}, {"t": 1696561760, "d": ["acmeair-flightservice", 8748]}, {"t": 1696561760, "d": ["acmeair-customer-db", 4906]}, {"t": 1696561760, "d": ["acmeair-booking-db", 2426]}, {"t": 1696561760, "d": ["acmeair-customerservice", 2896]}, {"t": 1696561760, "d": ["acmeair-bookingservice", 3037]}, {"t": 1696561760, "d": ["acmeair-flight-db", 98]}, {"t": 1696561760, "d": ["acmeair-authservice", 263]}, {"t": 1696561760, "d": ["acmeair-mainservice", 0]}, {"t": 1696561770, "d": ["acmeair-flightservice", 10495]}, {"t": 1696561770, "d": ["acmeair-customer-db", 5387]}, {"t": 1696561770, "d": ["acmeair-booking-db", 2761]}, {"t": 1696561770, "d": ["acmeair-customerservice", 3039]}, {"t": 1696561770, "d": ["acmeair-bookingservice", 3134]}, {"t": 1696561770, "d": ["acmeair-flight-db", 56]}, {"t": 1696561770, "d": ["acmeair-authservice", 218]}, {"t": 1696561770, "d": ["acmeair-mainservice", 0]}, {"t": 1696561780, "d": ["acmeair-flightservice", 9968]}, {"t": 1696561780, "d": ["acmeair-customer-db", 5370]}, {"t": 1696561780, "d": ["acmeair-booking-db", 2136]}, {"t": 1696561780, "d": ["acmeair-customerservice", 2573]}, {"t": 1696561780, "d": ["acmeair-bookingservice", 2673]}, {"t": 1696561780, "d": ["acmeair-flight-db", 70]}, {"t": 1696561780, "d": ["acmeair-authservice", 173]}, {"t": 1696561780, "d": ["acmeair-mainservice", 0]}, {"t": 1696561790, "d": ["acmeair-flightservice", 8319]}, {"t": 1696561790, "d": ["acmeair-customer-db", 3493]}, {"t": 1696561790, "d": ["acmeair-booking-db", 2628]}, {"t": 1696561790, "d": ["acmeair-customerservice", 3366]}, {"t": 1696561790, "d": ["acmeair-bookingservice", 3671]}, {"t": 1696561790, "d": ["acmeair-flight-db", 140]}, {"t": 1696561790, "d": ["acmeair-authservice", 258]}, {"t": 1696561790, "d": ["acmeair-mainservice", 0]}, {"t": 1696561800, "d": ["acmeair-flightservice", 11474]}, {"t": 1696561800, "d": ["acmeair-customer-db", 5431]}, {"t": 1696561800, "d": ["acmeair-booking-db", 2704]}, {"t": 1696561800, "d": ["acmeair-customerservice", 3239]}, {"t": 1696561800, "d": ["acmeair-bookingservice", 3543]}, {"t": 1696561800, "d": ["acmeair-flight-db", 98]}, {"t": 1696561800, "d": ["acmeair-authservice", 196]}, {"t": 1696561800, "d": ["acmeair-mainservice", 0]}, {"t": 1696561810, "d": ["acmeair-flightservice", 10934]}, {"t": 1696561810, "d": ["acmeair-customer-db", 5948]}, {"t": 1696561810, "d": ["acmeair-booking-db", 2763]}, {"t": 1696561810, "d": ["acmeair-customerservice", 3063]}, {"t": 1696561810, "d": ["acmeair-bookingservice", 3313]}, {"t": 1696561810, "d": ["acmeair-flight-db", 70]}, {"t": 1696561810, "d": ["acmeair-authservice", 194]}, {"t": 1696561810, "d": ["acmeair-mainservice", 0]}, {"t": 1696561820, "d": ["acmeair-flightservice", 10070]}, {"t": 1696561820, "d": ["acmeair-customer-db", 6170]}, {"t": 1696561820, "d": ["acmeair-booking-db", 2828]}, {"t": 1696561820, "d": ["acmeair-customerservice", 3542]}, {"t": 1696561820, "d": ["acmeair-bookingservice", 3787]}, {"t": 1696561820, "d": ["acmeair-flight-db", 56]}, {"t": 1696561820, "d": ["acmeair-authservice", 288]}, {"t": 1696561820, "d": ["acmeair-mainservice", 0]}, {"t": 1696561830, "d": ["acmeair-flightservice", 11690]}, {"t": 1696561830, "d": ["acmeair-customer-db", 5740]}, {"t": 1696561830, "d": ["acmeair-booking-db", 2610]}, {"t": 1696561830, "d": ["acmeair-customerservice", 3223]}, {"t": 1696561830, "d": ["acmeair-bookingservice", 3187]}, {"t": 1696561830, "d": ["acmeair-flight-db", 98]}, {"t": 1696561830, "d": ["acmeair-authservice", 244]}, {"t": 1696561830, "d": ["acmeair-mainservice", 0]}, {"t": 1696561840, "d": ["acmeair-flightservice", 10838]}, {"t": 1696561840, "d": ["acmeair-customer-db", 6118]}, {"t": 1696561840, "d": ["acmeair-booking-db", 2131]}, {"t": 1696561840, "d": ["acmeair-customerservice", 2619]}, {"t": 1696561840, "d": ["acmeair-bookingservice", 2645]}, {"t": 1696561840, "d": ["acmeair-flight-db", 84]}, {"t": 1696561840, "d": ["acmeair-authservice", 184]}, {"t": 1696561840, "d": ["acmeair-mainservice", 0]}, {"t": 1696561850, "d": ["acmeair-flightservice", 8894]}, {"t": 1696561850, "d": ["acmeair-customer-db", 5242]}, {"t": 1696561850, "d": ["acmeair-booking-db", 2068]}, {"t": 1696561850, "d": ["acmeair-customerservice", 2630]}, {"t": 1696561850, "d": ["acmeair-bookingservice", 2561]}, {"t": 1696561850, "d": ["acmeair-flight-db", 112]}, {"t": 1696561850, "d": ["acmeair-authservice", 213]}, {"t": 1696561850, "d": ["acmeair-mainservice", 0]}, {"t": 1696561860, "d": ["acmeair-flightservice", 8974]}, {"t": 1696561860, "d": ["acmeair-customer-db", 4699]}, {"t": 1696561860, "d": ["acmeair-booking-db", 2804]}, {"t": 1696561860, "d": ["acmeair-customerservice", 3388]}, {"t": 1696561860, "d": ["acmeair-bookingservice", 3503]}, {"t": 1696561860, "d": ["acmeair-flight-db", 98]}, {"t": 1696561860, "d": ["acmeair-authservice", 268]}, {"t": 1696561860, "d": ["acmeair-mainservice", 0]}, {"t": 1696561870, "d": ["acmeair-flightservice", 11135]}, {"t": 1696561870, "d": ["acmeair-customer-db", 6307]}, {"t": 1696561870, "d": ["acmeair-booking-db", 2410]}, {"t": 1696561870, "d": ["acmeair-customerservice", 2913]}, {"t": 1696561870, "d": ["acmeair-bookingservice", 2994]}, {"t": 1696561870, "d": ["acmeair-flight-db", 112]}, {"t": 1696561870, "d": ["acmeair-authservice", 218]}, {"t": 1696561870, "d": ["acmeair-mainservice", 0]}, {"t": 1696561880, "d": ["acmeair-flightservice", 9923]}, {"t": 1696561880, "d": ["acmeair-customer-db", 5469]}, {"t": 1696561880, "d": ["acmeair-booking-db", 2447]}, {"t": 1696561880, "d": ["acmeair-customerservice", 2990]}, {"t": 1696561880, "d": ["acmeair-bookingservice", 3283]}, {"t": 1696561880, "d": ["acmeair-flight-db", 98]}, {"t": 1696561880, "d": ["acmeair-authservice", 226]}, {"t": 1696561880, "d": ["acmeair-mainservice", 0]}, {"t": 1696561890, "d": ["acmeair-flightservice", 10053]}, {"t": 1696561890, "d": ["acmeair-customer-db", 5704]}, {"t": 1696561890, "d": ["acmeair-booking-db", 2358]}, {"t": 1696561890, "d": ["acmeair-customerservice", 2788]}, {"t": 1696561890, "d": ["acmeair-bookingservice", 2932]}, {"t": 1696561890, "d": ["acmeair-flight-db", 84]}, {"t": 1696561890, "d": ["acmeair-authservice", 214]}, {"t": 1696561890, "d": ["acmeair-mainservice", 0]}, {"t": 1696561900, "d": ["acmeair-flightservice", 9716]}, {"t": 1696561900, "d": ["acmeair-customer-db", 4776]}, {"t": 1696561900, "d": ["acmeair-booking-db", 2771]}, {"t": 1696561900, "d": ["acmeair-customerservice", 3485]}, {"t": 1696561900, "d": ["acmeair-bookingservice", 3851]}, {"t": 1696561900, "d": ["acmeair-flight-db", 112]}, {"t": 1696561900, "d": ["acmeair-authservice", 299]}, {"t": 1696561900, "d": ["acmeair-mainservice", 0]}, {"t": 1696561910, "d": ["acmeair-flightservice", 11687]}, {"t": 1696561910, "d": ["acmeair-customer-db", 6375]}, {"t": 1696561910, "d": ["acmeair-booking-db", 2222]}, {"t": 1696561910, "d": ["acmeair-customerservice", 2550]}, {"t": 1696561910, "d": ["acmeair-bookingservice", 2561]}, {"t": 1696561910, "d": ["acmeair-flight-db", 84]}, {"t": 1696561910, "d": ["acmeair-authservice", 187]}, {"t": 1696561910, "d": ["acmeair-mainservice", 0]}, {"t": 1696561920, "d": ["acmeair-flightservice", 8769]}, {"t": 1696561920, "d": ["acmeair-customer-db", 4721]}, {"t": 1696561920, "d": ["acmeair-booking-db", 2640]}, {"t": 1696561920, "d": ["acmeair-customerservice", 3028]}, {"t": 1696561920, "d": ["acmeair-bookingservice", 3296]}, {"t": 1696561920, "d": ["acmeair-flight-db", 84]}, {"t": 1696561920, "d": ["acmeair-authservice", 210]}, {"t": 1696561920, "d": ["acmeair-mainservice", 0]}, {"t": 1696561930, "d": ["acmeair-flightservice", 10677]}, {"t": 1696561930, "d": ["acmeair-customer-db", 5123]}, {"t": 1696561930, "d": ["acmeair-booking-db", 2612]}, {"t": 1696561930, "d": ["acmeair-customerservice", 3224]}, {"t": 1696561930, "d": ["acmeair-bookingservice", 3598]}, {"t": 1696561930, "d": ["acmeair-flight-db", 98]}, {"t": 1696561930, "d": ["acmeair-authservice", 271]}, {"t": 1696561930, "d": ["acmeair-mainservice", 0]}, {"t": 1696561940, "d": ["acmeair-flightservice", 10853]}, {"t": 1696561940, "d": ["acmeair-customer-db", 5414]}, {"t": 1696561940, "d": ["acmeair-booking-db", 1439]}, {"t": 1696561940, "d": ["acmeair-customerservice", 1446]}, {"t": 1696561940, "d": ["acmeair-bookingservice", 1691]}, {"t": 1696561940, "d": ["acmeair-flight-db", 112]}, {"t": 1696561940, "d": ["acmeair-authservice", 104]}, {"t": 1696561940, "d": ["acmeair-mainservice", 0]}, {"t": 1696561950, "d": ["acmeair-flightservice", 5953]}, {"t": 1696561950, "d": ["acmeair-customer-db", 3058]}, {"t": 1696561950, "d": ["acmeair-booking-db", 1936]}, {"t": 1696561950, "d": ["acmeair-customerservice", 2122]}, {"t": 1696561950, "d": ["acmeair-bookingservice", 2226]}, {"t": 1696561950, "d": ["acmeair-flight-db", 42]}, {"t": 1696561950, "d": ["acmeair-authservice", 180]}, {"t": 1696561950, "d": ["acmeair-mainservice", 0]}, {"t": 1696561960, "d": ["acmeair-flightservice", 7731]}, {"t": 1696561960, "d": ["acmeair-customer-db", 4226]}, {"t": 1696561960, "d": ["acmeair-booking-db", 1761]}, {"t": 1696561960, "d": ["acmeair-customerservice", 1752]}, {"t": 1696561960, "d": ["acmeair-bookingservice", 1948]}, {"t": 1696561960, "d": ["acmeair-flight-db", 42]}, {"t": 1696561960, "d": ["acmeair-authservice", 124]}, {"t": 1696561960, "d": ["acmeair-mainservice", 0]}, {"t": 1696561970, "d": ["acmeair-flightservice", 6908]}, {"t": 1696561970, "d": ["acmeair-customer-db", 3520]}, {"t": 1696561970, "d": ["acmeair-booking-db", 1548]}, {"t": 1696561970, "d": ["acmeair-customerservice", 1493]}, {"t": 1696561970, "d": ["acmeair-bookingservice", 1450]}, {"t": 1696561970, "d": ["acmeair-flight-db", 98]}, {"t": 1696561970, "d": ["acmeair-authservice", 106]}, {"t": 1696561970, "d": ["acmeair-mainservice", 0]}, {"t": 1696561980, "d": ["acmeair-flightservice", 6167]}, {"t": 1696561980, "d": ["acmeair-customer-db", 3191]}, {"t": 1696561980, "d": ["acmeair-booking-db", 1605]}, {"t": 1696561980, "d": ["acmeair-customerservice", 2027]}, {"t": 1696561980, "d": ["acmeair-bookingservice", 1996]}, {"t": 1696561980, "d": ["acmeair-flight-db", 98]}, {"t": 1696561980, "d": ["acmeair-authservice", 134]}, {"t": 1696561980, "d": ["acmeair-mainservice", 0]}, {"t": 1696561990, "d": ["acmeair-flightservice", 6913]}, {"t": 1696561990, "d": ["acmeair-customer-db", 3717]}, {"t": 1696561990, "d": ["acmeair-booking-db", 1419]}, {"t": 1696561990, "d": ["acmeair-customerservice", 1639]}, {"t": 1696561990, "d": ["acmeair-bookingservice", 1607]}, {"t": 1696561990, "d": ["acmeair-flight-db", 98]}, {"t": 1696561990, "d": ["acmeair-authservice", 127]}, {"t": 1696561990, "d": ["acmeair-mainservice", 0]}, {"t": 1696562000, "d": ["acmeair-flightservice", 5881]}, {"t": 1696562000, "d": ["acmeair-customer-db", 2858]}, {"t": 1696562000, "d": ["acmeair-booking-db", 1780]}, {"t": 1696562000, "d": ["acmeair-customerservice", 2117]}, {"t": 1696562000, "d": ["acmeair-bookingservice", 2465]}, {"t": 1696562000, "d": ["acmeair-flight-db", 97]}, {"t": 1696562000, "d": ["acmeair-authservice", 173]}, {"t": 1696562000, "d": ["acmeair-mainservice", 0]}, {"t": 1696562010, "d": ["acmeair-flightservice", 6596]}, {"t": 1696562010, "d": ["acmeair-customer-db", 3454]}, {"t": 1696562010, "d": ["acmeair-booking-db", 1973]}, {"t": 1696562010, "d": ["acmeair-customerservice", 2183]}, {"t": 1696562010, "d": ["acmeair-bookingservice", 2484]}, {"t": 1696562010, "d": ["acmeair-flight-db", 98]}, {"t": 1696562010, "d": ["acmeair-authservice", 183]}, {"t": 1696562010, "d": ["acmeair-mainservice", 0]}, {"t": 1696562020, "d": ["acmeair-flightservice", 7661]}, {"t": 1696562020, "d": ["acmeair-customer-db", 3615]}, {"t": 1696562020, "d": ["acmeair-booking-db", 2078]}, {"t": 1696562020, "d": ["acmeair-customerservice", 2436]}, {"t": 1696562020, "d": ["acmeair-bookingservice", 2826]}, {"t": 1696562020, "d": ["acmeair-flight-db", 98]}, {"t": 1696562020, "d": ["acmeair-authservice", 216]}, {"t": 1696562020, "d": ["acmeair-mainservice", 0]}, {"t": 1696562030, "d": ["acmeair-flightservice", 8221]}, {"t": 1696562030, "d": ["acmeair-customer-db", 4077]}, {"t": 1696562030, "d": ["acmeair-booking-db", 1588]}, {"t": 1696562030, "d": ["acmeair-customerservice", 1930]}, {"t": 1696562030, "d": ["acmeair-bookingservice", 2163]}, {"t": 1696562030, "d": ["acmeair-flight-db", 112]}, {"t": 1696562030, "d": ["acmeair-authservice", 122]}, {"t": 1696562030, "d": ["acmeair-mainservice", 0]}, {"t": 1696562040, "d": ["acmeair-flightservice", 6582]}, {"t": 1696562040, "d": ["acmeair-customer-db", 3272]}, {"t": 1696562040, "d": ["acmeair-booking-db", 1881]}, {"t": 1696562040, "d": ["acmeair-customerservice", 2157]}, {"t": 1696562040, "d": ["acmeair-bookingservice", 2379]}, {"t": 1696562040, "d": ["acmeair-flight-db", 112]}, {"t": 1696562040, "d": ["acmeair-authservice", 161]}, {"t": 1696562040, "d": ["acmeair-mainservice", 0]}, {"t": 1696562050, "d": ["acmeair-flightservice", 6986]}, {"t": 1696562050, "d": ["acmeair-customer-db", 3693]}, {"t": 1696562050, "d": ["acmeair-booking-db", 1325]}, {"t": 1696562050, "d": ["acmeair-customerservice", 1551]}, {"t": 1696562050, "d": ["acmeair-bookingservice", 1589]}, {"t": 1696562050, "d": ["acmeair-flight-db", 98]}, {"t": 1696562050, "d": ["acmeair-authservice", 116]}, {"t": 1696562050, "d": ["acmeair-mainservice", 0]}], "start": 1696561450, "end": 1696562050}