{"data": [{"t": 1696561460, "d": ["acmeair-bookingservice", 508]}, {"t": 1696561460, "d": ["acmeair-customerservice", 140]}, {"t": 1696561460, "d": ["acmeair-authservice", 80]}, {"t": 1696561470, "d": ["acmeair-bookingservice", 520]}, {"t": 1696561470, "d": ["acmeair-customerservice", 140]}, {"t": 1696561470, "d": ["acmeair-authservice", 80]}, {"t": 1696561480, "d": ["acmeair-bookingservice", 603]}, {"t": 1696561480, "d": ["acmeair-customerservice", 140]}, {"t": 1696561480, "d": ["acmeair-authservice", 80]}, {"t": 1696561490, "d": ["acmeair-bookingservice", 621]}, {"t": 1696561490, "d": ["acmeair-customerservice", 140]}, {"t": 1696561490, "d": ["acmeair-authservice", 72]}, {"t": 1696561500, "d": ["acmeair-bookingservice", 696]}, {"t": 1696561500, "d": ["acmeair-customerservice", 140]}, {"t": 1696561500, "d": ["acmeair-authservice", 80]}, {"t": 1696561510, "d": ["acmeair-bookingservice", 700]}, {"t": 1696561510, "d": ["acmeair-customerservice", 148]}, {"t": 1696561510, "d": ["acmeair-authservice", 72]}, {"t": 1696561520, "d": ["acmeair-bookingservice", 700]}, {"t": 1696561520, "d": ["acmeair-customerservice", 168]}, {"t": 1696561520, "d": ["acmeair-authservice", 80]}, {"t": 1696561530, "d": ["acmeair-bookingservice", 771]}, {"t": 1696561530, "d": ["acmeair-customerservice", 180]}, {"t": 1696561530, "d": ["acmeair-authservice", 80]}, {"t": 1696561540, "d": ["acmeair-bookingservice", 1025]}, {"t": 1696561540, "d": ["acmeair-customerservice", 180]}, {"t": 1696561540, "d": ["acmeair-authservice", 80]}, {"t": 1696561550, "d": ["acmeair-bookingservice", 1208]}, {"t": 1696561550, "d": ["acmeair-customerservice", 180]}, {"t": 1696561550, "d": ["acmeair-authservice", 80]}, {"t": 1696561560, "d": ["acmeair-bookingservice", 1230]}, {"t": 1696561560, "d": ["acmeair-customerservice", 180]}, {"t": 1696561560, "d": ["acmeair-authservice", 80]}, {"t": 1696561570, "d": ["acmeair-bookingservice", 1230]}, {"t": 1696561570, "d": ["acmeair-customerservice", 180]}, {"t": 1696561570, "d": ["acmeair-authservice", 80]}, {"t": 1696561580, "d": ["acmeair-bookingservice", 1215]}, {"t": 1696561580, "d": ["acmeair-customerservice", 180]}, {"t": 1696561580, "d": ["acmeair-authservice", 80]}, {"t": 1696561590, "d": ["acmeair-bookingservice", 1110]}, {"t": 1696561590, "d": ["acmeair-customerservice", 180]}, {"t": 1696561590, "d": ["acmeair-authservice", 80]}, {"t": 1696561600, "d": ["acmeair-bookingservice", 1111]}, {"t": 1696561600, "d": ["acmeair-customerservice", 180]}, {"t": 1696561600, "d": ["acmeair-authservice", 80]}, {"t": 1696561610, "d": ["acmeair-bookingservice", 1392]}, {"t": 1696561610, "d": ["acmeair-customerservice", 180]}, {"t": 1696561610, "d": ["acmeair-authservice", 80]}, {"t": 1696561620, "d": ["acmeair-bookingservice", 1500]}, {"t": 1696561620, "d": ["acmeair-customerservice", 170]}, {"t": 1696561620, "d": ["acmeair-authservice", 120]}, {"t": 1696561630, "d": ["acmeair-bookingservice", 1500]}, {"t": 1696561630, "d": ["acmeair-customerservice", 170]}, {"t": 1696561630, "d": ["acmeair-authservice", 120]}, {"t": 1696561640, "d": ["acmeair-bookingservice", 1500]}, {"t": 1696561640, "d": ["acmeair-customerservice", 257]}, {"t": 1696561640, "d": ["acmeair-authservice", 120]}, {"t": 1696561650, "d": ["acmeair-bookingservice", 1500]}, {"t": 1696561650, "d": ["acmeair-customerservice", 280]}, {"t": 1696561650, "d": ["acmeair-authservice", 120]}, {"t": 1696561660, "d": ["acmeair-bookingservice", 1492]}, {"t": 1696561660, "d": ["acmeair-customerservice", 280]}, {"t": 1696561660, "d": ["acmeair-authservice", 120]}, {"t": 1696561670, "d": ["acmeair-bookingservice", 1622]}, {"t": 1696561670, "d": ["acmeair-customerservice", 280]}, {"t": 1696561670, "d": ["acmeair-authservice", 120]}, {"t": 1696561680, "d": ["acmeair-bookingservice", 1678]}, {"t": 1696561680, "d": ["acmeair-customerservice", 280]}, {"t": 1696561680, "d": ["acmeair-authservice", 120]}, {"t": 1696561690, "d": ["acmeair-bookingservice", 1690]}, {"t": 1696561690, "d": ["acmeair-customerservice", 280]}, {"t": 1696561690, "d": ["acmeair-authservice", 120]}, {"t": 1696561700, "d": ["acmeair-bookingservice", 1767]}, {"t": 1696561700, "d": ["acmeair-customerservice", 280]}, {"t": 1696561700, "d": ["acmeair-authservice", 120]}, {"t": 1696561710, "d": ["acmeair-bookingservice", 1834]}, {"t": 1696561710, "d": ["acmeair-customerservice", 280]}, {"t": 1696561710, "d": ["acmeair-authservice", 120]}, {"t": 1696561720, "d": ["acmeair-bookingservice", 1939]}, {"t": 1696561720, "d": ["acmeair-customerservice", 280]}, {"t": 1696561720, "d": ["acmeair-authservice", 120]}, {"t": 1696561730, "d": ["acmeair-bookingservice", 1940]}, {"t": 1696561730, "d": ["acmeair-customerservice", 280]}, {"t": 1696561730, "d": ["acmeair-authservice", 104]}, {"t": 1696561740, "d": ["acmeair-bookingservice", 1943]}, {"t": 1696561740, "d": ["acmeair-customerservice", 210]}, {"t": 1696561740, "d": ["acmeair-authservice", 100]}, {"t": 1696561750, "d": ["acmeair-bookingservice", 1970]}, {"t": 1696561750, "d": ["acmeair-customerservice", 170]}, {"t": 1696561750, "d": ["acmeair-authservice", 100]}, {"t": 1696561760, "d": ["acmeair-bookingservice", 1773]}, {"t": 1696561760, "d": ["acmeair-customerservice", 170]}, {"t": 1696561760, "d": ["acmeair-authservice", 90]}, {"t": 1696561770, "d": ["acmeair-bookingservice", 1773]}, {"t": 1696561770, "d": ["acmeair-customerservice", 170]}, {"t": 1696561770, "d": ["acmeair-authservice", 90]}, {"t": 1696561780, "d": ["acmeair-bookingservice", 1970]}, {"t": 1696561780, "d": ["acmeair-customerservice", 170]}, {"t": 1696561780, "d": ["acmeair-authservice", 100]}, {"t": 1696561790, "d": ["acmeair-bookingservice", 1970]}, {"t": 1696561790, "d": ["acmeair-customerservice", 170]}, {"t": 1696561790, "d": ["acmeair-authservice", 100]}, {"t": 1696561800, "d": ["acmeair-bookingservice", 1970]}, {"t": 1696561800, "d": ["acmeair-customerservice", 170]}, {"t": 1696561800, "d": ["acmeair-authservice", 100]}, {"t": 1696561810, "d": ["acmeair-bookingservice", 1970]}, {"t": 1696561810, "d": ["acmeair-customerservice", 170]}, {"t": 1696561810, "d": ["acmeair-authservice", 100]}, {"t": 1696561820, "d": ["acmeair-bookingservice", 1970]}, {"t": 1696561820, "d": ["acmeair-customerservice", 170]}, {"t": 1696561820, "d": ["acmeair-authservice", 100]}, {"t": 1696561830, "d": ["acmeair-bookingservice", 1979]}, {"t": 1696561830, "d": ["acmeair-customerservice", 170]}, {"t": 1696561830, "d": ["acmeair-authservice", 100]}, {"t": 1696561840, "d": ["acmeair-bookingservice", 1810]}, {"t": 1696561840, "d": ["acmeair-customerservice", 170]}, {"t": 1696561840, "d": ["acmeair-authservice", 100]}, {"t": 1696561850, "d": ["acmeair-bookingservice", 1810]}, {"t": 1696561850, "d": ["acmeair-customerservice", 170]}, {"t": 1696561850, "d": ["acmeair-authservice", 98]}, {"t": 1696561860, "d": ["acmeair-bookingservice", 1810]}, {"t": 1696561860, "d": ["acmeair-customerservice", 170]}, {"t": 1696561860, "d": ["acmeair-authservice", 100]}, {"t": 1696561870, "d": ["acmeair-bookingservice", 1810]}, {"t": 1696561870, "d": ["acmeair-customerservice", 170]}, {"t": 1696561870, "d": ["acmeair-authservice", 100]}, {"t": 1696561880, "d": ["acmeair-bookingservice", 1851]}, {"t": 1696561880, "d": ["acmeair-customerservice", 170]}, {"t": 1696561880, "d": ["acmeair-authservice", 100]}, {"t": 1696561890, "d": ["acmeair-bookingservice", 1850]}, {"t": 1696561890, "d": ["acmeair-customerservice", 154]}, {"t": 1696561890, "d": ["acmeair-authservice", 100]}, {"t": 1696561900, "d": ["acmeair-bookingservice", 1886]}, {"t": 1696561900, "d": ["acmeair-customerservice", 130]}, {"t": 1696561900, "d": ["acmeair-authservice", 106]}, {"t": 1696561910, "d": ["acmeair-bookingservice", 1970]}, {"t": 1696561910, "d": ["acmeair-customerservice", 130]}, {"t": 1696561910, "d": ["acmeair-authservice", 120]}, {"t": 1696561920, "d": ["acmeair-bookingservice", 1970]}, {"t": 1696561920, "d": ["acmeair-customerservice", 130]}, {"t": 1696561920, "d": ["acmeair-authservice", 120]}, {"t": 1696561930, "d": ["acmeair-bookingservice", 1970]}, {"t": 1696561930, "d": ["acmeair-customerservice", 130]}, {"t": 1696561930, "d": ["acmeair-authservice", 120]}, {"t": 1696561940, "d": ["acmeair-bookingservice", 1970]}, {"t": 1696561940, "d": ["acmeair-customerservice", 130]}, {"t": 1696561940, "d": ["acmeair-authservice", 122]}, {"t": 1696561950, "d": ["acmeair-bookingservice", 1970]}, {"t": 1696561950, "d": ["acmeair-customerservice", 130]}, {"t": 1696561950, "d": ["acmeair-authservice", 120]}, {"t": 1696561960, "d": ["acmeair-bookingservice", 1817]}, {"t": 1696561960, "d": ["acmeair-customerservice", 130]}, {"t": 1696561960, "d": ["acmeair-authservice", 120]}, {"t": 1696561970, "d": ["acmeair-bookingservice", 1800]}, {"t": 1696561970, "d": ["acmeair-customerservice", 130]}, {"t": 1696561970, "d": ["acmeair-authservice", 124]}, {"t": 1696561980, "d": ["acmeair-bookingservice", 1800]}, {"t": 1696561980, "d": ["acmeair-customerservice", 132]}, {"t": 1696561980, "d": ["acmeair-authservice", 120]}, {"t": 1696561990, "d": ["acmeair-bookingservice", 1570]}, {"t": 1696561990, "d": ["acmeair-customerservice", 150]}, {"t": 1696561990, "d": ["acmeair-authservice", 108]}, {"t": 1696562000, "d": ["acmeair-bookingservice", 1800]}, {"t": 1696562000, "d": ["acmeair-customerservice", 150]}, {"t": 1696562000, "d": ["acmeair-authservice", 120]}, {"t": 1696562010, "d": ["acmeair-bookingservice", 1796]}, {"t": 1696562010, "d": ["acmeair-customerservice", 150]}, {"t": 1696562010, "d": ["acmeair-authservice", 120]}, {"t": 1696562020, "d": ["acmeair-bookingservice", 1767]}, {"t": 1696562020, "d": ["acmeair-customerservice", 150]}, {"t": 1696562020, "d": ["acmeair-authservice", 120]}, {"t": 1696562030, "d": ["acmeair-bookingservice", 1720]}, {"t": 1696562030, "d": ["acmeair-customerservice", 150]}, {"t": 1696562030, "d": ["acmeair-authservice", 120]}, {"t": 1696562040, "d": ["acmeair-bookingservice", 1720]}, {"t": 1696562040, "d": ["acmeair-customerservice", 150]}, {"t": 1696562040, "d": ["acmeair-authservice", 120]}, {"t": 1696562050, "d": ["acmeair-bookingservice", 1548]}, {"t": 1696562050, "d": ["acmeair-customerservice", 135]}, {"t": 1696562050, "d": ["acmeair-authservice", 108]}], "start": 1696561450, "end": 1696562050}