{"data": [{"t": 1701452660, "d": ["backend-post", 30.344]}, {"t": 1701452660, "d": ["backend-user", 23.41]}, {"t": 1701452660, "d": ["backend-auth", 1.392]}, {"t": 1701452660, "d": ["backend-notification", 0.355]}, {"t": 1701452660, "d": ["ins-front-end", 0]}, {"t": 1701452670, "d": ["backend-post", 25.921]}, {"t": 1701452670, "d": ["backend-user", 21.937]}, {"t": 1701452670, "d": ["backend-auth", 3.412]}, {"t": 1701452670, "d": ["backend-notification", 0.325]}, {"t": 1701452670, "d": ["ins-front-end", 0]}, {"t": 1701452680, "d": ["backend-post", 26.752]}, {"t": 1701452680, "d": ["backend-user", 22.968]}, {"t": 1701452680, "d": ["backend-auth", 1.921]}, {"t": 1701452680, "d": ["backend-notification", 0.32]}, {"t": 1701452680, "d": ["ins-front-end", 0.002]}, {"t": 1701452690, "d": ["backend-post", 38.9]}, {"t": 1701452690, "d": ["backend-user", 32.884]}, {"t": 1701452690, "d": ["backend-auth", 1.451]}, {"t": 1701452690, "d": ["backend-notification", 0.305]}, {"t": 1701452690, "d": ["ins-front-end", 0]}, {"t": 1701452700, "d": ["backend-post", 24.646]}, {"t": 1701452700, "d": ["backend-user", 24.477]}, {"t": 1701452700, "d": ["backend-auth", 1.253]}, {"t": 1701452700, "d": ["backend-notification", 0.312]}, {"t": 1701452700, "d": ["ins-front-end", 0]}, {"t": 1701452710, "d": ["backend-post", 26.095]}, {"t": 1701452710, "d": ["backend-user", 24.594]}, {"t": 1701452710, "d": ["backend-auth", 1.775]}, {"t": 1701452710, "d": ["backend-notification", 0.298]}, {"t": 1701452710, "d": ["ins-front-end", 0.001]}, {"t": 1701452720, "d": ["backend-post", 23.876]}, {"t": 1701452720, "d": ["backend-user", 24.897]}, {"t": 1701452720, "d": ["backend-auth", 1.464]}, {"t": 1701452720, "d": ["backend-notification", 0.441]}, {"t": 1701452720, "d": ["ins-front-end", 0]}, {"t": 1701452730, "d": ["backend-post", 26.381]}, {"t": 1701452730, "d": ["backend-user", 23.149]}, {"t": 1701452730, "d": ["backend-auth", 1.873]}, {"t": 1701452730, "d": ["backend-notification", 0.305]}, {"t": 1701452730, "d": ["ins-front-end", 0]}, {"t": 1701452740, "d": ["backend-post", 23.674]}, {"t": 1701452740, "d": ["backend-user", 23.382]}, {"t": 1701452740, "d": ["backend-auth", 1.273001]}, {"t": 1701452740, "d": ["backend-notification", 0.355]}, {"t": 1701452740, "d": ["ins-front-end", 0.002]}, {"t": 1701452750, "d": ["backend-post", 17.86]}, {"t": 1701452750, "d": ["backend-user", 17.131]}, {"t": 1701452750, "d": ["backend-auth", 1.179]}, {"t": 1701452750, "d": ["backend-notification", 0.35]}, {"t": 1701452750, "d": ["ins-front-end", 0]}, {"t": 1701452760, "d": ["backend-post", 21.123]}, {"t": 1701452760, "d": ["backend-user", 23.668]}, {"t": 1701452760, "d": ["backend-auth", 6.018]}, {"t": 1701452760, "d": ["backend-notification", 0.377]}, {"t": 1701452760, "d": ["ins-front-end", 0]}, {"t": 1701452770, "d": ["backend-post", 23.696]}, {"t": 1701452770, "d": ["backend-user", 23.487001]}, {"t": 1701452770, "d": ["backend-auth", 2.167001]}, {"t": 1701452770, "d": ["backend-notification", 0.36]}, {"t": 1701452770, "d": ["ins-front-end", 0.002]}, {"t": 1701452780, "d": ["backend-post", 25.043]}, {"t": 1701452780, "d": ["backend-user", 23.458001]}, {"t": 1701452780, "d": ["backend-auth", 1.534]}, {"t": 1701452780, "d": ["backend-notification", 0.357]}, {"t": 1701452780, "d": ["ins-front-end", 0]}, {"t": 1701452790, "d": ["backend-post", 26.73]}, {"t": 1701452790, "d": ["backend-user", 28.242]}, {"t": 1701452790, "d": ["backend-auth", 1.436]}, {"t": 1701452790, "d": ["backend-notification", 0.335]}, {"t": 1701452790, "d": ["ins-front-end", 0]}, {"t": 1701452800, "d": ["backend-post", 23.412]}, {"t": 1701452800, "d": ["backend-user", 24.133001]}, {"t": 1701452800, "d": ["backend-auth", 4.75]}, {"t": 1701452800, "d": ["backend-notification", 0.32]}, {"t": 1701452800, "d": ["ins-front-end", 0.002]}, {"t": 1701452810, "d": ["backend-post", 30.902]}, {"t": 1701452810, "d": ["backend-user", 27.701]}, {"t": 1701452810, "d": ["backend-auth", 1.324]}, {"t": 1701452810, "d": ["backend-notification", 0.312]}, {"t": 1701452810, "d": ["ins-front-end", 0]}, {"t": 1701452820, "d": ["backend-post", 25.113]}, {"t": 1701452820, "d": ["backend-user", 29.327]}, {"t": 1701452820, "d": ["backend-auth", 2.031]}, {"t": 1701452820, "d": ["backend-notification", 0.315]}, {"t": 1701452820, "d": ["ins-front-end", 0]}, {"t": 1701452830, "d": ["backend-post", 24.656]}, {"t": 1701452830, "d": ["backend-user", 31.48]}, {"t": 1701452830, "d": ["backend-auth", 1.28]}, {"t": 1701452830, "d": ["backend-notification", 0.364]}, {"t": 1701452830, "d": ["ins-front-end", 0.002]}], "start": 1701452650, "end": 1701452830}