{"data": [{"t": 1701452660, "d": ["backend-post", 13348.2]}, {"t": 1701452660, "d": ["backend-user", 11354]}, {"t": 1701452660, "d": ["backend-auth", 10507]}, {"t": 1701452660, "d": ["backend-notification", 8674]}, {"t": 1701452670, "d": ["backend-post", 13348.2]}, {"t": 1701452670, "d": ["backend-user", 11354]}, {"t": 1701452670, "d": ["backend-auth", 10507]}, {"t": 1701452670, "d": ["backend-notification", 8674]}, {"t": 1701452680, "d": ["backend-post", 13349]}, {"t": 1701452680, "d": ["backend-user", 11354]}, {"t": 1701452680, "d": ["backend-auth", 10507]}, {"t": 1701452680, "d": ["backend-notification", 8674]}, {"t": 1701452690, "d": ["backend-post", 13364.7]}, {"t": 1701452690, "d": ["backend-user", 11358.3]}, {"t": 1701452690, "d": ["backend-auth", 10507]}, {"t": 1701452690, "d": ["backend-notification", 8674]}, {"t": 1701452700, "d": ["backend-post", 13365]}, {"t": 1701452700, "d": ["backend-user", 11365]}, {"t": 1701452700, "d": ["backend-auth", 10507]}, {"t": 1701452700, "d": ["backend-notification", 8674]}, {"t": 1701452710, "d": ["backend-post", 13365]}, {"t": 1701452710, "d": ["backend-user", 11365]}, {"t": 1701452710, "d": ["backend-auth", 10507]}, {"t": 1701452710, "d": ["backend-notification", 8674]}, {"t": 1701452720, "d": ["backend-post", 13365]}, {"t": 1701452720, "d": ["backend-user", 11365]}, {"t": 1701452720, "d": ["backend-auth", 10507]}, {"t": 1701452720, "d": ["backend-notification", 8674]}, {"t": 1701452730, "d": ["backend-post", 13365]}, {"t": 1701452730, "d": ["backend-user", 11365]}, {"t": 1701452730, "d": ["backend-auth", 10507]}, {"t": 1701452730, "d": ["backend-notification", 8674]}, {"t": 1701452740, "d": ["backend-post", 13365.4]}, {"t": 1701452740, "d": ["backend-user", 11365.4]}, {"t": 1701452740, "d": ["backend-auth", 10507]}, {"t": 1701452740, "d": ["backend-notification", 8674]}, {"t": 1701452750, "d": ["backend-post", 13366]}, {"t": 1701452750, "d": ["backend-user", 11366]}, {"t": 1701452750, "d": ["backend-auth", 10507]}, {"t": 1701452750, "d": ["backend-notification", 8674]}, {"t": 1701452760, "d": ["backend-post", 13366.7]}, {"t": 1701452760, "d": ["backend-user", 11366]}, {"t": 1701452760, "d": ["backend-auth", 10507]}, {"t": 1701452760, "d": ["backend-notification", 8674]}, {"t": 1701452770, "d": ["backend-post", 13367]}, {"t": 1701452770, "d": ["backend-user", 11366]}, {"t": 1701452770, "d": ["backend-auth", 10507]}, {"t": 1701452770, "d": ["backend-notification", 8674]}, {"t": 1701452780, "d": ["backend-post", 13367]}, {"t": 1701452780, "d": ["backend-user", 11366]}, {"t": 1701452780, "d": ["backend-auth", 10507]}, {"t": 1701452780, "d": ["backend-notification", 8674]}, {"t": 1701452790, "d": ["backend-post", 13363]}, {"t": 1701452790, "d": ["backend-user", 11364.5]}, {"t": 1701452790, "d": ["backend-auth", 10507]}, {"t": 1701452790, "d": ["backend-notification", 8674]}, {"t": 1701452800, "d": ["backend-post", 13359]}, {"t": 1701452800, "d": ["backend-user", 11361]}, {"t": 1701452800, "d": ["backend-auth", 10507.8]}, {"t": 1701452800, "d": ["backend-notification", 8674]}, {"t": 1701452810, "d": ["backend-post", 13359]}, {"t": 1701452810, "d": ["backend-user", 11366]}, {"t": 1701452810, "d": ["backend-auth", 10508]}, {"t": 1701452810, "d": ["backend-notification", 8674]}, {"t": 1701452820, "d": ["backend-post", 13359]}, {"t": 1701452820, "d": ["backend-user", 11367]}, {"t": 1701452820, "d": ["backend-auth", 10508]}, {"t": 1701452820, "d": ["backend-notification", 8674]}, {"t": 1701452830, "d": ["backend-post", 13359]}, {"t": 1701452830, "d": ["backend-user", 11367]}, {"t": 1701452830, "d": ["backend-auth", 10508]}, {"t": 1701452830, "d": ["backend-notification", 8674]}], "start": 1701452650, "end": 1701452830}