{"data": [{"t": 1701452660, "d": ["backend-user", 63659637.6]}, {"t": 1701452660, "d": ["backend-post", 63502496.8]}, {"t": 1701452660, "d": ["backend-auth", 23319711.2]}, {"t": 1701452660, "d": ["backend-notification", 17686029.6]}, {"t": 1701452670, "d": ["backend-user", 59193128]}, {"t": 1701452670, "d": ["backend-post", 57502636.8]}, {"t": 1701452670, "d": ["backend-auth", 24107165.6]}, {"t": 1701452670, "d": ["backend-notification", 18117660.8]}, {"t": 1701452680, "d": ["backend-user", 59412569.6]}, {"t": 1701452680, "d": ["backend-post", 69922707.2]}, {"t": 1701452680, "d": ["backend-auth", 24928481.6]}, {"t": 1701452680, "d": ["backend-notification", 18574420.8]}, {"t": 1701452690, "d": ["backend-user", 59589730.4]}, {"t": 1701452690, "d": ["backend-post", 59783080.8]}, {"t": 1701452690, "d": ["backend-auth", 25739403.2]}, {"t": 1701452690, "d": ["backend-notification", 19026923.2]}, {"t": 1701452700, "d": ["backend-user", 63846539.2]}, {"t": 1701452700, "d": ["backend-post", 61765162.4]}, {"t": 1701452700, "d": ["backend-auth", 26499919.2]}, {"t": 1701452700, "d": ["backend-notification", 19488671.2]}, {"t": 1701452710, "d": ["backend-user", 60157909.6]}, {"t": 1701452710, "d": ["backend-post", 63333488]}, {"t": 1701452710, "d": ["backend-auth", 27263563.2]}, {"t": 1701452710, "d": ["backend-notification", 19923148]}, {"t": 1701452720, "d": ["backend-user", 57519088]}, {"t": 1701452720, "d": ["backend-post", 63111946.4]}, {"t": 1701452720, "d": ["backend-auth", 28079790.4]}, {"t": 1701452720, "d": ["backend-notification", 20371042.4]}, {"t": 1701452730, "d": ["backend-user", 59043236.8]}, {"t": 1701452730, "d": ["backend-post", 58649204]}, {"t": 1701452730, "d": ["backend-auth", 28925072]}, {"t": 1701452730, "d": ["backend-notification", 20832095.2]}, {"t": 1701452740, "d": ["backend-user", 65045148]}, {"t": 1701452740, "d": ["backend-post", 62270921.6]}, {"t": 1701452740, "d": ["backend-auth", 29731909.6]}, {"t": 1701452740, "d": ["backend-notification", 21283580]}, {"t": 1701452750, "d": ["backend-user", 64918620.8]}, {"t": 1701452750, "d": ["backend-post", 59832011.2]}, {"t": 1701452750, "d": ["backend-auth", 30429032]}, {"t": 1701452750, "d": ["backend-notification", 21727291.2]}, {"t": 1701452760, "d": ["backend-user", 54161637.6]}, {"t": 1701452760, "d": ["backend-post", 65646735.2]}, {"t": 1701452760, "d": ["backend-auth", 28108620.8]}, {"t": 1701452760, "d": ["backend-notification", 22172982.4]}, {"t": 1701452770, "d": ["backend-user", 56700774.4]}, {"t": 1701452770, "d": ["backend-post", 65611400]}, {"t": 1701452770, "d": ["backend-auth", 21739076.8]}, {"t": 1701452770, "d": ["backend-notification", 22638672.8]}, {"t": 1701452780, "d": ["backend-user", 57742015.2]}, {"t": 1701452780, "d": ["backend-post", 64432928]}, {"t": 1701452780, "d": ["backend-auth", 22565358.4]}, {"t": 1701452780, "d": ["backend-notification", 23096750.4]}, {"t": 1701452790, "d": ["backend-user", 56730836]}, {"t": 1701452790, "d": ["backend-post", 60037434.4]}, {"t": 1701452790, "d": ["backend-auth", 23376588]}, {"t": 1701452790, "d": ["backend-notification", 23543927.2]}, {"t": 1701452800, "d": ["backend-user", 53545604]}, {"t": 1701452800, "d": ["backend-post", 63630503.2]}, {"t": 1701452800, "d": ["backend-auth", 24213885.6]}, {"t": 1701452800, "d": ["backend-notification", 24006548]}, {"t": 1701452810, "d": ["backend-user", 56379612]}, {"t": 1701452810, "d": ["backend-post", 64846284.8]}, {"t": 1701452810, "d": ["backend-auth", 25081005.6]}, {"t": 1701452810, "d": ["backend-notification", 24452497.6]}, {"t": 1701452820, "d": ["backend-user", 54478964]}, {"t": 1701452820, "d": ["backend-post", 67280420]}, {"t": 1701452820, "d": ["backend-auth", 25881463.2]}, {"t": 1701452820, "d": ["backend-notification", 24916742.4]}, {"t": 1701452830, "d": ["backend-user", 55468908]}, {"t": 1701452830, "d": ["backend-post", 61625926.4]}, {"t": 1701452830, "d": ["backend-auth", 26695020.8]}, {"t": 1701452830, "d": ["backend-notification", 25365817.6]}], "start": 1701452650, "end": 1701452830}