{"data": [{"t": 1701452660, "d": ["backend-post", 100305932]}, {"t": 1701452660, "d": ["backend-user", 82592586.4]}, {"t": 1701452660, "d": ["backend-auth", 70247375.2]}, {"t": 1701452660, "d": ["backend-notification", 62003448]}, {"t": 1701452670, "d": ["backend-post", 100794500]}, {"t": 1701452670, "d": ["backend-user", 82898076]}, {"t": 1701452670, "d": ["backend-auth", 70352328]}, {"t": 1701452670, "d": ["backend-notification", 62003448]}, {"t": 1701452680, "d": ["backend-post", 101210881.6]}, {"t": 1701452680, "d": ["backend-user", 83472288]}, {"t": 1701452680, "d": ["backend-auth", 70546713.6]}, {"t": 1701452680, "d": ["backend-notification", 62003448]}, {"t": 1701452690, "d": ["backend-post", 102511504]}, {"t": 1701452690, "d": ["backend-user", 84189238.4]}, {"t": 1701452690, "d": ["backend-auth", 70735850.4]}, {"t": 1701452690, "d": ["backend-notification", 62003448]}, {"t": 1701452700, "d": ["backend-post", 103438448.8]}, {"t": 1701452700, "d": ["backend-user", 84973248.8]}, {"t": 1701452700, "d": ["backend-auth", 70833372]}, {"t": 1701452700, "d": ["backend-notification", 62003448]}, {"t": 1701452710, "d": ["backend-post", 103680427.2]}, {"t": 1701452710, "d": ["backend-user", 85105046.4]}, {"t": 1701452710, "d": ["backend-auth", 71039142.4]}, {"t": 1701452710, "d": ["backend-notification", 62003448]}, {"t": 1701452720, "d": ["backend-post", 103901318.4]}, {"t": 1701452720, "d": ["backend-user", 85352756.8]}, {"t": 1701452720, "d": ["backend-auth", 71188235.2]}, {"t": 1701452720, "d": ["backend-notification", 62003448]}, {"t": 1701452730, "d": ["backend-post", 104076888]}, {"t": 1701452730, "d": ["backend-user", 85440271.2]}, {"t": 1701452730, "d": ["backend-auth", 71256593.6]}, {"t": 1701452730, "d": ["backend-notification", 62003448]}, {"t": 1701452740, "d": ["backend-post", 104471209.6]}, {"t": 1701452740, "d": ["backend-user", 85642484]}, {"t": 1701452740, "d": ["backend-auth", 71344241.6]}, {"t": 1701452740, "d": ["backend-notification", 62003448]}, {"t": 1701452750, "d": ["backend-post", 105234326.4]}, {"t": 1701452750, "d": ["backend-user", 86036844.8]}, {"t": 1701452750, "d": ["backend-auth", 71437073.6]}, {"t": 1701452750, "d": ["backend-notification", 62003448]}, {"t": 1701452760, "d": ["backend-post", 105409524]}, {"t": 1701452760, "d": ["backend-user", 86175253.6]}, {"t": 1701452760, "d": ["backend-auth", 71576470.4]}, {"t": 1701452760, "d": ["backend-notification", 62003448]}, {"t": 1701452770, "d": ["backend-post", 105453576.8]}, {"t": 1701452770, "d": ["backend-user", 86583436.8]}, {"t": 1701452770, "d": ["backend-auth", 71777652]}, {"t": 1701452770, "d": ["backend-notification", 62003448]}, {"t": 1701452780, "d": ["backend-post", 105609028]}, {"t": 1701452780, "d": ["backend-user", 86793155.2]}, {"t": 1701452780, "d": ["backend-auth", 71883612.8]}, {"t": 1701452780, "d": ["backend-notification", 62003448]}, {"t": 1701452790, "d": ["backend-post", 105847330.4]}, {"t": 1701452790, "d": ["backend-user", 86977348.8]}, {"t": 1701452790, "d": ["backend-auth", 71958142.4]}, {"t": 1701452790, "d": ["backend-notification", 62003448]}, {"t": 1701452800, "d": ["backend-post", 105956108.8]}, {"t": 1701452800, "d": ["backend-user", 87403550.4]}, {"t": 1701452800, "d": ["backend-auth", 72186262.4]}, {"t": 1701452800, "d": ["backend-notification", 62003448]}, {"t": 1701452810, "d": ["backend-post", 106042079.2]}, {"t": 1701452810, "d": ["backend-user", 87599192.8]}, {"t": 1701452810, "d": ["backend-auth", 72331212]}, {"t": 1701452810, "d": ["backend-notification", 62003448]}, {"t": 1701452820, "d": ["backend-post", 106104608]}, {"t": 1701452820, "d": ["backend-user", 87614443.2]}, {"t": 1701452820, "d": ["backend-auth", 72406936.8]}, {"t": 1701452820, "d": ["backend-notification", 62003448]}, {"t": 1701452830, "d": ["backend-post", 106132015.2]}, {"t": 1701452830, "d": ["backend-user", 87841563.2]}, {"t": 1701452830, "d": ["backend-auth", 72510863.2]}, {"t": 1701452830, "d": ["backend-notification", 62003448]}], "start": 1701452650, "end": 1701452830}