{"data": [{"t": 1701452660, "d": ["backend-post", 52.617264]}, {"t": 1701452660, "d": ["backend-user", 48.674851]}, {"t": 1701452660, "d": ["backend-notification", 32.525635]}, {"t": 1701452660, "d": ["backend-auth", 31.697236]}, {"t": 1701452660, "d": ["ins-front-end", 8.693696]}, {"t": 1701452670, "d": ["backend-post", 52.711716]}, {"t": 1701452670, "d": ["backend-user", 48.742753]}, {"t": 1701452670, "d": ["backend-notification", 32.525635]}, {"t": 1701452670, "d": ["backend-auth", 31.718293]}, {"t": 1701452670, "d": ["ins-front-end", 8.693696]}, {"t": 1701452680, "d": ["backend-post", 52.803422]}, {"t": 1701452680, "d": ["backend-user", 48.856125]}, {"t": 1701452680, "d": ["backend-notification", 32.525635]}, {"t": 1701452680, "d": ["backend-auth", 31.755295]}, {"t": 1701452680, "d": ["ins-front-end", 8.693696]}, {"t": 1701452690, "d": ["backend-post", 53.064194]}, {"t": 1701452690, "d": ["backend-user", 49.000092]}, {"t": 1701452690, "d": ["backend-notification", 32.525635]}, {"t": 1701452690, "d": ["backend-auth", 31.788254]}, {"t": 1701452690, "d": ["ins-front-end", 8.693696]}, {"t": 1701452700, "d": ["backend-post", 53.215714]}, {"t": 1701452700, "d": ["backend-user", 49.152146]}, {"t": 1701452700, "d": ["backend-notification", 32.525635]}, {"t": 1701452700, "d": ["backend-auth", 31.806717]}, {"t": 1701452700, "d": ["ins-front-end", 8.693696]}, {"t": 1701452710, "d": ["backend-post", 53.327103]}, {"t": 1701452710, "d": ["backend-user", 49.186936]}, {"t": 1701452710, "d": ["backend-notification", 32.525635]}, {"t": 1701452710, "d": ["backend-auth", 31.848603]}, {"t": 1701452710, "d": ["ins-front-end", 8.693696]}, {"t": 1701452720, "d": ["backend-post", 53.297425]}, {"t": 1701452720, "d": ["backend-user", 49.240723]}, {"t": 1701452720, "d": ["backend-notification", 32.525635]}, {"t": 1701452720, "d": ["backend-auth", 31.873856]}, {"t": 1701452720, "d": ["ins-front-end", 8.693696]}, {"t": 1701452730, "d": ["backend-post", 53.336716]}, {"t": 1701452730, "d": ["backend-user", 49.253769]}, {"t": 1701452730, "d": ["backend-notification", 32.525635]}, {"t": 1701452730, "d": ["backend-auth", 31.887284]}, {"t": 1701452730, "d": ["ins-front-end", 8.693696]}, {"t": 1701452740, "d": ["backend-post", 53.413086]}, {"t": 1701452740, "d": ["backend-user", 49.295884]}, {"t": 1701452740, "d": ["backend-notification", 32.525635]}, {"t": 1701452740, "d": ["backend-auth", 31.903]}, {"t": 1701452740, "d": ["ins-front-end", 8.694306]}, {"t": 1701452750, "d": ["backend-post", 53.550797]}, {"t": 1701452750, "d": ["backend-user", 49.407731]}, {"t": 1701452750, "d": ["backend-notification", 32.525635]}, {"t": 1701452750, "d": ["backend-auth", 31.923905]}, {"t": 1701452750, "d": ["ins-front-end", 8.694459]}, {"t": 1701452760, "d": ["backend-post", 53.60199]}, {"t": 1701452760, "d": ["backend-user", 49.930039]}, {"t": 1701452760, "d": ["backend-notification", 32.525635]}, {"t": 1701452760, "d": ["backend-auth", 32.661438]}, {"t": 1701452760, "d": ["ins-front-end", 8.694459]}, {"t": 1701452770, "d": ["backend-post", 53.625641]}, {"t": 1701452770, "d": ["backend-user", 49.909287]}, {"t": 1701452770, "d": ["backend-notification", 32.525635]}, {"t": 1701452770, "d": ["backend-auth", 32.383881]}, {"t": 1701452770, "d": ["ins-front-end", 8.694459]}, {"t": 1701452780, "d": ["backend-post", 53.683167]}, {"t": 1701452780, "d": ["backend-user", 49.946213]}, {"t": 1701452780, "d": ["backend-notification", 32.525635]}, {"t": 1701452780, "d": ["backend-auth", 32.401963]}, {"t": 1701452780, "d": ["ins-front-end", 8.694459]}, {"t": 1701452790, "d": ["backend-post", 53.679734]}, {"t": 1701452790, "d": ["backend-user", 50.282746]}, {"t": 1701452790, "d": ["backend-notification", 32.525635]}, {"t": 1701452790, "d": ["backend-auth", 32.417069]}, {"t": 1701452790, "d": ["ins-front-end", 8.694459]}, {"t": 1701452800, "d": ["backend-post", 53.705216]}, {"t": 1701452800, "d": ["backend-user", 50.559845]}, {"t": 1701452800, "d": ["backend-notification", 32.525635]}, {"t": 1701452800, "d": ["backend-auth", 32.462769]}, {"t": 1701452800, "d": ["ins-front-end", 8.694459]}, {"t": 1701452810, "d": ["backend-post", 53.727341]}, {"t": 1701452810, "d": ["backend-user", 50.197678]}, {"t": 1701452810, "d": ["backend-notification", 32.525635]}, {"t": 1701452810, "d": ["backend-auth", 32.488022]}, {"t": 1701452810, "d": ["ins-front-end", 8.694459]}, {"t": 1701452820, "d": ["backend-post", 53.748093]}, {"t": 1701452820, "d": ["backend-user", 50.439454]}, {"t": 1701452820, "d": ["backend-notification", 32.525635]}, {"t": 1701452820, "d": ["backend-auth", 32.501832]}, {"t": 1701452820, "d": ["ins-front-end", 8.694459]}, {"t": 1701452830, "d": ["backend-post", 53.771287]}, {"t": 1701452830, "d": ["backend-user", 51.355744]}, {"t": 1701452830, "d": ["backend-notification", 32.525635]}, {"t": 1701452830, "d": ["backend-auth", 32.522584]}, {"t": 1701452830, "d": ["ins-front-end", 8.694459]}], "start": 1701452650, "end": 1701452830}