{"data": [{"t": 1701452660, "d": ["ins-db", 162]}, {"t": 1701452660, "d": ["backend-user", 40]}, {"t": 1701452660, "d": ["backend-post", 8]}, {"t": 1701452660, "d": ["backend-auth", 4]}, {"t": 1701452660, "d": ["backend-notification", 0]}, {"t": 1701452660, "d": ["ins-front-end", 0]}, {"t": 1701452670, "d": ["ins-db", 163]}, {"t": 1701452670, "d": ["backend-user", 40]}, {"t": 1701452670, "d": ["backend-post", 8]}, {"t": 1701452670, "d": ["backend-auth", 4]}, {"t": 1701452670, "d": ["backend-notification", 0]}, {"t": 1701452670, "d": ["ins-front-end", 0]}, {"t": 1701452680, "d": ["ins-db", 160]}, {"t": 1701452680, "d": ["backend-user", 39]}, {"t": 1701452680, "d": ["backend-post", 19]}, {"t": 1701452680, "d": ["backend-auth", 4]}, {"t": 1701452680, "d": ["backend-notification", 0]}, {"t": 1701452680, "d": ["ins-front-end", 0]}, {"t": 1701452690, "d": ["ins-db", 163]}, {"t": 1701452690, "d": ["backend-user", 122]}, {"t": 1701452690, "d": ["backend-post", 97]}, {"t": 1701452690, "d": ["backend-auth", 4]}, {"t": 1701452690, "d": ["backend-notification", 0]}, {"t": 1701452690, "d": ["ins-front-end", 0]}, {"t": 1701452700, "d": ["ins-db", 162]}, {"t": 1701452700, "d": ["backend-user", 59]}, {"t": 1701452700, "d": ["backend-post", 8]}, {"t": 1701452700, "d": ["backend-auth", 4]}, {"t": 1701452700, "d": ["backend-notification", 0]}, {"t": 1701452700, "d": ["ins-front-end", 0]}, {"t": 1701452710, "d": ["ins-db", 169]}, {"t": 1701452710, "d": ["backend-user", 41]}, {"t": 1701452710, "d": ["backend-post", 8]}, {"t": 1701452710, "d": ["backend-auth", 4]}, {"t": 1701452710, "d": ["backend-notification", 0]}, {"t": 1701452710, "d": ["ins-front-end", 0]}, {"t": 1701452720, "d": ["ins-db", 191]}, {"t": 1701452720, "d": ["backend-user", 48]}, {"t": 1701452720, "d": ["backend-post", 9]}, {"t": 1701452720, "d": ["backend-auth", 5]}, {"t": 1701452720, "d": ["backend-notification", 0]}, {"t": 1701452720, "d": ["ins-front-end", 0]}, {"t": 1701452730, "d": ["ins-db", 164]}, {"t": 1701452730, "d": ["backend-user", 40]}, {"t": 1701452730, "d": ["backend-post", 9]}, {"t": 1701452730, "d": ["backend-auth", 4]}, {"t": 1701452730, "d": ["backend-notification", 0]}, {"t": 1701452730, "d": ["ins-front-end", 0]}, {"t": 1701452740, "d": ["ins-db", 128]}, {"t": 1701452740, "d": ["backend-user", 101]}, {"t": 1701452740, "d": ["backend-post", 76]}, {"t": 1701452740, "d": ["backend-auth", 3]}, {"t": 1701452740, "d": ["backend-notification", 0]}, {"t": 1701452740, "d": ["ins-front-end", 0]}, {"t": 1701452750, "d": ["ins-db", 130]}, {"t": 1701452750, "d": ["backend-user", 59]}, {"t": 1701452750, "d": ["backend-post", 35]}, {"t": 1701452750, "d": ["backend-auth", 3]}, {"t": 1701452750, "d": ["backend-notification", 0]}, {"t": 1701452750, "d": ["ins-front-end", 0]}, {"t": 1701452760, "d": ["ins-db", 128]}, {"t": 1701452760, "d": ["backend-user", 31]}, {"t": 1701452760, "d": ["backend-post", 7]}, {"t": 1701452760, "d": ["backend-auth", 3]}, {"t": 1701452760, "d": ["backend-notification", 0]}, {"t": 1701452760, "d": ["ins-front-end", 0]}, {"t": 1701452770, "d": ["ins-db", 173]}, {"t": 1701452770, "d": ["backend-user", 44]}, {"t": 1701452770, "d": ["backend-post", 8]}, {"t": 1701452770, "d": ["backend-auth", 4]}, {"t": 1701452770, "d": ["backend-notification", 0]}, {"t": 1701452770, "d": ["ins-front-end", 0]}, {"t": 1701452780, "d": ["ins-db", 188]}, {"t": 1701452780, "d": ["backend-user", 45]}, {"t": 1701452780, "d": ["backend-post", 10]}, {"t": 1701452780, "d": ["backend-auth", 5]}, {"t": 1701452780, "d": ["backend-notification", 0]}, {"t": 1701452780, "d": ["ins-front-end", 0]}, {"t": 1701452790, "d": ["ins-db", 166]}, {"t": 1701452790, "d": ["backend-user", 41]}, {"t": 1701452790, "d": ["backend-post", 8]}, {"t": 1701452790, "d": ["backend-auth", 4]}, {"t": 1701452790, "d": ["backend-notification", 0]}, {"t": 1701452790, "d": ["ins-front-end", 0]}, {"t": 1701452800, "d": ["ins-db", 162]}, {"t": 1701452800, "d": ["backend-user", 40]}, {"t": 1701452800, "d": ["backend-post", 8]}, {"t": 1701452800, "d": ["backend-auth", 4]}, {"t": 1701452800, "d": ["backend-notification", 0]}, {"t": 1701452800, "d": ["ins-front-end", 0]}, {"t": 1701452810, "d": ["ins-db", 170]}, {"t": 1701452810, "d": ["backend-user", 41]}, {"t": 1701452810, "d": ["backend-post", 8]}, {"t": 1701452810, "d": ["backend-auth", 4]}, {"t": 1701452810, "d": ["backend-notification", 0]}, {"t": 1701452810, "d": ["ins-front-end", 0]}, {"t": 1701452820, "d": ["ins-db", 193]}, {"t": 1701452820, "d": ["backend-user", 48]}, {"t": 1701452820, "d": ["backend-post", 9]}, {"t": 1701452820, "d": ["backend-auth", 5]}, {"t": 1701452820, "d": ["backend-notification", 0]}, {"t": 1701452820, "d": ["ins-front-end", 0]}, {"t": 1701452830, "d": ["ins-db", 160]}, {"t": 1701452830, "d": ["backend-user", 41]}, {"t": 1701452830, "d": ["backend-post", 9]}, {"t": 1701452830, "d": ["backend-auth", 4]}, {"t": 1701452830, "d": ["backend-notification", 0]}, {"t": 1701452830, "d": ["ins-front-end", 0]}], "start": 1701452650, "end": 1701452830}