{"data": [{"t": 1701452660, "d": ["backend-post", 35]}, {"t": 1701452660, "d": ["backend-user", 28]}, {"t": 1701452660, "d": ["backend-auth", 15]}, {"t": 1701452670, "d": ["backend-post", 34]}, {"t": 1701452670, "d": ["backend-user", 25]}, {"t": 1701452670, "d": ["backend-auth", 15]}, {"t": 1701452680, "d": ["backend-post", 37]}, {"t": 1701452680, "d": ["backend-user", 30]}, {"t": 1701452680, "d": ["backend-auth", 15]}, {"t": 1701452690, "d": ["backend-post", 31]}, {"t": 1701452690, "d": ["backend-user", 25]}, {"t": 1701452690, "d": ["backend-auth", 15]}, {"t": 1701452700, "d": ["backend-post", 31]}, {"t": 1701452700, "d": ["backend-user", 25]}, {"t": 1701452700, "d": ["backend-auth", 15]}, {"t": 1701452710, "d": ["backend-post", 43]}, {"t": 1701452710, "d": ["backend-user", 30]}, {"t": 1701452710, "d": ["backend-auth", 15]}, {"t": 1701452720, "d": ["backend-post", 36]}, {"t": 1701452720, "d": ["backend-user", 32]}, {"t": 1701452720, "d": ["backend-auth", 15]}, {"t": 1701452730, "d": ["backend-post", 32]}, {"t": 1701452730, "d": ["backend-user", 25]}, {"t": 1701452730, "d": ["backend-auth", 15]}, {"t": 1701452740, "d": ["backend-post", 29]}, {"t": 1701452740, "d": ["backend-user", 24]}, {"t": 1701452740, "d": ["backend-auth", 12]}, {"t": 1701452750, "d": ["backend-post", 25]}, {"t": 1701452750, "d": ["backend-user", 20]}, {"t": 1701452750, "d": ["backend-auth", 12]}, {"t": 1701452760, "d": ["backend-post", 28]}, {"t": 1701452760, "d": ["backend-user", 25]}, {"t": 1701452760, "d": ["backend-auth", 12]}, {"t": 1701452770, "d": ["backend-post", 35]}, {"t": 1701452770, "d": ["backend-user", 28]}, {"t": 1701452770, "d": ["backend-auth", 12]}, {"t": 1701452780, "d": ["backend-post", 38]}, {"t": 1701452780, "d": ["backend-user", 29]}, {"t": 1701452780, "d": ["backend-auth", 15]}, {"t": 1701452790, "d": ["backend-post", 28]}, {"t": 1701452790, "d": ["backend-user", 24]}, {"t": 1701452790, "d": ["backend-auth", 15]}, {"t": 1701452800, "d": ["backend-post", 30]}, {"t": 1701452800, "d": ["backend-user", 25]}, {"t": 1701452800, "d": ["backend-auth", 15]}, {"t": 1701452810, "d": ["backend-post", 39]}, {"t": 1701452810, "d": ["backend-user", 31]}, {"t": 1701452810, "d": ["backend-auth", 12]}, {"t": 1701452820, "d": ["backend-post", 33]}, {"t": 1701452820, "d": ["backend-user", 27]}, {"t": 1701452820, "d": ["backend-auth", 15]}, {"t": 1701452830, "d": ["backend-post", 36]}, {"t": 1701452830, "d": ["backend-user", 28]}, {"t": 1701452830, "d": ["backend-auth", 15]}], "start": 1701452650, "end": 1701452830}