{"data": [{"t": 1701366430, "d": ["backend-user", 0]}, {"t": 1701366430, "d": ["backend-post", 0]}, {"t": 1701366430, "d": ["backend-auth", 0]}, {"t": 1701366440, "d": ["backend-user", 0]}, {"t": 1701366440, "d": ["backend-post", 0]}, {"t": 1701366440, "d": ["backend-auth", 0]}, {"t": 1701366450, "d": ["backend-user", 0]}, {"t": 1701366450, "d": ["backend-post", 0]}, {"t": 1701366450, "d": ["backend-auth", 0]}, {"t": 1701366460, "d": ["backend-user", 1623333556]}, {"t": 1701366460, "d": ["backend-post", 0]}, {"t": 1701366460, "d": ["backend-auth", 4013143]}, {"t": 1701366470, "d": ["backend-user", 652248562]}, {"t": 1701366470, "d": ["backend-post", 560204222]}, {"t": 1701366470, "d": ["backend-auth", 3335778]}, {"t": 1701366480, "d": ["backend-user", 743249900]}, {"t": 1701366480, "d": ["backend-post", 0]}, {"t": 1701366480, "d": ["backend-auth", 4653678]}, {"t": 1701366490, "d": ["backend-user", 763648618]}, {"t": 1701366490, "d": ["backend-post", 553748631]}, {"t": 1701366490, "d": ["backend-auth", 7617810]}, {"t": 1701366500, "d": ["backend-user", 854111704]}, {"t": 1701366500, "d": ["backend-post", 581235653]}, {"t": 1701366500, "d": ["backend-auth", 4297158]}, {"t": 1701366510, "d": ["backend-user", 1026307606]}, {"t": 1701366510, "d": ["backend-post", 0]}, {"t": 1701366510, "d": ["backend-auth", 7708197]}, {"t": 1701366520, "d": ["backend-user", 851960982]}, {"t": 1701366520, "d": ["backend-post", 606567311]}, {"t": 1701366520, "d": ["backend-auth", 7856091]}, {"t": 1701366530, "d": ["backend-user", 881158176]}, {"t": 1701366530, "d": ["backend-post", 555424424]}, {"t": 1701366530, "d": ["backend-auth", 3870544]}, {"t": 1701366540, "d": ["backend-user", 861097837]}, {"t": 1701366540, "d": ["backend-post", 0]}, {"t": 1701366540, "d": ["backend-auth", 9346475]}, {"t": 1701366550, "d": ["backend-user", 775535099]}, {"t": 1701366550, "d": ["backend-post", 583483863]}, {"t": 1701366550, "d": ["backend-auth", 3590898]}, {"t": 1701366560, "d": ["backend-user", 776677147]}, {"t": 1701366560, "d": ["backend-post", 0]}, {"t": 1701366560, "d": ["backend-auth", 3395854]}, {"t": 1701366570, "d": ["backend-user", 0]}, {"t": 1701366570, "d": ["backend-post", 0]}, {"t": 1701366570, "d": ["backend-auth", 0]}, {"t": 1701366580, "d": ["backend-user", 0]}, {"t": 1701366580, "d": ["backend-post", 0]}, {"t": 1701366580, "d": ["backend-auth", 0]}, {"t": 1701366590, "d": ["backend-user", 0]}, {"t": 1701366590, "d": ["backend-post", 0]}, {"t": 1701366590, "d": ["backend-auth", 0]}, {"t": 1701366600, "d": ["backend-user", 0]}, {"t": 1701366600, "d": ["backend-post", 0]}, {"t": 1701366600, "d": ["backend-auth", 0]}, {"t": 1701366610, "d": ["backend-user", 0]}, {"t": 1701366610, "d": ["backend-post", 0]}, {"t": 1701366610, "d": ["backend-auth", 0]}, {"t": 1701366620, "d": ["backend-user", 0]}, {"t": 1701366620, "d": ["backend-post", 0]}, {"t": 1701366620, "d": ["backend-auth", 0]}, {"t": 1701366630, "d": ["backend-user", 0]}, {"t": 1701366630, "d": ["backend-post", 0]}, {"t": 1701366630, "d": ["backend-auth", 0]}, {"t": 1701366640, "d": ["backend-user", 0]}, {"t": 1701366640, "d": ["backend-post", 0]}, {"t": 1701366640, "d": ["backend-auth", 3659421]}, {"t": 1701366650, "d": ["backend-user", 3709503352]}, {"t": 1701366650, "d": ["backend-post", 0]}, {"t": 1701366650, "d": ["backend-auth", 4095959]}, {"t": 1701366660, "d": ["backend-user", 0]}, {"t": 1701366660, "d": ["backend-post", 0]}, {"t": 1701366660, "d": ["backend-auth", 0]}, {"t": 1701366670, "d": ["backend-user", 1538951951]}, {"t": 1701366670, "d": ["backend-post", 0]}, {"t": 1701366670, "d": ["backend-auth", 3384066]}, {"t": 1701366680, "d": ["backend-user", 0]}, {"t": 1701366680, "d": ["backend-post", 0]}, {"t": 1701366680, "d": ["backend-auth", 0]}, {"t": 1701366690, "d": ["backend-user", 1852468300]}, {"t": 1701366690, "d": ["backend-post", 1035025464]}, {"t": 1701366690, "d": ["backend-auth", 7767094]}, {"t": 1701366700, "d": ["backend-user", 1474031263]}, {"t": 1701366700, "d": ["backend-post", 0]}, {"t": 1701366700, "d": ["backend-auth", 3525156]}, {"t": 1701366710, "d": ["backend-user", 1227909863]}, {"t": 1701366710, "d": ["backend-post", 801657145]}, {"t": 1701366710, "d": ["backend-auth", 4170958]}, {"t": 1701366720, "d": ["backend-user", 1078786539]}, {"t": 1701366720, "d": ["backend-post", 536630064]}, {"t": 1701366720, "d": ["backend-auth", 3715507]}], "start": 1701366420, "end": 1701366720}