{"data": [{"t": 1696559500, "d": ["acmeair-booking-db", 38.10475]}, {"t": 1696559500, "d": ["acmeair-bookingservice", 19.50525]}, {"t": 1696559500, "d": ["acmeair-flightservice", 12.63775]}, {"t": 1696559500, "d": ["acmeair-customerservice", 9.563501]}, {"t": 1696559500, "d": ["acmeair-customer-db", 5.052001]}, {"t": 1696559500, "d": ["acmeair-authservice", 2.50075]}, {"t": 1696559500, "d": ["acmeair-flight-db", 0.2445]}, {"t": 1696559500, "d": ["acmeair-mainservice", 0.113]}, {"t": 1696559510, "d": ["acmeair-booking-db", 36.49625]}, {"t": 1696559510, "d": ["acmeair-bookingservice", 18.808]}, {"t": 1696559510, "d": ["acmeair-flightservice", 14.430001]}, {"t": 1696559510, "d": ["acmeair-customerservice", 9.35325]}, {"t": 1696559510, "d": ["acmeair-customer-db", 5.5305]}, {"t": 1696559510, "d": ["acmeair-authservice", 2.33625]}, {"t": 1696559510, "d": ["acmeair-flight-db", 0.2805]}, {"t": 1696559510, "d": ["acmeair-mainservice", 0.12175]}, {"t": 1696559520, "d": ["acmeair-booking-db", 35.7265]}, {"t": 1696559520, "d": ["acmeair-bookingservice", 17.84925]}, {"t": 1696559520, "d": ["acmeair-flightservice", 13.634]}, {"t": 1696559520, "d": ["acmeair-customerservice", 8.95225]}, {"t": 1696559520, "d": ["acmeair-customer-db", 5.40925]}, {"t": 1696559520, "d": ["acmeair-authservice", 2.19725]}, {"t": 1696559520, "d": ["acmeair-flight-db", 0.267]}, {"t": 1696559520, "d": ["acmeair-mainservice", 0.123]}, {"t": 1696559530, "d": ["acmeair-booking-db", 40.978751]}, {"t": 1696559530, "d": ["acmeair-bookingservice", 19.580001]}, {"t": 1696559530, "d": ["acmeair-flightservice", 12.934001]}, {"t": 1696559530, "d": ["acmeair-customerservice", 9.7505]}, {"t": 1696559530, "d": ["acmeair-customer-db", 5.21]}, {"t": 1696559530, "d": ["acmeair-authservice", 2.4785]}, {"t": 1696559530, "d": ["acmeair-flight-db", 0.23275]}, {"t": 1696559530, "d": ["acmeair-mainservice", 0.13075]}, {"t": 1696559540, "d": ["acmeair-booking-db", 39.675]}, {"t": 1696559540, "d": ["acmeair-bookingservice", 20.499001]}, {"t": 1696559540, "d": ["acmeair-flightservice", 14.34425]}, {"t": 1696559540, "d": ["acmeair-customerservice", 10.191]}, {"t": 1696559540, "d": ["acmeair-customer-db", 5.675]}, {"t": 1696559540, "d": ["acmeair-authservice", 2.57425]}, {"t": 1696559540, "d": ["acmeair-flight-db", 0.2805]}, {"t": 1696559540, "d": ["acmeair-mainservice", 0.11675]}, {"t": 1696559550, "d": ["acmeair-booking-db", 35.5715]}, {"t": 1696559550, "d": ["acmeair-bookingservice", 16.557]}, {"t": 1696559550, "d": ["acmeair-flightservice", 14.7955]}, {"t": 1696559550, "d": ["acmeair-customerservice", 8.23025]}, {"t": 1696559550, "d": ["acmeair-customer-db", 5.895751]}, {"t": 1696559550, "d": ["acmeair-authservice", 2.17225]}, {"t": 1696559550, "d": ["acmeair-flight-db", 0.19525]}, {"t": 1696559550, "d": ["acmeair-mainservice", 0.1375]}, {"t": 1696559560, "d": ["acmeair-booking-db", 44.709501]}, {"t": 1696559560, "d": ["acmeair-bookingservice", 20.6765]}, {"t": 1696559560, "d": ["acmeair-flightservice", 12.23925]}, {"t": 1696559560, "d": ["acmeair-customerservice", 10.16675]}, {"t": 1696559560, "d": ["acmeair-customer-db", 4.863]}, {"t": 1696559560, "d": ["acmeair-authservice", 2.8125]}, {"t": 1696559560, "d": ["acmeair-flight-db", 0.199]}, {"t": 1696559560, "d": ["acmeair-mainservice", 0.137]}, {"t": 1696559570, "d": ["acmeair-booking-db", 32.9965]}, {"t": 1696559570, "d": ["acmeair-bookingservice", 15.26375]}, {"t": 1696559570, "d": ["acmeair-flightservice", 15.516]}, {"t": 1696559570, "d": ["acmeair-customerservice", 7.590001]}, {"t": 1696559570, "d": ["acmeair-customer-db", 5.97125]}, {"t": 1696559570, "d": ["acmeair-authservice", 2.02875]}, {"t": 1696559570, "d": ["acmeair-flight-db", 0.28525]}, {"t": 1696559570, "d": ["acmeair-mainservice", 0.14825]}, {"t": 1696559580, "d": ["acmeair-booking-db", 42.7335]}, {"t": 1696559580, "d": ["acmeair-bookingservice", 19.71625]}, {"t": 1696559580, "d": ["acmeair-flightservice", 11.34075]}, {"t": 1696559580, "d": ["acmeair-customerservice", 10.26825]}, {"t": 1696559580, "d": ["acmeair-customer-db", 4.533]}, {"t": 1696559580, "d": ["acmeair-authservice", 2.51875]}, {"t": 1696559580, "d": ["acmeair-flight-db", 0.2885]}, {"t": 1696559580, "d": ["acmeair-mainservice", 0.12775]}, {"t": 1696559590, "d": ["acmeair-booking-db", 37.5655]}, {"t": 1696559590, "d": ["acmeair-bookingservice", 17.66925]}, {"t": 1696559590, "d": ["acmeair-flightservice", 15.19525]}, {"t": 1696559590, "d": ["acmeair-customerservice", 8.94975]}, {"t": 1696559590, "d": ["acmeair-customer-db", 5.826]}, {"t": 1696559590, "d": ["acmeair-authservice", 2.11725]}, {"t": 1696559590, "d": ["acmeair-flight-db", 0.28375]}, {"t": 1696559590, "d": ["acmeair-mainservice", 0.12475]}, {"t": 1696559600, "d": ["acmeair-booking-db", 37.04375]}, {"t": 1696559600, "d": ["acmeair-bookingservice", 18.01425]}, {"t": 1696559600, "d": ["acmeair-flightservice", 12.93075]}, {"t": 1696559600, "d": ["acmeair-customerservice", 9.044]}, {"t": 1696559600, "d": ["acmeair-customer-db", 5.25675]}, {"t": 1696559600, "d": ["acmeair-authservice", 2.343251]}, {"t": 1696559600, "d": ["acmeair-flight-db", 0.28275]}, {"t": 1696559600, "d": ["acmeair-mainservice", 0.13475]}, {"t": 1696559610, "d": ["acmeair-booking-db", 38.7045]}, {"t": 1696559610, "d": ["acmeair-bookingservice", 19.2365]}, {"t": 1696559610, "d": ["acmeair-flightservice", 12.721]}, {"t": 1696559610, "d": ["acmeair-customerservice", 9.463751]}, {"t": 1696559610, "d": ["acmeair-customer-db", 5.05725]}, {"t": 1696559610, "d": ["acmeair-authservice", 2.31725]}, {"t": 1696559610, "d": ["acmeair-flight-db", 0.303]}, {"t": 1696559610, "d": ["acmeair-mainservice", 0.11625]}, {"t": 1696559620, "d": ["acmeair-booking-db", 34.4145]}, {"t": 1696559620, "d": ["acmeair-bookingservice", 17.1305]}, {"t": 1696559620, "d": ["acmeair-flightservice", 13.7725]}, {"t": 1696559620, "d": ["acmeair-customerservice", 8.03975]}, {"t": 1696559620, "d": ["acmeair-customer-db", 5.465501]}, {"t": 1696559620, "d": ["acmeair-authservice", 2.133]}, {"t": 1696559620, "d": ["acmeair-flight-db", 0.2675]}, {"t": 1696559620, "d": ["acmeair-mainservice", 0.117251]}, {"t": 1696559630, "d": ["acmeair-booking-db", 38.1985]}, {"t": 1696559630, "d": ["acmeair-bookingservice", 19.29975]}, {"t": 1696559630, "d": ["acmeair-flightservice", 12.55575]}, {"t": 1696559630, "d": ["acmeair-customerservice", 9.542]}, {"t": 1696559630, "d": ["acmeair-customer-db", 4.89175]}, {"t": 1696559630, "d": ["acmeair-authservice", 2.36325]}, {"t": 1696559630, "d": ["acmeair-flight-db", 0.28375]}, {"t": 1696559630, "d": ["acmeair-mainservice", 0.115]}, {"t": 1696559640, "d": ["acmeair-booking-db", 36.07]}, {"t": 1696559640, "d": ["acmeair-bookingservice", 18.079]}, {"t": 1696559640, "d": ["acmeair-flightservice", 13.898751]}, {"t": 1696559640, "d": ["acmeair-customerservice", 8.828]}, {"t": 1696559640, "d": ["acmeair-customer-db", 5.56325]}, {"t": 1696559640, "d": ["acmeair-authservice", 2.30075]}, {"t": 1696559640, "d": ["acmeair-flight-db", 0.28825]}, {"t": 1696559640, "d": ["acmeair-mainservice", 0.13075]}, {"t": 1696559650, "d": ["acmeair-booking-db", 38.59675]}, {"t": 1696559650, "d": ["acmeair-bookingservice", 18.919]}, {"t": 1696559650, "d": ["acmeair-flightservice", 13.086251]}, {"t": 1696559650, "d": ["acmeair-customerservice", 9.23125]}, {"t": 1696559650, "d": ["acmeair-customer-db", 5.16575]}, {"t": 1696559650, "d": ["acmeair-authservice", 2.3785]}, {"t": 1696559650, "d": ["acmeair-flight-db", 0.269]}, {"t": 1696559650, "d": ["acmeair-mainservice", 0.125]}, {"t": 1696559660, "d": ["acmeair-booking-db", 38.86425]}, {"t": 1696559660, "d": ["acmeair-bookingservice", 18.54575]}, {"t": 1696559660, "d": ["acmeair-flightservice", 13.819]}, {"t": 1696559660, "d": ["acmeair-customerservice", 9.44425]}, {"t": 1696559660, "d": ["acmeair-customer-db", 5.397]}, {"t": 1696559660, "d": ["acmeair-authservice", 2.54375]}, {"t": 1696559660, "d": ["acmeair-flight-db", 0.28125]}, {"t": 1696559660, "d": ["acmeair-mainservice", 0.1125]}, {"t": 1696559670, "d": ["acmeair-booking-db", 35.511251]}, {"t": 1696559670, "d": ["acmeair-bookingservice", 18.44775]}, {"t": 1696559670, "d": ["acmeair-flightservice", 14.189]}, {"t": 1696559670, "d": ["acmeair-customerservice", 9.563]}, {"t": 1696559670, "d": ["acmeair-customer-db", 5.445]}, {"t": 1696559670, "d": ["acmeair-authservice", 2.237]}, {"t": 1696559670, "d": ["acmeair-flight-db", 0.25825]}, {"t": 1696559670, "d": ["acmeair-mainservice", 0.11875]}, {"t": 1696559680, "d": ["acmeair-booking-db", 35.12275]}, {"t": 1696559680, "d": ["acmeair-bookingservice", 19.127001]}, {"t": 1696559680, "d": ["acmeair-flightservice", 12.93475]}, {"t": 1696559680, "d": ["acmeair-customerservice", 9.58225]}, {"t": 1696559680, "d": ["acmeair-customer-db", 5.19]}, {"t": 1696559680, "d": ["acmeair-authservice", 2.302]}, {"t": 1696559680, "d": ["acmeair-flight-db", 0.277]}, {"t": 1696559680, "d": ["acmeair-mainservice", 0.12475]}, {"t": 1696559690, "d": ["acmeair-booking-db", 23.8]}, {"t": 1696559690, "d": ["acmeair-bookingservice", 12.86925]}, {"t": 1696559690, "d": ["acmeair-flightservice", 13.7725]}, {"t": 1696559690, "d": ["acmeair-customerservice", 5.9275]}, {"t": 1696559690, "d": ["acmeair-customer-db", 5.48375]}, {"t": 1696559690, "d": ["acmeair-authservice", 1.63325]}, {"t": 1696559690, "d": ["acmeair-flight-db", 0.29675]}, {"t": 1696559690, "d": ["acmeair-mainservice", 0.12025]}, {"t": 1696559700, "d": ["acmeair-booking-db", 35.484501]}, {"t": 1696559700, "d": ["acmeair-bookingservice", 22.6]}, {"t": 1696559700, "d": ["acmeair-flightservice", 9.179]}, {"t": 1696559700, "d": ["acmeair-customerservice", 9.17725]}, {"t": 1696559700, "d": ["acmeair-customer-db", 3.43]}, {"t": 1696559700, "d": ["acmeair-authservice", 2.18875]}, {"t": 1696559700, "d": ["acmeair-flight-db", 0.3165]}, {"t": 1696559700, "d": ["acmeair-mainservice", 0.11875]}, {"t": 1696559710, "d": ["acmeair-booking-db", 32.75075]}, {"t": 1696559710, "d": ["acmeair-bookingservice", 19.56]}, {"t": 1696559710, "d": ["acmeair-flightservice", 13.180251]}, {"t": 1696559710, "d": ["acmeair-customerservice", 8.6145]}, {"t": 1696559710, "d": ["acmeair-customer-db", 5.224]}, {"t": 1696559710, "d": ["acmeair-authservice", 2.22225]}, {"t": 1696559710, "d": ["acmeair-flight-db", 0.29425]}, {"t": 1696559710, "d": ["acmeair-mainservice", 0.1285]}, {"t": 1696559720, "d": ["acmeair-booking-db", 35.53925]}, {"t": 1696559720, "d": ["acmeair-bookingservice", 19.20725]}, {"t": 1696559720, "d": ["acmeair-flightservice", 12.3965]}, {"t": 1696559720, "d": ["acmeair-customerservice", 9.6755]}, {"t": 1696559720, "d": ["acmeair-customer-db", 4.99375]}, {"t": 1696559720, "d": ["acmeair-authservice", 2.36375]}, {"t": 1696559720, "d": ["acmeair-flight-db", 0.53625]}, {"t": 1696559720, "d": ["acmeair-mainservice", 0.1255]}, {"t": 1696559730, "d": ["acmeair-booking-db", 37.47075]}, {"t": 1696559730, "d": ["acmeair-bookingservice", 20.30425]}, {"t": 1696559730, "d": ["acmeair-flightservice", 14.031]}, {"t": 1696559730, "d": ["acmeair-customerservice", 9.9645]}, {"t": 1696559730, "d": ["acmeair-customer-db", 5.5495]}, {"t": 1696559730, "d": ["acmeair-authservice", 2.48975]}, {"t": 1696559730, "d": ["acmeair-flight-db", 0.30925]}, {"t": 1696559730, "d": ["acmeair-mainservice", 0.142251]}, {"t": 1696559740, "d": ["acmeair-booking-db", 36.1435]}, {"t": 1696559740, "d": ["acmeair-bookingservice", 18.47725]}, {"t": 1696559740, "d": ["acmeair-flightservice", 14.3315]}, {"t": 1696559740, "d": ["acmeair-customerservice", 9.19375]}, {"t": 1696559740, "d": ["acmeair-customer-db", 5.685751]}, {"t": 1696559740, "d": ["acmeair-authservice", 2.5165]}, {"t": 1696559740, "d": ["acmeair-flight-db", 0.29525]}, {"t": 1696559740, "d": ["acmeair-mainservice", 0.1575]}, {"t": 1696559750, "d": ["acmeair-booking-db", 34.03825]}, {"t": 1696559750, "d": ["acmeair-bookingservice", 16.99575]}, {"t": 1696559750, "d": ["acmeair-flightservice", 13.548]}, {"t": 1696559750, "d": ["acmeair-customerservice", 8.31875]}, {"t": 1696559750, "d": ["acmeair-customer-db", 5.33775]}, {"t": 1696559750, "d": ["acmeair-authservice", 2.2555]}, {"t": 1696559750, "d": ["acmeair-flight-db", 0.294]}, {"t": 1696559750, "d": ["acmeair-mainservice", 0.115]}, {"t": 1696559760, "d": ["acmeair-booking-db", 35.132]}, {"t": 1696559760, "d": ["acmeair-bookingservice", 20.3825]}, {"t": 1696559760, "d": ["acmeair-flightservice", 12.71875]}, {"t": 1696559760, "d": ["acmeair-customerservice", 9.38575]}, {"t": 1696559760, "d": ["acmeair-customer-db", 4.82825]}, {"t": 1696559760, "d": ["acmeair-authservice", 2.43875]}, {"t": 1696559760, "d": ["acmeair-flight-db", 0.3055]}, {"t": 1696559760, "d": ["acmeair-mainservice", 0.11875]}, {"t": 1696559770, "d": ["acmeair-booking-db", 35.24025]}, {"t": 1696559770, "d": ["acmeair-bookingservice", 18.5335]}, {"t": 1696559770, "d": ["acmeair-flightservice", 13.3535]}, {"t": 1696559770, "d": ["acmeair-customerservice", 9.146]}, {"t": 1696559770, "d": ["acmeair-customer-db", 5.375501]}, {"t": 1696559770, "d": ["acmeair-authservice", 2.17125]}, {"t": 1696559770, "d": ["acmeair-flight-db", 0.2675]}, {"t": 1696559770, "d": ["acmeair-mainservice", 0.119]}, {"t": 1696559780, "d": ["acmeair-booking-db", 37.69675]}, {"t": 1696559780, "d": ["acmeair-bookingservice", 19.643251]}, {"t": 1696559780, "d": ["acmeair-flightservice", 12.7985]}, {"t": 1696559780, "d": ["acmeair-customerservice", 9.72375]}, {"t": 1696559780, "d": ["acmeair-customer-db", 5.1735]}, {"t": 1696559780, "d": ["acmeair-authservice", 2.61475]}, {"t": 1696559780, "d": ["acmeair-flight-db", 0.4205]}, {"t": 1696559780, "d": ["acmeair-mainservice", 0.144]}, {"t": 1696559790, "d": ["acmeair-booking-db", 35.16525]}, {"t": 1696559790, "d": ["acmeair-bookingservice", 18.02975]}, {"t": 1696559790, "d": ["acmeair-flightservice", 14.0385]}, {"t": 1696559790, "d": ["acmeair-customerservice", 9.11575]}, {"t": 1696559790, "d": ["acmeair-customer-db", 5.5175]}, {"t": 1696559790, "d": ["acmeair-authservice", 2.235001]}, {"t": 1696559790, "d": ["acmeair-flight-db", 0.27675]}, {"t": 1696559790, "d": ["acmeair-mainservice", 0.13225]}, {"t": 1696559800, "d": ["acmeair-booking-db", 34.436]}, {"t": 1696559800, "d": ["acmeair-bookingservice", 18.91675]}, {"t": 1696559800, "d": ["acmeair-flightservice", 13.45875]}, {"t": 1696559800, "d": ["acmeair-customerservice", 9.80875]}, {"t": 1696559800, "d": ["acmeair-customer-db", 5.20175]}, {"t": 1696559800, "d": ["acmeair-authservice", 2.7025]}, {"t": 1696559800, "d": ["acmeair-flight-db", 0.2605]}, {"t": 1696559800, "d": ["acmeair-mainservice", 0.12225]}, {"t": 1696559810, "d": ["acmeair-booking-db", 31.6555]}, {"t": 1696559810, "d": ["acmeair-bookingservice", 16.36025]}, {"t": 1696559810, "d": ["acmeair-flightservice", 13.479751]}, {"t": 1696559810, "d": ["acmeair-customerservice", 8.423]}, {"t": 1696559810, "d": ["acmeair-customer-db", 5.44875]}, {"t": 1696559810, "d": ["acmeair-authservice", 2.134]}, {"t": 1696559810, "d": ["acmeair-flight-db", 0.2855]}, {"t": 1696559810, "d": ["acmeair-mainservice", 0.14425]}, {"t": 1696559820, "d": ["acmeair-booking-db", 33.78775]}, {"t": 1696559820, "d": ["acmeair-bookingservice", 17.5945]}, {"t": 1696559820, "d": ["acmeair-flightservice", 11.96725]}, {"t": 1696559820, "d": ["acmeair-customerservice", 9.21175]}, {"t": 1696559820, "d": ["acmeair-customer-db", 4.6695]}, {"t": 1696559820, "d": ["acmeair-authservice", 2.201501]}, {"t": 1696559820, "d": ["acmeair-flight-db", 0.29075]}, {"t": 1696559820, "d": ["acmeair-mainservice", 0.15075]}, {"t": 1696559830, "d": ["acmeair-booking-db", 31.435001]}, {"t": 1696559830, "d": ["acmeair-bookingservice", 16.394]}, {"t": 1696559830, "d": ["acmeair-flightservice", 12.9035]}, {"t": 1696559830, "d": ["acmeair-customerservice", 8.2995]}, {"t": 1696559830, "d": ["acmeair-customer-db", 5.24625]}, {"t": 1696559830, "d": ["acmeair-authservice", 2.065]}, {"t": 1696559830, "d": ["acmeair-flight-db", 0.272]}, {"t": 1696559830, "d": ["acmeair-mainservice", 0.143251]}, {"t": 1696559840, "d": ["acmeair-booking-db", 31.7785]}, {"t": 1696559840, "d": ["acmeair-bookingservice", 15.76975]}, {"t": 1696559840, "d": ["acmeair-flightservice", 11.892]}, {"t": 1696559840, "d": ["acmeair-customerservice", 8.1905]}, {"t": 1696559840, "d": ["acmeair-customer-db", 4.827]}, {"t": 1696559840, "d": ["acmeair-authservice", 2.0405]}, {"t": 1696559840, "d": ["acmeair-flight-db", 0.286]}, {"t": 1696559840, "d": ["acmeair-mainservice", 0.132]}, {"t": 1696559850, "d": ["acmeair-booking-db", 32.608]}, {"t": 1696559850, "d": ["acmeair-bookingservice", 14.9125]}, {"t": 1696559850, "d": ["acmeair-flightservice", 12.11675]}, {"t": 1696559850, "d": ["acmeair-customerservice", 7.62025]}, {"t": 1696559850, "d": ["acmeair-customer-db", 4.7275]}, {"t": 1696559850, "d": ["acmeair-authservice", 2.25875]}, {"t": 1696559850, "d": ["acmeair-flight-db", 0.1845]}, {"t": 1696559850, "d": ["acmeair-mainservice", 0.1255]}, {"t": 1696559860, "d": ["acmeair-booking-db", 45.4]}, {"t": 1696559860, "d": ["acmeair-bookingservice", 21.91975]}, {"t": 1696559860, "d": ["acmeair-flightservice", 11.38575]}, {"t": 1696559860, "d": ["acmeair-customerservice", 11.71275]}, {"t": 1696559860, "d": ["acmeair-customer-db", 4.516]}, {"t": 1696559860, "d": ["acmeair-authservice", 2.749]}, {"t": 1696559860, "d": ["acmeair-flight-db", 0.27125]}, {"t": 1696559860, "d": ["acmeair-mainservice", 0.149501]}, {"t": 1696559870, "d": ["acmeair-booking-db", 33.746]}, {"t": 1696559870, "d": ["acmeair-bookingservice", 17.01325]}, {"t": 1696559870, "d": ["acmeair-flightservice", 16.87225]}, {"t": 1696559870, "d": ["acmeair-customerservice", 9.1035]}, {"t": 1696559870, "d": ["acmeair-customer-db", 6.49425]}, {"t": 1696559870, "d": ["acmeair-authservice", 2.2765]}, {"t": 1696559870, "d": ["acmeair-flight-db", 0.2885]}, {"t": 1696559870, "d": ["acmeair-mainservice", 0.123]}, {"t": 1696559880, "d": ["acmeair-booking-db", 38.36725]}, {"t": 1696559880, "d": ["acmeair-bookingservice", 19.579]}, {"t": 1696559880, "d": ["acmeair-flightservice", 12.417]}, {"t": 1696559880, "d": ["acmeair-customerservice", 10.02225]}, {"t": 1696559880, "d": ["acmeair-customer-db", 4.56975]}, {"t": 1696559880, "d": ["acmeair-authservice", 2.4575]}, {"t": 1696559880, "d": ["acmeair-flight-db", 0.302]}, {"t": 1696559880, "d": ["acmeair-mainservice", 0.11325]}, {"t": 1696559890, "d": ["acmeair-booking-db", 38.72025]}, {"t": 1696559890, "d": ["acmeair-bookingservice", 20.2155]}, {"t": 1696559890, "d": ["acmeair-flightservice", 14.21775]}, {"t": 1696559890, "d": ["acmeair-customerservice", 10.188]}, {"t": 1696559890, "d": ["acmeair-customer-db", 5.442]}, {"t": 1696559890, "d": ["acmeair-authservice", 2.5875]}, {"t": 1696559890, "d": ["acmeair-flight-db", 0.27925]}, {"t": 1696559890, "d": ["acmeair-mainservice", 0.12175]}, {"t": 1696559900, "d": ["acmeair-booking-db", 34.6555]}, {"t": 1696559900, "d": ["acmeair-bookingservice", 17.2835]}, {"t": 1696559900, "d": ["acmeair-flightservice", 14.977501]}, {"t": 1696559900, "d": ["acmeair-customerservice", 8.70325]}, {"t": 1696559900, "d": ["acmeair-customer-db", 5.5755]}, {"t": 1696559900, "d": ["acmeair-authservice", 2.18375]}, {"t": 1696559900, "d": ["acmeair-flight-db", 0.302]}, {"t": 1696559900, "d": ["acmeair-mainservice", 0.119501]}, {"t": 1696559910, "d": ["acmeair-booking-db", 37.230001]}, {"t": 1696559910, "d": ["acmeair-bookingservice", 18.7755]}, {"t": 1696559910, "d": ["acmeair-flightservice", 12.93525]}, {"t": 1696559910, "d": ["acmeair-customerservice", 9.719]}, {"t": 1696559910, "d": ["acmeair-customer-db", 4.813751]}, {"t": 1696559910, "d": ["acmeair-authservice", 2.57975]}, {"t": 1696559910, "d": ["acmeair-flight-db", 0.272]}, {"t": 1696559910, "d": ["acmeair-mainservice", 0.11775]}, {"t": 1696559920, "d": ["acmeair-booking-db", 37.7365]}, {"t": 1696559920, "d": ["acmeair-bookingservice", 18.50175]}, {"t": 1696559920, "d": ["acmeair-flightservice", 14.2605]}, {"t": 1696559920, "d": ["acmeair-customerservice", 9.588]}, {"t": 1696559920, "d": ["acmeair-customer-db", 5.44975]}, {"t": 1696559920, "d": ["acmeair-authservice", 2.51325]}, {"t": 1696559920, "d": ["acmeair-flight-db", 0.28925]}, {"t": 1696559920, "d": ["acmeair-mainservice", 0.127]}, {"t": 1696559930, "d": ["acmeair-booking-db", 31.61175]}, {"t": 1696559930, "d": ["acmeair-bookingservice", 15.2835]}, {"t": 1696559930, "d": ["acmeair-flightservice", 14.030001]}, {"t": 1696559930, "d": ["acmeair-customerservice", 7.834001]}, {"t": 1696559930, "d": ["acmeair-customer-db", 5.498]}, {"t": 1696559930, "d": ["acmeair-authservice", 2.02325]}, {"t": 1696559930, "d": ["acmeair-flight-db", 0.30075]}, {"t": 1696559930, "d": ["acmeair-mainservice", 0.1365]}, {"t": 1696559940, "d": ["acmeair-booking-db", 38.9625]}, {"t": 1696559940, "d": ["acmeair-bookingservice", 19.283]}, {"t": 1696559940, "d": ["acmeair-flightservice", 11.593]}, {"t": 1696559940, "d": ["acmeair-customerservice", 9.8945]}, {"t": 1696559940, "d": ["acmeair-customer-db", 4.51475]}, {"t": 1696559940, "d": ["acmeair-authservice", 2.53525]}, {"t": 1696559940, "d": ["acmeair-flight-db", 0.27825]}, {"t": 1696559940, "d": ["acmeair-mainservice", 0.13475]}, {"t": 1696559950, "d": ["acmeair-booking-db", 32.9715]}, {"t": 1696559950, "d": ["acmeair-bookingservice", 16.484]}, {"t": 1696559950, "d": ["acmeair-flightservice", 14.63175]}, {"t": 1696559950, "d": ["acmeair-customerservice", 7.65825]}, {"t": 1696559950, "d": ["acmeair-customer-db", 5.6215]}, {"t": 1696559950, "d": ["acmeair-authservice", 1.97975]}, {"t": 1696559950, "d": ["acmeair-flight-db", 0.2705]}, {"t": 1696559950, "d": ["acmeair-mainservice", 0.12775]}, {"t": 1696559960, "d": ["acmeair-booking-db", 33.77275]}, {"t": 1696559960, "d": ["acmeair-bookingservice", 16.13425]}, {"t": 1696559960, "d": ["acmeair-flightservice", 11.37775]}, {"t": 1696559960, "d": ["acmeair-customerservice", 8.41925]}, {"t": 1696559960, "d": ["acmeair-customer-db", 4.36575]}, {"t": 1696559960, "d": ["acmeair-authservice", 2.12475]}, {"t": 1696559960, "d": ["acmeair-flight-db", 0.295001]}, {"t": 1696559960, "d": ["acmeair-mainservice", 0.133]}, {"t": 1696559970, "d": ["acmeair-booking-db", 36.96875]}, {"t": 1696559970, "d": ["acmeair-bookingservice", 18.4865]}, {"t": 1696559970, "d": ["acmeair-flightservice", 12.114]}, {"t": 1696559970, "d": ["acmeair-customerservice", 9.5515]}, {"t": 1696559970, "d": ["acmeair-customer-db", 4.738751]}, {"t": 1696559970, "d": ["acmeair-authservice", 2.44675]}, {"t": 1696559970, "d": ["acmeair-flight-db", 0.29675]}, {"t": 1696559970, "d": ["acmeair-mainservice", 0.14625]}, {"t": 1696559980, "d": ["acmeair-booking-db", 38.997]}, {"t": 1696559980, "d": ["acmeair-bookingservice", 18.5425]}, {"t": 1696559980, "d": ["acmeair-flightservice", 13.920751]}, {"t": 1696559980, "d": ["acmeair-customerservice", 9.6415]}, {"t": 1696559980, "d": ["acmeair-customer-db", 5.29725]}, {"t": 1696559980, "d": ["acmeair-authservice", 2.39]}, {"t": 1696559980, "d": ["acmeair-flight-db", 0.2935]}, {"t": 1696559980, "d": ["acmeair-mainservice", 0.1695]}, {"t": 1696559990, "d": ["acmeair-booking-db", 37.158]}, {"t": 1696559990, "d": ["acmeair-bookingservice", 17.955001]}, {"t": 1696559990, "d": ["acmeair-flightservice", 14.2535]}, {"t": 1696559990, "d": ["acmeair-customerservice", 9.336]}, {"t": 1696559990, "d": ["acmeair-customer-db", 5.4275]}, {"t": 1696559990, "d": ["acmeair-authservice", 2.3855]}, {"t": 1696559990, "d": ["acmeair-flight-db", 0.29475]}, {"t": 1696559990, "d": ["acmeair-mainservice", 0.16225]}, {"t": 1696560000, "d": ["acmeair-booking-db", 32.20925]}, {"t": 1696560000, "d": ["acmeair-bookingservice", 15.5665]}, {"t": 1696560000, "d": ["acmeair-flightservice", 13.617501]}, {"t": 1696560000, "d": ["acmeair-customerservice", 7.891]}, {"t": 1696560000, "d": ["acmeair-customer-db", 5.3055]}, {"t": 1696560000, "d": ["acmeair-authservice", 1.92825]}, {"t": 1696560000, "d": ["acmeair-flight-db", 0.29525]}, {"t": 1696560000, "d": ["acmeair-mainservice", 0.133]}, {"t": 1696560010, "d": ["acmeair-booking-db", 22.696]}, {"t": 1696560010, "d": ["acmeair-bookingservice", 11.4205]}, {"t": 1696560010, "d": ["acmeair-flightservice", 11.62975]}, {"t": 1696560010, "d": ["acmeair-customerservice", 6.3295]}, {"t": 1696560010, "d": ["acmeair-customer-db", 4.5395]}, {"t": 1696560010, "d": ["acmeair-authservice", 1.6545]}, {"t": 1696560010, "d": ["acmeair-flight-db", 0.27825]}, {"t": 1696560010, "d": ["acmeair-mainservice", 0.15]}, {"t": 1696560020, "d": ["acmeair-booking-db", 25.4745]}, {"t": 1696560020, "d": ["acmeair-bookingservice", 12.49675]}, {"t": 1696560020, "d": ["acmeair-flightservice", 8.87175]}, {"t": 1696560020, "d": ["acmeair-customerservice", 6.58025]}, {"t": 1696560020, "d": ["acmeair-customer-db", 3.761501]}, {"t": 1696560020, "d": ["acmeair-authservice", 1.756501]}, {"t": 1696560020, "d": ["acmeair-flight-db", 0.54375]}, {"t": 1696560020, "d": ["acmeair-mainservice", 0.143251]}, {"t": 1696560030, "d": ["acmeair-booking-db", 25.251]}, {"t": 1696560030, "d": ["acmeair-bookingservice", 11.79475]}, {"t": 1696560030, "d": ["acmeair-flightservice", 9.24025]}, {"t": 1696560030, "d": ["acmeair-customerservice", 6.2595]}, {"t": 1696560030, "d": ["acmeair-customer-db", 3.857501]}, {"t": 1696560030, "d": ["acmeair-authservice", 1.710501]}, {"t": 1696560030, "d": ["acmeair-flight-db", 0.2975]}, {"t": 1696560030, "d": ["acmeair-mainservice", 0.12925]}, {"t": 1696560040, "d": ["acmeair-booking-db", 24.60875]}, {"t": 1696560040, "d": ["acmeair-bookingservice", 11.39875]}, {"t": 1696560040, "d": ["acmeair-flightservice", 9.0365]}, {"t": 1696560040, "d": ["acmeair-customerservice", 6.143]}, {"t": 1696560040, "d": ["acmeair-customer-db", 3.4685]}, {"t": 1696560040, "d": ["acmeair-authservice", 1.6805]}, {"t": 1696560040, "d": ["acmeair-flight-db", 0.2355]}, {"t": 1696560040, "d": ["acmeair-mainservice", 0.110001]}, {"t": 1696560050, "d": ["acmeair-booking-db", 27.93825]}, {"t": 1696560050, "d": ["acmeair-bookingservice", 13.56225]}, {"t": 1696560050, "d": ["acmeair-flightservice", 8.447751]}, {"t": 1696560050, "d": ["acmeair-customerservice", 6.95875]}, {"t": 1696560050, "d": ["acmeair-customer-db", 3.38825]}, {"t": 1696560050, "d": ["acmeair-authservice", 1.736]}, {"t": 1696560050, "d": ["acmeair-flight-db", 0.219]}, {"t": 1696560050, "d": ["acmeair-mainservice", 0.1355]}, {"t": 1696560060, "d": ["acmeair-booking-db", 25.677]}, {"t": 1696560060, "d": ["acmeair-bookingservice", 11.9315]}, {"t": 1696560060, "d": ["acmeair-flightservice", 9.791]}, {"t": 1696560060, "d": ["acmeair-customerservice", 6.5075]}, {"t": 1696560060, "d": ["acmeair-customer-db", 3.879]}, {"t": 1696560060, "d": ["acmeair-authservice", 1.69375]}, {"t": 1696560060, "d": ["acmeair-flight-db", 0.2625]}, {"t": 1696560060, "d": ["acmeair-mainservice", 0.12325]}, {"t": 1696560070, "d": ["acmeair-booking-db", 28.43825]}, {"t": 1696560070, "d": ["acmeair-bookingservice", 12.94825]}, {"t": 1696560070, "d": ["acmeair-flightservice", 8.993]}, {"t": 1696560070, "d": ["acmeair-customerservice", 6.849501]}, {"t": 1696560070, "d": ["acmeair-customer-db", 3.502001]}, {"t": 1696560070, "d": ["acmeair-authservice", 1.95575]}, {"t": 1696560070, "d": ["acmeair-flight-db", 0.284]}, {"t": 1696560070, "d": ["acmeair-mainservice", 0.13425]}, {"t": 1696560080, "d": ["acmeair-booking-db", 29.3775]}, {"t": 1696560080, "d": ["acmeair-bookingservice", 13.51675]}, {"t": 1696560080, "d": ["acmeair-flightservice", 9.8645]}, {"t": 1696560080, "d": ["acmeair-customerservice", 7.17575]}, {"t": 1696560080, "d": ["acmeair-customer-db", 3.796751]}, {"t": 1696560080, "d": ["acmeair-authservice", 1.99575]}, {"t": 1696560080, "d": ["acmeair-flight-db", 0.40775]}, {"t": 1696560080, "d": ["acmeair-mainservice", 0.14075]}, {"t": 1696560090, "d": ["acmeair-booking-db", 27.86475]}, {"t": 1696560090, "d": ["acmeair-bookingservice", 13.5885]}, {"t": 1696560090, "d": ["acmeair-flightservice", 10.449251]}, {"t": 1696560090, "d": ["acmeair-customerservice", 7.0515]}, {"t": 1696560090, "d": ["acmeair-customer-db", 4.002001]}, {"t": 1696560090, "d": ["acmeair-authservice", 1.94025]}, {"t": 1696560090, "d": ["acmeair-flight-db", 0.27425]}, {"t": 1696560090, "d": ["acmeair-mainservice", 0.16525]}], "start": 1696559490, "end": 1696560090}