{"data": [{"t": 1696559480, "d": ["acmeair-bookingservice", 256089395.2]}, {"t": 1696559480, "d": ["acmeair-customerservice", 215242491.2]}, {"t": 1696559480, "d": ["acmeair-flightservice", 118978325.6]}, {"t": 1696559480, "d": ["acmeair-authservice", 72901092.8]}, {"t": 1696559480, "d": ["acmeair-mainservice", 47422467.2]}, {"t": 1696559490, "d": ["acmeair-bookingservice", 230492980]}, {"t": 1696559490, "d": ["acmeair-customerservice", 239134883.2]}, {"t": 1696559490, "d": ["acmeair-flightservice", 132107593.6]}, {"t": 1696559490, "d": ["acmeair-authservice", 73261173.6]}, {"t": 1696559490, "d": ["acmeair-mainservice", 48466537.6]}, {"t": 1696559500, "d": ["acmeair-bookingservice", 240341954.4]}, {"t": 1696559500, "d": ["acmeair-customerservice", 232603540]}, {"t": 1696559500, "d": ["acmeair-flightservice", 119742585.6]}, {"t": 1696559500, "d": ["acmeair-authservice", 71973444]}, {"t": 1696559500, "d": ["acmeair-mainservice", 49183337.6]}, {"t": 1696559510, "d": ["acmeair-bookingservice", 256881530.4]}, {"t": 1696559510, "d": ["acmeair-customerservice", 232343277.6]}, {"t": 1696559510, "d": ["acmeair-flightservice", 119251756.8]}, {"t": 1696559510, "d": ["acmeair-authservice", 72810639.2]}, {"t": 1696559510, "d": ["acmeair-mainservice", 50181123.2]}, {"t": 1696559520, "d": ["acmeair-bookingservice", 264193656.8]}, {"t": 1696559520, "d": ["acmeair-customerservice", 233185696]}, {"t": 1696559520, "d": ["acmeair-flightservice", 121629187.2]}, {"t": 1696559520, "d": ["acmeair-authservice", 73559908.8]}, {"t": 1696559520, "d": ["acmeair-mainservice", 51073641.6]}, {"t": 1696559530, "d": ["acmeair-bookingservice", 242933986.4]}, {"t": 1696559530, "d": ["acmeair-customerservice", 243325402.4]}, {"t": 1696559530, "d": ["acmeair-flightservice", 120362992]}, {"t": 1696559530, "d": ["acmeair-authservice", 72137447.2]}, {"t": 1696559530, "d": ["acmeair-mainservice", 52067331.2]}, {"t": 1696559540, "d": ["acmeair-bookingservice", 271391815.2]}, {"t": 1696559540, "d": ["acmeair-customerservice", 230594700]}, {"t": 1696559540, "d": ["acmeair-flightservice", 131285475.2]}, {"t": 1696559540, "d": ["acmeair-authservice", 72995593.6]}, {"t": 1696559540, "d": ["acmeair-mainservice", 52888960]}, {"t": 1696559550, "d": ["acmeair-bookingservice", 257538445.6]}, {"t": 1696559550, "d": ["acmeair-customerservice", 234371388]}, {"t": 1696559550, "d": ["acmeair-flightservice", 112342768.8]}, {"t": 1696559550, "d": ["acmeair-authservice", 74169705.6]}, {"t": 1696559550, "d": ["acmeair-mainservice", 53804646.857143]}, {"t": 1696559560, "d": ["acmeair-bookingservice", 254075181.333334]}, {"t": 1696559560, "d": ["acmeair-customerservice", 245273831.111112]}, {"t": 1696559560, "d": ["acmeair-flightservice", 116486505.6]}, {"t": 1696559560, "d": ["acmeair-authservice", 74277996.8]}, {"t": 1696559560, "d": ["acmeair-mainservice", 54652193.777778]}, {"t": 1696559570, "d": ["acmeair-bookingservice", 269508219.2]}, {"t": 1696559570, "d": ["acmeair-customerservice", 253837620]}, {"t": 1696559570, "d": ["acmeair-flightservice", 114874112]}, {"t": 1696559570, "d": ["acmeair-authservice", 73749284]}, {"t": 1696559570, "d": ["acmeair-mainservice", 36860713.6]}, {"t": 1696559580, "d": ["acmeair-bookingservice", 292461992]}, {"t": 1696559580, "d": ["acmeair-customerservice", 247334712]}, {"t": 1696559580, "d": ["acmeair-flightservice", 112451984]}, {"t": 1696559580, "d": ["acmeair-authservice", 72011304]}, {"t": 1696559580, "d": ["acmeair-mainservice", 33057032]}, {"t": 1696559590, "d": ["acmeair-bookingservice", 276323018.4]}, {"t": 1696559590, "d": ["acmeair-customerservice", 239543537.6]}, {"t": 1696559590, "d": ["acmeair-flightservice", 122352601.6]}, {"t": 1696559590, "d": ["acmeair-authservice", 73405720.8]}, {"t": 1696559590, "d": ["acmeair-mainservice", 33920059.2]}, {"t": 1696559600, "d": ["acmeair-bookingservice", 287432717.6]}, {"t": 1696559600, "d": ["acmeair-customerservice", 252476778.4]}, {"t": 1696559600, "d": ["acmeair-flightservice", 120966489.6]}, {"t": 1696559600, "d": ["acmeair-authservice", 72788608]}, {"t": 1696559600, "d": ["acmeair-mainservice", 34874017.6]}, {"t": 1696559610, "d": ["acmeair-bookingservice", 296307492.8]}, {"t": 1696559610, "d": ["acmeair-customerservice", 263265445.6]}, {"t": 1696559610, "d": ["acmeair-flightservice", 122520846.4]}, {"t": 1696559610, "d": ["acmeair-authservice", 74200604]}, {"t": 1696559610, "d": ["acmeair-mainservice", 35764897.6]}, {"t": 1696559620, "d": ["acmeair-bookingservice", 267965265.6]}, {"t": 1696559620, "d": ["acmeair-customerservice", 243806592.8]}, {"t": 1696559620, "d": ["acmeair-flightservice", 120658664.8]}, {"t": 1696559620, "d": ["acmeair-authservice", 73164286.4]}, {"t": 1696559620, "d": ["acmeair-mainservice", 36643899.2]}, {"t": 1696559630, "d": ["acmeair-bookingservice", 308709072.8]}, {"t": 1696559630, "d": ["acmeair-customerservice", 267179467.2]}, {"t": 1696559630, "d": ["acmeair-flightservice", 125175072.8]}, {"t": 1696559630, "d": ["acmeair-authservice", 73422503.2]}, {"t": 1696559630, "d": ["acmeair-mainservice", 37535598.4]}, {"t": 1696559640, "d": ["acmeair-bookingservice", 276362276]}, {"t": 1696559640, "d": ["acmeair-customerservice", 257179960.8]}, {"t": 1696559640, "d": ["acmeair-flightservice", 116606438.4]}, {"t": 1696559640, "d": ["acmeair-authservice", 72433900.8]}, {"t": 1696559640, "d": ["acmeair-mainservice", 38460065.6]}, {"t": 1696559650, "d": ["acmeair-bookingservice", 278252536]}, {"t": 1696559650, "d": ["acmeair-customerservice", 266572348.8]}, {"t": 1696559650, "d": ["acmeair-flightservice", 115198906.4]}, {"t": 1696559650, "d": ["acmeair-authservice", 74145597.6]}, {"t": 1696559650, "d": ["acmeair-mainservice", 39284590.4]}, {"t": 1696559660, "d": ["acmeair-bookingservice", 289253298.4]}, {"t": 1696559660, "d": ["acmeair-customerservice", 258203311.2]}, {"t": 1696559660, "d": ["acmeair-flightservice", 118411772.8]}, {"t": 1696559660, "d": ["acmeair-authservice", 73114777.6]}, {"t": 1696559660, "d": ["acmeair-mainservice", 40194312]}, {"t": 1696559670, "d": ["acmeair-bookingservice", 311852412.8]}, {"t": 1696559670, "d": ["acmeair-customerservice", 275457404.8]}, {"t": 1696559670, "d": ["acmeair-flightservice", 122001608.888889]}, {"t": 1696559670, "d": ["acmeair-authservice", 73680691.2]}, {"t": 1696559670, "d": ["acmeair-mainservice", 41158510.4]}, {"t": 1696559680, "d": ["acmeair-bookingservice", 274204679.2]}, {"t": 1696559680, "d": ["acmeair-customerservice", 273440846.4]}, {"t": 1696559680, "d": ["acmeair-flightservice", 123888662.4]}, {"t": 1696559680, "d": ["acmeair-authservice", 73327428.8]}, {"t": 1696559680, "d": ["acmeair-mainservice", 41975252.8]}, {"t": 1696559690, "d": ["acmeair-bookingservice", 277870547.2]}, {"t": 1696559690, "d": ["acmeair-customerservice", 265003777.6]}, {"t": 1696559690, "d": ["acmeair-flightservice", 122610442.4]}, {"t": 1696559690, "d": ["acmeair-authservice", 73103092.8]}, {"t": 1696559690, "d": ["acmeair-mainservice", 42856302.4]}, {"t": 1696559700, "d": ["acmeair-bookingservice", 334829766.4]}, {"t": 1696559700, "d": ["acmeair-customerservice", 271641072.8]}, {"t": 1696559700, "d": ["acmeair-flightservice", 113683921.6]}, {"t": 1696559700, "d": ["acmeair-authservice", 73053664]}, {"t": 1696559700, "d": ["acmeair-mainservice", 43727521.6]}, {"t": 1696559710, "d": ["acmeair-bookingservice", 269069913]}, {"t": 1696559710, "d": ["acmeair-customerservice", 267832259]}, {"t": 1696559710, "d": ["acmeair-flightservice", 127808238.4]}, {"t": 1696559710, "d": ["acmeair-authservice", 74134300]}, {"t": 1696559710, "d": ["acmeair-mainservice", 44714248]}, {"t": 1696559720, "d": ["acmeair-bookingservice", 289894391.2]}, {"t": 1696559720, "d": ["acmeair-customerservice", 277336643.2]}, {"t": 1696559720, "d": ["acmeair-flightservice", 136091803.555556]}, {"t": 1696559720, "d": ["acmeair-authservice", 73239380.8]}, {"t": 1696559720, "d": ["acmeair-mainservice", 45508872]}, {"t": 1696559730, "d": ["acmeair-bookingservice", 251382601.6]}, {"t": 1696559730, "d": ["acmeair-customerservice", 271942946.4]}, {"t": 1696559730, "d": ["acmeair-flightservice", 117572242.4]}, {"t": 1696559730, "d": ["acmeair-authservice", 73241962.4]}, {"t": 1696559730, "d": ["acmeair-mainservice", 46468974.4]}, {"t": 1696559740, "d": ["acmeair-bookingservice", 240867932.8]}, {"t": 1696559740, "d": ["acmeair-customerservice", 273992388]}, {"t": 1696559740, "d": ["acmeair-flightservice", 130383062.4]}, {"t": 1696559740, "d": ["acmeair-authservice", 73614603.2]}, {"t": 1696559740, "d": ["acmeair-mainservice", 47304156.8]}, {"t": 1696559750, "d": ["acmeair-bookingservice", 271050903.2]}, {"t": 1696559750, "d": ["acmeair-customerservice", 283563730.4]}, {"t": 1696559750, "d": ["acmeair-flightservice", 123452748.8]}, {"t": 1696559750, "d": ["acmeair-authservice", 72450292.8]}, {"t": 1696559750, "d": ["acmeair-mainservice", 48205694.4]}, {"t": 1696559760, "d": ["acmeair-bookingservice", 300515731.2]}, {"t": 1696559760, "d": ["acmeair-customerservice", 287964838.4]}, {"t": 1696559760, "d": ["acmeair-flightservice", 132868376.8]}, {"t": 1696559760, "d": ["acmeair-authservice", 74924293.6]}, {"t": 1696559760, "d": ["acmeair-mainservice", 49121150.4]}, {"t": 1696559770, "d": ["acmeair-bookingservice", 283117748]}, {"t": 1696559770, "d": ["acmeair-customerservice", 288853443.2]}, {"t": 1696559770, "d": ["acmeair-flightservice", 115292970.4]}, {"t": 1696559770, "d": ["acmeair-authservice", 74118999.2]}, {"t": 1696559770, "d": ["acmeair-mainservice", 50088216]}, {"t": 1696559780, "d": ["acmeair-bookingservice", 273493094.4]}, {"t": 1696559780, "d": ["acmeair-customerservice", 278764473.6]}, {"t": 1696559780, "d": ["acmeair-flightservice", 130248640.8]}, {"t": 1696559780, "d": ["acmeair-authservice", 73008052]}, {"t": 1696559780, "d": ["acmeair-mainservice", 50867275.2]}, {"t": 1696559790, "d": ["acmeair-bookingservice", 280235756.8]}, {"t": 1696559790, "d": ["acmeair-customerservice", 285007971.2]}, {"t": 1696559790, "d": ["acmeair-flightservice", 113565958.4]}, {"t": 1696559790, "d": ["acmeair-authservice", 73654500.8]}, {"t": 1696559790, "d": ["acmeair-mainservice", 51793790.4]}, {"t": 1696559800, "d": ["acmeair-bookingservice", 261822315.2]}, {"t": 1696559800, "d": ["acmeair-customerservice", 289326650.4]}, {"t": 1696559800, "d": ["acmeair-flightservice", 127962418.4]}, {"t": 1696559800, "d": ["acmeair-authservice", 74061992.8]}, {"t": 1696559800, "d": ["acmeair-mainservice", 52612580.8]}, {"t": 1696559810, "d": ["acmeair-bookingservice", 258445760]}, {"t": 1696559810, "d": ["acmeair-customerservice", 293543572.444445]}, {"t": 1696559810, "d": ["acmeair-flightservice", 116861619.2]}, {"t": 1696559810, "d": ["acmeair-authservice", 74040622.4]}, {"t": 1696559810, "d": ["acmeair-mainservice", 53664843.2]}, {"t": 1696559820, "d": ["acmeair-bookingservice", 285457556.444445]}, {"t": 1696559820, "d": ["acmeair-customerservice", 300057419.555556]}, {"t": 1696559820, "d": ["acmeair-flightservice", 116176448.8]}, {"t": 1696559820, "d": ["acmeair-authservice", 74265045.6]}, {"t": 1696559820, "d": ["acmeair-mainservice", 54471755.2]}, {"t": 1696559830, "d": ["acmeair-bookingservice", 293877583.2]}, {"t": 1696559830, "d": ["acmeair-customerservice", 284016402.4]}, {"t": 1696559830, "d": ["acmeair-flightservice", 123016989.6]}, {"t": 1696559830, "d": ["acmeair-authservice", 74601518.4]}, {"t": 1696559830, "d": ["acmeair-mainservice", 39075244.8]}, {"t": 1696559840, "d": ["acmeair-bookingservice", 283618608.8]}, {"t": 1696559840, "d": ["acmeair-customerservice", 309091858.4]}, {"t": 1696559840, "d": ["acmeair-flightservice", 118168820.8]}, {"t": 1696559840, "d": ["acmeair-authservice", 72792244.8]}, {"t": 1696559840, "d": ["acmeair-mainservice", 32968084.8]}, {"t": 1696559850, "d": ["acmeair-bookingservice", 305551263.2]}, {"t": 1696559850, "d": ["acmeair-customerservice", 297072517.6]}, {"t": 1696559850, "d": ["acmeair-flightservice", 121120928]}, {"t": 1696559850, "d": ["acmeair-authservice", 74336839.2]}, {"t": 1696559850, "d": ["acmeair-mainservice", 33910073.777778]}, {"t": 1696559860, "d": ["acmeair-bookingservice", 283139506.4]}, {"t": 1696559860, "d": ["acmeair-customerservice", 310300012.8]}, {"t": 1696559860, "d": ["acmeair-flightservice", 118250676]}, {"t": 1696559860, "d": ["acmeair-authservice", 75747722.4]}, {"t": 1696559860, "d": ["acmeair-mainservice", 34811284.8]}, {"t": 1696559870, "d": ["acmeair-bookingservice", 302202583.2]}, {"t": 1696559870, "d": ["acmeair-customerservice", 254763020]}, {"t": 1696559870, "d": ["acmeair-flightservice", 120596392.888889]}, {"t": 1696559870, "d": ["acmeair-authservice", 76624088]}, {"t": 1696559870, "d": ["acmeair-mainservice", 35694382.4]}, {"t": 1696559880, "d": ["acmeair-bookingservice", 309854435.2]}, {"t": 1696559880, "d": ["acmeair-customerservice", 245714819.2]}, {"t": 1696559880, "d": ["acmeair-flightservice", 128043255.2]}, {"t": 1696559880, "d": ["acmeair-authservice", 74651550.4]}, {"t": 1696559880, "d": ["acmeair-mainservice", 36620488]}, {"t": 1696559890, "d": ["acmeair-bookingservice", 303292737.6]}, {"t": 1696559890, "d": ["acmeair-customerservice", 248404812.8]}, {"t": 1696559890, "d": ["acmeair-flightservice", 116849178.4]}, {"t": 1696559890, "d": ["acmeair-authservice", 74681433.6]}, {"t": 1696559890, "d": ["acmeair-mainservice", 37516283.2]}, {"t": 1696559900, "d": ["acmeair-bookingservice", 304839049.6]}, {"t": 1696559900, "d": ["acmeair-customerservice", 256164742.4]}, {"t": 1696559900, "d": ["acmeair-flightservice", 124200493.6]}, {"t": 1696559900, "d": ["acmeair-authservice", 74941735.2]}, {"t": 1696559900, "d": ["acmeair-mainservice", 38439521.6]}, {"t": 1696559910, "d": ["acmeair-bookingservice", 330777176.8]}, {"t": 1696559910, "d": ["acmeair-customerservice", 257386688.8]}, {"t": 1696559910, "d": ["acmeair-flightservice", 127230195.2]}, {"t": 1696559910, "d": ["acmeair-authservice", 75305523.2]}, {"t": 1696559910, "d": ["acmeair-mainservice", 39271828.8]}, {"t": 1696559920, "d": ["acmeair-bookingservice", 318112446.4]}, {"t": 1696559920, "d": ["acmeair-customerservice", 261198748]}, {"t": 1696559920, "d": ["acmeair-flightservice", 121339453.6]}, {"t": 1696559920, "d": ["acmeair-authservice", 74244839.2]}, {"t": 1696559920, "d": ["acmeair-mainservice", 40153697.6]}, {"t": 1696559930, "d": ["acmeair-bookingservice", 316329915.2]}, {"t": 1696559930, "d": ["acmeair-customerservice", 261989414.4]}, {"t": 1696559930, "d": ["acmeair-flightservice", 122552308.8]}, {"t": 1696559930, "d": ["acmeair-authservice", 74354566.4]}, {"t": 1696559930, "d": ["acmeair-mainservice", 41115028.8]}, {"t": 1696559940, "d": ["acmeair-bookingservice", 322748848.8]}, {"t": 1696559940, "d": ["acmeair-customerservice", 263368425.6]}, {"t": 1696559940, "d": ["acmeair-flightservice", 127275361.6]}, {"t": 1696559940, "d": ["acmeair-authservice", 76145261.6]}, {"t": 1696559940, "d": ["acmeair-mainservice", 41995259.2]}, {"t": 1696559950, "d": ["acmeair-bookingservice", 335862300]}, {"t": 1696559950, "d": ["acmeair-customerservice", 263627118.4]}, {"t": 1696559950, "d": ["acmeair-flightservice", 129963750.4]}, {"t": 1696559950, "d": ["acmeair-authservice", 75562711.2]}, {"t": 1696559950, "d": ["acmeair-mainservice", 42860334.4]}, {"t": 1696559960, "d": ["acmeair-bookingservice", 268681357.6]}, {"t": 1696559960, "d": ["acmeair-customerservice", 266251754.4]}, {"t": 1696559960, "d": ["acmeair-flightservice", 126436645.333334]}, {"t": 1696559960, "d": ["acmeair-authservice", 75965839.2]}, {"t": 1696559960, "d": ["acmeair-mainservice", 43794222.4]}, {"t": 1696559970, "d": ["acmeair-bookingservice", 269191205.6]}, {"t": 1696559970, "d": ["acmeair-customerservice", 278154568.8]}, {"t": 1696559970, "d": ["acmeair-flightservice", 132186345.6]}, {"t": 1696559970, "d": ["acmeair-authservice", 75792126.4]}, {"t": 1696559970, "d": ["acmeair-mainservice", 44623662.4]}, {"t": 1696559980, "d": ["acmeair-bookingservice", 304354817.6]}, {"t": 1696559980, "d": ["acmeair-customerservice", 276162750.4]}, {"t": 1696559980, "d": ["acmeair-flightservice", 120333282.4]}, {"t": 1696559980, "d": ["acmeair-authservice", 74120647.2]}, {"t": 1696559980, "d": ["acmeair-mainservice", 45567380.8]}, {"t": 1696559990, "d": ["acmeair-bookingservice", 278714560]}, {"t": 1696559990, "d": ["acmeair-customerservice", 277260780]}, {"t": 1696559990, "d": ["acmeair-flightservice", 118463216.8]}, {"t": 1696559990, "d": ["acmeair-authservice", 76114449.6]}, {"t": 1696559990, "d": ["acmeair-mainservice", 46414843.2]}, {"t": 1696560000, "d": ["acmeair-bookingservice", 278627296]}, {"t": 1696560000, "d": ["acmeair-customerservice", 268714408]}, {"t": 1696560000, "d": ["acmeair-flightservice", 129636892]}, {"t": 1696560000, "d": ["acmeair-authservice", 76399944]}, {"t": 1696560000, "d": ["acmeair-mainservice", 47352417.6]}, {"t": 1696560010, "d": ["acmeair-bookingservice", 275242982.4]}, {"t": 1696560010, "d": ["acmeair-customerservice", 288503917.6]}, {"t": 1696560010, "d": ["acmeair-flightservice", 126367136.8]}, {"t": 1696560010, "d": ["acmeair-authservice", 76076627.2]}, {"t": 1696560010, "d": ["acmeair-mainservice", 48287124.8]}, {"t": 1696560020, "d": ["acmeair-bookingservice", 264369877.6]}, {"t": 1696560020, "d": ["acmeair-customerservice", 289574990.4]}, {"t": 1696560020, "d": ["acmeair-flightservice", 131090439.2]}, {"t": 1696560020, "d": ["acmeair-authservice", 75812188.8]}, {"t": 1696560020, "d": ["acmeair-mainservice", 49150152]}, {"t": 1696560030, "d": ["acmeair-bookingservice", 276300714.4]}, {"t": 1696560030, "d": ["acmeair-customerservice", 286386475.2]}, {"t": 1696560030, "d": ["acmeair-flightservice", 135104491.2]}, {"t": 1696560030, "d": ["acmeair-authservice", 76141757.6]}, {"t": 1696560030, "d": ["acmeair-mainservice", 49984097.6]}, {"t": 1696560040, "d": ["acmeair-bookingservice", 288459895.2]}, {"t": 1696560040, "d": ["acmeair-customerservice", 283922296.8]}, {"t": 1696560040, "d": ["acmeair-flightservice", 118679657.6]}, {"t": 1696560040, "d": ["acmeair-authservice", 75508832]}, {"t": 1696560040, "d": ["acmeair-mainservice", 50856721.142858]}, {"t": 1696560050, "d": ["acmeair-bookingservice", 295647818.4]}, {"t": 1696560050, "d": ["acmeair-customerservice", 280683675.2]}, {"t": 1696560050, "d": ["acmeair-flightservice", 130779216]}, {"t": 1696560050, "d": ["acmeair-authservice", 75746597.333334]}, {"t": 1696560050, "d": ["acmeair-mainservice", 51786337.6]}, {"t": 1696560060, "d": ["acmeair-bookingservice", 284288165.6]}, {"t": 1696560060, "d": ["acmeair-customerservice", 295629150.4]}, {"t": 1696560060, "d": ["acmeair-flightservice", 120889174.4]}, {"t": 1696560060, "d": ["acmeair-authservice", 75378456.8]}, {"t": 1696560060, "d": ["acmeair-mainservice", 52672923.555556]}, {"t": 1696560070, "d": ["acmeair-bookingservice", 294261517.6]}, {"t": 1696560070, "d": ["acmeair-customerservice", 285948523.2]}, {"t": 1696560070, "d": ["acmeair-flightservice", 132223200.8]}, {"t": 1696560070, "d": ["acmeair-authservice", 77269208]}, {"t": 1696560070, "d": ["acmeair-mainservice", 53562748.8]}], "start": 1696559470, "end": 1696560070}