{"data": [{"t": 1696559480, "d": ["acmeair-bookingservice", 190.2]}, {"t": 1696559480, "d": ["acmeair-customerservice", 68]}, {"t": 1696559480, "d": ["acmeair-flightservice", 65]}, {"t": 1696559480, "d": ["acmeair-authservice", 64]}, {"t": 1696559480, "d": ["acmeair-mainservice", 60]}, {"t": 1696559490, "d": ["acmeair-bookingservice", 192.6]}, {"t": 1696559490, "d": ["acmeair-customerservice", 71.6]}, {"t": 1696559490, "d": ["acmeair-flightservice", 65]}, {"t": 1696559490, "d": ["acmeair-authservice", 64]}, {"t": 1696559490, "d": ["acmeair-mainservice", 60]}, {"t": 1696559500, "d": ["acmeair-bookingservice", 208.6]}, {"t": 1696559500, "d": ["acmeair-customerservice", 68.8]}, {"t": 1696559500, "d": ["acmeair-flightservice", 65.8]}, {"t": 1696559500, "d": ["acmeair-authservice", 64]}, {"t": 1696559500, "d": ["acmeair-mainservice", 60]}, {"t": 1696559510, "d": ["acmeair-bookingservice", 217.4]}, {"t": 1696559510, "d": ["acmeair-customerservice", 68]}, {"t": 1696559510, "d": ["acmeair-flightservice", 65]}, {"t": 1696559510, "d": ["acmeair-authservice", 64]}, {"t": 1696559510, "d": ["acmeair-mainservice", 60]}, {"t": 1696559520, "d": ["acmeair-bookingservice", 211.8]}, {"t": 1696559520, "d": ["acmeair-customerservice", 68]}, {"t": 1696559520, "d": ["acmeair-flightservice", 65]}, {"t": 1696559520, "d": ["acmeair-authservice", 64]}, {"t": 1696559520, "d": ["acmeair-mainservice", 60.4]}, {"t": 1696559530, "d": ["acmeair-bookingservice", 210.2]}, {"t": 1696559530, "d": ["acmeair-customerservice", 66.4]}, {"t": 1696559530, "d": ["acmeair-flightservice", 65.8]}, {"t": 1696559530, "d": ["acmeair-authservice", 64.4]}, {"t": 1696559530, "d": ["acmeair-mainservice", 60]}, {"t": 1696559540, "d": ["acmeair-bookingservice", 203]}, {"t": 1696559540, "d": ["acmeair-customerservice", 66.4]}, {"t": 1696559540, "d": ["acmeair-flightservice", 65]}, {"t": 1696559540, "d": ["acmeair-authservice", 64]}, {"t": 1696559540, "d": ["acmeair-mainservice", 60]}, {"t": 1696559550, "d": ["acmeair-bookingservice", 197.4]}, {"t": 1696559550, "d": ["acmeair-customerservice", 66.4]}, {"t": 1696559550, "d": ["acmeair-flightservice", 65.4]}, {"t": 1696559550, "d": ["acmeair-authservice", 64]}, {"t": 1696559550, "d": ["acmeair-mainservice", 60]}, {"t": 1696559560, "d": ["acmeair-bookingservice", 198.111112]}, {"t": 1696559560, "d": ["acmeair-customerservice", 66]}, {"t": 1696559560, "d": ["acmeair-flightservice", 65.4]}, {"t": 1696559560, "d": ["acmeair-authservice", 64]}, {"t": 1696559560, "d": ["acmeair-mainservice", 60]}, {"t": 1696559570, "d": ["acmeair-bookingservice", 203]}, {"t": 1696559570, "d": ["acmeair-customerservice", 66]}, {"t": 1696559570, "d": ["acmeair-flightservice", 65]}, {"t": 1696559570, "d": ["acmeair-authservice", 64]}, {"t": 1696559570, "d": ["acmeair-mainservice", 60]}, {"t": 1696559580, "d": ["acmeair-bookingservice", 201.4]}, {"t": 1696559580, "d": ["acmeair-customerservice", 66.4]}, {"t": 1696559580, "d": ["acmeair-flightservice", 65.4]}, {"t": 1696559580, "d": ["acmeair-authservice", 64]}, {"t": 1696559580, "d": ["acmeair-mainservice", 60]}, {"t": 1696559590, "d": ["acmeair-bookingservice", 196.6]}, {"t": 1696559590, "d": ["acmeair-customerservice", 67.6]}, {"t": 1696559590, "d": ["acmeair-flightservice", 66.2]}, {"t": 1696559590, "d": ["acmeair-authservice", 64]}, {"t": 1696559590, "d": ["acmeair-mainservice", 60]}, {"t": 1696559600, "d": ["acmeair-bookingservice", 204.6]}, {"t": 1696559600, "d": ["acmeair-customerservice", 68.4]}, {"t": 1696559600, "d": ["acmeair-flightservice", 65]}, {"t": 1696559600, "d": ["acmeair-authservice", 64.4]}, {"t": 1696559600, "d": ["acmeair-mainservice", 60]}, {"t": 1696559610, "d": ["acmeair-bookingservice", 198.2]}, {"t": 1696559610, "d": ["acmeair-customerservice", 66.8]}, {"t": 1696559610, "d": ["acmeair-flightservice", 65.4]}, {"t": 1696559610, "d": ["acmeair-authservice", 64]}, {"t": 1696559610, "d": ["acmeair-mainservice", 60]}, {"t": 1696559620, "d": ["acmeair-bookingservice", 202.2]}, {"t": 1696559620, "d": ["acmeair-customerservice", 66.4]}, {"t": 1696559620, "d": ["acmeair-flightservice", 65]}, {"t": 1696559620, "d": ["acmeair-authservice", 64]}, {"t": 1696559620, "d": ["acmeair-mainservice", 60]}, {"t": 1696559630, "d": ["acmeair-bookingservice", 219]}, {"t": 1696559630, "d": ["acmeair-customerservice", 66.8]}, {"t": 1696559630, "d": ["acmeair-flightservice", 65]}, {"t": 1696559630, "d": ["acmeair-authservice", 64]}, {"t": 1696559630, "d": ["acmeair-mainservice", 60]}, {"t": 1696559640, "d": ["acmeair-bookingservice", 211]}, {"t": 1696559640, "d": ["acmeair-customerservice", 67.2]}, {"t": 1696559640, "d": ["acmeair-flightservice", 66.6]}, {"t": 1696559640, "d": ["acmeair-authservice", 64]}, {"t": 1696559640, "d": ["acmeair-mainservice", 60]}, {"t": 1696559650, "d": ["acmeair-bookingservice", 212.6]}, {"t": 1696559650, "d": ["acmeair-customerservice", 67.2]}, {"t": 1696559650, "d": ["acmeair-flightservice", 65]}, {"t": 1696559650, "d": ["acmeair-authservice", 64]}, {"t": 1696559650, "d": ["acmeair-mainservice", 60]}, {"t": 1696559660, "d": ["acmeair-bookingservice", 206.2]}, {"t": 1696559660, "d": ["acmeair-customerservice", 71.2]}, {"t": 1696559660, "d": ["acmeair-flightservice", 65]}, {"t": 1696559660, "d": ["acmeair-authservice", 64.4]}, {"t": 1696559660, "d": ["acmeair-mainservice", 60]}, {"t": 1696559670, "d": ["acmeair-bookingservice", 202.2]}, {"t": 1696559670, "d": ["acmeair-customerservice", 68.4]}, {"t": 1696559670, "d": ["acmeair-flightservice", 65.444445]}, {"t": 1696559670, "d": ["acmeair-authservice", 64]}, {"t": 1696559670, "d": ["acmeair-mainservice", 60]}, {"t": 1696559680, "d": ["acmeair-bookingservice", 212.6]}, {"t": 1696559680, "d": ["acmeair-customerservice", 66.8]}, {"t": 1696559680, "d": ["acmeair-flightservice", 65]}, {"t": 1696559680, "d": ["acmeair-authservice", 64]}, {"t": 1696559680, "d": ["acmeair-mainservice", 60]}, {"t": 1696559690, "d": ["acmeair-bookingservice", 221.6]}, {"t": 1696559690, "d": ["acmeair-customerservice", 66]}, {"t": 1696559690, "d": ["acmeair-flightservice", 65]}, {"t": 1696559690, "d": ["acmeair-authservice", 64]}, {"t": 1696559690, "d": ["acmeair-mainservice", 60]}, {"t": 1696559700, "d": ["acmeair-bookingservice", 233.4]}, {"t": 1696559700, "d": ["acmeair-customerservice", 66.5]}, {"t": 1696559700, "d": ["acmeair-flightservice", 65]}, {"t": 1696559700, "d": ["acmeair-authservice", 64]}, {"t": 1696559700, "d": ["acmeair-mainservice", 60]}, {"t": 1696559710, "d": ["acmeair-bookingservice", 227]}, {"t": 1696559710, "d": ["acmeair-customerservice", 67]}, {"t": 1696559710, "d": ["acmeair-flightservice", 65]}, {"t": 1696559710, "d": ["acmeair-authservice", 64]}, {"t": 1696559710, "d": ["acmeair-mainservice", 60]}, {"t": 1696559720, "d": ["acmeair-bookingservice", 225.4]}, {"t": 1696559720, "d": ["acmeair-customerservice", 66.8]}, {"t": 1696559720, "d": ["acmeair-flightservice", 65]}, {"t": 1696559720, "d": ["acmeair-authservice", 64.5]}, {"t": 1696559720, "d": ["acmeair-mainservice", 60]}, {"t": 1696559730, "d": ["acmeair-bookingservice", 224.4]}, {"t": 1696559730, "d": ["acmeair-customerservice", 69.2]}, {"t": 1696559730, "d": ["acmeair-flightservice", 65]}, {"t": 1696559730, "d": ["acmeair-authservice", 64]}, {"t": 1696559730, "d": ["acmeair-mainservice", 60]}, {"t": 1696559740, "d": ["acmeair-bookingservice", 217.4]}, {"t": 1696559740, "d": ["acmeair-customerservice", 68.4]}, {"t": 1696559740, "d": ["acmeair-flightservice", 65]}, {"t": 1696559740, "d": ["acmeair-authservice", 64]}, {"t": 1696559740, "d": ["acmeair-mainservice", 60]}, {"t": 1696559750, "d": ["acmeair-bookingservice", 223.8]}, {"t": 1696559750, "d": ["acmeair-customerservice", 68.4]}, {"t": 1696559750, "d": ["acmeair-flightservice", 65]}, {"t": 1696559750, "d": ["acmeair-authservice", 64]}, {"t": 1696559750, "d": ["acmeair-mainservice", 60]}, {"t": 1696559760, "d": ["acmeair-bookingservice", 231.8]}, {"t": 1696559760, "d": ["acmeair-customerservice", 66.8]}, {"t": 1696559760, "d": ["acmeair-flightservice", 65.8]}, {"t": 1696559760, "d": ["acmeair-authservice", 64]}, {"t": 1696559760, "d": ["acmeair-mainservice", 60]}, {"t": 1696559770, "d": ["acmeair-bookingservice", 225.4]}, {"t": 1696559770, "d": ["acmeair-customerservice", 70.4]}, {"t": 1696559770, "d": ["acmeair-flightservice", 65.8]}, {"t": 1696559770, "d": ["acmeair-authservice", 64]}, {"t": 1696559770, "d": ["acmeair-mainservice", 60]}, {"t": 1696559780, "d": ["acmeair-bookingservice", 228.6]}, {"t": 1696559780, "d": ["acmeair-customerservice", 68]}, {"t": 1696559780, "d": ["acmeair-flightservice", 65]}, {"t": 1696559780, "d": ["acmeair-authservice", 64.8]}, {"t": 1696559780, "d": ["acmeair-mainservice", 60.4]}, {"t": 1696559790, "d": ["acmeair-bookingservice", 224.6]}, {"t": 1696559790, "d": ["acmeair-customerservice", 67.2]}, {"t": 1696559790, "d": ["acmeair-flightservice", 65]}, {"t": 1696559790, "d": ["acmeair-authservice", 64]}, {"t": 1696559790, "d": ["acmeair-mainservice", 60]}, {"t": 1696559800, "d": ["acmeair-bookingservice", 217.4]}, {"t": 1696559800, "d": ["acmeair-customerservice", 71.6]}, {"t": 1696559800, "d": ["acmeair-flightservice", 65]}, {"t": 1696559800, "d": ["acmeair-authservice", 64]}, {"t": 1696559800, "d": ["acmeair-mainservice", 60]}, {"t": 1696559810, "d": ["acmeair-bookingservice", 207.888889]}, {"t": 1696559810, "d": ["acmeair-customerservice", 70.444445]}, {"t": 1696559810, "d": ["acmeair-flightservice", 66.2]}, {"t": 1696559810, "d": ["acmeair-authservice", 64]}, {"t": 1696559810, "d": ["acmeair-mainservice", 60]}, {"t": 1696559820, "d": ["acmeair-bookingservice", 212.333334]}, {"t": 1696559820, "d": ["acmeair-customerservice", 69.111112]}, {"t": 1696559820, "d": ["acmeair-flightservice", 69.4]}, {"t": 1696559820, "d": ["acmeair-authservice", 64]}, {"t": 1696559820, "d": ["acmeair-mainservice", 60]}, {"t": 1696559830, "d": ["acmeair-bookingservice", 218.2]}, {"t": 1696559830, "d": ["acmeair-customerservice", 66.4]}, {"t": 1696559830, "d": ["acmeair-flightservice", 65.4]}, {"t": 1696559830, "d": ["acmeair-authservice", 64]}, {"t": 1696559830, "d": ["acmeair-mainservice", 60.5]}, {"t": 1696559840, "d": ["acmeair-bookingservice", 215.8]}, {"t": 1696559840, "d": ["acmeair-customerservice", 69.6]}, {"t": 1696559840, "d": ["acmeair-flightservice", 65]}, {"t": 1696559840, "d": ["acmeair-authservice", 64]}, {"t": 1696559840, "d": ["acmeair-mainservice", 60]}, {"t": 1696559850, "d": ["acmeair-bookingservice", 217.4]}, {"t": 1696559850, "d": ["acmeair-customerservice", 69.2]}, {"t": 1696559850, "d": ["acmeair-flightservice", 65]}, {"t": 1696559850, "d": ["acmeair-authservice", 64]}, {"t": 1696559850, "d": ["acmeair-mainservice", 60]}, {"t": 1696559860, "d": ["acmeair-bookingservice", 214.2]}, {"t": 1696559860, "d": ["acmeair-customerservice", 66.4]}, {"t": 1696559860, "d": ["acmeair-flightservice", 65]}, {"t": 1696559860, "d": ["acmeair-authservice", 64]}, {"t": 1696559860, "d": ["acmeair-mainservice", 60.4]}, {"t": 1696559870, "d": ["acmeair-bookingservice", 217.4]}, {"t": 1696559870, "d": ["acmeair-customerservice", 67.2]}, {"t": 1696559870, "d": ["acmeair-flightservice", 65]}, {"t": 1696559870, "d": ["acmeair-authservice", 64]}, {"t": 1696559870, "d": ["acmeair-mainservice", 60]}, {"t": 1696559880, "d": ["acmeair-bookingservice", 211]}, {"t": 1696559880, "d": ["acmeair-customerservice", 66]}, {"t": 1696559880, "d": ["acmeair-flightservice", 65.8]}, {"t": 1696559880, "d": ["acmeair-authservice", 64]}, {"t": 1696559880, "d": ["acmeair-mainservice", 60]}, {"t": 1696559890, "d": ["acmeair-bookingservice", 199]}, {"t": 1696559890, "d": ["acmeair-customerservice", 66]}, {"t": 1696559890, "d": ["acmeair-flightservice", 65]}, {"t": 1696559890, "d": ["acmeair-authservice", 64.4]}, {"t": 1696559890, "d": ["acmeair-mainservice", 60]}, {"t": 1696559900, "d": ["acmeair-bookingservice", 195.1]}, {"t": 1696559900, "d": ["acmeair-customerservice", 67.2]}, {"t": 1696559900, "d": ["acmeair-flightservice", 65]}, {"t": 1696559900, "d": ["acmeair-authservice", 64]}, {"t": 1696559900, "d": ["acmeair-mainservice", 60]}, {"t": 1696559910, "d": ["acmeair-bookingservice", 191.8]}, {"t": 1696559910, "d": ["acmeair-customerservice", 67.6]}, {"t": 1696559910, "d": ["acmeair-flightservice", 65]}, {"t": 1696559910, "d": ["acmeair-authservice", 64]}, {"t": 1696559910, "d": ["acmeair-mainservice", 60]}, {"t": 1696559920, "d": ["acmeair-bookingservice", 187]}, {"t": 1696559920, "d": ["acmeair-customerservice", 67.6]}, {"t": 1696559920, "d": ["acmeair-flightservice", 65]}, {"t": 1696559920, "d": ["acmeair-authservice", 64.4]}, {"t": 1696559920, "d": ["acmeair-mainservice", 60]}, {"t": 1696559930, "d": ["acmeair-bookingservice", 191]}, {"t": 1696559930, "d": ["acmeair-customerservice", 66.8]}, {"t": 1696559930, "d": ["acmeair-flightservice", 67.4]}, {"t": 1696559930, "d": ["acmeair-authservice", 64]}, {"t": 1696559930, "d": ["acmeair-mainservice", 60]}, {"t": 1696559940, "d": ["acmeair-bookingservice", 184.6]}, {"t": 1696559940, "d": ["acmeair-customerservice", 66.4]}, {"t": 1696559940, "d": ["acmeair-flightservice", 65]}, {"t": 1696559940, "d": ["acmeair-authservice", 64.4]}, {"t": 1696559940, "d": ["acmeair-mainservice", 60]}, {"t": 1696559950, "d": ["acmeair-bookingservice", 175]}, {"t": 1696559950, "d": ["acmeair-customerservice", 66.4]}, {"t": 1696559950, "d": ["acmeair-flightservice", 65]}, {"t": 1696559950, "d": ["acmeair-authservice", 64]}, {"t": 1696559950, "d": ["acmeair-mainservice", 60]}, {"t": 1696559960, "d": ["acmeair-bookingservice", 175.8]}, {"t": 1696559960, "d": ["acmeair-customerservice", 66.4]}, {"t": 1696559960, "d": ["acmeair-flightservice", 65]}, {"t": 1696559960, "d": ["acmeair-authservice", 64.4]}, {"t": 1696559960, "d": ["acmeair-mainservice", 60]}, {"t": 1696559970, "d": ["acmeair-bookingservice", 175.8]}, {"t": 1696559970, "d": ["acmeair-customerservice", 68]}, {"t": 1696559970, "d": ["acmeair-flightservice", 65]}, {"t": 1696559970, "d": ["acmeair-authservice", 64.4]}, {"t": 1696559970, "d": ["acmeair-mainservice", 60]}, {"t": 1696559980, "d": ["acmeair-bookingservice", 172.6]}, {"t": 1696559980, "d": ["acmeair-customerservice", 66]}, {"t": 1696559980, "d": ["acmeair-flightservice", 66.2]}, {"t": 1696559980, "d": ["acmeair-authservice", 64]}, {"t": 1696559980, "d": ["acmeair-mainservice", 60]}, {"t": 1696559990, "d": ["acmeair-bookingservice", 172.6]}, {"t": 1696559990, "d": ["acmeair-customerservice", 66.4]}, {"t": 1696559990, "d": ["acmeair-flightservice", 65]}, {"t": 1696559990, "d": ["acmeair-authservice", 64]}, {"t": 1696559990, "d": ["acmeair-mainservice", 60.7]}, {"t": 1696560000, "d": ["acmeair-bookingservice", 172.6]}, {"t": 1696560000, "d": ["acmeair-customerservice", 67.2]}, {"t": 1696560000, "d": ["acmeair-flightservice", 65.8]}, {"t": 1696560000, "d": ["acmeair-authservice", 64]}, {"t": 1696560000, "d": ["acmeair-mainservice", 60.4]}, {"t": 1696560010, "d": ["acmeair-bookingservice", 176.6]}, {"t": 1696560010, "d": ["acmeair-customerservice", 70]}, {"t": 1696560010, "d": ["acmeair-flightservice", 65.4]}, {"t": 1696560010, "d": ["acmeair-authservice", 64]}, {"t": 1696560010, "d": ["acmeair-mainservice", 60]}, {"t": 1696560020, "d": ["acmeair-bookingservice", 170.2]}, {"t": 1696560020, "d": ["acmeair-customerservice", 67.6]}, {"t": 1696560020, "d": ["acmeair-flightservice", 66.2]}, {"t": 1696560020, "d": ["acmeair-authservice", 64.8]}, {"t": 1696560020, "d": ["acmeair-mainservice", 60]}, {"t": 1696560030, "d": ["acmeair-bookingservice", 167]}, {"t": 1696560030, "d": ["acmeair-customerservice", 67.2]}, {"t": 1696560030, "d": ["acmeair-flightservice", 65.4]}, {"t": 1696560030, "d": ["acmeair-authservice", 64]}, {"t": 1696560030, "d": ["acmeair-mainservice", 60]}, {"t": 1696560040, "d": ["acmeair-bookingservice", 160.6]}, {"t": 1696560040, "d": ["acmeair-customerservice", 67.2]}, {"t": 1696560040, "d": ["acmeair-flightservice", 66.2]}, {"t": 1696560040, "d": ["acmeair-authservice", 64.4]}, {"t": 1696560040, "d": ["acmeair-mainservice", 60]}, {"t": 1696560050, "d": ["acmeair-bookingservice", 163.8]}, {"t": 1696560050, "d": ["acmeair-customerservice", 66.4]}, {"t": 1696560050, "d": ["acmeair-flightservice", 67.4]}, {"t": 1696560050, "d": ["acmeair-authservice", 64]}, {"t": 1696560050, "d": ["acmeair-mainservice", 60]}, {"t": 1696560060, "d": ["acmeair-bookingservice", 159.8]}, {"t": 1696560060, "d": ["acmeair-customerservice", 66.8]}, {"t": 1696560060, "d": ["acmeair-flightservice", 65]}, {"t": 1696560060, "d": ["acmeair-authservice", 64]}, {"t": 1696560060, "d": ["acmeair-mainservice", 60]}, {"t": 1696560070, "d": ["acmeair-bookingservice", 159.8]}, {"t": 1696560070, "d": ["acmeair-customerservice", 66.4]}, {"t": 1696560070, "d": ["acmeair-flightservice", 65]}, {"t": 1696560070, "d": ["acmeair-authservice", 64]}, {"t": 1696560070, "d": ["acmeair-mainservice", 60]}], "start": 1696559470, "end": 1696560070}