{"data": [{"t": 1696559480, "d": ["acmeair-customerservice", 174816136]}, {"t": 1696559480, "d": ["acmeair-bookingservice", 171754460]}, {"t": 1696559480, "d": ["acmeair-authservice", 163337648]}, {"t": 1696559480, "d": ["acmeair-flightservice", 163198368]}, {"t": 1696559480, "d": ["acmeair-mainservice", 112111264]}, {"t": 1696559490, "d": ["acmeair-customerservice", 174816136]}, {"t": 1696559490, "d": ["acmeair-bookingservice", 171754460]}, {"t": 1696559490, "d": ["acmeair-authservice", 163339816]}, {"t": 1696559490, "d": ["acmeair-flightservice", 163198472]}, {"t": 1696559490, "d": ["acmeair-mainservice", 112111264]}, {"t": 1696559500, "d": ["acmeair-customerservice", 174816136]}, {"t": 1696559500, "d": ["acmeair-bookingservice", 171755944.8]}, {"t": 1696559500, "d": ["acmeair-authservice", 163339816]}, {"t": 1696559500, "d": ["acmeair-flightservice", 163198472]}, {"t": 1696559500, "d": ["acmeair-mainservice", 112111264]}, {"t": 1696559510, "d": ["acmeair-customerservice", 174816136]}, {"t": 1696559510, "d": ["acmeair-bookingservice", 171757196]}, {"t": 1696559510, "d": ["acmeair-authservice", 163339992]}, {"t": 1696559510, "d": ["acmeair-flightservice", 163198472]}, {"t": 1696559510, "d": ["acmeair-mainservice", 112111264]}, {"t": 1696559520, "d": ["acmeair-customerservice", 174816136]}, {"t": 1696559520, "d": ["acmeair-bookingservice", 171757196]}, {"t": 1696559520, "d": ["acmeair-authservice", 163342603.2]}, {"t": 1696559520, "d": ["acmeair-flightservice", 163200118.4]}, {"t": 1696559520, "d": ["acmeair-mainservice", 112111264]}, {"t": 1696559530, "d": ["acmeair-customerservice", 174816136]}, {"t": 1696559530, "d": ["acmeair-bookingservice", 171757196]}, {"t": 1696559530, "d": ["acmeair-authservice", 163350563.2]}, {"t": 1696559530, "d": ["acmeair-flightservice", 163204329.6]}, {"t": 1696559530, "d": ["acmeair-mainservice", 112111264]}, {"t": 1696559540, "d": ["acmeair-customerservice", 174816136]}, {"t": 1696559540, "d": ["acmeair-bookingservice", 171757196]}, {"t": 1696559540, "d": ["acmeair-authservice", 163353816]}, {"t": 1696559540, "d": ["acmeair-flightservice", 163204488]}, {"t": 1696559540, "d": ["acmeair-mainservice", 112111264]}, {"t": 1696559550, "d": ["acmeair-customerservice", 174816136]}, {"t": 1696559550, "d": ["acmeair-bookingservice", 171757196]}, {"t": 1696559550, "d": ["acmeair-authservice", 163353816]}, {"t": 1696559550, "d": ["acmeair-flightservice", 163204488]}, {"t": 1696559550, "d": ["acmeair-mainservice", 112111264]}, {"t": 1696559560, "d": ["acmeair-customerservice", 174816136]}, {"t": 1696559560, "d": ["acmeair-bookingservice", 171757196]}, {"t": 1696559560, "d": ["acmeair-authservice", 163371259.2]}, {"t": 1696559560, "d": ["acmeair-flightservice", 163204488]}, {"t": 1696559560, "d": ["acmeair-mainservice", 112111264]}, {"t": 1696559570, "d": ["acmeair-customerservice", 174816136]}, {"t": 1696559570, "d": ["acmeair-bookingservice", 171757196]}, {"t": 1696559570, "d": ["acmeair-authservice", 163388766.4]}, {"t": 1696559570, "d": ["acmeair-flightservice", 163204488]}, {"t": 1696559570, "d": ["acmeair-mainservice", 112111264]}, {"t": 1696559580, "d": ["acmeair-customerservice", 174872440]}, {"t": 1696559580, "d": ["acmeair-bookingservice", 171757196]}, {"t": 1696559580, "d": ["acmeair-authservice", 163388792]}, {"t": 1696559580, "d": ["acmeair-flightservice", 163204488]}, {"t": 1696559580, "d": ["acmeair-mainservice", 112111264]}, {"t": 1696559590, "d": ["acmeair-customerservice", 174840152]}, {"t": 1696559590, "d": ["acmeair-bookingservice", 171757196]}, {"t": 1696559590, "d": ["acmeair-authservice", 163388792]}, {"t": 1696559590, "d": ["acmeair-flightservice", 163204488]}, {"t": 1696559590, "d": ["acmeair-mainservice", 112111264]}, {"t": 1696559600, "d": ["acmeair-customerservice", 174840152]}, {"t": 1696559600, "d": ["acmeair-bookingservice", 171757196]}, {"t": 1696559600, "d": ["acmeair-authservice", 163388792]}, {"t": 1696559600, "d": ["acmeair-flightservice", 163204488]}, {"t": 1696559600, "d": ["acmeair-mainservice", 112111264]}, {"t": 1696559610, "d": ["acmeair-customerservice", 174840152]}, {"t": 1696559610, "d": ["acmeair-bookingservice", 171757196]}, {"t": 1696559610, "d": ["acmeair-authservice", 163388792]}, {"t": 1696559610, "d": ["acmeair-flightservice", 163204488]}, {"t": 1696559610, "d": ["acmeair-mainservice", 112111264]}, {"t": 1696559620, "d": ["acmeair-customerservice", 174840152]}, {"t": 1696559620, "d": ["acmeair-bookingservice", 171757196]}, {"t": 1696559620, "d": ["acmeair-authservice", 163388792]}, {"t": 1696559620, "d": ["acmeair-flightservice", 163204488]}, {"t": 1696559620, "d": ["acmeair-mainservice", 112111264]}, {"t": 1696559630, "d": ["acmeair-customerservice", 174840152]}, {"t": 1696559630, "d": ["acmeair-bookingservice", 171757196]}, {"t": 1696559630, "d": ["acmeair-authservice", 163388916.8]}, {"t": 1696559630, "d": ["acmeair-flightservice", 163204488]}, {"t": 1696559630, "d": ["acmeair-mainservice", 112111264]}, {"t": 1696559640, "d": ["acmeair-customerservice", 174840152]}, {"t": 1696559640, "d": ["acmeair-bookingservice", 171757196]}, {"t": 1696559640, "d": ["acmeair-authservice", 163665940.8]}, {"t": 1696559640, "d": ["acmeair-flightservice", 163204488]}, {"t": 1696559640, "d": ["acmeair-mainservice", 112111264]}, {"t": 1696559650, "d": ["acmeair-customerservice", 174840152]}, {"t": 1696559650, "d": ["acmeair-bookingservice", 171757196]}, {"t": 1696559650, "d": ["acmeair-authservice", 163393592]}, {"t": 1696559650, "d": ["acmeair-flightservice", 163204488]}, {"t": 1696559650, "d": ["acmeair-mainservice", 112111264]}, {"t": 1696559660, "d": ["acmeair-customerservice", 174840152]}, {"t": 1696559660, "d": ["acmeair-bookingservice", 171757196]}, {"t": 1696559660, "d": ["acmeair-authservice", 163398824]}, {"t": 1696559660, "d": ["acmeair-flightservice", 163205097.6]}, {"t": 1696559660, "d": ["acmeair-mainservice", 112111264]}, {"t": 1696559670, "d": ["acmeair-customerservice", 174842155.2]}, {"t": 1696559670, "d": ["acmeair-bookingservice", 171757196]}, {"t": 1696559670, "d": ["acmeair-authservice", 163419352]}, {"t": 1696559670, "d": ["acmeair-flightservice", 163206520]}, {"t": 1696559670, "d": ["acmeair-mainservice", 112111264]}, {"t": 1696559680, "d": ["acmeair-customerservice", 174860184]}, {"t": 1696559680, "d": ["acmeair-bookingservice", 171757196]}, {"t": 1696559680, "d": ["acmeair-authservice", 163419352]}, {"t": 1696559680, "d": ["acmeair-flightservice", 163206520]}, {"t": 1696559680, "d": ["acmeair-mainservice", 112111264]}, {"t": 1696559690, "d": ["acmeair-customerservice", 174860184]}, {"t": 1696559690, "d": ["acmeair-bookingservice", 171758823.2]}, {"t": 1696559690, "d": ["acmeair-authservice", 163420307.2]}, {"t": 1696559690, "d": ["acmeair-flightservice", 163206520]}, {"t": 1696559690, "d": ["acmeair-mainservice", 112111264]}, {"t": 1696559700, "d": ["acmeair-customerservice", 174860184]}, {"t": 1696559700, "d": ["acmeair-bookingservice", 239242762.4]}, {"t": 1696559700, "d": ["acmeair-authservice", 163422536]}, {"t": 1696559700, "d": ["acmeair-flightservice", 163206520]}, {"t": 1696559700, "d": ["acmeair-mainservice", 112111264]}, {"t": 1696559710, "d": ["acmeair-customerservice", 174860184]}, {"t": 1696559710, "d": ["acmeair-bookingservice", 171794172]}, {"t": 1696559710, "d": ["acmeair-authservice", 163427449.6]}, {"t": 1696559710, "d": ["acmeair-flightservice", 163206520]}, {"t": 1696559710, "d": ["acmeair-mainservice", 112111264]}, {"t": 1696559720, "d": ["acmeair-customerservice", 174860184]}, {"t": 1696559720, "d": ["acmeair-bookingservice", 171794172]}, {"t": 1696559720, "d": ["acmeair-authservice", 163427524.8]}, {"t": 1696559720, "d": ["acmeair-flightservice", 163206520]}, {"t": 1696559720, "d": ["acmeair-mainservice", 112111264]}, {"t": 1696559730, "d": ["acmeair-customerservice", 174860427.2]}, {"t": 1696559730, "d": ["acmeair-bookingservice", 171794172]}, {"t": 1696559730, "d": ["acmeair-authservice", 163427704]}, {"t": 1696559730, "d": ["acmeair-flightservice", 163206520]}, {"t": 1696559730, "d": ["acmeair-mainservice", 112111264]}, {"t": 1696559740, "d": ["acmeair-customerservice", 174860792]}, {"t": 1696559740, "d": ["acmeair-bookingservice", 171794172]}, {"t": 1696559740, "d": ["acmeair-authservice", 163427704]}, {"t": 1696559740, "d": ["acmeair-flightservice", 163206520]}, {"t": 1696559740, "d": ["acmeair-mainservice", 112111264]}, {"t": 1696559750, "d": ["acmeair-customerservice", 174860792]}, {"t": 1696559750, "d": ["acmeair-bookingservice", 171794172]}, {"t": 1696559750, "d": ["acmeair-authservice", 163432376]}, {"t": 1696559750, "d": ["acmeair-flightservice", 163206520]}, {"t": 1696559750, "d": ["acmeair-mainservice", 112111264]}, {"t": 1696559760, "d": ["acmeair-customerservice", 174860792]}, {"t": 1696559760, "d": ["acmeair-bookingservice", 179481564]}, {"t": 1696559760, "d": ["acmeair-authservice", 163433476.8]}, {"t": 1696559760, "d": ["acmeair-flightservice", 163206520]}, {"t": 1696559760, "d": ["acmeair-mainservice", 112111264]}, {"t": 1696559770, "d": ["acmeair-customerservice", 174861032]}, {"t": 1696559770, "d": ["acmeair-bookingservice", 178179325.6]}, {"t": 1696559770, "d": ["acmeair-authservice", 163435128]}, {"t": 1696559770, "d": ["acmeair-flightservice", 163206520]}, {"t": 1696559770, "d": ["acmeair-mainservice", 112111264]}, {"t": 1696559780, "d": ["acmeair-customerservice", 174861048]}, {"t": 1696559780, "d": ["acmeair-bookingservice", 173050434.4]}, {"t": 1696559780, "d": ["acmeair-authservice", 163443739.2]}, {"t": 1696559780, "d": ["acmeair-flightservice", 163206520]}, {"t": 1696559780, "d": ["acmeair-mainservice", 112111264]}, {"t": 1696559790, "d": ["acmeair-customerservice", 174868929.6]}, {"t": 1696559790, "d": ["acmeair-bookingservice", 171812524]}, {"t": 1696559790, "d": ["acmeair-authservice", 163454600]}, {"t": 1696559790, "d": ["acmeair-flightservice", 163206520]}, {"t": 1696559790, "d": ["acmeair-mainservice", 112111264]}, {"t": 1696559800, "d": ["acmeair-customerservice", 174874184]}, {"t": 1696559800, "d": ["acmeair-bookingservice", 171812524]}, {"t": 1696559800, "d": ["acmeair-authservice", 163479902.4]}, {"t": 1696559800, "d": ["acmeair-flightservice", 163206520]}, {"t": 1696559800, "d": ["acmeair-mainservice", 112111264]}, {"t": 1696559810, "d": ["acmeair-customerservice", 174874184]}, {"t": 1696559810, "d": ["acmeair-bookingservice", 171812524]}, {"t": 1696559810, "d": ["acmeair-authservice", 163483067.2]}, {"t": 1696559810, "d": ["acmeair-flightservice", 163206520]}, {"t": 1696559810, "d": ["acmeair-mainservice", 112111264]}, {"t": 1696559820, "d": ["acmeair-customerservice", 174874184]}, {"t": 1696559820, "d": ["acmeair-bookingservice", 171812524]}, {"t": 1696559820, "d": ["acmeair-authservice", 163488926.4]}, {"t": 1696559820, "d": ["acmeair-flightservice", 163206520]}, {"t": 1696559820, "d": ["acmeair-mainservice", 112111264]}, {"t": 1696559830, "d": ["acmeair-customerservice", 174874184]}, {"t": 1696559830, "d": ["acmeair-bookingservice", 171812524]}, {"t": 1696559830, "d": ["acmeair-authservice", 163493432]}, {"t": 1696559830, "d": ["acmeair-flightservice", 163206520]}, {"t": 1696559830, "d": ["acmeair-mainservice", 112111264]}, {"t": 1696559840, "d": ["acmeair-customerservice", 174874132.8]}, {"t": 1696559840, "d": ["acmeair-bookingservice", 171812524]}, {"t": 1696559840, "d": ["acmeair-authservice", 163496078.4]}, {"t": 1696559840, "d": ["acmeair-flightservice", 163206520]}, {"t": 1696559840, "d": ["acmeair-mainservice", 112111264]}, {"t": 1696559850, "d": ["acmeair-customerservice", 174874408]}, {"t": 1696559850, "d": ["acmeair-bookingservice", 171812524]}, {"t": 1696559850, "d": ["acmeair-authservice", 163497288]}, {"t": 1696559850, "d": ["acmeair-flightservice", 163206966.4]}, {"t": 1696559850, "d": ["acmeair-mainservice", 112111264]}, {"t": 1696559860, "d": ["acmeair-customerservice", 174874408]}, {"t": 1696559860, "d": ["acmeair-bookingservice", 171812524]}, {"t": 1696559860, "d": ["acmeair-authservice", 163497288]}, {"t": 1696559860, "d": ["acmeair-flightservice", 163207016]}, {"t": 1696559860, "d": ["acmeair-mainservice", 112111264]}, {"t": 1696559870, "d": ["acmeair-customerservice", 174874408]}, {"t": 1696559870, "d": ["acmeair-bookingservice", 172624575.2]}, {"t": 1696559870, "d": ["acmeair-authservice", 163497288]}, {"t": 1696559870, "d": ["acmeair-flightservice", 163207016]}, {"t": 1696559870, "d": ["acmeair-mainservice", 112111264]}, {"t": 1696559880, "d": ["acmeair-customerservice", 174876472]}, {"t": 1696559880, "d": ["acmeair-bookingservice", 171877205.6]}, {"t": 1696559880, "d": ["acmeair-authservice", 163497288]}, {"t": 1696559880, "d": ["acmeair-flightservice", 163207016]}, {"t": 1696559880, "d": ["acmeair-mainservice", 112111264]}, {"t": 1696559890, "d": ["acmeair-customerservice", 174877848]}, {"t": 1696559890, "d": ["acmeair-bookingservice", 171877708]}, {"t": 1696559890, "d": ["acmeair-authservice", 163499886.4]}, {"t": 1696559890, "d": ["acmeair-flightservice", 163207016]}, {"t": 1696559890, "d": ["acmeair-mainservice", 112111264]}, {"t": 1696559900, "d": ["acmeair-customerservice", 174877848]}, {"t": 1696559900, "d": ["acmeair-bookingservice", 171888514.4]}, {"t": 1696559900, "d": ["acmeair-authservice", 163499384]}, {"t": 1696559900, "d": ["acmeair-flightservice", 163207016]}, {"t": 1696559900, "d": ["acmeair-mainservice", 112111264]}, {"t": 1696559910, "d": ["acmeair-customerservice", 174877848]}, {"t": 1696559910, "d": ["acmeair-bookingservice", 171889260]}, {"t": 1696559910, "d": ["acmeair-authservice", 163509528]}, {"t": 1696559910, "d": ["acmeair-flightservice", 163207016]}, {"t": 1696559910, "d": ["acmeair-mainservice", 112111264]}, {"t": 1696559920, "d": ["acmeair-customerservice", 174877848]}, {"t": 1696559920, "d": ["acmeair-bookingservice", 171889260]}, {"t": 1696559920, "d": ["acmeair-authservice", 163513377.6]}, {"t": 1696559920, "d": ["acmeair-flightservice", 163207016]}, {"t": 1696559920, "d": ["acmeair-mainservice", 112111264]}, {"t": 1696559930, "d": ["acmeair-customerservice", 174877848]}, {"t": 1696559930, "d": ["acmeair-bookingservice", 171889260]}, {"t": 1696559930, "d": ["acmeair-authservice", 163513464]}, {"t": 1696559930, "d": ["acmeair-flightservice", 163208673.6]}, {"t": 1696559930, "d": ["acmeair-mainservice", 112111264]}, {"t": 1696559940, "d": ["acmeair-customerservice", 174877848]}, {"t": 1696559940, "d": ["acmeair-bookingservice", 171889260]}, {"t": 1696559940, "d": ["acmeair-authservice", 163513464]}, {"t": 1696559940, "d": ["acmeair-flightservice", 163211496]}, {"t": 1696559940, "d": ["acmeair-mainservice", 112111264]}, {"t": 1696559950, "d": ["acmeair-customerservice", 174877848]}, {"t": 1696559950, "d": ["acmeair-bookingservice", 171889260]}, {"t": 1696559950, "d": ["acmeair-authservice", 163515736]}, {"t": 1696559950, "d": ["acmeair-flightservice", 163211496]}, {"t": 1696559950, "d": ["acmeair-mainservice", 112111264]}, {"t": 1696559960, "d": ["acmeair-customerservice", 174877848]}, {"t": 1696559960, "d": ["acmeair-bookingservice", 171889260]}, {"t": 1696559960, "d": ["acmeair-authservice", 163515736]}, {"t": 1696559960, "d": ["acmeair-flightservice", 163211496]}, {"t": 1696559960, "d": ["acmeair-mainservice", 112111264]}, {"t": 1696559970, "d": ["acmeair-customerservice", 174877848]}, {"t": 1696559970, "d": ["acmeair-bookingservice", 171889260]}, {"t": 1696559970, "d": ["acmeair-authservice", 163519240]}, {"t": 1696559970, "d": ["acmeair-flightservice", 163211496]}, {"t": 1696559970, "d": ["acmeair-mainservice", 112111264]}, {"t": 1696559980, "d": ["acmeair-customerservice", 174877928]}, {"t": 1696559980, "d": ["acmeair-bookingservice", 171889260]}, {"t": 1696559980, "d": ["acmeair-authservice", 163523336]}, {"t": 1696559980, "d": ["acmeair-flightservice", 163211496]}, {"t": 1696559980, "d": ["acmeair-mainservice", 112111264]}, {"t": 1696559990, "d": ["acmeair-customerservice", 174878475.2]}, {"t": 1696559990, "d": ["acmeair-bookingservice", 171889260]}, {"t": 1696559990, "d": ["acmeair-authservice", 163526260.8]}, {"t": 1696559990, "d": ["acmeair-flightservice", 163211496]}, {"t": 1696559990, "d": ["acmeair-mainservice", 112111264]}, {"t": 1696560000, "d": ["acmeair-customerservice", 174878456]}, {"t": 1696560000, "d": ["acmeair-bookingservice", 171889260]}, {"t": 1696560000, "d": ["acmeair-authservice", 163527656]}, {"t": 1696560000, "d": ["acmeair-flightservice", 163211496]}, {"t": 1696560000, "d": ["acmeair-mainservice", 112111264]}, {"t": 1696560010, "d": ["acmeair-customerservice", 174878456]}, {"t": 1696560010, "d": ["acmeair-bookingservice", 171889260]}, {"t": 1696560010, "d": ["acmeair-authservice", 163527883.2]}, {"t": 1696560010, "d": ["acmeair-flightservice", 163211496]}, {"t": 1696560010, "d": ["acmeair-mainservice", 112111264]}, {"t": 1696560020, "d": ["acmeair-customerservice", 174878456]}, {"t": 1696560020, "d": ["acmeair-bookingservice", 171908588]}, {"t": 1696560020, "d": ["acmeair-authservice", 163528792]}, {"t": 1696560020, "d": ["acmeair-flightservice", 163211496]}, {"t": 1696560020, "d": ["acmeair-mainservice", 112111264]}, {"t": 1696560030, "d": ["acmeair-customerservice", 174878456]}, {"t": 1696560030, "d": ["acmeair-bookingservice", 171913420]}, {"t": 1696560030, "d": ["acmeair-authservice", 163528792]}, {"t": 1696560030, "d": ["acmeair-flightservice", 163211496]}, {"t": 1696560030, "d": ["acmeair-mainservice", 112111264]}, {"t": 1696560040, "d": ["acmeair-customerservice", 174878456]}, {"t": 1696560040, "d": ["acmeair-bookingservice", 171913420]}, {"t": 1696560040, "d": ["acmeair-authservice", 163529060.8]}, {"t": 1696560040, "d": ["acmeair-flightservice", 163211496]}, {"t": 1696560040, "d": ["acmeair-mainservice", 112111264]}, {"t": 1696560050, "d": ["acmeair-customerservice", 174878456]}, {"t": 1696560050, "d": ["acmeair-bookingservice", 171913420]}, {"t": 1696560050, "d": ["acmeair-authservice", 163530136]}, {"t": 1696560050, "d": ["acmeair-flightservice", 163211496]}, {"t": 1696560050, "d": ["acmeair-mainservice", 112111264]}, {"t": 1696560060, "d": ["acmeair-customerservice", 174878456]}, {"t": 1696560060, "d": ["acmeair-bookingservice", 171913420]}, {"t": 1696560060, "d": ["acmeair-authservice", 163530136]}, {"t": 1696560060, "d": ["acmeair-flightservice", 163211496]}, {"t": 1696560060, "d": ["acmeair-mainservice", 112111264]}, {"t": 1696560070, "d": ["acmeair-customerservice", 174878456]}, {"t": 1696560070, "d": ["acmeair-bookingservice", 171913420]}, {"t": 1696560070, "d": ["acmeair-authservice", 163532700.8]}, {"t": 1696560070, "d": ["acmeair-flightservice", 163211496]}, {"t": 1696560070, "d": ["acmeair-mainservice", 112111264]}], "start": 1696559470, "end": 1696560070}