{"data": [{"t": 1696559480, "d": ["acmeair-bookingservice", 2.863206]}, {"t": 1696559480, "d": ["acmeair-customerservice", 2.778061]}, {"t": 1696559480, "d": ["acmeair-booking-db", 1.904393]}, {"t": 1696559480, "d": ["acmeair-flightservice", 1.895555]}, {"t": 1696559480, "d": ["acmeair-authservice", 1.494276]}, {"t": 1696559480, "d": ["acmeair-customer-db", 1.119246]}, {"t": 1696559480, "d": ["acmeair-flight-db", 1.073135]}, {"t": 1696559480, "d": ["acmeair-mainservice", 0.9609]}, {"t": 1696559490, "d": ["acmeair-bookingservice", 2.892052]}, {"t": 1696559490, "d": ["acmeair-customerservice", 2.79207]}, {"t": 1696559490, "d": ["acmeair-booking-db", 1.905983]}, {"t": 1696559490, "d": ["acmeair-flightservice", 1.894769]}, {"t": 1696559490, "d": ["acmeair-authservice", 1.500407]}, {"t": 1696559490, "d": ["acmeair-customer-db", 1.119314]}, {"t": 1696559490, "d": ["acmeair-flight-db", 1.073305]}, {"t": 1696559490, "d": ["acmeair-mainservice", 0.961017]}, {"t": 1696559500, "d": ["acmeair-bookingservice", 2.910097]}, {"t": 1696559500, "d": ["acmeair-customerservice", 2.805747]}, {"t": 1696559500, "d": ["acmeair-booking-db", 1.906534]}, {"t": 1696559500, "d": ["acmeair-flightservice", 1.898464]}, {"t": 1696559500, "d": ["acmeair-authservice", 1.499783]}, {"t": 1696559500, "d": ["acmeair-customer-db", 1.119307]}, {"t": 1696559500, "d": ["acmeair-flight-db", 1.073349]}, {"t": 1696559500, "d": ["acmeair-mainservice", 0.961046]}, {"t": 1696559510, "d": ["acmeair-bookingservice", 2.945067]}, {"t": 1696559510, "d": ["acmeair-customerservice", 2.812088]}, {"t": 1696559510, "d": ["acmeair-booking-db", 1.906042]}, {"t": 1696559510, "d": ["acmeair-flightservice", 1.89464]}, {"t": 1696559510, "d": ["acmeair-authservice", 1.499783]}, {"t": 1696559510, "d": ["acmeair-customer-db", 1.119319]}, {"t": 1696559510, "d": ["acmeair-flight-db", 1.07381]}, {"t": 1696559510, "d": ["acmeair-mainservice", 0.961046]}, {"t": 1696559520, "d": ["acmeair-bookingservice", 2.970221]}, {"t": 1696559520, "d": ["acmeair-customerservice", 2.823104]}, {"t": 1696559520, "d": ["acmeair-booking-db", 1.905864]}, {"t": 1696559520, "d": ["acmeair-flightservice", 1.896501]}, {"t": 1696559520, "d": ["acmeair-authservice", 1.499471]}, {"t": 1696559520, "d": ["acmeair-customer-db", 1.11957]}, {"t": 1696559520, "d": ["acmeair-flight-db", 1.073869]}, {"t": 1696559520, "d": ["acmeair-mainservice", 0.961046]}, {"t": 1696559530, "d": ["acmeair-bookingservice", 2.995232]}, {"t": 1696559530, "d": ["acmeair-customerservice", 2.832196]}, {"t": 1696559530, "d": ["acmeair-booking-db", 1.904481]}, {"t": 1696559530, "d": ["acmeair-flightservice", 1.895818]}, {"t": 1696559530, "d": ["acmeair-authservice", 1.49919]}, {"t": 1696559530, "d": ["acmeair-customer-db", 1.119714]}, {"t": 1696559530, "d": ["acmeair-flight-db", 1.073871]}, {"t": 1696559530, "d": ["acmeair-mainservice", 0.961046]}, {"t": 1696559540, "d": ["acmeair-bookingservice", 3.020478]}, {"t": 1696559540, "d": ["acmeair-customerservice", 2.848426]}, {"t": 1696559540, "d": ["acmeair-booking-db", 1.904978]}, {"t": 1696559540, "d": ["acmeair-flightservice", 1.892477]}, {"t": 1696559540, "d": ["acmeair-authservice", 1.499249]}, {"t": 1696559540, "d": ["acmeair-customer-db", 1.11968]}, {"t": 1696559540, "d": ["acmeair-flight-db", 1.073866]}, {"t": 1696559540, "d": ["acmeair-mainservice", 0.961046]}, {"t": 1696559550, "d": ["acmeair-bookingservice", 3.028056]}, {"t": 1696559550, "d": ["acmeair-customerservice", 2.860238]}, {"t": 1696559550, "d": ["acmeair-booking-db", 1.906368]}, {"t": 1696559550, "d": ["acmeair-flightservice", 1.89247]}, {"t": 1696559550, "d": ["acmeair-authservice", 1.499037]}, {"t": 1696559550, "d": ["acmeair-customer-db", 1.120333]}, {"t": 1696559550, "d": ["acmeair-flight-db", 1.073869]}, {"t": 1696559550, "d": ["acmeair-mainservice", 0.961046]}, {"t": 1696559560, "d": ["acmeair-bookingservice", 3.050435]}, {"t": 1696559560, "d": ["acmeair-customerservice", 2.877834]}, {"t": 1696559560, "d": ["acmeair-booking-db", 1.90741]}, {"t": 1696559560, "d": ["acmeair-flightservice", 1.888799]}, {"t": 1696559560, "d": ["acmeair-authservice", 1.503136]}, {"t": 1696559560, "d": ["acmeair-customer-db", 1.121424]}, {"t": 1696559560, "d": ["acmeair-flight-db", 1.073866]}, {"t": 1696559560, "d": ["acmeair-mainservice", 0.961046]}, {"t": 1696559570, "d": ["acmeair-bookingservice", 3.068957]}, {"t": 1696559570, "d": ["acmeair-customerservice", 2.886891]}, {"t": 1696559570, "d": ["acmeair-booking-db", 1.907073]}, {"t": 1696559570, "d": ["acmeair-flightservice", 1.890333]}, {"t": 1696559570, "d": ["acmeair-authservice", 1.498944]}, {"t": 1696559570, "d": ["acmeair-customer-db", 1.121131]}, {"t": 1696559570, "d": ["acmeair-flight-db", 1.073866]}, {"t": 1696559570, "d": ["acmeair-mainservice", 0.961046]}, {"t": 1696559580, "d": ["acmeair-bookingservice", 3.080337]}, {"t": 1696559580, "d": ["acmeair-customerservice", 2.900466]}, {"t": 1696559580, "d": ["acmeair-booking-db", 1.903176]}, {"t": 1696559580, "d": ["acmeair-flightservice", 1.890628]}, {"t": 1696559580, "d": ["acmeair-authservice", 1.498534]}, {"t": 1696559580, "d": ["acmeair-customer-db", 1.120407]}, {"t": 1696559580, "d": ["acmeair-flight-db", 1.073866]}, {"t": 1696559580, "d": ["acmeair-mainservice", 0.961046]}, {"t": 1696559590, "d": ["acmeair-bookingservice", 3.091924]}, {"t": 1696559590, "d": ["acmeair-customerservice", 2.912468]}, {"t": 1696559590, "d": ["acmeair-booking-db", 1.903583]}, {"t": 1696559590, "d": ["acmeair-flightservice", 1.891177]}, {"t": 1696559590, "d": ["acmeair-authservice", 1.498222]}, {"t": 1696559590, "d": ["acmeair-customer-db", 1.118829]}, {"t": 1696559590, "d": ["acmeair-flight-db", 1.073866]}, {"t": 1696559590, "d": ["acmeair-mainservice", 0.961046]}, {"t": 1696559600, "d": ["acmeair-bookingservice", 3.103438]}, {"t": 1696559600, "d": ["acmeair-customerservice", 2.918043]}, {"t": 1696559600, "d": ["acmeair-booking-db", 1.904552]}, {"t": 1696559600, "d": ["acmeair-flightservice", 1.891628]}, {"t": 1696559600, "d": ["acmeair-authservice", 1.498239]}, {"t": 1696559600, "d": ["acmeair-customer-db", 1.117538]}, {"t": 1696559600, "d": ["acmeair-flight-db", 1.073866]}, {"t": 1696559600, "d": ["acmeair-mainservice", 0.961046]}, {"t": 1696559610, "d": ["acmeair-bookingservice", 3.114739]}, {"t": 1696559610, "d": ["acmeair-customerservice", 2.931386]}, {"t": 1696559610, "d": ["acmeair-booking-db", 1.905842]}, {"t": 1696559610, "d": ["acmeair-flightservice", 1.89206]}, {"t": 1696559610, "d": ["acmeair-authservice", 1.498222]}, {"t": 1696559610, "d": ["acmeair-customer-db", 1.118387]}, {"t": 1696559610, "d": ["acmeair-flight-db", 1.073866]}, {"t": 1696559610, "d": ["acmeair-mainservice", 0.961046]}, {"t": 1696559620, "d": ["acmeair-bookingservice", 3.124658]}, {"t": 1696559620, "d": ["acmeair-customerservice", 2.936197]}, {"t": 1696559620, "d": ["acmeair-booking-db", 1.907303]}, {"t": 1696559620, "d": ["acmeair-flightservice", 1.892894]}, {"t": 1696559620, "d": ["acmeair-authservice", 1.497459]}, {"t": 1696559620, "d": ["acmeair-customer-db", 1.11936]}, {"t": 1696559620, "d": ["acmeair-flight-db", 1.073866]}, {"t": 1696559620, "d": ["acmeair-mainservice", 0.961046]}, {"t": 1696559630, "d": ["acmeair-bookingservice", 3.141827]}, {"t": 1696559630, "d": ["acmeair-customerservice", 2.949404]}, {"t": 1696559630, "d": ["acmeair-booking-db", 1.907378]}, {"t": 1696559630, "d": ["acmeair-flightservice", 1.894225]}, {"t": 1696559630, "d": ["acmeair-authservice", 1.497466]}, {"t": 1696559630, "d": ["acmeair-customer-db", 1.120165]}, {"t": 1696559630, "d": ["acmeair-flight-db", 1.073869]}, {"t": 1696559630, "d": ["acmeair-mainservice", 0.961046]}, {"t": 1696559640, "d": ["acmeair-bookingservice", 3.162826]}, {"t": 1696559640, "d": ["acmeair-customerservice", 2.971068]}, {"t": 1696559640, "d": ["acmeair-booking-db", 1.907459]}, {"t": 1696559640, "d": ["acmeair-flightservice", 1.895886]}, {"t": 1696559640, "d": ["acmeair-authservice", 1.497481]}, {"t": 1696559640, "d": ["acmeair-customer-db", 1.120516]}, {"t": 1696559640, "d": ["acmeair-flight-db", 1.073866]}, {"t": 1696559640, "d": ["acmeair-mainservice", 0.961046]}, {"t": 1696559650, "d": ["acmeair-bookingservice", 3.1776]}, {"t": 1696559650, "d": ["acmeair-customerservice", 2.971626]}, {"t": 1696559650, "d": ["acmeair-booking-db", 1.90712]}, {"t": 1696559650, "d": ["acmeair-flightservice", 1.892772]}, {"t": 1696559650, "d": ["acmeair-authservice", 1.496881]}, {"t": 1696559650, "d": ["acmeair-customer-db", 1.119846]}, {"t": 1696559650, "d": ["acmeair-flight-db", 1.073866]}, {"t": 1696559650, "d": ["acmeair-mainservice", 0.961046]}, {"t": 1696559660, "d": ["acmeair-bookingservice", 3.188548]}, {"t": 1696559660, "d": ["acmeair-customerservice", 2.990481]}, {"t": 1696559660, "d": ["acmeair-booking-db", 1.906039]}, {"t": 1696559660, "d": ["acmeair-flightservice", 1.892048]}, {"t": 1696559660, "d": ["acmeair-authservice", 1.496732]}, {"t": 1696559660, "d": ["acmeair-customer-db", 1.119899]}, {"t": 1696559660, "d": ["acmeair-flight-db", 1.073869]}, {"t": 1696559660, "d": ["acmeair-mainservice", 0.961046]}, {"t": 1696559670, "d": ["acmeair-bookingservice", 3.200603]}, {"t": 1696559670, "d": ["acmeair-customerservice", 3.008114]}, {"t": 1696559670, "d": ["acmeair-booking-db", 1.905983]}, {"t": 1696559670, "d": ["acmeair-flightservice", 1.892535]}, {"t": 1696559670, "d": ["acmeair-authservice", 1.496859]}, {"t": 1696559670, "d": ["acmeair-customer-db", 1.119899]}, {"t": 1696559670, "d": ["acmeair-flight-db", 1.073866]}, {"t": 1696559670, "d": ["acmeair-mainservice", 0.961046]}, {"t": 1696559680, "d": ["acmeair-bookingservice", 3.215604]}, {"t": 1696559680, "d": ["acmeair-customerservice", 3.013655]}, {"t": 1696559680, "d": ["acmeair-booking-db", 1.905337]}, {"t": 1696559680, "d": ["acmeair-flightservice", 1.893128]}, {"t": 1696559680, "d": ["acmeair-authservice", 1.496178]}, {"t": 1696559680, "d": ["acmeair-customer-db", 1.119904]}, {"t": 1696559680, "d": ["acmeair-flight-db", 1.073866]}, {"t": 1696559680, "d": ["acmeair-mainservice", 0.961046]}, {"t": 1696559690, "d": ["acmeair-bookingservice", 3.229574]}, {"t": 1696559690, "d": ["acmeair-customerservice", 3.033441]}, {"t": 1696559690, "d": ["acmeair-booking-db", 1.904505]}, {"t": 1696559690, "d": ["acmeair-flightservice", 1.894596]}, {"t": 1696559690, "d": ["acmeair-authservice", 1.4961]}, {"t": 1696559690, "d": ["acmeair-customer-db", 1.11986]}, {"t": 1696559690, "d": ["acmeair-flight-db", 1.073866]}, {"t": 1696559690, "d": ["acmeair-mainservice", 0.961046]}, {"t": 1696559700, "d": ["acmeair-bookingservice", 3.593932]}, {"t": 1696559700, "d": ["acmeair-customerservice", 3.033829]}, {"t": 1696559700, "d": ["acmeair-booking-db", 1.905264]}, {"t": 1696559700, "d": ["acmeair-flightservice", 1.89383]}, {"t": 1696559700, "d": ["acmeair-authservice", 1.497627]}, {"t": 1696559700, "d": ["acmeair-customer-db", 1.11998]}, {"t": 1696559700, "d": ["acmeair-flight-db", 1.073866]}, {"t": 1696559700, "d": ["acmeair-mainservice", 0.961046]}, {"t": 1696559710, "d": ["acmeair-bookingservice", 3.251884]}, {"t": 1696559710, "d": ["acmeair-customerservice", 3.03876]}, {"t": 1696559710, "d": ["acmeair-booking-db", 1.906166]}, {"t": 1696559710, "d": ["acmeair-flightservice", 1.890631]}, {"t": 1696559710, "d": ["acmeair-authservice", 1.49571]}, {"t": 1696559710, "d": ["acmeair-customer-db", 1.119248]}, {"t": 1696559710, "d": ["acmeair-flight-db", 1.073866]}, {"t": 1696559710, "d": ["acmeair-mainservice", 0.961046]}, {"t": 1696559720, "d": ["acmeair-bookingservice", 3.252896]}, {"t": 1696559720, "d": ["acmeair-customerservice", 3.051234]}, {"t": 1696559720, "d": ["acmeair-booking-db", 1.904978]}, {"t": 1696559720, "d": ["acmeair-flightservice", 1.891033]}, {"t": 1696559720, "d": ["acmeair-authservice", 1.495332]}, {"t": 1696559720, "d": ["acmeair-customer-db", 1.117629]}, {"t": 1696559720, "d": ["acmeair-flight-db", 1.073935]}, {"t": 1696559720, "d": ["acmeair-mainservice", 0.961046]}, {"t": 1696559730, "d": ["acmeair-bookingservice", 3.252855]}, {"t": 1696559730, "d": ["acmeair-customerservice", 3.057373]}, {"t": 1696559730, "d": ["acmeair-booking-db", 1.905178]}, {"t": 1696559730, "d": ["acmeair-flightservice", 1.891555]}, {"t": 1696559730, "d": ["acmeair-authservice", 1.4954]}, {"t": 1696559730, "d": ["acmeair-customer-db", 1.119243]}, {"t": 1696559730, "d": ["acmeair-flight-db", 1.074527]}, {"t": 1696559730, "d": ["acmeair-mainservice", 0.961046]}, {"t": 1696559740, "d": ["acmeair-bookingservice", 3.252623]}, {"t": 1696559740, "d": ["acmeair-customerservice", 3.071494]}, {"t": 1696559740, "d": ["acmeair-booking-db", 1.90194]}, {"t": 1696559740, "d": ["acmeair-flightservice", 1.892179]}, {"t": 1696559740, "d": ["acmeair-authservice", 1.494732]}, {"t": 1696559740, "d": ["acmeair-customer-db", 1.120667]}, {"t": 1696559740, "d": ["acmeair-flight-db", 1.074532]}, {"t": 1696559740, "d": ["acmeair-mainservice", 0.961046]}, {"t": 1696559750, "d": ["acmeair-bookingservice", 3.253365]}, {"t": 1696559750, "d": ["acmeair-customerservice", 3.084463]}, {"t": 1696559750, "d": ["acmeair-booking-db", 1.912453]}, {"t": 1696559750, "d": ["acmeair-flightservice", 1.889806]}, {"t": 1696559750, "d": ["acmeair-authservice", 1.494744]}, {"t": 1696559750, "d": ["acmeair-customer-db", 1.12066]}, {"t": 1696559750, "d": ["acmeair-flight-db", 1.074527]}, {"t": 1696559750, "d": ["acmeair-mainservice", 0.961046]}, {"t": 1696559760, "d": ["acmeair-bookingservice", 3.33251]}, {"t": 1696559760, "d": ["acmeair-customerservice", 3.105281]}, {"t": 1696559760, "d": ["acmeair-booking-db", 1.918748]}, {"t": 1696559760, "d": ["acmeair-flightservice", 1.889443]}, {"t": 1696559760, "d": ["acmeair-authservice", 1.494786]}, {"t": 1696559760, "d": ["acmeair-customer-db", 1.120655]}, {"t": 1696559760, "d": ["acmeair-flight-db", 1.074525]}, {"t": 1696559760, "d": ["acmeair-mainservice", 0.961046]}, {"t": 1696559770, "d": ["acmeair-bookingservice", 3.253901]}, {"t": 1696559770, "d": ["acmeair-customerservice", 3.10573]}, {"t": 1696559770, "d": ["acmeair-booking-db", 1.919572]}, {"t": 1696559770, "d": ["acmeair-flightservice", 1.890733]}, {"t": 1696559770, "d": ["acmeair-authservice", 1.494827]}, {"t": 1696559770, "d": ["acmeair-customer-db", 1.121311]}, {"t": 1696559770, "d": ["acmeair-flight-db", 1.074527]}, {"t": 1696559770, "d": ["acmeair-mainservice", 0.961617]}, {"t": 1696559780, "d": ["acmeair-bookingservice", 3.260515]}, {"t": 1696559780, "d": ["acmeair-customerservice", 3.114595]}, {"t": 1696559780, "d": ["acmeair-booking-db", 1.921294]}, {"t": 1696559780, "d": ["acmeair-flightservice", 1.891006]}, {"t": 1696559780, "d": ["acmeair-authservice", 1.499781]}, {"t": 1696559780, "d": ["acmeair-customer-db", 1.120697]}, {"t": 1696559780, "d": ["acmeair-flight-db", 1.074525]}, {"t": 1696559780, "d": ["acmeair-mainservice", 0.961997]}, {"t": 1696559790, "d": ["acmeair-bookingservice", 3.261918]}, {"t": 1696559790, "d": ["acmeair-customerservice", 3.125404]}, {"t": 1696559790, "d": ["acmeair-booking-db", 1.922553]}, {"t": 1696559790, "d": ["acmeair-flightservice", 1.89144]}, {"t": 1696559790, "d": ["acmeair-authservice", 1.494171]}, {"t": 1696559790, "d": ["acmeair-customer-db", 1.119609]}, {"t": 1696559790, "d": ["acmeair-flight-db", 1.074525]}, {"t": 1696559790, "d": ["acmeair-mainservice", 0.961997]}, {"t": 1696559800, "d": ["acmeair-bookingservice", 3.265222]}, {"t": 1696559800, "d": ["acmeair-customerservice", 3.138079]}, {"t": 1696559800, "d": ["acmeair-booking-db", 1.923199]}, {"t": 1696559800, "d": ["acmeair-flightservice", 1.891809]}, {"t": 1696559800, "d": ["acmeair-authservice", 1.494459]}, {"t": 1696559800, "d": ["acmeair-customer-db", 1.119555]}, {"t": 1696559800, "d": ["acmeair-flight-db", 1.074525]}, {"t": 1696559800, "d": ["acmeair-mainservice", 0.961997]}, {"t": 1696559810, "d": ["acmeair-bookingservice", 3.268919]}, {"t": 1696559810, "d": ["acmeair-customerservice", 3.15317]}, {"t": 1696559810, "d": ["acmeair-booking-db", 1.923596]}, {"t": 1696559810, "d": ["acmeair-flightservice", 1.892428]}, {"t": 1696559810, "d": ["acmeair-authservice", 1.493774]}, {"t": 1696559810, "d": ["acmeair-customer-db", 1.112471]}, {"t": 1696559810, "d": ["acmeair-flight-db", 1.074525]}, {"t": 1696559810, "d": ["acmeair-mainservice", 0.961997]}, {"t": 1696559820, "d": ["acmeair-bookingservice", 3.269607]}, {"t": 1696559820, "d": ["acmeair-customerservice", 3.16196]}, {"t": 1696559820, "d": ["acmeair-booking-db", 1.923952]}, {"t": 1696559820, "d": ["acmeair-flightservice", 1.893289]}, {"t": 1696559820, "d": ["acmeair-authservice", 1.493801]}, {"t": 1696559820, "d": ["acmeair-customer-db", 1.112632]}, {"t": 1696559820, "d": ["acmeair-flight-db", 1.074525]}, {"t": 1696559820, "d": ["acmeair-mainservice", 0.961997]}, {"t": 1696559830, "d": ["acmeair-bookingservice", 3.270658]}, {"t": 1696559830, "d": ["acmeair-customerservice", 3.175993]}, {"t": 1696559830, "d": ["acmeair-booking-db", 1.92424]}, {"t": 1696559830, "d": ["acmeair-flightservice", 1.909329]}, {"t": 1696559830, "d": ["acmeair-authservice", 1.497844]}, {"t": 1696559830, "d": ["acmeair-customer-db", 1.112632]}, {"t": 1696559830, "d": ["acmeair-flight-db", 1.074527]}, {"t": 1696559830, "d": ["acmeair-mainservice", 0.961997]}, {"t": 1696559840, "d": ["acmeair-bookingservice", 3.271446]}, {"t": 1696559840, "d": ["acmeair-customerservice", 3.181531]}, {"t": 1696559840, "d": ["acmeair-booking-db", 1.927737]}, {"t": 1696559840, "d": ["acmeair-flightservice", 1.911968]}, {"t": 1696559840, "d": ["acmeair-authservice", 1.493174]}, {"t": 1696559840, "d": ["acmeair-customer-db", 1.112934]}, {"t": 1696559840, "d": ["acmeair-flight-db", 1.074525]}, {"t": 1696559840, "d": ["acmeair-mainservice", 0.961997]}, {"t": 1696559850, "d": ["acmeair-bookingservice", 3.273914]}, {"t": 1696559850, "d": ["acmeair-customerservice", 3.198267]}, {"t": 1696559850, "d": ["acmeair-booking-db", 1.929198]}, {"t": 1696559850, "d": ["acmeair-flightservice", 1.914351]}, {"t": 1696559850, "d": ["acmeair-authservice", 1.493174]}, {"t": 1696559850, "d": ["acmeair-customer-db", 1.113688]}, {"t": 1696559850, "d": ["acmeair-flight-db", 1.074525]}, {"t": 1696559850, "d": ["acmeair-mainservice", 0.961997]}, {"t": 1696559860, "d": ["acmeair-bookingservice", 3.278872]}, {"t": 1696559860, "d": ["acmeair-customerservice", 3.211461]}, {"t": 1696559860, "d": ["acmeair-booking-db", 1.929835]}, {"t": 1696559860, "d": ["acmeair-flightservice", 1.913739]}, {"t": 1696559860, "d": ["acmeair-authservice", 1.49481]}, {"t": 1696559860, "d": ["acmeair-customer-db", 1.114585]}, {"t": 1696559860, "d": ["acmeair-flight-db", 1.07453]}, {"t": 1696559860, "d": ["acmeair-mainservice", 0.961997]}, {"t": 1696559870, "d": ["acmeair-bookingservice", 3.301602]}, {"t": 1696559870, "d": ["acmeair-customerservice", 3.231488]}, {"t": 1696559870, "d": ["acmeair-booking-db", 1.929949]}, {"t": 1696559870, "d": ["acmeair-flightservice", 1.91378]}, {"t": 1696559870, "d": ["acmeair-authservice", 1.495659]}, {"t": 1696559870, "d": ["acmeair-customer-db", 1.115236]}, {"t": 1696559870, "d": ["acmeair-flight-db", 1.074525]}, {"t": 1696559870, "d": ["acmeair-mainservice", 0.961997]}, {"t": 1696559880, "d": ["acmeair-bookingservice", 3.306824]}, {"t": 1696559880, "d": ["acmeair-customerservice", 3.231474]}, {"t": 1696559880, "d": ["acmeair-booking-db", 1.930071]}, {"t": 1696559880, "d": ["acmeair-flightservice", 1.913792]}, {"t": 1696559880, "d": ["acmeair-authservice", 1.495737]}, {"t": 1696559880, "d": ["acmeair-customer-db", 1.115544]}, {"t": 1696559880, "d": ["acmeair-flight-db", 1.074525]}, {"t": 1696559880, "d": ["acmeair-mainservice", 0.961997]}, {"t": 1696559890, "d": ["acmeair-bookingservice", 3.315323]}, {"t": 1696559890, "d": ["acmeair-customerservice", 3.231476]}, {"t": 1696559890, "d": ["acmeair-booking-db", 1.930335]}, {"t": 1696559890, "d": ["acmeair-flightservice", 1.913739]}, {"t": 1696559890, "d": ["acmeair-authservice", 1.495837]}, {"t": 1696559890, "d": ["acmeair-customer-db", 1.115619]}, {"t": 1696559890, "d": ["acmeair-flight-db", 1.074525]}, {"t": 1696559890, "d": ["acmeair-mainservice", 0.961997]}, {"t": 1696559900, "d": ["acmeair-bookingservice", 3.344099]}, {"t": 1696559900, "d": ["acmeair-customerservice", 3.231537]}, {"t": 1696559900, "d": ["acmeair-booking-db", 1.930369]}, {"t": 1696559900, "d": ["acmeair-flightservice", 1.913751]}, {"t": 1696559900, "d": ["acmeair-authservice", 1.495181]}, {"t": 1696559900, "d": ["acmeair-customer-db", 1.115648]}, {"t": 1696559900, "d": ["acmeair-flight-db", 1.074525]}, {"t": 1696559900, "d": ["acmeair-mainservice", 0.961997]}, {"t": 1696559910, "d": ["acmeair-bookingservice", 3.353262]}, {"t": 1696559910, "d": ["acmeair-customerservice", 3.231498]}, {"t": 1696559910, "d": ["acmeair-booking-db", 1.930423]}, {"t": 1696559910, "d": ["acmeair-flightservice", 1.931749]}, {"t": 1696559910, "d": ["acmeair-authservice", 1.502078]}, {"t": 1696559910, "d": ["acmeair-customer-db", 1.11568]}, {"t": 1696559910, "d": ["acmeair-flight-db", 1.074527]}, {"t": 1696559910, "d": ["acmeair-mainservice", 0.961997]}, {"t": 1696559920, "d": ["acmeair-bookingservice", 3.370916]}, {"t": 1696559920, "d": ["acmeair-customerservice", 3.231481]}, {"t": 1696559920, "d": ["acmeair-booking-db", 1.929525]}, {"t": 1696559920, "d": ["acmeair-flightservice", 1.931749]}, {"t": 1696559920, "d": ["acmeair-authservice", 1.495425]}, {"t": 1696559920, "d": ["acmeair-customer-db", 1.1157]}, {"t": 1696559920, "d": ["acmeair-flight-db", 1.074525]}, {"t": 1696559920, "d": ["acmeair-mainservice", 0.961997]}, {"t": 1696559930, "d": ["acmeair-bookingservice", 3.380101]}, {"t": 1696559930, "d": ["acmeair-customerservice", 3.231493]}, {"t": 1696559930, "d": ["acmeair-booking-db", 1.930213]}, {"t": 1696559930, "d": ["acmeair-flightservice", 1.931735]}, {"t": 1696559930, "d": ["acmeair-authservice", 1.495486]}, {"t": 1696559930, "d": ["acmeair-customer-db", 1.115431]}, {"t": 1696559930, "d": ["acmeair-flight-db", 1.074525]}, {"t": 1696559930, "d": ["acmeair-mainservice", 0.961997]}, {"t": 1696559940, "d": ["acmeair-bookingservice", 3.403211]}, {"t": 1696559940, "d": ["acmeair-customerservice", 3.231493]}, {"t": 1696559940, "d": ["acmeair-booking-db", 1.930335]}, {"t": 1696559940, "d": ["acmeair-flightservice", 1.931701]}, {"t": 1696559940, "d": ["acmeair-authservice", 1.494998]}, {"t": 1696559940, "d": ["acmeair-customer-db", 1.113605]}, {"t": 1696559940, "d": ["acmeair-flight-db", 1.074525]}, {"t": 1696559940, "d": ["acmeair-mainservice", 0.961997]}, {"t": 1696559950, "d": ["acmeair-bookingservice", 3.427977]}, {"t": 1696559950, "d": ["acmeair-customerservice", 3.231452]}, {"t": 1696559950, "d": ["acmeair-booking-db", 1.914529]}, {"t": 1696559950, "d": ["acmeair-flightservice", 1.931737]}, {"t": 1696559950, "d": ["acmeair-authservice", 1.495271]}, {"t": 1696559950, "d": ["acmeair-customer-db", 1.112719]}, {"t": 1696559950, "d": ["acmeair-flight-db", 1.074527]}, {"t": 1696559950, "d": ["acmeair-mainservice", 0.961997]}, {"t": 1696559960, "d": ["acmeair-bookingservice", 3.443227]}, {"t": 1696559960, "d": ["acmeair-customerservice", 3.231493]}, {"t": 1696559960, "d": ["acmeair-booking-db", 1.913031]}, {"t": 1696559960, "d": ["acmeair-flightservice", 1.931993]}, {"t": 1696559960, "d": ["acmeair-authservice", 1.495139]}, {"t": 1696559960, "d": ["acmeair-customer-db", 1.112349]}, {"t": 1696559960, "d": ["acmeair-flight-db", 1.074735]}, {"t": 1696559960, "d": ["acmeair-mainservice", 0.961997]}, {"t": 1696559970, "d": ["acmeair-bookingservice", 3.443142]}, {"t": 1696559970, "d": ["acmeair-customerservice", 3.231513]}, {"t": 1696559970, "d": ["acmeair-booking-db", 1.917319]}, {"t": 1696559970, "d": ["acmeair-flightservice", 1.931993]}, {"t": 1696559970, "d": ["acmeair-authservice", 1.494788]}, {"t": 1696559970, "d": ["acmeair-customer-db", 1.113119]}, {"t": 1696559970, "d": ["acmeair-flight-db", 1.07513]}, {"t": 1696559970, "d": ["acmeair-mainservice", 0.961997]}, {"t": 1696559980, "d": ["acmeair-bookingservice", 3.442859]}, {"t": 1696559980, "d": ["acmeair-customerservice", 3.231474]}, {"t": 1696559980, "d": ["acmeair-booking-db", 1.920184]}, {"t": 1696559980, "d": ["acmeair-flightservice", 1.932191]}, {"t": 1696559980, "d": ["acmeair-authservice", 1.495057]}, {"t": 1696559980, "d": ["acmeair-customer-db", 1.114392]}, {"t": 1696559980, "d": ["acmeair-flight-db", 1.075166]}, {"t": 1696559980, "d": ["acmeair-mainservice", 0.961997]}, {"t": 1696559990, "d": ["acmeair-bookingservice", 3.442986]}, {"t": 1696559990, "d": ["acmeair-customerservice", 3.231474]}, {"t": 1696559990, "d": ["acmeair-booking-db", 1.924233]}, {"t": 1696559990, "d": ["acmeair-flightservice", 1.932761]}, {"t": 1696559990, "d": ["acmeair-authservice", 1.495888]}, {"t": 1696559990, "d": ["acmeair-customer-db", 1.114253]}, {"t": 1696559990, "d": ["acmeair-flight-db", 1.075188]}, {"t": 1696559990, "d": ["acmeair-mainservice", 0.961997]}, {"t": 1696560000, "d": ["acmeair-bookingservice", 3.442974]}, {"t": 1696560000, "d": ["acmeair-customerservice", 3.231474]}, {"t": 1696560000, "d": ["acmeair-booking-db", 1.925777]}, {"t": 1696560000, "d": ["acmeair-flightservice", 1.932849]}, {"t": 1696560000, "d": ["acmeair-authservice", 1.494557]}, {"t": 1696560000, "d": ["acmeair-customer-db", 1.113714]}, {"t": 1696560000, "d": ["acmeair-flight-db", 1.075215]}, {"t": 1696560000, "d": ["acmeair-mainservice", 0.961997]}, {"t": 1696560010, "d": ["acmeair-bookingservice", 3.443252]}, {"t": 1696560010, "d": ["acmeair-customerservice", 3.231549]}, {"t": 1696560010, "d": ["acmeair-booking-db", 1.92692]}, {"t": 1696560010, "d": ["acmeair-flightservice", 1.933018]}, {"t": 1696560010, "d": ["acmeair-authservice", 1.49451]}, {"t": 1696560010, "d": ["acmeair-customer-db", 1.112119]}, {"t": 1696560010, "d": ["acmeair-flight-db", 1.075239]}, {"t": 1696560010, "d": ["acmeair-mainservice", 0.961997]}, {"t": 1696560020, "d": ["acmeair-bookingservice", 3.453022]}, {"t": 1696560020, "d": ["acmeair-customerservice", 3.231522]}, {"t": 1696560020, "d": ["acmeair-booking-db", 1.927164]}, {"t": 1696560020, "d": ["acmeair-flightservice", 1.933105]}, {"t": 1696560020, "d": ["acmeair-authservice", 1.493942]}, {"t": 1696560020, "d": ["acmeair-customer-db", 1.111554]}, {"t": 1696560020, "d": ["acmeair-flight-db", 1.075266]}, {"t": 1696560020, "d": ["acmeair-mainservice", 0.961997]}, {"t": 1696560030, "d": ["acmeair-bookingservice", 3.442881]}, {"t": 1696560030, "d": ["acmeair-customerservice", 3.231493]}, {"t": 1696560030, "d": ["acmeair-booking-db", 1.930706]}, {"t": 1696560030, "d": ["acmeair-flightservice", 1.931649]}, {"t": 1696560030, "d": ["acmeair-authservice", 1.493942]}, {"t": 1696560030, "d": ["acmeair-customer-db", 1.113056]}, {"t": 1696560030, "d": ["acmeair-flight-db", 1.07603]}, {"t": 1696560030, "d": ["acmeair-mainservice", 0.961997]}, {"t": 1696560040, "d": ["acmeair-bookingservice", 3.44261]}, {"t": 1696560040, "d": ["acmeair-customerservice", 3.231515]}, {"t": 1696560040, "d": ["acmeair-booking-db", 1.933283]}, {"t": 1696560040, "d": ["acmeair-flightservice", 1.932103]}, {"t": 1696560040, "d": ["acmeair-authservice", 1.499288]}, {"t": 1696560040, "d": ["acmeair-customer-db", 1.113658]}, {"t": 1696560040, "d": ["acmeair-flight-db", 1.076883]}, {"t": 1696560040, "d": ["acmeair-mainservice", 0.961997]}, {"t": 1696560050, "d": ["acmeair-bookingservice", 3.442925]}, {"t": 1696560050, "d": ["acmeair-customerservice", 3.231749]}, {"t": 1696560050, "d": ["acmeair-booking-db", 1.935078]}, {"t": 1696560050, "d": ["acmeair-flightservice", 1.93332]}, {"t": 1696560050, "d": ["acmeair-authservice", 1.506812]}, {"t": 1696560050, "d": ["acmeair-customer-db", 1.113741]}, {"t": 1696560050, "d": ["acmeair-flight-db", 1.077149]}, {"t": 1696560050, "d": ["acmeair-mainservice", 0.961997]}, {"t": 1696560060, "d": ["acmeair-bookingservice", 3.442967]}, {"t": 1696560060, "d": ["acmeair-customerservice", 3.233839]}, {"t": 1696560060, "d": ["acmeair-booking-db", 1.936654]}, {"t": 1696560060, "d": ["acmeair-flightservice", 1.930269]}, {"t": 1696560060, "d": ["acmeair-authservice", 1.506158]}, {"t": 1696560060, "d": ["acmeair-customer-db", 1.114746]}, {"t": 1696560060, "d": ["acmeair-flight-db", 1.077215]}, {"t": 1696560060, "d": ["acmeair-mainservice", 0.961997]}, {"t": 1696560070, "d": ["acmeair-bookingservice", 3.44273]}, {"t": 1696560070, "d": ["acmeair-customerservice", 3.237144]}, {"t": 1696560070, "d": ["acmeair-booking-db", 1.937071]}, {"t": 1696560070, "d": ["acmeair-flightservice", 1.937905]}, {"t": 1696560070, "d": ["acmeair-authservice", 1.506224]}, {"t": 1696560070, "d": ["acmeair-customer-db", 1.114846]}, {"t": 1696560070, "d": ["acmeair-flight-db", 1.077232]}, {"t": 1696560070, "d": ["acmeair-mainservice", 0.961997]}], "start": 1696559470, "end": 1696560070}