{"data": [{"t": 1696559480, "d": ["acmeair-bookingservice", 480873676.8]}, {"t": 1696559480, "d": ["acmeair-customerservice", 466573721.6]}, {"t": 1696559480, "d": ["acmeair-booking-db", 319841484.8]}, {"t": 1696559480, "d": ["acmeair-flightservice", 318357094.4]}, {"t": 1696559480, "d": ["acmeair-authservice", 250962739.2]}, {"t": 1696559480, "d": ["acmeair-customer-db", 187976499.2]}, {"t": 1696559480, "d": ["acmeair-flight-db", 180232192]}, {"t": 1696559480, "d": ["acmeair-mainservice", 161382400]}, {"t": 1696559490, "d": ["acmeair-bookingservice", 485718425.6]}, {"t": 1696559490, "d": ["acmeair-customerservice", 468926464]}, {"t": 1696559490, "d": ["acmeair-booking-db", 320108544]}, {"t": 1696559490, "d": ["acmeair-flightservice", 318225203.2]}, {"t": 1696559490, "d": ["acmeair-authservice", 251992473.6]}, {"t": 1696559490, "d": ["acmeair-customer-db", 187987968]}, {"t": 1696559490, "d": ["acmeair-flight-db", 180260864]}, {"t": 1696559490, "d": ["acmeair-mainservice", 161402060.8]}, {"t": 1696559500, "d": ["acmeair-bookingservice", 488749056]}, {"t": 1696559500, "d": ["acmeair-customerservice", 471223500.8]}, {"t": 1696559500, "d": ["acmeair-booking-db", 320201113.6]}, {"t": 1696559500, "d": ["acmeair-flightservice", 318845747.2]}, {"t": 1696559500, "d": ["acmeair-authservice", 251887616]}, {"t": 1696559500, "d": ["acmeair-customer-db", 187986739.2]}, {"t": 1696559500, "d": ["acmeair-flight-db", 180268236.8]}, {"t": 1696559500, "d": ["acmeair-mainservice", 161406976]}, {"t": 1696559510, "d": ["acmeair-bookingservice", 494622310.4]}, {"t": 1696559510, "d": ["acmeair-customerservice", 472288460.8]}, {"t": 1696559510, "d": ["acmeair-booking-db", 320118374.4]}, {"t": 1696559510, "d": ["acmeair-flightservice", 318203494.4]}, {"t": 1696559510, "d": ["acmeair-authservice", 251887616]}, {"t": 1696559510, "d": ["acmeair-customer-db", 187988787.2]}, {"t": 1696559510, "d": ["acmeair-flight-db", 180345651.2]}, {"t": 1696559510, "d": ["acmeair-mainservice", 161406976]}, {"t": 1696559520, "d": ["acmeair-bookingservice", 498846924.8]}, {"t": 1696559520, "d": ["acmeair-customerservice", 474138624]}, {"t": 1696559520, "d": ["acmeair-booking-db", 320088473.6]}, {"t": 1696559520, "d": ["acmeair-flightservice", 318516019.2]}, {"t": 1696559520, "d": ["acmeair-authservice", 251835187.2]}, {"t": 1696559520, "d": ["acmeair-customer-db", 188030976]}, {"t": 1696559520, "d": ["acmeair-flight-db", 180355481.6]}, {"t": 1696559520, "d": ["acmeair-mainservice", 161406976]}, {"t": 1696559530, "d": ["acmeair-bookingservice", 503047372.8]}, {"t": 1696559530, "d": ["acmeair-customerservice", 475665612.8]}, {"t": 1696559530, "d": ["acmeair-booking-db", 319856230.4]}, {"t": 1696559530, "d": ["acmeair-flightservice", 318401331.2]}, {"t": 1696559530, "d": ["acmeair-authservice", 251788083.2]}, {"t": 1696559530, "d": ["acmeair-customer-db", 188055142.4]}, {"t": 1696559530, "d": ["acmeair-flight-db", 180355891.2]}, {"t": 1696559530, "d": ["acmeair-mainservice", 161406976]}, {"t": 1696559540, "d": ["acmeair-bookingservice", 507287552]}, {"t": 1696559540, "d": ["acmeair-customerservice", 478391500.8]}, {"t": 1696559540, "d": ["acmeair-booking-db", 319939788.8]}, {"t": 1696559540, "d": ["acmeair-flightservice", 317840179.2]}, {"t": 1696559540, "d": ["acmeair-authservice", 251797913.6]}, {"t": 1696559540, "d": ["acmeair-customer-db", 188049408]}, {"t": 1696559540, "d": ["acmeair-flight-db", 180355072]}, {"t": 1696559540, "d": ["acmeair-mainservice", 161406976]}, {"t": 1696559550, "d": ["acmeair-bookingservice", 508560179.2]}, {"t": 1696559550, "d": ["acmeair-customerservice", 480375193.6]}, {"t": 1696559550, "d": ["acmeair-booking-db", 320173260.8]}, {"t": 1696559550, "d": ["acmeair-flightservice", 317838950.4]}, {"t": 1696559550, "d": ["acmeair-authservice", 251762278.4]}, {"t": 1696559550, "d": ["acmeair-customer-db", 188159180.8]}, {"t": 1696559550, "d": ["acmeair-flight-db", 180355481.6]}, {"t": 1696559550, "d": ["acmeair-mainservice", 161406976]}, {"t": 1696559560, "d": ["acmeair-bookingservice", 512318668.8]}, {"t": 1696559560, "d": ["acmeair-customerservice", 483330457.6]}, {"t": 1696559560, "d": ["acmeair-booking-db", 320348160]}, {"t": 1696559560, "d": ["acmeair-flightservice", 317222502.4]}, {"t": 1696559560, "d": ["acmeair-authservice", 252450816]}, {"t": 1696559560, "d": ["acmeair-customer-db", 188342272]}, {"t": 1696559560, "d": ["acmeair-flight-db", 180355072]}, {"t": 1696559560, "d": ["acmeair-mainservice", 161406976]}, {"t": 1696559570, "d": ["acmeair-bookingservice", 515429580.8]}, {"t": 1696559570, "d": ["acmeair-customerservice", 484851712]}, {"t": 1696559570, "d": ["acmeair-booking-db", 320291635.2]}, {"t": 1696559570, "d": ["acmeair-flightservice", 317480140.8]}, {"t": 1696559570, "d": ["acmeair-authservice", 251746713.6]}, {"t": 1696559570, "d": ["acmeair-customer-db", 188293120]}, {"t": 1696559570, "d": ["acmeair-flight-db", 180355072]}, {"t": 1696559570, "d": ["acmeair-mainservice", 161406976]}, {"t": 1696559580, "d": ["acmeair-bookingservice", 517340774.4]}, {"t": 1696559580, "d": ["acmeair-customerservice", 487131545.6]}, {"t": 1696559580, "d": ["acmeair-booking-db", 319637094.4]}, {"t": 1696559580, "d": ["acmeair-flightservice", 317529702.4]}, {"t": 1696559580, "d": ["acmeair-authservice", 251677900.8]}, {"t": 1696559580, "d": ["acmeair-customer-db", 188171468.8]}, {"t": 1696559580, "d": ["acmeair-flight-db", 180355072]}, {"t": 1696559580, "d": ["acmeair-mainservice", 161406976]}, {"t": 1696559590, "d": ["acmeair-bookingservice", 519286784]}, {"t": 1696559590, "d": ["acmeair-customerservice", 489147187.2]}, {"t": 1696559590, "d": ["acmeair-booking-db", 319705497.6]}, {"t": 1696559590, "d": ["acmeair-flightservice", 317621862.4]}, {"t": 1696559590, "d": ["acmeair-authservice", 251625472]}, {"t": 1696559590, "d": ["acmeair-customer-db", 187906457.6]}, {"t": 1696559590, "d": ["acmeair-flight-db", 180355072]}, {"t": 1696559590, "d": ["acmeair-mainservice", 161406976]}, {"t": 1696559600, "d": ["acmeair-bookingservice", 521220505.6]}, {"t": 1696559600, "d": ["acmeair-customerservice", 490083532.8]}, {"t": 1696559600, "d": ["acmeair-booking-db", 319868108.8]}, {"t": 1696559600, "d": ["acmeair-flightservice", 317697638.4]}, {"t": 1696559600, "d": ["acmeair-authservice", 251628339.2]}, {"t": 1696559600, "d": ["acmeair-customer-db", 187689779.2]}, {"t": 1696559600, "d": ["acmeair-flight-db", 180355072]}, {"t": 1696559600, "d": ["acmeair-mainservice", 161406976]}, {"t": 1696559610, "d": ["acmeair-bookingservice", 523118592]}, {"t": 1696559610, "d": ["acmeair-customerservice", 492324454.4]}, {"t": 1696559610, "d": ["acmeair-booking-db", 320084787.2]}, {"t": 1696559610, "d": ["acmeair-flightservice", 317770137.6]}, {"t": 1696559610, "d": ["acmeair-authservice", 251625472]}, {"t": 1696559610, "d": ["acmeair-customer-db", 187832320]}, {"t": 1696559610, "d": ["acmeair-flight-db", 180355072]}, {"t": 1696559610, "d": ["acmeair-mainservice", 161406976]}, {"t": 1696559620, "d": ["acmeair-bookingservice", 524784435.2]}, {"t": 1696559620, "d": ["acmeair-customerservice", 493132595.2]}, {"t": 1696559620, "d": ["acmeair-booking-db", 320330137.6]}, {"t": 1696559620, "d": ["acmeair-flightservice", 317910220.8]}, {"t": 1696559620, "d": ["acmeair-authservice", 251497267.2]}, {"t": 1696559620, "d": ["acmeair-customer-db", 187995750.4]}, {"t": 1696559620, "d": ["acmeair-flight-db", 180355072]}, {"t": 1696559620, "d": ["acmeair-mainservice", 161406976]}, {"t": 1696559630, "d": ["acmeair-bookingservice", 527668019.2]}, {"t": 1696559630, "d": ["acmeair-customerservice", 495350579.2]}, {"t": 1696559630, "d": ["acmeair-booking-db", 320342835.2]}, {"t": 1696559630, "d": ["acmeair-flightservice", 318133862.4]}, {"t": 1696559630, "d": ["acmeair-authservice", 251498496]}, {"t": 1696559630, "d": ["acmeair-customer-db", 188130918.4]}, {"t": 1696559630, "d": ["acmeair-flight-db", 180355481.6]}, {"t": 1696559630, "d": ["acmeair-mainservice", 161406976]}, {"t": 1696559640, "d": ["acmeair-bookingservice", 531194675.2]}, {"t": 1696559640, "d": ["acmeair-customerservice", 498989056]}, {"t": 1696559640, "d": ["acmeair-booking-db", 320356352]}, {"t": 1696559640, "d": ["acmeair-flightservice", 318412800]}, {"t": 1696559640, "d": ["acmeair-authservice", 251500953.6]}, {"t": 1696559640, "d": ["acmeair-customer-db", 188189900.8]}, {"t": 1696559640, "d": ["acmeair-flight-db", 180355072]}, {"t": 1696559640, "d": ["acmeair-mainservice", 161406976]}, {"t": 1696559650, "d": ["acmeair-bookingservice", 533676032]}, {"t": 1696559650, "d": ["acmeair-customerservice", 499082854.4]}, {"t": 1696559650, "d": ["acmeair-booking-db", 320299417.6]}, {"t": 1696559650, "d": ["acmeair-flightservice", 317889740.8]}, {"t": 1696559650, "d": ["acmeair-authservice", 251400192]}, {"t": 1696559650, "d": ["acmeair-customer-db", 188077260.8]}, {"t": 1696559650, "d": ["acmeair-flight-db", 180355072]}, {"t": 1696559650, "d": ["acmeair-mainservice", 161406976]}, {"t": 1696559660, "d": ["acmeair-bookingservice", 535514726.4]}, {"t": 1696559660, "d": ["acmeair-customerservice", 502249472]}, {"t": 1696559660, "d": ["acmeair-booking-db", 320117964.8]}, {"t": 1696559660, "d": ["acmeair-flightservice", 317768089.6]}, {"t": 1696559660, "d": ["acmeair-authservice", 251375206.4]}, {"t": 1696559660, "d": ["acmeair-customer-db", 188086272]}, {"t": 1696559660, "d": ["acmeair-flight-db", 180355481.6]}, {"t": 1696559660, "d": ["acmeair-mainservice", 161406976]}, {"t": 1696559670, "d": ["acmeair-bookingservice", 537539379.2]}, {"t": 1696559670, "d": ["acmeair-customerservice", 505210880]}, {"t": 1696559670, "d": ["acmeair-booking-db", 320108544]}, {"t": 1696559670, "d": ["acmeair-flightservice", 317850009.6]}, {"t": 1696559670, "d": ["acmeair-authservice", 251396505.6]}, {"t": 1696559670, "d": ["acmeair-customer-db", 188086272]}, {"t": 1696559670, "d": ["acmeair-flight-db", 180355072]}, {"t": 1696559670, "d": ["acmeair-mainservice", 161406976]}, {"t": 1696559680, "d": ["acmeair-bookingservice", 540058828.8]}, {"t": 1696559680, "d": ["acmeair-customerservice", 506141491.2]}, {"t": 1696559680, "d": ["acmeair-booking-db", 320000000]}, {"t": 1696559680, "d": ["acmeair-flightservice", 317949542.4]}, {"t": 1696559680, "d": ["acmeair-authservice", 251282227.2]}, {"t": 1696559680, "d": ["acmeair-customer-db", 188087091.2]}, {"t": 1696559680, "d": ["acmeair-flight-db", 180355072]}, {"t": 1696559680, "d": ["acmeair-mainservice", 161406976]}, {"t": 1696559690, "d": ["acmeair-bookingservice", 542405017.6]}, {"t": 1696559690, "d": ["acmeair-customerservice", 509464576]}, {"t": 1696559690, "d": ["acmeair-booking-db", 319860326.4]}, {"t": 1696559690, "d": ["acmeair-flightservice", 318196121.6]}, {"t": 1696559690, "d": ["acmeair-authservice", 251269120]}, {"t": 1696559690, "d": ["acmeair-customer-db", 188079718.4]}, {"t": 1696559690, "d": ["acmeair-flight-db", 180355072]}, {"t": 1696559690, "d": ["acmeair-mainservice", 161406976]}, {"t": 1696559700, "d": ["acmeair-bookingservice", 603598848]}, {"t": 1696559700, "d": ["acmeair-customerservice", 509529702.4]}, {"t": 1696559700, "d": ["acmeair-booking-db", 319987712]}, {"t": 1696559700, "d": ["acmeair-flightservice", 318067507.2]}, {"t": 1696559700, "d": ["acmeair-authservice", 251525529.6]}, {"t": 1696559700, "d": ["acmeair-customer-db", 188099788.8]}, {"t": 1696559700, "d": ["acmeair-flight-db", 180355072]}, {"t": 1696559700, "d": ["acmeair-mainservice", 161406976]}, {"t": 1696559710, "d": ["acmeair-bookingservice", 546152038.4]}, {"t": 1696559710, "d": ["acmeair-customerservice", 510357913.6]}, {"t": 1696559710, "d": ["acmeair-booking-db", 320139264]}, {"t": 1696559710, "d": ["acmeair-flightservice", 317530112]}, {"t": 1696559710, "d": ["acmeair-authservice", 251203584]}, {"t": 1696559710, "d": ["acmeair-customer-db", 187976908.8]}, {"t": 1696559710, "d": ["acmeair-flight-db", 180355072]}, {"t": 1696559710, "d": ["acmeair-mainservice", 161406976]}, {"t": 1696559720, "d": ["acmeair-bookingservice", 546322022.4]}, {"t": 1696559720, "d": ["acmeair-customerservice", 512453017.6]}, {"t": 1696559720, "d": ["acmeair-booking-db", 319939788.8]}, {"t": 1696559720, "d": ["acmeair-flightservice", 317597696]}, {"t": 1696559720, "d": ["acmeair-authservice", 251140096]}, {"t": 1696559720, "d": ["acmeair-customer-db", 187704934.4]}, {"t": 1696559720, "d": ["acmeair-flight-db", 180366540.8]}, {"t": 1696559720, "d": ["acmeair-mainservice", 161406976]}, {"t": 1696559730, "d": ["acmeair-bookingservice", 546315059.2]}, {"t": 1696559730, "d": ["acmeair-customerservice", 513483980.8]}, {"t": 1696559730, "d": ["acmeair-booking-db", 319973376]}, {"t": 1696559730, "d": ["acmeair-flightservice", 317685350.4]}, {"t": 1696559730, "d": ["acmeair-authservice", 251151564.8]}, {"t": 1696559730, "d": ["acmeair-customer-db", 187976089.6]}, {"t": 1696559730, "d": ["acmeair-flight-db", 180466073.6]}, {"t": 1696559730, "d": ["acmeair-mainservice", 161406976]}, {"t": 1696559740, "d": ["acmeair-bookingservice", 546276147.2]}, {"t": 1696559740, "d": ["acmeair-customerservice", 515855564.8]}, {"t": 1696559740, "d": ["acmeair-booking-db", 319429427.2]}, {"t": 1696559740, "d": ["acmeair-flightservice", 317790208]}, {"t": 1696559740, "d": ["acmeair-authservice", 251039334.4]}, {"t": 1696559740, "d": ["acmeair-customer-db", 188215296]}, {"t": 1696559740, "d": ["acmeair-flight-db", 180466892.8]}, {"t": 1696559740, "d": ["acmeair-mainservice", 161406976]}, {"t": 1696559750, "d": ["acmeair-bookingservice", 546400665.6]}, {"t": 1696559750, "d": ["acmeair-customerservice", 518033817.6]}, {"t": 1696559750, "d": ["acmeair-booking-db", 321195212.8]}, {"t": 1696559750, "d": ["acmeair-flightservice", 317391667.2]}, {"t": 1696559750, "d": ["acmeair-authservice", 251041382.4]}, {"t": 1696559750, "d": ["acmeair-customer-db", 188214067.2]}, {"t": 1696559750, "d": ["acmeair-flight-db", 180466073.6]}, {"t": 1696559750, "d": ["acmeair-mainservice", 161406976]}, {"t": 1696559760, "d": ["acmeair-bookingservice", 559693004.8]}, {"t": 1696559760, "d": ["acmeair-customerservice", 521530163.2]}, {"t": 1696559760, "d": ["acmeair-booking-db", 322252390.4]}, {"t": 1696559760, "d": ["acmeair-flightservice", 317330636.8]}, {"t": 1696559760, "d": ["acmeair-authservice", 251048345.6]}, {"t": 1696559760, "d": ["acmeair-customer-db", 188213248]}, {"t": 1696559760, "d": ["acmeair-flight-db", 180465664]}, {"t": 1696559760, "d": ["acmeair-mainservice", 161406976]}, {"t": 1696559770, "d": ["acmeair-bookingservice", 546490777.6]}, {"t": 1696559770, "d": ["acmeair-customerservice", 521605529.6]}, {"t": 1696559770, "d": ["acmeair-booking-db", 322390835.2]}, {"t": 1696559770, "d": ["acmeair-flightservice", 317547315.2]}, {"t": 1696559770, "d": ["acmeair-authservice", 251055308.8]}, {"t": 1696559770, "d": ["acmeair-customer-db", 188323430.4]}, {"t": 1696559770, "d": ["acmeair-flight-db", 180466073.6]}, {"t": 1696559770, "d": ["acmeair-mainservice", 161502822.4]}, {"t": 1696559780, "d": ["acmeair-bookingservice", 547601612.8]}, {"t": 1696559780, "d": ["acmeair-customerservice", 523094425.6]}, {"t": 1696559780, "d": ["acmeair-booking-db", 322680012.8]}, {"t": 1696559780, "d": ["acmeair-flightservice", 317593190.4]}, {"t": 1696559780, "d": ["acmeair-authservice", 251887206.4]}, {"t": 1696559780, "d": ["acmeair-customer-db", 188220211.2]}, {"t": 1696559780, "d": ["acmeair-flight-db", 180465664]}, {"t": 1696559780, "d": ["acmeair-mainservice", 161566720]}, {"t": 1696559790, "d": ["acmeair-bookingservice", 547837132.8]}, {"t": 1696559790, "d": ["acmeair-customerservice", 524909772.8]}, {"t": 1696559790, "d": ["acmeair-booking-db", 322891366.4]}, {"t": 1696559790, "d": ["acmeair-flightservice", 317666099.2]}, {"t": 1696559790, "d": ["acmeair-authservice", 250945126.4]}, {"t": 1696559790, "d": ["acmeair-customer-db", 188037529.6]}, {"t": 1696559790, "d": ["acmeair-flight-db", 180465664]}, {"t": 1696559790, "d": ["acmeair-mainservice", 161566720]}, {"t": 1696559800, "d": ["acmeair-bookingservice", 548392140.8]}, {"t": 1696559800, "d": ["acmeair-customerservice", 527038464]}, {"t": 1696559800, "d": ["acmeair-booking-db", 322999910.4]}, {"t": 1696559800, "d": ["acmeair-flightservice", 317727948.8]}, {"t": 1696559800, "d": ["acmeair-authservice", 250993459.2]}, {"t": 1696559800, "d": ["acmeair-customer-db", 188028518.4]}, {"t": 1696559800, "d": ["acmeair-flight-db", 180465664]}, {"t": 1696559800, "d": ["acmeair-mainservice", 161566720]}, {"t": 1696559810, "d": ["acmeair-bookingservice", 549013094.4]}, {"t": 1696559810, "d": ["acmeair-customerservice", 529573068.8]}, {"t": 1696559810, "d": ["acmeair-booking-db", 323066675.2]}, {"t": 1696559810, "d": ["acmeair-flightservice", 317831987.2]}, {"t": 1696559810, "d": ["acmeair-authservice", 250878361.6]}, {"t": 1696559810, "d": ["acmeair-customer-db", 186838630.4]}, {"t": 1696559810, "d": ["acmeair-flight-db", 180465664]}, {"t": 1696559810, "d": ["acmeair-mainservice", 161566720]}, {"t": 1696559820, "d": ["acmeair-bookingservice", 549128601.6]}, {"t": 1696559820, "d": ["acmeair-customerservice", 531049267.2]}, {"t": 1696559820, "d": ["acmeair-booking-db", 323126476.8]}, {"t": 1696559820, "d": ["acmeair-flightservice", 317976576]}, {"t": 1696559820, "d": ["acmeair-authservice", 250882867.2]}, {"t": 1696559820, "d": ["acmeair-customer-db", 186865664]}, {"t": 1696559820, "d": ["acmeair-flight-db", 180465664]}, {"t": 1696559820, "d": ["acmeair-mainservice", 161566720]}, {"t": 1696559830, "d": ["acmeair-bookingservice", 549305139.2]}, {"t": 1696559830, "d": ["acmeair-customerservice", 533406105.6]}, {"t": 1696559830, "d": ["acmeair-booking-db", 323174809.6]}, {"t": 1696559830, "d": ["acmeair-flightservice", 320670515.2]}, {"t": 1696559830, "d": ["acmeair-authservice", 251561984]}, {"t": 1696559830, "d": ["acmeair-customer-db", 186865664]}, {"t": 1696559830, "d": ["acmeair-flight-db", 180466073.6]}, {"t": 1696559830, "d": ["acmeair-mainservice", 161566720]}, {"t": 1696559840, "d": ["acmeair-bookingservice", 549437440]}, {"t": 1696559840, "d": ["acmeair-customerservice", 534336307.2]}, {"t": 1696559840, "d": ["acmeair-booking-db", 323762176]}, {"t": 1696559840, "d": ["acmeair-flightservice", 321113702.4]}, {"t": 1696559840, "d": ["acmeair-authservice", 250777600]}, {"t": 1696559840, "d": ["acmeair-customer-db", 186916454.4]}, {"t": 1696559840, "d": ["acmeair-flight-db", 180465664]}, {"t": 1696559840, "d": ["acmeair-mainservice", 161566720]}, {"t": 1696559850, "d": ["acmeair-bookingservice", 549851955.2]}, {"t": 1696559850, "d": ["acmeair-customerservice", 537146982.4]}, {"t": 1696559850, "d": ["acmeair-booking-db", 324007526.4]}, {"t": 1696559850, "d": ["acmeair-flightservice", 321513881.6]}, {"t": 1696559850, "d": ["acmeair-authservice", 250777600]}, {"t": 1696559850, "d": ["acmeair-customer-db", 187043020.8]}, {"t": 1696559850, "d": ["acmeair-flight-db", 180465664]}, {"t": 1696559850, "d": ["acmeair-mainservice", 161566720]}, {"t": 1696559860, "d": ["acmeair-bookingservice", 550684672]}, {"t": 1696559860, "d": ["acmeair-customerservice", 539362918.4]}, {"t": 1696559860, "d": ["acmeair-booking-db", 324114432]}, {"t": 1696559860, "d": ["acmeair-flightservice", 321411072]}, {"t": 1696559860, "d": ["acmeair-authservice", 251052441.6]}, {"t": 1696559860, "d": ["acmeair-customer-db", 187193753.6]}, {"t": 1696559860, "d": ["acmeair-flight-db", 180466483.2]}, {"t": 1696559860, "d": ["acmeair-mainservice", 161566720]}, {"t": 1696559870, "d": ["acmeair-bookingservice", 554502144]}, {"t": 1696559870, "d": ["acmeair-customerservice", 542726553.6]}, {"t": 1696559870, "d": ["acmeair-booking-db", 324133683.2]}, {"t": 1696559870, "d": ["acmeair-flightservice", 321418035.2]}, {"t": 1696559870, "d": ["acmeair-authservice", 251194982.4]}, {"t": 1696559870, "d": ["acmeair-customer-db", 187303116.8]}, {"t": 1696559870, "d": ["acmeair-flight-db", 180465664]}, {"t": 1696559870, "d": ["acmeair-mainservice", 161566720]}, {"t": 1696559880, "d": ["acmeair-bookingservice", 555379097.6]}, {"t": 1696559880, "d": ["acmeair-customerservice", 542724096]}, {"t": 1696559880, "d": ["acmeair-booking-db", 324154163.2]}, {"t": 1696559880, "d": ["acmeair-flightservice", 321420083.2]}, {"t": 1696559880, "d": ["acmeair-authservice", 251208089.6]}, {"t": 1696559880, "d": ["acmeair-customer-db", 187354726.4]}, {"t": 1696559880, "d": ["acmeair-flight-db", 180465664]}, {"t": 1696559880, "d": ["acmeair-mainservice", 161566720]}, {"t": 1696559890, "d": ["acmeair-bookingservice", 556806553.6]}, {"t": 1696559890, "d": ["acmeair-customerservice", 542724505.6]}, {"t": 1696559890, "d": ["acmeair-booking-db", 324198400]}, {"t": 1696559890, "d": ["acmeair-flightservice", 321411072]}, {"t": 1696559890, "d": ["acmeair-authservice", 251224883.2]}, {"t": 1696559890, "d": ["acmeair-customer-db", 187367424]}, {"t": 1696559890, "d": ["acmeair-flight-db", 180465664]}, {"t": 1696559890, "d": ["acmeair-mainservice", 161566720]}, {"t": 1696559900, "d": ["acmeair-bookingservice", 561639424]}, {"t": 1696559900, "d": ["acmeair-customerservice", 542734745.6]}, {"t": 1696559900, "d": ["acmeair-booking-db", 324204134.4]}, {"t": 1696559900, "d": ["acmeair-flightservice", 321413120]}, {"t": 1696559900, "d": ["acmeair-authservice", 251114700.8]}, {"t": 1696559900, "d": ["acmeair-customer-db", 187372339.2]}, {"t": 1696559900, "d": ["acmeair-flight-db", 180465664]}, {"t": 1696559900, "d": ["acmeair-mainservice", 161566720]}, {"t": 1696559910, "d": ["acmeair-bookingservice", 563178291.2]}, {"t": 1696559910, "d": ["acmeair-customerservice", 542728192]}, {"t": 1696559910, "d": ["acmeair-booking-db", 324213145.6]}, {"t": 1696559910, "d": ["acmeair-flightservice", 324435968]}, {"t": 1696559910, "d": ["acmeair-authservice", 252273049.6]}, {"t": 1696559910, "d": ["acmeair-customer-db", 187377664]}, {"t": 1696559910, "d": ["acmeair-flight-db", 180466073.6]}, {"t": 1696559910, "d": ["acmeair-mainservice", 161566720]}, {"t": 1696559920, "d": ["acmeair-bookingservice", 566143385.6]}, {"t": 1696559920, "d": ["acmeair-customerservice", 542725324.8]}, {"t": 1696559920, "d": ["acmeair-booking-db", 324062412.8]}, {"t": 1696559920, "d": ["acmeair-flightservice", 324435968]}, {"t": 1696559920, "d": ["acmeair-authservice", 251155660.8]}, {"t": 1696559920, "d": ["acmeair-customer-db", 187380940.8]}, {"t": 1696559920, "d": ["acmeair-flight-db", 180465664]}, {"t": 1696559920, "d": ["acmeair-mainservice", 161566720]}, {"t": 1696559930, "d": ["acmeair-bookingservice", 567685939.2]}, {"t": 1696559930, "d": ["acmeair-customerservice", 542727372.8]}, {"t": 1696559930, "d": ["acmeair-booking-db", 324177920]}, {"t": 1696559930, "d": ["acmeair-flightservice", 324433510.4]}, {"t": 1696559930, "d": ["acmeair-authservice", 251165900.8]}, {"t": 1696559930, "d": ["acmeair-customer-db", 187335884.8]}, {"t": 1696559930, "d": ["acmeair-flight-db", 180465664]}, {"t": 1696559930, "d": ["acmeair-mainservice", 161566720]}, {"t": 1696559940, "d": ["acmeair-bookingservice", 571567308.8]}, {"t": 1696559940, "d": ["acmeair-customerservice", 542727372.8]}, {"t": 1696559940, "d": ["acmeair-booking-db", 324198400]}, {"t": 1696559940, "d": ["acmeair-flightservice", 324427776]}, {"t": 1696559940, "d": ["acmeair-authservice", 251083980.8]}, {"t": 1696559940, "d": ["acmeair-customer-db", 187029094.4]}, {"t": 1696559940, "d": ["acmeair-flight-db", 180465664]}, {"t": 1696559940, "d": ["acmeair-mainservice", 161566720]}, {"t": 1696559950, "d": ["acmeair-bookingservice", 575726796.8]}, {"t": 1696559950, "d": ["acmeair-customerservice", 542720409.6]}, {"t": 1696559950, "d": ["acmeair-booking-db", 321543782.4]}, {"t": 1696559950, "d": ["acmeair-flightservice", 324433920]}, {"t": 1696559950, "d": ["acmeair-authservice", 251129856]}, {"t": 1696559950, "d": ["acmeair-customer-db", 186880409.6]}, {"t": 1696559950, "d": ["acmeair-flight-db", 180466073.6]}, {"t": 1696559950, "d": ["acmeair-mainservice", 161566720]}, {"t": 1696559960, "d": ["acmeair-bookingservice", 578288025.6]}, {"t": 1696559960, "d": ["acmeair-customerservice", 542727372.8]}, {"t": 1696559960, "d": ["acmeair-booking-db", 321292288]}, {"t": 1696559960, "d": ["acmeair-flightservice", 324476928]}, {"t": 1696559960, "d": ["acmeair-authservice", 251107737.6]}, {"t": 1696559960, "d": ["acmeair-customer-db", 186818150.4]}, {"t": 1696559960, "d": ["acmeair-flight-db", 180500889.6]}, {"t": 1696559960, "d": ["acmeair-mainservice", 161566720]}, {"t": 1696559970, "d": ["acmeair-bookingservice", 578273689.6]}, {"t": 1696559970, "d": ["acmeair-customerservice", 542730649.6]}, {"t": 1696559970, "d": ["acmeair-booking-db", 322012364.8]}, {"t": 1696559970, "d": ["acmeair-flightservice", 324476928]}, {"t": 1696559970, "d": ["acmeair-authservice", 251048755.2]}, {"t": 1696559970, "d": ["acmeair-customer-db", 186947584]}, {"t": 1696559970, "d": ["acmeair-flight-db", 180567244.8]}, {"t": 1696559970, "d": ["acmeair-mainservice", 161566720]}, {"t": 1696559980, "d": ["acmeair-bookingservice", 578226176]}, {"t": 1696559980, "d": ["acmeair-customerservice", 542724096]}, {"t": 1696559980, "d": ["acmeair-booking-db", 322493644.8]}, {"t": 1696559980, "d": ["acmeair-flightservice", 324510105.6]}, {"t": 1696559980, "d": ["acmeair-authservice", 251093811.2]}, {"t": 1696559980, "d": ["acmeair-customer-db", 187161395.2]}, {"t": 1696559980, "d": ["acmeair-flight-db", 180573388.8]}, {"t": 1696559980, "d": ["acmeair-mainservice", 161566720]}, {"t": 1696559990, "d": ["acmeair-bookingservice", 578247475.2]}, {"t": 1696559990, "d": ["acmeair-customerservice", 542724096]}, {"t": 1696559990, "d": ["acmeair-booking-db", 323173580.8]}, {"t": 1696559990, "d": ["acmeair-flightservice", 324605952]}, {"t": 1696559990, "d": ["acmeair-authservice", 251233484.8]}, {"t": 1696559990, "d": ["acmeair-customer-db", 187138048]}, {"t": 1696559990, "d": ["acmeair-flight-db", 180577075.2]}, {"t": 1696559990, "d": ["acmeair-mainservice", 161566720]}, {"t": 1696560000, "d": ["acmeair-bookingservice", 578245427.2]}, {"t": 1696560000, "d": ["acmeair-customerservice", 542724096]}, {"t": 1696560000, "d": ["acmeair-booking-db", 323432857.6]}, {"t": 1696560000, "d": ["acmeair-flightservice", 324620697.6]}, {"t": 1696560000, "d": ["acmeair-authservice", 251009843.2]}, {"t": 1696560000, "d": ["acmeair-customer-db", 187047526.4]}, {"t": 1696560000, "d": ["acmeair-flight-db", 180581580.8]}, {"t": 1696560000, "d": ["acmeair-mainservice", 161566720]}, {"t": 1696560010, "d": ["acmeair-bookingservice", 578292121.6]}, {"t": 1696560010, "d": ["acmeair-customerservice", 542736793.6]}, {"t": 1696560010, "d": ["acmeair-booking-db", 323624960]}, {"t": 1696560010, "d": ["acmeair-flightservice", 324648960]}, {"t": 1696560010, "d": ["acmeair-authservice", 251002060.8]}, {"t": 1696560010, "d": ["acmeair-customer-db", 186779648]}, {"t": 1696560010, "d": ["acmeair-flight-db", 180585676.8]}, {"t": 1696560010, "d": ["acmeair-mainservice", 161566720]}, {"t": 1696560020, "d": ["acmeair-bookingservice", 579932979.2]}, {"t": 1696560020, "d": ["acmeair-customerservice", 542732288]}, {"t": 1696560020, "d": ["acmeair-booking-db", 323665920]}, {"t": 1696560020, "d": ["acmeair-flightservice", 324663705.6]}, {"t": 1696560020, "d": ["acmeair-authservice", 250906624]}, {"t": 1696560020, "d": ["acmeair-customer-db", 186684620.8]}, {"t": 1696560020, "d": ["acmeair-flight-db", 180590182.4]}, {"t": 1696560020, "d": ["acmeair-mainservice", 161566720]}, {"t": 1696560030, "d": ["acmeair-bookingservice", 578229862.4]}, {"t": 1696560030, "d": ["acmeair-customerservice", 542727372.8]}, {"t": 1696560030, "d": ["acmeair-booking-db", 324260659.2]}, {"t": 1696560030, "d": ["acmeair-flightservice", 324419174.4]}, {"t": 1696560030, "d": ["acmeair-authservice", 250906624]}, {"t": 1696560030, "d": ["acmeair-customer-db", 186936934.4]}, {"t": 1696560030, "d": ["acmeair-flight-db", 180718387.2]}, {"t": 1696560030, "d": ["acmeair-mainservice", 161566720]}, {"t": 1696560040, "d": ["acmeair-bookingservice", 578184396.8]}, {"t": 1696560040, "d": ["acmeair-customerservice", 542731059.2]}, {"t": 1696560040, "d": ["acmeair-booking-db", 324693606.4]}, {"t": 1696560040, "d": ["acmeair-flightservice", 324495360]}, {"t": 1696560040, "d": ["acmeair-authservice", 251804467.2]}, {"t": 1696560040, "d": ["acmeair-customer-db", 187038105.6]}, {"t": 1696560040, "d": ["acmeair-flight-db", 180861747.2]}, {"t": 1696560040, "d": ["acmeair-mainservice", 161566720]}, {"t": 1696560050, "d": ["acmeair-bookingservice", 578237235.2]}, {"t": 1696560050, "d": ["acmeair-customerservice", 542770380.8]}, {"t": 1696560050, "d": ["acmeair-booking-db", 324995072]}, {"t": 1696560050, "d": ["acmeair-flightservice", 324699750.4]}, {"t": 1696560050, "d": ["acmeair-authservice", 253068083.2]}, {"t": 1696560050, "d": ["acmeair-customer-db", 187052032]}, {"t": 1696560050, "d": ["acmeair-flight-db", 180906393.6]}, {"t": 1696560050, "d": ["acmeair-mainservice", 161566720]}, {"t": 1696560060, "d": ["acmeair-bookingservice", 578244198.4]}, {"t": 1696560060, "d": ["acmeair-customerservice", 543121408]}, {"t": 1696560060, "d": ["acmeair-booking-db", 325259673.6]}, {"t": 1696560060, "d": ["acmeair-flightservice", 324187340.8]}, {"t": 1696560060, "d": ["acmeair-authservice", 252958310.4]}, {"t": 1696560060, "d": ["acmeair-customer-db", 187220787.2]}, {"t": 1696560060, "d": ["acmeair-flight-db", 180917452.8]}, {"t": 1696560060, "d": ["acmeair-mainservice", 161566720]}, {"t": 1696560070, "d": ["acmeair-bookingservice", 578204467.2]}, {"t": 1696560070, "d": ["acmeair-customerservice", 543676416]}, {"t": 1696560070, "d": ["acmeair-booking-db", 325329715.2]}, {"t": 1696560070, "d": ["acmeair-flightservice", 325469798.4]}, {"t": 1696560070, "d": ["acmeair-authservice", 252969369.6]}, {"t": 1696560070, "d": ["acmeair-customer-db", 187237580.8]}, {"t": 1696560070, "d": ["acmeair-flight-db", 180920320]}, {"t": 1696560070, "d": ["acmeair-mainservice", 161566720]}], "start": 1696559470, "end": 1696560070}