{"data": [{"t": 1696559480, "d": ["acmeair-booking-db", 103]}, {"t": 1696559480, "d": ["acmeair-customer-db", 34]}, {"t": 1696559480, "d": ["acmeair-flight-db", 15]}, {"t": 1696559490, "d": ["acmeair-booking-db", 103]}, {"t": 1696559490, "d": ["acmeair-customer-db", 34]}, {"t": 1696559490, "d": ["acmeair-flight-db", 15]}, {"t": 1696559500, "d": ["acmeair-booking-db", 103]}, {"t": 1696559500, "d": ["acmeair-customer-db", 34]}, {"t": 1696559500, "d": ["acmeair-flight-db", 15]}, {"t": 1696559510, "d": ["acmeair-booking-db", 103]}, {"t": 1696559510, "d": ["acmeair-customer-db", 34]}, {"t": 1696559510, "d": ["acmeair-flight-db", 15]}, {"t": 1696559520, "d": ["acmeair-booking-db", 103]}, {"t": 1696559520, "d": ["acmeair-customer-db", 34]}, {"t": 1696559520, "d": ["acmeair-flight-db", 15]}, {"t": 1696559530, "d": ["acmeair-booking-db", 103]}, {"t": 1696559530, "d": ["acmeair-customer-db", 34]}, {"t": 1696559530, "d": ["acmeair-flight-db", 15]}, {"t": 1696559540, "d": ["acmeair-booking-db", 103]}, {"t": 1696559540, "d": ["acmeair-customer-db", 34]}, {"t": 1696559540, "d": ["acmeair-flight-db", 15]}, {"t": 1696559550, "d": ["acmeair-booking-db", 103]}, {"t": 1696559550, "d": ["acmeair-customer-db", 34]}, {"t": 1696559550, "d": ["acmeair-flight-db", 15]}, {"t": 1696559560, "d": ["acmeair-booking-db", 103]}, {"t": 1696559560, "d": ["acmeair-customer-db", 34]}, {"t": 1696559560, "d": ["acmeair-flight-db", 15]}, {"t": 1696559570, "d": ["acmeair-booking-db", 103]}, {"t": 1696559570, "d": ["acmeair-customer-db", 34]}, {"t": 1696559570, "d": ["acmeair-flight-db", 15]}, {"t": 1696559580, "d": ["acmeair-booking-db", 103]}, {"t": 1696559580, "d": ["acmeair-customer-db", 34]}, {"t": 1696559580, "d": ["acmeair-flight-db", 15]}, {"t": 1696559590, "d": ["acmeair-booking-db", 103]}, {"t": 1696559590, "d": ["acmeair-customer-db", 34]}, {"t": 1696559590, "d": ["acmeair-flight-db", 15]}, {"t": 1696559600, "d": ["acmeair-booking-db", 103]}, {"t": 1696559600, "d": ["acmeair-customer-db", 34]}, {"t": 1696559600, "d": ["acmeair-flight-db", 15]}, {"t": 1696559610, "d": ["acmeair-booking-db", 103]}, {"t": 1696559610, "d": ["acmeair-customer-db", 34]}, {"t": 1696559610, "d": ["acmeair-flight-db", 15]}, {"t": 1696559620, "d": ["acmeair-booking-db", 103]}, {"t": 1696559620, "d": ["acmeair-customer-db", 34]}, {"t": 1696559620, "d": ["acmeair-flight-db", 15]}, {"t": 1696559630, "d": ["acmeair-booking-db", 103]}, {"t": 1696559630, "d": ["acmeair-customer-db", 34]}, {"t": 1696559630, "d": ["acmeair-flight-db", 15]}, {"t": 1696559640, "d": ["acmeair-booking-db", 103]}, {"t": 1696559640, "d": ["acmeair-customer-db", 34]}, {"t": 1696559640, "d": ["acmeair-flight-db", 15]}, {"t": 1696559650, "d": ["acmeair-booking-db", 103]}, {"t": 1696559650, "d": ["acmeair-customer-db", 34]}, {"t": 1696559650, "d": ["acmeair-flight-db", 15]}, {"t": 1696559660, "d": ["acmeair-booking-db", 103]}, {"t": 1696559660, "d": ["acmeair-customer-db", 34]}, {"t": 1696559660, "d": ["acmeair-flight-db", 15]}, {"t": 1696559670, "d": ["acmeair-booking-db", 103]}, {"t": 1696559670, "d": ["acmeair-customer-db", 34]}, {"t": 1696559670, "d": ["acmeair-flight-db", 15]}, {"t": 1696559680, "d": ["acmeair-booking-db", 103]}, {"t": 1696559680, "d": ["acmeair-customer-db", 34]}, {"t": 1696559680, "d": ["acmeair-flight-db", 15]}, {"t": 1696559690, "d": ["acmeair-booking-db", 103]}, {"t": 1696559690, "d": ["acmeair-customer-db", 34]}, {"t": 1696559690, "d": ["acmeair-flight-db", 15]}, {"t": 1696559700, "d": ["acmeair-booking-db", 103]}, {"t": 1696559700, "d": ["acmeair-customer-db", 34]}, {"t": 1696559700, "d": ["acmeair-flight-db", 15]}, {"t": 1696559710, "d": ["acmeair-booking-db", 103]}, {"t": 1696559710, "d": ["acmeair-customer-db", 34]}, {"t": 1696559710, "d": ["acmeair-flight-db", 15]}, {"t": 1696559720, "d": ["acmeair-booking-db", 103]}, {"t": 1696559720, "d": ["acmeair-customer-db", 34]}, {"t": 1696559720, "d": ["acmeair-flight-db", 15]}, {"t": 1696559730, "d": ["acmeair-booking-db", 103]}, {"t": 1696559730, "d": ["acmeair-customer-db", 34]}, {"t": 1696559730, "d": ["acmeair-flight-db", 15]}, {"t": 1696559740, "d": ["acmeair-booking-db", 103]}, {"t": 1696559740, "d": ["acmeair-customer-db", 34]}, {"t": 1696559740, "d": ["acmeair-flight-db", 15]}, {"t": 1696559750, "d": ["acmeair-booking-db", 103]}, {"t": 1696559750, "d": ["acmeair-customer-db", 34]}, {"t": 1696559750, "d": ["acmeair-flight-db", 15]}, {"t": 1696559760, "d": ["acmeair-booking-db", 103]}, {"t": 1696559760, "d": ["acmeair-customer-db", 34]}, {"t": 1696559760, "d": ["acmeair-flight-db", 15]}, {"t": 1696559770, "d": ["acmeair-booking-db", 103]}, {"t": 1696559770, "d": ["acmeair-customer-db", 34]}, {"t": 1696559770, "d": ["acmeair-flight-db", 15]}, {"t": 1696559780, "d": ["acmeair-booking-db", 103]}, {"t": 1696559780, "d": ["acmeair-customer-db", 34]}, {"t": 1696559780, "d": ["acmeair-flight-db", 15]}, {"t": 1696559790, "d": ["acmeair-booking-db", 103]}, {"t": 1696559790, "d": ["acmeair-customer-db", 34]}, {"t": 1696559790, "d": ["acmeair-flight-db", 15]}, {"t": 1696559800, "d": ["acmeair-booking-db", 103]}, {"t": 1696559800, "d": ["acmeair-customer-db", 34]}, {"t": 1696559800, "d": ["acmeair-flight-db", 15]}, {"t": 1696559810, "d": ["acmeair-booking-db", 103]}, {"t": 1696559810, "d": ["acmeair-customer-db", 34]}, {"t": 1696559810, "d": ["acmeair-flight-db", 15]}, {"t": 1696559820, "d": ["acmeair-booking-db", 103]}, {"t": 1696559820, "d": ["acmeair-customer-db", 34]}, {"t": 1696559820, "d": ["acmeair-flight-db", 15]}, {"t": 1696559830, "d": ["acmeair-booking-db", 103]}, {"t": 1696559830, "d": ["acmeair-customer-db", 34]}, {"t": 1696559830, "d": ["acmeair-flight-db", 15]}, {"t": 1696559840, "d": ["acmeair-booking-db", 103]}, {"t": 1696559840, "d": ["acmeair-customer-db", 34]}, {"t": 1696559840, "d": ["acmeair-flight-db", 15]}, {"t": 1696559850, "d": ["acmeair-booking-db", 103]}, {"t": 1696559850, "d": ["acmeair-customer-db", 34]}, {"t": 1696559850, "d": ["acmeair-flight-db", 15]}, {"t": 1696559860, "d": ["acmeair-booking-db", 103]}, {"t": 1696559860, "d": ["acmeair-customer-db", 34]}, {"t": 1696559860, "d": ["acmeair-flight-db", 15]}, {"t": 1696559870, "d": ["acmeair-booking-db", 103]}, {"t": 1696559870, "d": ["acmeair-customer-db", 34]}, {"t": 1696559870, "d": ["acmeair-flight-db", 15]}, {"t": 1696559880, "d": ["acmeair-booking-db", 103]}, {"t": 1696559880, "d": ["acmeair-customer-db", 34]}, {"t": 1696559880, "d": ["acmeair-flight-db", 15]}, {"t": 1696559890, "d": ["acmeair-booking-db", 103]}, {"t": 1696559890, "d": ["acmeair-customer-db", 34]}, {"t": 1696559890, "d": ["acmeair-flight-db", 15]}, {"t": 1696559900, "d": ["acmeair-booking-db", 103]}, {"t": 1696559900, "d": ["acmeair-customer-db", 34]}, {"t": 1696559900, "d": ["acmeair-flight-db", 15]}, {"t": 1696559910, "d": ["acmeair-booking-db", 103]}, {"t": 1696559910, "d": ["acmeair-customer-db", 34]}, {"t": 1696559910, "d": ["acmeair-flight-db", 15]}, {"t": 1696559920, "d": ["acmeair-booking-db", 103]}, {"t": 1696559920, "d": ["acmeair-customer-db", 34]}, {"t": 1696559920, "d": ["acmeair-flight-db", 15]}, {"t": 1696559930, "d": ["acmeair-booking-db", 103]}, {"t": 1696559930, "d": ["acmeair-customer-db", 34]}, {"t": 1696559930, "d": ["acmeair-flight-db", 15]}, {"t": 1696559940, "d": ["acmeair-booking-db", 103]}, {"t": 1696559940, "d": ["acmeair-customer-db", 34]}, {"t": 1696559940, "d": ["acmeair-flight-db", 15]}, {"t": 1696559950, "d": ["acmeair-booking-db", 103]}, {"t": 1696559950, "d": ["acmeair-customer-db", 34]}, {"t": 1696559950, "d": ["acmeair-flight-db", 15]}, {"t": 1696559960, "d": ["acmeair-booking-db", 103]}, {"t": 1696559960, "d": ["acmeair-customer-db", 34]}, {"t": 1696559960, "d": ["acmeair-flight-db", 15]}, {"t": 1696559970, "d": ["acmeair-booking-db", 103]}, {"t": 1696559970, "d": ["acmeair-customer-db", 34]}, {"t": 1696559970, "d": ["acmeair-flight-db", 15]}, {"t": 1696559980, "d": ["acmeair-booking-db", 103]}, {"t": 1696559980, "d": ["acmeair-customer-db", 34]}, {"t": 1696559980, "d": ["acmeair-flight-db", 15]}, {"t": 1696559990, "d": ["acmeair-booking-db", 103]}, {"t": 1696559990, "d": ["acmeair-customer-db", 34]}, {"t": 1696559990, "d": ["acmeair-flight-db", 15]}, {"t": 1696560000, "d": ["acmeair-booking-db", 103]}, {"t": 1696560000, "d": ["acmeair-customer-db", 34]}, {"t": 1696560000, "d": ["acmeair-flight-db", 15]}, {"t": 1696560010, "d": ["acmeair-booking-db", 103]}, {"t": 1696560010, "d": ["acmeair-customer-db", 34]}, {"t": 1696560010, "d": ["acmeair-flight-db", 15]}, {"t": 1696560020, "d": ["acmeair-booking-db", 103]}, {"t": 1696560020, "d": ["acmeair-customer-db", 34]}, {"t": 1696560020, "d": ["acmeair-flight-db", 15]}, {"t": 1696560030, "d": ["acmeair-booking-db", 103]}, {"t": 1696560030, "d": ["acmeair-customer-db", 34]}, {"t": 1696560030, "d": ["acmeair-flight-db", 15]}, {"t": 1696560040, "d": ["acmeair-booking-db", 103]}, {"t": 1696560040, "d": ["acmeair-customer-db", 34]}, {"t": 1696560040, "d": ["acmeair-flight-db", 15]}, {"t": 1696560050, "d": ["acmeair-booking-db", 103]}, {"t": 1696560050, "d": ["acmeair-customer-db", 34]}, {"t": 1696560050, "d": ["acmeair-flight-db", 15]}, {"t": 1696560060, "d": ["acmeair-booking-db", 103]}, {"t": 1696560060, "d": ["acmeair-customer-db", 34]}, {"t": 1696560060, "d": ["acmeair-flight-db", 15]}, {"t": 1696560070, "d": ["acmeair-booking-db", 103]}, {"t": 1696560070, "d": ["acmeair-customer-db", 34]}, {"t": 1696560070, "d": ["acmeair-flight-db", 15]}], "start": 1696559470, "end": 1696560070}