{"data": [{"t": 1696559480, "d": ["acmeair-flightservice", 13002]}, {"t": 1696559480, "d": ["acmeair-customer-db", 7105]}, {"t": 1696559480, "d": ["acmeair-customerservice", 3273]}, {"t": 1696559480, "d": ["acmeair-bookingservice", 2305]}, {"t": 1696559480, "d": ["acmeair-booking-db", 967]}, {"t": 1696559480, "d": ["acmeair-authservice", 500]}, {"t": 1696559480, "d": ["acmeair-flight-db", 112]}, {"t": 1696559480, "d": ["acmeair-mainservice", 0]}, {"t": 1696559490, "d": ["acmeair-flightservice", 14937]}, {"t": 1696559490, "d": ["acmeair-customer-db", 5338]}, {"t": 1696559490, "d": ["acmeair-customerservice", 3695]}, {"t": 1696559490, "d": ["acmeair-bookingservice", 4226]}, {"t": 1696559490, "d": ["acmeair-booking-db", 1528]}, {"t": 1696559490, "d": ["acmeair-authservice", 312]}, {"t": 1696559490, "d": ["acmeair-flight-db", 126]}, {"t": 1696559490, "d": ["acmeair-mainservice", 0]}, {"t": 1696559500, "d": ["acmeair-flightservice", 11883]}, {"t": 1696559500, "d": ["acmeair-customer-db", 6389]}, {"t": 1696559500, "d": ["acmeair-customerservice", 4068]}, {"t": 1696559500, "d": ["acmeair-bookingservice", 3622]}, {"t": 1696559500, "d": ["acmeair-booking-db", 1678]}, {"t": 1696559500, "d": ["acmeair-authservice", 357]}, {"t": 1696559500, "d": ["acmeair-flight-db", 98]}, {"t": 1696559500, "d": ["acmeair-mainservice", 0]}, {"t": 1696559510, "d": ["acmeair-flightservice", 13633]}, {"t": 1696559510, "d": ["acmeair-customer-db", 7341]}, {"t": 1696559510, "d": ["acmeair-customerservice", 3919]}, {"t": 1696559510, "d": ["acmeair-bookingservice", 3016]}, {"t": 1696559510, "d": ["acmeair-booking-db", 1634]}, {"t": 1696559510, "d": ["acmeair-authservice", 278]}, {"t": 1696559510, "d": ["acmeair-flight-db", 126]}, {"t": 1696559510, "d": ["acmeair-mainservice", 0]}, {"t": 1696559520, "d": ["acmeair-flightservice", 12777]}, {"t": 1696559520, "d": ["acmeair-customer-db", 7349]}, {"t": 1696559520, "d": ["acmeair-customerservice", 3861]}, {"t": 1696559520, "d": ["acmeair-bookingservice", 3080]}, {"t": 1696559520, "d": ["acmeair-booking-db", 1655]}, {"t": 1696559520, "d": ["acmeair-authservice", 313]}, {"t": 1696559520, "d": ["acmeair-flight-db", 98]}, {"t": 1696559520, "d": ["acmeair-mainservice", 0]}, {"t": 1696559530, "d": ["acmeair-flightservice", 12378]}, {"t": 1696559530, "d": ["acmeair-customer-db", 7029]}, {"t": 1696559530, "d": ["acmeair-customerservice", 4370]}, {"t": 1696559530, "d": ["acmeair-bookingservice", 3628]}, {"t": 1696559530, "d": ["acmeair-booking-db", 1937]}, {"t": 1696559530, "d": ["acmeair-authservice", 371]}, {"t": 1696559530, "d": ["acmeair-flight-db", 83]}, {"t": 1696559530, "d": ["acmeair-mainservice", 0]}, {"t": 1696559540, "d": ["acmeair-flightservice", 13903]}, {"t": 1696559540, "d": ["acmeair-customer-db", 7064]}, {"t": 1696559540, "d": ["acmeair-customerservice", 4455]}, {"t": 1696559540, "d": ["acmeair-bookingservice", 3812]}, {"t": 1696559540, "d": ["acmeair-booking-db", 1875]}, {"t": 1696559540, "d": ["acmeair-authservice", 361]}, {"t": 1696559540, "d": ["acmeair-flight-db", 126]}, {"t": 1696559540, "d": ["acmeair-mainservice", 0]}, {"t": 1696559550, "d": ["acmeair-flightservice", 14250]}, {"t": 1696559550, "d": ["acmeair-customer-db", 8031]}, {"t": 1696559550, "d": ["acmeair-customerservice", 3811]}, {"t": 1696559550, "d": ["acmeair-bookingservice", 2581]}, {"t": 1696559550, "d": ["acmeair-booking-db", 1601]}, {"t": 1696559550, "d": ["acmeair-authservice", 328]}, {"t": 1696559550, "d": ["acmeair-flight-db", 55]}, {"t": 1696559550, "d": ["acmeair-mainservice", 0]}, {"t": 1696559560, "d": ["acmeair-flightservice", 11837]}, {"t": 1696559560, "d": ["acmeair-customer-db", 5776]}, {"t": 1696559560, "d": ["acmeair-customerservice", 4634]}, {"t": 1696559560, "d": ["acmeair-bookingservice", 3786]}, {"t": 1696559560, "d": ["acmeair-booking-db", 2013]}, {"t": 1696559560, "d": ["acmeair-authservice", 384]}, {"t": 1696559560, "d": ["acmeair-flight-db", 56]}, {"t": 1696559560, "d": ["acmeair-mainservice", 0]}, {"t": 1696559570, "d": ["acmeair-flightservice", 14941]}, {"t": 1696559570, "d": ["acmeair-customer-db", 6971]}, {"t": 1696559570, "d": ["acmeair-customerservice", 3274]}, {"t": 1696559570, "d": ["acmeair-bookingservice", 2258]}, {"t": 1696559570, "d": ["acmeair-booking-db", 1454]}, {"t": 1696559570, "d": ["acmeair-authservice", 272]}, {"t": 1696559570, "d": ["acmeair-flight-db", 126]}, {"t": 1696559570, "d": ["acmeair-mainservice", 0]}, {"t": 1696559580, "d": ["acmeair-flightservice", 10733]}, {"t": 1696559580, "d": ["acmeair-customer-db", 5164]}, {"t": 1696559580, "d": ["acmeair-customerservice", 4494]}, {"t": 1696559580, "d": ["acmeair-bookingservice", 3813]}, {"t": 1696559580, "d": ["acmeair-booking-db", 1842]}, {"t": 1696559580, "d": ["acmeair-authservice", 394]}, {"t": 1696559580, "d": ["acmeair-flight-db", 140]}, {"t": 1696559580, "d": ["acmeair-mainservice", 0]}, {"t": 1696559590, "d": ["acmeair-flightservice", 14659]}, {"t": 1696559590, "d": ["acmeair-customer-db", 7860]}, {"t": 1696559590, "d": ["acmeair-customerservice", 3909]}, {"t": 1696559590, "d": ["acmeair-bookingservice", 2809]}, {"t": 1696559590, "d": ["acmeair-booking-db", 1746]}, {"t": 1696559590, "d": ["acmeair-authservice", 307]}, {"t": 1696559590, "d": ["acmeair-flight-db", 126]}, {"t": 1696559590, "d": ["acmeair-mainservice", 0]}, {"t": 1696559600, "d": ["acmeair-flightservice", 12301]}, {"t": 1696559600, "d": ["acmeair-customer-db", 7581]}, {"t": 1696559600, "d": ["acmeair-customerservice", 3735]}, {"t": 1696559600, "d": ["acmeair-bookingservice", 2719]}, {"t": 1696559600, "d": ["acmeair-booking-db", 1584]}, {"t": 1696559600, "d": ["acmeair-authservice", 317]}, {"t": 1696559600, "d": ["acmeair-flight-db", 126]}, {"t": 1696559600, "d": ["acmeair-mainservice", 0]}, {"t": 1696559610, "d": ["acmeair-flightservice", 12065]}, {"t": 1696559610, "d": ["acmeair-customer-db", 6110]}, {"t": 1696559610, "d": ["acmeair-customerservice", 4120]}, {"t": 1696559610, "d": ["acmeair-bookingservice", 3091]}, {"t": 1696559610, "d": ["acmeair-booking-db", 1754]}, {"t": 1696559610, "d": ["acmeair-authservice", 332]}, {"t": 1696559610, "d": ["acmeair-flight-db", 138]}, {"t": 1696559610, "d": ["acmeair-mainservice", 0]}, {"t": 1696559620, "d": ["acmeair-flightservice", 13193]}, {"t": 1696559620, "d": ["acmeair-customer-db", 6925]}, {"t": 1696559620, "d": ["acmeair-customerservice", 3473]}, {"t": 1696559620, "d": ["acmeair-bookingservice", 2638]}, {"t": 1696559620, "d": ["acmeair-booking-db", 1638]}, {"t": 1696559620, "d": ["acmeair-authservice", 312]}, {"t": 1696559620, "d": ["acmeair-flight-db", 114]}, {"t": 1696559620, "d": ["acmeair-mainservice", 0]}, {"t": 1696559630, "d": ["acmeair-flightservice", 11809]}, {"t": 1696559630, "d": ["acmeair-customer-db", 6811]}, {"t": 1696559630, "d": ["acmeair-customerservice", 4146]}, {"t": 1696559630, "d": ["acmeair-bookingservice", 3468]}, {"t": 1696559630, "d": ["acmeair-booking-db", 1755]}, {"t": 1696559630, "d": ["acmeair-authservice", 347]}, {"t": 1696559630, "d": ["acmeair-flight-db", 112]}, {"t": 1696559630, "d": ["acmeair-mainservice", 0]}, {"t": 1696559640, "d": ["acmeair-flightservice", 13210]}, {"t": 1696559640, "d": ["acmeair-customer-db", 8269]}, {"t": 1696559640, "d": ["acmeair-customerservice", 3845]}, {"t": 1696559640, "d": ["acmeair-bookingservice", 2958]}, {"t": 1696559640, "d": ["acmeair-booking-db", 1715]}, {"t": 1696559640, "d": ["acmeair-authservice", 315]}, {"t": 1696559640, "d": ["acmeair-flight-db", 112]}, {"t": 1696559640, "d": ["acmeair-mainservice", 0]}, {"t": 1696559650, "d": ["acmeair-flightservice", 12581]}, {"t": 1696559650, "d": ["acmeair-customer-db", 6276]}, {"t": 1696559650, "d": ["acmeair-customerservice", 4077]}, {"t": 1696559650, "d": ["acmeair-bookingservice", 3169]}, {"t": 1696559650, "d": ["acmeair-booking-db", 1746]}, {"t": 1696559650, "d": ["acmeair-authservice", 324]}, {"t": 1696559650, "d": ["acmeair-flight-db", 112]}, {"t": 1696559650, "d": ["acmeair-mainservice", 0]}, {"t": 1696559660, "d": ["acmeair-flightservice", 13034]}, {"t": 1696559660, "d": ["acmeair-customer-db", 6786]}, {"t": 1696559660, "d": ["acmeair-customerservice", 4003]}, {"t": 1696559660, "d": ["acmeair-bookingservice", 3210]}, {"t": 1696559660, "d": ["acmeair-booking-db", 1767]}, {"t": 1696559660, "d": ["acmeair-authservice", 297]}, {"t": 1696559660, "d": ["acmeair-flight-db", 112]}, {"t": 1696559660, "d": ["acmeair-mainservice", 0]}, {"t": 1696559670, "d": ["acmeair-flightservice", 13204]}, {"t": 1696559670, "d": ["acmeair-customer-db", 6720]}, {"t": 1696559670, "d": ["acmeair-customerservice", 4020]}, {"t": 1696559670, "d": ["acmeair-bookingservice", 3042]}, {"t": 1696559670, "d": ["acmeair-booking-db", 1600]}, {"t": 1696559670, "d": ["acmeair-authservice", 328]}, {"t": 1696559670, "d": ["acmeair-flight-db", 98]}, {"t": 1696559670, "d": ["acmeair-mainservice", 0]}, {"t": 1696559680, "d": ["acmeair-flightservice", 12402]}, {"t": 1696559680, "d": ["acmeair-customer-db", 6622]}, {"t": 1696559680, "d": ["acmeair-customerservice", 4194]}, {"t": 1696559680, "d": ["acmeair-bookingservice", 3162]}, {"t": 1696559680, "d": ["acmeair-booking-db", 1819]}, {"t": 1696559680, "d": ["acmeair-authservice", 328]}, {"t": 1696559680, "d": ["acmeair-flight-db", 112]}, {"t": 1696559680, "d": ["acmeair-mainservice", 0]}, {"t": 1696559690, "d": ["acmeair-flightservice", 13066]}, {"t": 1696559690, "d": ["acmeair-customer-db", 7040]}, {"t": 1696559690, "d": ["acmeair-customerservice", 2437]}, {"t": 1696559690, "d": ["acmeair-bookingservice", 1619]}, {"t": 1696559690, "d": ["acmeair-booking-db", 1117]}, {"t": 1696559690, "d": ["acmeair-authservice", 214]}, {"t": 1696559690, "d": ["acmeair-flight-db", 126]}, {"t": 1696559690, "d": ["acmeair-mainservice", 0]}, {"t": 1696559700, "d": ["acmeair-flightservice", 8570]}, {"t": 1696559700, "d": ["acmeair-customer-db", 3842]}, {"t": 1696559700, "d": ["acmeair-customerservice", 3829]}, {"t": 1696559700, "d": ["acmeair-bookingservice", 3189]}, {"t": 1696559700, "d": ["acmeair-booking-db", 1694]}, {"t": 1696559700, "d": ["acmeair-authservice", 318]}, {"t": 1696559700, "d": ["acmeair-flight-db", 140]}, {"t": 1696559700, "d": ["acmeair-mainservice", 0]}, {"t": 1696559710, "d": ["acmeair-flightservice", 12401]}, {"t": 1696559710, "d": ["acmeair-customer-db", 5845]}, {"t": 1696559710, "d": ["acmeair-customerservice", 3738]}, {"t": 1696559710, "d": ["acmeair-bookingservice", 2674]}, {"t": 1696559710, "d": ["acmeair-booking-db", 1610]}, {"t": 1696559710, "d": ["acmeair-authservice", 253]}, {"t": 1696559710, "d": ["acmeair-flight-db", 126]}, {"t": 1696559710, "d": ["acmeair-mainservice", 0]}, {"t": 1696559720, "d": ["acmeair-flightservice", 11587]}, {"t": 1696559720, "d": ["acmeair-customer-db", 5891]}, {"t": 1696559720, "d": ["acmeair-customerservice", 4046]}, {"t": 1696559720, "d": ["acmeair-bookingservice", 3584]}, {"t": 1696559720, "d": ["acmeair-booking-db", 1800]}, {"t": 1696559720, "d": ["acmeair-authservice", 333]}, {"t": 1696559720, "d": ["acmeair-flight-db", 112]}, {"t": 1696559720, "d": ["acmeair-mainservice", 0]}, {"t": 1696559730, "d": ["acmeair-flightservice", 13192]}, {"t": 1696559730, "d": ["acmeair-customer-db", 6374]}, {"t": 1696559730, "d": ["acmeair-customerservice", 4359]}, {"t": 1696559730, "d": ["acmeair-bookingservice", 3417]}, {"t": 1696559730, "d": ["acmeair-booking-db", 1771]}, {"t": 1696559730, "d": ["acmeair-authservice", 337]}, {"t": 1696559730, "d": ["acmeair-flight-db", 112]}, {"t": 1696559730, "d": ["acmeair-mainservice", 0]}, {"t": 1696559740, "d": ["acmeair-flightservice", 13643]}, {"t": 1696559740, "d": ["acmeair-customer-db", 6449]}, {"t": 1696559740, "d": ["acmeair-customerservice", 4007]}, {"t": 1696559740, "d": ["acmeair-bookingservice", 3007]}, {"t": 1696559740, "d": ["acmeair-booking-db", 1683]}, {"t": 1696559740, "d": ["acmeair-authservice", 288]}, {"t": 1696559740, "d": ["acmeair-flight-db", 113]}, {"t": 1696559740, "d": ["acmeair-mainservice", 0]}, {"t": 1696559750, "d": ["acmeair-flightservice", 12907]}, {"t": 1696559750, "d": ["acmeair-customer-db", 6438]}, {"t": 1696559750, "d": ["acmeair-customerservice", 3444]}, {"t": 1696559750, "d": ["acmeair-bookingservice", 2568]}, {"t": 1696559750, "d": ["acmeair-booking-db", 1395]}, {"t": 1696559750, "d": ["acmeair-authservice", 288]}, {"t": 1696559750, "d": ["acmeair-flight-db", 125]}, {"t": 1696559750, "d": ["acmeair-mainservice", 0]}, {"t": 1696559760, "d": ["acmeair-flightservice", 11773]}, {"t": 1696559760, "d": ["acmeair-customer-db", 5606]}, {"t": 1696559760, "d": ["acmeair-customerservice", 4001]}, {"t": 1696559760, "d": ["acmeair-bookingservice", 3361]}, {"t": 1696559760, "d": ["acmeair-booking-db", 1742]}, {"t": 1696559760, "d": ["acmeair-authservice", 302]}, {"t": 1696559760, "d": ["acmeair-flight-db", 126]}, {"t": 1696559760, "d": ["acmeair-mainservice", 0]}, {"t": 1696559770, "d": ["acmeair-flightservice", 12772]}, {"t": 1696559770, "d": ["acmeair-customer-db", 6216]}, {"t": 1696559770, "d": ["acmeair-customerservice", 3909]}, {"t": 1696559770, "d": ["acmeair-bookingservice", 3186]}, {"t": 1696559770, "d": ["acmeair-booking-db", 1675]}, {"t": 1696559770, "d": ["acmeair-authservice", 287]}, {"t": 1696559770, "d": ["acmeair-flight-db", 98]}, {"t": 1696559770, "d": ["acmeair-mainservice", 0]}, {"t": 1696559780, "d": ["acmeair-flightservice", 12188]}, {"t": 1696559780, "d": ["acmeair-customer-db", 5364]}, {"t": 1696559780, "d": ["acmeair-customerservice", 4144]}, {"t": 1696559780, "d": ["acmeair-bookingservice", 3502]}, {"t": 1696559780, "d": ["acmeair-booking-db", 1682]}, {"t": 1696559780, "d": ["acmeair-authservice", 347]}, {"t": 1696559780, "d": ["acmeair-flight-db", 112]}, {"t": 1696559780, "d": ["acmeair-mainservice", 0]}, {"t": 1696559790, "d": ["acmeair-flightservice", 13301]}, {"t": 1696559790, "d": ["acmeair-customer-db", 6213]}, {"t": 1696559790, "d": ["acmeair-customerservice", 3905]}, {"t": 1696559790, "d": ["acmeair-bookingservice", 3051]}, {"t": 1696559790, "d": ["acmeair-booking-db", 1689]}, {"t": 1696559790, "d": ["acmeair-authservice", 316]}, {"t": 1696559790, "d": ["acmeair-flight-db", 112]}, {"t": 1696559790, "d": ["acmeair-mainservice", 0]}, {"t": 1696559800, "d": ["acmeair-flightservice", 12742]}, {"t": 1696559800, "d": ["acmeair-customer-db", 5836]}, {"t": 1696559800, "d": ["acmeair-customerservice", 4130]}, {"t": 1696559800, "d": ["acmeair-bookingservice", 3124]}, {"t": 1696559800, "d": ["acmeair-booking-db", 1636]}, {"t": 1696559800, "d": ["acmeair-authservice", 321]}, {"t": 1696559800, "d": ["acmeair-flight-db", 112]}, {"t": 1696559800, "d": ["acmeair-mainservice", 0]}, {"t": 1696559810, "d": ["acmeair-flightservice", 12939]}, {"t": 1696559810, "d": ["acmeair-customer-db", 6470]}, {"t": 1696559810, "d": ["acmeair-customerservice", 3447]}, {"t": 1696559810, "d": ["acmeair-bookingservice", 2548]}, {"t": 1696559810, "d": ["acmeair-booking-db", 1495]}, {"t": 1696559810, "d": ["acmeair-authservice", 285]}, {"t": 1696559810, "d": ["acmeair-flight-db", 126]}, {"t": 1696559810, "d": ["acmeair-mainservice", 0]}, {"t": 1696559820, "d": ["acmeair-flightservice", 11310]}, {"t": 1696559820, "d": ["acmeair-customer-db", 5794]}, {"t": 1696559820, "d": ["acmeair-customerservice", 3853]}, {"t": 1696559820, "d": ["acmeair-bookingservice", 2815]}, {"t": 1696559820, "d": ["acmeair-booking-db", 1634]}, {"t": 1696559820, "d": ["acmeair-authservice", 309]}, {"t": 1696559820, "d": ["acmeair-flight-db", 126]}, {"t": 1696559820, "d": ["acmeair-mainservice", 0]}, {"t": 1696559830, "d": ["acmeair-flightservice", 12272]}, {"t": 1696559830, "d": ["acmeair-customer-db", 6442]}, {"t": 1696559830, "d": ["acmeair-customerservice", 3552]}, {"t": 1696559830, "d": ["acmeair-bookingservice", 2746]}, {"t": 1696559830, "d": ["acmeair-booking-db", 1615]}, {"t": 1696559830, "d": ["acmeair-authservice", 294]}, {"t": 1696559830, "d": ["acmeair-flight-db", 112]}, {"t": 1696559830, "d": ["acmeair-mainservice", 0]}, {"t": 1696559840, "d": ["acmeair-flightservice", 11305]}, {"t": 1696559840, "d": ["acmeair-customer-db", 6489]}, {"t": 1696559840, "d": ["acmeair-customerservice", 3587]}, {"t": 1696559840, "d": ["acmeair-bookingservice", 2793]}, {"t": 1696559840, "d": ["acmeair-booking-db", 1412]}, {"t": 1696559840, "d": ["acmeair-authservice", 321]}, {"t": 1696559840, "d": ["acmeair-flight-db", 140]}, {"t": 1696559840, "d": ["acmeair-mainservice", 0]}, {"t": 1696559850, "d": ["acmeair-flightservice", 11429]}, {"t": 1696559850, "d": ["acmeair-customer-db", 5896]}, {"t": 1696559850, "d": ["acmeair-customerservice", 3368]}, {"t": 1696559850, "d": ["acmeair-bookingservice", 2278]}, {"t": 1696559850, "d": ["acmeair-booking-db", 1478]}, {"t": 1696559850, "d": ["acmeair-authservice", 186]}, {"t": 1696559850, "d": ["acmeair-flight-db", 42]}, {"t": 1696559850, "d": ["acmeair-mainservice", 0]}, {"t": 1696559860, "d": ["acmeair-flightservice", 10784]}, {"t": 1696559860, "d": ["acmeair-customer-db", 6356]}, {"t": 1696559860, "d": ["acmeair-customerservice", 5051]}, {"t": 1696559860, "d": ["acmeair-bookingservice", 5485]}, {"t": 1696559860, "d": ["acmeair-booking-db", 2267]}, {"t": 1696559860, "d": ["acmeair-authservice", 65]}, {"t": 1696559860, "d": ["acmeair-flight-db", 126]}, {"t": 1696559860, "d": ["acmeair-mainservice", 0]}, {"t": 1696559870, "d": ["acmeair-flightservice", 16111]}, {"t": 1696559870, "d": ["acmeair-customer-db", 10194]}, {"t": 1696559870, "d": ["acmeair-customerservice", 3204]}, {"t": 1696559870, "d": ["acmeair-bookingservice", 3059]}, {"t": 1696559870, "d": ["acmeair-booking-db", 1505]}, {"t": 1696559870, "d": ["acmeair-authservice", 157]}, {"t": 1696559870, "d": ["acmeair-flight-db", 126]}, {"t": 1696559870, "d": ["acmeair-mainservice", 0]}, {"t": 1696559880, "d": ["acmeair-flightservice", 11775]}, {"t": 1696559880, "d": ["acmeair-customer-db", 5560]}, {"t": 1696559880, "d": ["acmeair-customerservice", 4368]}, {"t": 1696559880, "d": ["acmeair-bookingservice", 3958]}, {"t": 1696559880, "d": ["acmeair-booking-db", 1764]}, {"t": 1696559880, "d": ["acmeair-authservice", 319]}, {"t": 1696559880, "d": ["acmeair-flight-db", 126]}, {"t": 1696559880, "d": ["acmeair-mainservice", 0]}, {"t": 1696559890, "d": ["acmeair-flightservice", 13680]}, {"t": 1696559890, "d": ["acmeair-customer-db", 6550]}, {"t": 1696559890, "d": ["acmeair-customerservice", 4404]}, {"t": 1696559890, "d": ["acmeair-bookingservice", 4598]}, {"t": 1696559890, "d": ["acmeair-booking-db", 2084]}, {"t": 1696559890, "d": ["acmeair-authservice", 379]}, {"t": 1696559890, "d": ["acmeair-flight-db", 112]}, {"t": 1696559890, "d": ["acmeair-mainservice", 0]}, {"t": 1696559900, "d": ["acmeair-flightservice", 14299]}, {"t": 1696559900, "d": ["acmeair-customer-db", 6717]}, {"t": 1696559900, "d": ["acmeair-customerservice", 3757]}, {"t": 1696559900, "d": ["acmeair-bookingservice", 4359]}, {"t": 1696559900, "d": ["acmeair-booking-db", 1382]}, {"t": 1696559900, "d": ["acmeair-authservice", 318]}, {"t": 1696559900, "d": ["acmeair-flight-db", 126]}, {"t": 1696559900, "d": ["acmeair-mainservice", 0]}, {"t": 1696559910, "d": ["acmeair-flightservice", 12257]}, {"t": 1696559910, "d": ["acmeair-customer-db", 6044]}, {"t": 1696559910, "d": ["acmeair-customerservice", 4176]}, {"t": 1696559910, "d": ["acmeair-bookingservice", 4942]}, {"t": 1696559910, "d": ["acmeair-booking-db", 1394]}, {"t": 1696559910, "d": ["acmeair-authservice", 359]}, {"t": 1696559910, "d": ["acmeair-flight-db", 112]}, {"t": 1696559910, "d": ["acmeair-mainservice", 0]}, {"t": 1696559920, "d": ["acmeair-flightservice", 13585]}, {"t": 1696559920, "d": ["acmeair-customer-db", 7612]}, {"t": 1696559920, "d": ["acmeair-customerservice", 4163]}, {"t": 1696559920, "d": ["acmeair-bookingservice", 5098]}, {"t": 1696559920, "d": ["acmeair-booking-db", 1858]}, {"t": 1696559920, "d": ["acmeair-authservice", 362]}, {"t": 1696559920, "d": ["acmeair-flight-db", 126]}, {"t": 1696559920, "d": ["acmeair-mainservice", 0]}, {"t": 1696559930, "d": ["acmeair-flightservice", 13463]}, {"t": 1696559930, "d": ["acmeair-customer-db", 7549]}, {"t": 1696559930, "d": ["acmeair-customerservice", 3347]}, {"t": 1696559930, "d": ["acmeair-bookingservice", 4036]}, {"t": 1696559930, "d": ["acmeair-booking-db", 1328]}, {"t": 1696559930, "d": ["acmeair-authservice", 269]}, {"t": 1696559930, "d": ["acmeair-flight-db", 140]}, {"t": 1696559930, "d": ["acmeair-mainservice", 0]}, {"t": 1696559940, "d": ["acmeair-flightservice", 10899]}, {"t": 1696559940, "d": ["acmeair-customer-db", 6114]}, {"t": 1696559940, "d": ["acmeair-customerservice", 4305]}, {"t": 1696559940, "d": ["acmeair-bookingservice", 5170]}, {"t": 1696559940, "d": ["acmeair-booking-db", 1607]}, {"t": 1696559940, "d": ["acmeair-authservice", 385]}, {"t": 1696559940, "d": ["acmeair-flight-db", 112]}, {"t": 1696559940, "d": ["acmeair-mainservice", 0]}, {"t": 1696559950, "d": ["acmeair-flightservice", 13894]}, {"t": 1696559950, "d": ["acmeair-customer-db", 7580]}, {"t": 1696559950, "d": ["acmeair-customerservice", 3199]}, {"t": 1696559950, "d": ["acmeair-bookingservice", 4044]}, {"t": 1696559950, "d": ["acmeair-booking-db", 1381]}, {"t": 1696559950, "d": ["acmeair-authservice", 288]}, {"t": 1696559950, "d": ["acmeair-flight-db", 112]}, {"t": 1696559950, "d": ["acmeair-mainservice", 0]}, {"t": 1696559960, "d": ["acmeair-flightservice", 10741]}, {"t": 1696559960, "d": ["acmeair-customer-db", 5347]}, {"t": 1696559960, "d": ["acmeair-customerservice", 3603]}, {"t": 1696559960, "d": ["acmeair-bookingservice", 4238]}, {"t": 1696559960, "d": ["acmeair-booking-db", 1305]}, {"t": 1696559960, "d": ["acmeair-authservice", 316]}, {"t": 1696559960, "d": ["acmeair-flight-db", 126]}, {"t": 1696559960, "d": ["acmeair-mainservice", 0]}, {"t": 1696559970, "d": ["acmeair-flightservice", 11405]}, {"t": 1696559970, "d": ["acmeair-customer-db", 6433]}, {"t": 1696559970, "d": ["acmeair-customerservice", 4063]}, {"t": 1696559970, "d": ["acmeair-bookingservice", 4853]}, {"t": 1696559970, "d": ["acmeair-booking-db", 1697]}, {"t": 1696559970, "d": ["acmeair-authservice", 348]}, {"t": 1696559970, "d": ["acmeair-flight-db", 112]}, {"t": 1696559970, "d": ["acmeair-mainservice", 0]}, {"t": 1696559980, "d": ["acmeair-flightservice", 13254]}, {"t": 1696559980, "d": ["acmeair-customer-db", 7508]}, {"t": 1696559980, "d": ["acmeair-customerservice", 4185]}, {"t": 1696559980, "d": ["acmeair-bookingservice", 5101]}, {"t": 1696559980, "d": ["acmeair-booking-db", 1896]}, {"t": 1696559980, "d": ["acmeair-authservice", 371]}, {"t": 1696559980, "d": ["acmeair-flight-db", 126]}, {"t": 1696559980, "d": ["acmeair-mainservice", 0]}, {"t": 1696559990, "d": ["acmeair-flightservice", 13802]}, {"t": 1696559990, "d": ["acmeair-customer-db", 7500]}, {"t": 1696559990, "d": ["acmeair-customerservice", 3919]}, {"t": 1696559990, "d": ["acmeair-bookingservice", 4825]}, {"t": 1696559990, "d": ["acmeair-booking-db", 1850]}, {"t": 1696559990, "d": ["acmeair-authservice", 312]}, {"t": 1696559990, "d": ["acmeair-flight-db", 126]}, {"t": 1696559990, "d": ["acmeair-mainservice", 0]}, {"t": 1696560000, "d": ["acmeair-flightservice", 12965]}, {"t": 1696560000, "d": ["acmeair-customer-db", 7436]}, {"t": 1696560000, "d": ["acmeair-customerservice", 3278]}, {"t": 1696560000, "d": ["acmeair-bookingservice", 4051]}, {"t": 1696560000, "d": ["acmeair-booking-db", 1577]}, {"t": 1696560000, "d": ["acmeair-authservice", 271]}, {"t": 1696560000, "d": ["acmeair-flight-db", 126]}, {"t": 1696560000, "d": ["acmeair-mainservice", 0]}, {"t": 1696560010, "d": ["acmeair-flightservice", 10959]}, {"t": 1696560010, "d": ["acmeair-customer-db", 6028]}, {"t": 1696560010, "d": ["acmeair-customerservice", 2133]}, {"t": 1696560010, "d": ["acmeair-bookingservice", 2550]}, {"t": 1696560010, "d": ["acmeair-booking-db", 1056]}, {"t": 1696560010, "d": ["acmeair-authservice", 139]}, {"t": 1696560010, "d": ["acmeair-flight-db", 112]}, {"t": 1696560010, "d": ["acmeair-mainservice", 0]}, {"t": 1696560020, "d": ["acmeair-flightservice", 7351]}, {"t": 1696560020, "d": ["acmeair-customer-db", 4250]}, {"t": 1696560020, "d": ["acmeair-customerservice", 2143]}, {"t": 1696560020, "d": ["acmeair-bookingservice", 2782]}, {"t": 1696560020, "d": ["acmeair-booking-db", 1171]}, {"t": 1696560020, "d": ["acmeair-authservice", 195]}, {"t": 1696560020, "d": ["acmeair-flight-db", 112]}, {"t": 1696560020, "d": ["acmeair-mainservice", 0]}, {"t": 1696560030, "d": ["acmeair-flightservice", 7987]}, {"t": 1696560030, "d": ["acmeair-customer-db", 4148]}, {"t": 1696560030, "d": ["acmeair-customerservice", 2449]}, {"t": 1696560030, "d": ["acmeair-bookingservice", 2883]}, {"t": 1696560030, "d": ["acmeair-booking-db", 1019]}, {"t": 1696560030, "d": ["acmeair-authservice", 211]}, {"t": 1696560030, "d": ["acmeair-flight-db", 112]}, {"t": 1696560030, "d": ["acmeair-mainservice", 0]}, {"t": 1696560040, "d": ["acmeair-flightservice", 8233]}, {"t": 1696560040, "d": ["acmeair-customer-db", 4936]}, {"t": 1696560040, "d": ["acmeair-customerservice", 2317]}, {"t": 1696560040, "d": ["acmeair-bookingservice", 2861]}, {"t": 1696560040, "d": ["acmeair-booking-db", 1102]}, {"t": 1696560040, "d": ["acmeair-authservice", 176]}, {"t": 1696560040, "d": ["acmeair-flight-db", 84]}, {"t": 1696560040, "d": ["acmeair-mainservice", 0]}, {"t": 1696560050, "d": ["acmeair-flightservice", 7590]}, {"t": 1696560050, "d": ["acmeair-customer-db", 4268]}, {"t": 1696560050, "d": ["acmeair-customerservice", 2734]}, {"t": 1696560050, "d": ["acmeair-bookingservice", 3255]}, {"t": 1696560050, "d": ["acmeair-booking-db", 1446]}, {"t": 1696560050, "d": ["acmeair-authservice", 214]}, {"t": 1696560050, "d": ["acmeair-flight-db", 70]}, {"t": 1696560050, "d": ["acmeair-mainservice", 0]}, {"t": 1696560060, "d": ["acmeair-flightservice", 9069]}, {"t": 1696560060, "d": ["acmeair-customer-db", 5013]}, {"t": 1696560060, "d": ["acmeair-customerservice", 2472]}, {"t": 1696560060, "d": ["acmeair-bookingservice", 3118]}, {"t": 1696560060, "d": ["acmeair-booking-db", 1196]}, {"t": 1696560060, "d": ["acmeair-authservice", 206]}, {"t": 1696560060, "d": ["acmeair-flight-db", 98]}, {"t": 1696560060, "d": ["acmeair-mainservice", 0]}, {"t": 1696560070, "d": ["acmeair-flightservice", 8238]}, {"t": 1696560070, "d": ["acmeair-customer-db", 4347]}, {"t": 1696560070, "d": ["acmeair-customerservice", 2583]}, {"t": 1696560070, "d": ["acmeair-bookingservice", 3255]}, {"t": 1696560070, "d": ["acmeair-booking-db", 1163]}, {"t": 1696560070, "d": ["acmeair-authservice", 202]}, {"t": 1696560070, "d": ["acmeair-flight-db", 126]}, {"t": 1696560070, "d": ["acmeair-mainservice", 0]}], "start": 1696559470, "end": 1696560070}