{"data": [{"t": 1696559480, "d": ["acmeair-bookingservice", 1438]}, {"t": 1696559480, "d": ["acmeair-customerservice", 210]}, {"t": 1696559480, "d": ["acmeair-authservice", 100]}, {"t": 1696559490, "d": ["acmeair-bookingservice", 1900]}, {"t": 1696559490, "d": ["acmeair-customerservice", 210]}, {"t": 1696559490, "d": ["acmeair-authservice", 100]}, {"t": 1696559500, "d": ["acmeair-bookingservice", 1884]}, {"t": 1696559500, "d": ["acmeair-customerservice", 210]}, {"t": 1696559500, "d": ["acmeair-authservice", 100]}, {"t": 1696559510, "d": ["acmeair-bookingservice", 1860]}, {"t": 1696559510, "d": ["acmeair-customerservice", 210]}, {"t": 1696559510, "d": ["acmeair-authservice", 100]}, {"t": 1696559520, "d": ["acmeair-bookingservice", 1860]}, {"t": 1696559520, "d": ["acmeair-customerservice", 210]}, {"t": 1696559520, "d": ["acmeair-authservice", 100]}, {"t": 1696559530, "d": ["acmeair-bookingservice", 1860]}, {"t": 1696559530, "d": ["acmeair-customerservice", 210]}, {"t": 1696559530, "d": ["acmeair-authservice", 102]}, {"t": 1696559540, "d": ["acmeair-bookingservice", 1857]}, {"t": 1696559540, "d": ["acmeair-customerservice", 202]}, {"t": 1696559540, "d": ["acmeair-authservice", 100]}, {"t": 1696559550, "d": ["acmeair-bookingservice", 1850]}, {"t": 1696559550, "d": ["acmeair-customerservice", 200]}, {"t": 1696559550, "d": ["acmeair-authservice", 100]}, {"t": 1696559560, "d": ["acmeair-bookingservice", 1850]}, {"t": 1696559560, "d": ["acmeair-customerservice", 200]}, {"t": 1696559560, "d": ["acmeair-authservice", 100]}, {"t": 1696559570, "d": ["acmeair-bookingservice", 1803]}, {"t": 1696559570, "d": ["acmeair-customerservice", 176]}, {"t": 1696559570, "d": ["acmeair-authservice", 100]}, {"t": 1696559580, "d": ["acmeair-bookingservice", 1780]}, {"t": 1696559580, "d": ["acmeair-customerservice", 170]}, {"t": 1696559580, "d": ["acmeair-authservice", 100]}, {"t": 1696559590, "d": ["acmeair-bookingservice", 1780]}, {"t": 1696559590, "d": ["acmeair-customerservice", 170]}, {"t": 1696559590, "d": ["acmeair-authservice", 100]}, {"t": 1696559600, "d": ["acmeair-bookingservice", 1780]}, {"t": 1696559600, "d": ["acmeair-customerservice", 138]}, {"t": 1696559600, "d": ["acmeair-authservice", 120]}, {"t": 1696559610, "d": ["acmeair-bookingservice", 1757]}, {"t": 1696559610, "d": ["acmeair-customerservice", 130]}, {"t": 1696559610, "d": ["acmeair-authservice", 120]}, {"t": 1696559620, "d": ["acmeair-bookingservice", 1713]}, {"t": 1696559620, "d": ["acmeair-customerservice", 130]}, {"t": 1696559620, "d": ["acmeair-authservice", 120]}, {"t": 1696559630, "d": ["acmeair-bookingservice", 1910]}, {"t": 1696559630, "d": ["acmeair-customerservice", 130]}, {"t": 1696559630, "d": ["acmeair-authservice", 120]}, {"t": 1696559640, "d": ["acmeair-bookingservice", 1910]}, {"t": 1696559640, "d": ["acmeair-customerservice", 130]}, {"t": 1696559640, "d": ["acmeair-authservice", 120]}, {"t": 1696559650, "d": ["acmeair-bookingservice", 1910]}, {"t": 1696559650, "d": ["acmeair-customerservice", 130]}, {"t": 1696559650, "d": ["acmeair-authservice", 120]}, {"t": 1696559660, "d": ["acmeair-bookingservice", 1910]}, {"t": 1696559660, "d": ["acmeair-customerservice", 152]}, {"t": 1696559660, "d": ["acmeair-authservice", 100]}, {"t": 1696559670, "d": ["acmeair-bookingservice", 1910]}, {"t": 1696559670, "d": ["acmeair-customerservice", 170]}, {"t": 1696559670, "d": ["acmeair-authservice", 90]}, {"t": 1696559680, "d": ["acmeair-bookingservice", 1910]}, {"t": 1696559680, "d": ["acmeair-customerservice", 170]}, {"t": 1696559680, "d": ["acmeair-authservice", 90]}, {"t": 1696559690, "d": ["acmeair-bookingservice", 1449]}, {"t": 1696559690, "d": ["acmeair-customerservice", 153]}, {"t": 1696559690, "d": ["acmeair-authservice", 72]}, {"t": 1696559700, "d": ["acmeair-bookingservice", 1770]}, {"t": 1696559700, "d": ["acmeair-customerservice", 170]}, {"t": 1696559700, "d": ["acmeair-authservice", 90]}, {"t": 1696559710, "d": ["acmeair-bookingservice", 1770]}, {"t": 1696559710, "d": ["acmeair-customerservice", 170]}, {"t": 1696559710, "d": ["acmeair-authservice", 90]}, {"t": 1696559720, "d": ["acmeair-bookingservice", 1840]}, {"t": 1696559720, "d": ["acmeair-customerservice", 170]}, {"t": 1696559720, "d": ["acmeair-authservice", 90]}, {"t": 1696559730, "d": ["acmeair-bookingservice", 1840]}, {"t": 1696559730, "d": ["acmeair-customerservice", 170]}, {"t": 1696559730, "d": ["acmeair-authservice", 90]}, {"t": 1696559740, "d": ["acmeair-bookingservice", 1840]}, {"t": 1696559740, "d": ["acmeair-customerservice", 170]}, {"t": 1696559740, "d": ["acmeair-authservice", 90]}, {"t": 1696559750, "d": ["acmeair-bookingservice", 1944]}, {"t": 1696559750, "d": ["acmeair-customerservice", 170]}, {"t": 1696559750, "d": ["acmeair-authservice", 90]}, {"t": 1696559760, "d": ["acmeair-bookingservice", 1940]}, {"t": 1696559760, "d": ["acmeair-customerservice", 170]}, {"t": 1696559760, "d": ["acmeair-authservice", 90]}, {"t": 1696559770, "d": ["acmeair-bookingservice", 1940]}, {"t": 1696559770, "d": ["acmeair-customerservice", 170]}, {"t": 1696559770, "d": ["acmeair-authservice", 90]}, {"t": 1696559780, "d": ["acmeair-bookingservice", 1940]}, {"t": 1696559780, "d": ["acmeair-customerservice", 170]}, {"t": 1696559780, "d": ["acmeair-authservice", 109]}, {"t": 1696559790, "d": ["acmeair-bookingservice", 1940]}, {"t": 1696559790, "d": ["acmeair-customerservice", 170]}, {"t": 1696559790, "d": ["acmeair-authservice", 110]}, {"t": 1696559800, "d": ["acmeair-bookingservice", 1940]}, {"t": 1696559800, "d": ["acmeair-customerservice", 170]}, {"t": 1696559800, "d": ["acmeair-authservice", 110]}, {"t": 1696559810, "d": ["acmeair-bookingservice", 1899]}, {"t": 1696559810, "d": ["acmeair-customerservice", 170]}, {"t": 1696559810, "d": ["acmeair-authservice", 110]}, {"t": 1696559820, "d": ["acmeair-bookingservice", 1890]}, {"t": 1696559820, "d": ["acmeair-customerservice", 170]}, {"t": 1696559820, "d": ["acmeair-authservice", 110]}, {"t": 1696559830, "d": ["acmeair-bookingservice", 1890]}, {"t": 1696559830, "d": ["acmeair-customerservice", 170]}, {"t": 1696559830, "d": ["acmeair-authservice", 110]}, {"t": 1696559840, "d": ["acmeair-bookingservice", 1890]}, {"t": 1696559840, "d": ["acmeair-customerservice", 170]}, {"t": 1696559840, "d": ["acmeair-authservice", 110]}, {"t": 1696559850, "d": ["acmeair-bookingservice", 1895]}, {"t": 1696559850, "d": ["acmeair-customerservice", 170]}, {"t": 1696559850, "d": ["acmeair-authservice", 110]}, {"t": 1696559860, "d": ["acmeair-bookingservice", 1951]}, {"t": 1696559860, "d": ["acmeair-customerservice", 170]}, {"t": 1696559860, "d": ["acmeair-authservice", 110]}, {"t": 1696559870, "d": ["acmeair-bookingservice", 1960]}, {"t": 1696559870, "d": ["acmeair-customerservice", 170]}, {"t": 1696559870, "d": ["acmeair-authservice", 110]}, {"t": 1696559880, "d": ["acmeair-bookingservice", 1960]}, {"t": 1696559880, "d": ["acmeair-customerservice", 170]}, {"t": 1696559880, "d": ["acmeair-authservice", 110]}, {"t": 1696559890, "d": ["acmeair-bookingservice", 1960]}, {"t": 1696559890, "d": ["acmeair-customerservice", 170]}, {"t": 1696559890, "d": ["acmeair-authservice", 110]}, {"t": 1696559900, "d": ["acmeair-bookingservice", 1960]}, {"t": 1696559900, "d": ["acmeair-customerservice", 170]}, {"t": 1696559900, "d": ["acmeair-authservice", 89]}, {"t": 1696559910, "d": ["acmeair-bookingservice", 1960]}, {"t": 1696559910, "d": ["acmeair-customerservice", 170]}, {"t": 1696559910, "d": ["acmeair-authservice", 80]}, {"t": 1696559920, "d": ["acmeair-bookingservice", 1847]}, {"t": 1696559920, "d": ["acmeair-customerservice", 170]}, {"t": 1696559920, "d": ["acmeair-authservice", 80]}, {"t": 1696559930, "d": ["acmeair-bookingservice", 1870]}, {"t": 1696559930, "d": ["acmeair-customerservice", 170]}, {"t": 1696559930, "d": ["acmeair-authservice", 80]}, {"t": 1696559940, "d": ["acmeair-bookingservice", 1870]}, {"t": 1696559940, "d": ["acmeair-customerservice", 170]}, {"t": 1696559940, "d": ["acmeair-authservice", 80]}, {"t": 1696559950, "d": ["acmeair-bookingservice", 1870]}, {"t": 1696559950, "d": ["acmeair-customerservice", 170]}, {"t": 1696559950, "d": ["acmeair-authservice", 80]}, {"t": 1696559960, "d": ["acmeair-bookingservice", 1870]}, {"t": 1696559960, "d": ["acmeair-customerservice", 166]}, {"t": 1696559960, "d": ["acmeair-authservice", 80]}, {"t": 1696559970, "d": ["acmeair-bookingservice", 1870]}, {"t": 1696559970, "d": ["acmeair-customerservice", 130]}, {"t": 1696559970, "d": ["acmeair-authservice", 80]}, {"t": 1696559980, "d": ["acmeair-bookingservice", 1870]}, {"t": 1696559980, "d": ["acmeair-customerservice", 130]}, {"t": 1696559980, "d": ["acmeair-authservice", 80]}, {"t": 1696559990, "d": ["acmeair-bookingservice", 1870]}, {"t": 1696559990, "d": ["acmeair-customerservice", 130]}, {"t": 1696559990, "d": ["acmeair-authservice", 80]}, {"t": 1696560000, "d": ["acmeair-bookingservice", 1833]}, {"t": 1696560000, "d": ["acmeair-customerservice", 130]}, {"t": 1696560000, "d": ["acmeair-authservice", 80]}, {"t": 1696560010, "d": ["acmeair-bookingservice", 1868]}, {"t": 1696560010, "d": ["acmeair-customerservice", 166]}, {"t": 1696560010, "d": ["acmeair-authservice", 80]}, {"t": 1696560020, "d": ["acmeair-bookingservice", 1930]}, {"t": 1696560020, "d": ["acmeair-customerservice", 170]}, {"t": 1696560020, "d": ["acmeair-authservice", 89]}, {"t": 1696560030, "d": ["acmeair-bookingservice", 1930]}, {"t": 1696560030, "d": ["acmeair-customerservice", 170]}, {"t": 1696560030, "d": ["acmeair-authservice", 100]}, {"t": 1696560040, "d": ["acmeair-bookingservice", 1930]}, {"t": 1696560040, "d": ["acmeair-customerservice", 170]}, {"t": 1696560040, "d": ["acmeair-authservice", 100]}, {"t": 1696560050, "d": ["acmeair-bookingservice", 1930]}, {"t": 1696560050, "d": ["acmeair-customerservice", 170]}, {"t": 1696560050, "d": ["acmeair-authservice", 100]}, {"t": 1696560060, "d": ["acmeair-bookingservice", 1837]}, {"t": 1696560060, "d": ["acmeair-customerservice", 170]}, {"t": 1696560060, "d": ["acmeair-authservice", 100]}, {"t": 1696560070, "d": ["acmeair-bookingservice", 1717]}, {"t": 1696560070, "d": ["acmeair-customerservice", 170]}, {"t": 1696560070, "d": ["acmeair-authservice", 100]}], "start": 1696559470, "end": 1696560070}