{"data": [{"t": 1696559480, "d": ["acmeair-bookingservice", 1202077319]}, {"t": 1696559480, "d": ["acmeair-authservice", 117198742]}, {"t": 1696559480, "d": ["acmeair-customerservice", 112568763]}, {"t": 1696559480, "d": ["acmeair-flightservice", 60218649]}, {"t": 1696559480, "d": ["acmeair-mainservice", 25247755]}, {"t": 1696559490, "d": ["acmeair-bookingservice", 1508837003]}, {"t": 1696559490, "d": ["acmeair-authservice", 72489827]}, {"t": 1696559490, "d": ["acmeair-customerservice", 179990898]}, {"t": 1696559490, "d": ["acmeair-flightservice", 79974438]}, {"t": 1696559490, "d": ["acmeair-mainservice", 669825]}, {"t": 1696559500, "d": ["acmeair-bookingservice", 964005607]}, {"t": 1696559500, "d": ["acmeair-authservice", 214125288]}, {"t": 1696559500, "d": ["acmeair-customerservice", 170232134]}, {"t": 1696559500, "d": ["acmeair-flightservice", 59410163]}, {"t": 1696559500, "d": ["acmeair-mainservice", 481059]}, {"t": 1696559510, "d": ["acmeair-bookingservice", 1714944712]}, {"t": 1696559510, "d": ["acmeair-authservice", 209664309]}, {"t": 1696559510, "d": ["acmeair-customerservice", 181222312]}, {"t": 1696559510, "d": ["acmeair-flightservice", 40303953]}, {"t": 1696559510, "d": ["acmeair-mainservice", 427219]}, {"t": 1696559520, "d": ["acmeair-bookingservice", 1411888617]}, {"t": 1696559520, "d": ["acmeair-authservice", 126554072]}, {"t": 1696559520, "d": ["acmeair-customerservice", 115503802]}, {"t": 1696559520, "d": ["acmeair-flightservice", 99477319]}, {"t": 1696559520, "d": ["acmeair-mainservice", 444112]}, {"t": 1696559530, "d": ["acmeair-bookingservice", 1837875670]}, {"t": 1696559530, "d": ["acmeair-authservice", 168785232]}, {"t": 1696559530, "d": ["acmeair-customerservice", 151222712]}, {"t": 1696559530, "d": ["acmeair-flightservice", 23094291]}, {"t": 1696559530, "d": ["acmeair-mainservice", 3020066]}, {"t": 1696559540, "d": ["acmeair-bookingservice", 1615600428]}, {"t": 1696559540, "d": ["acmeair-authservice", 155187228]}, {"t": 1696559540, "d": ["acmeair-customerservice", 122677582]}, {"t": 1696559540, "d": ["acmeair-flightservice", 31021760]}, {"t": 1696559540, "d": ["acmeair-mainservice", 768998]}, {"t": 1696559550, "d": ["acmeair-bookingservice", 2852813111]}, {"t": 1696559550, "d": ["acmeair-authservice", 66868367]}, {"t": 1696559550, "d": ["acmeair-customerservice", 95349549]}, {"t": 1696559550, "d": ["acmeair-flightservice", 47574608]}, {"t": 1696559550, "d": ["acmeair-mainservice", 1351473]}, {"t": 1696559560, "d": ["acmeair-bookingservice", 1980865229]}, {"t": 1696559560, "d": ["acmeair-authservice", 176689556]}, {"t": 1696559560, "d": ["acmeair-customerservice", 151838965]}, {"t": 1696559560, "d": ["acmeair-flightservice", 103226787]}, {"t": 1696559560, "d": ["acmeair-mainservice", 735842]}, {"t": 1696559570, "d": ["acmeair-bookingservice", 2764750879]}, {"t": 1696559570, "d": ["acmeair-authservice", 156681375]}, {"t": 1696559570, "d": ["acmeair-customerservice", 134521791]}, {"t": 1696559570, "d": ["acmeair-flightservice", 180167891]}, {"t": 1696559570, "d": ["acmeair-mainservice", 398859]}, {"t": 1696559580, "d": ["acmeair-bookingservice", 1370431668]}, {"t": 1696559580, "d": ["acmeair-authservice", 136900703]}, {"t": 1696559580, "d": ["acmeair-customerservice", 152951063]}, {"t": 1696559580, "d": ["acmeair-flightservice", 67345375]}, {"t": 1696559580, "d": ["acmeair-mainservice", 4880303]}, {"t": 1696559590, "d": ["acmeair-bookingservice", 1847622533]}, {"t": 1696559590, "d": ["acmeair-authservice", 85716446]}, {"t": 1696559590, "d": ["acmeair-customerservice", 157712771]}, {"t": 1696559590, "d": ["acmeair-flightservice", 60861955]}, {"t": 1696559590, "d": ["acmeair-mainservice", 553260]}, {"t": 1696559600, "d": ["acmeair-bookingservice", 1343014866]}, {"t": 1696559600, "d": ["acmeair-authservice", 221788620]}, {"t": 1696559600, "d": ["acmeair-customerservice", 146012823]}, {"t": 1696559600, "d": ["acmeair-flightservice", 34552424]}, {"t": 1696559600, "d": ["acmeair-mainservice", 12770370]}, {"t": 1696559610, "d": ["acmeair-bookingservice", 1657470775]}, {"t": 1696559610, "d": ["acmeair-authservice", 95535037]}, {"t": 1696559610, "d": ["acmeair-customerservice", 101226610]}, {"t": 1696559610, "d": ["acmeair-flightservice", 45947966]}, {"t": 1696559610, "d": ["acmeair-mainservice", 1450972]}, {"t": 1696559620, "d": ["acmeair-bookingservice", 1350212916]}, {"t": 1696559620, "d": ["acmeair-authservice", 140961619]}, {"t": 1696559620, "d": ["acmeair-customerservice", 149525624]}, {"t": 1696559620, "d": ["acmeair-flightservice", 46521499]}, {"t": 1696559620, "d": ["acmeair-mainservice", 514781]}, {"t": 1696559630, "d": ["acmeair-bookingservice", 1527661028]}, {"t": 1696559630, "d": ["acmeair-authservice", 148259751]}, {"t": 1696559630, "d": ["acmeair-customerservice", 120172173]}, {"t": 1696559630, "d": ["acmeair-flightservice", 27349015]}, {"t": 1696559630, "d": ["acmeair-mainservice", 466508]}, {"t": 1696559640, "d": ["acmeair-bookingservice", 1549671456]}, {"t": 1696559640, "d": ["acmeair-authservice", 156250054]}, {"t": 1696559640, "d": ["acmeair-customerservice", 159594168]}, {"t": 1696559640, "d": ["acmeair-flightservice", 144347816]}, {"t": 1696559640, "d": ["acmeair-mainservice", 546509]}, {"t": 1696559650, "d": ["acmeair-bookingservice", 1525438900]}, {"t": 1696559650, "d": ["acmeair-authservice", 157344553]}, {"t": 1696559650, "d": ["acmeair-customerservice", 148780070]}, {"t": 1696559650, "d": ["acmeair-flightservice", 39546910]}, {"t": 1696559650, "d": ["acmeair-mainservice", 1404652]}, {"t": 1696559660, "d": ["acmeair-bookingservice", 1697463062]}, {"t": 1696559660, "d": ["acmeair-authservice", 169941010]}, {"t": 1696559660, "d": ["acmeair-customerservice", 147038333]}, {"t": 1696559660, "d": ["acmeair-flightservice", 34324403]}, {"t": 1696559660, "d": ["acmeair-mainservice", 657935]}, {"t": 1696559670, "d": ["acmeair-bookingservice", 1242033583]}, {"t": 1696559670, "d": ["acmeair-authservice", 97382839]}, {"t": 1696559670, "d": ["acmeair-customerservice", 107938857]}, {"t": 1696559670, "d": ["acmeair-flightservice", 51715746]}, {"t": 1696559670, "d": ["acmeair-mainservice", 689920]}, {"t": 1696559680, "d": ["acmeair-bookingservice", 1208686264]}, {"t": 1696559680, "d": ["acmeair-authservice", 146364748]}, {"t": 1696559680, "d": ["acmeair-customerservice", 155448788]}, {"t": 1696559680, "d": ["acmeair-flightservice", 51284670]}, {"t": 1696559680, "d": ["acmeair-mainservice", 410733]}, {"t": 1696559690, "d": ["acmeair-bookingservice", 1159177220]}, {"t": 1696559690, "d": ["acmeair-authservice", 138612933]}, {"t": 1696559690, "d": ["acmeair-customerservice", 175084922]}, {"t": 1696559690, "d": ["acmeair-flightservice", 61571672]}, {"t": 1696559690, "d": ["acmeair-mainservice", 4113055]}, {"t": 1696559700, "d": ["acmeair-bookingservice", 1616269685]}, {"t": 1696559700, "d": ["acmeair-authservice", 191458772]}, {"t": 1696559700, "d": ["acmeair-customerservice", 283240615]}, {"t": 1696559700, "d": ["acmeair-flightservice", 55876018]}, {"t": 1696559700, "d": ["acmeair-mainservice", 449010]}, {"t": 1696559710, "d": ["acmeair-bookingservice", 1522499256]}, {"t": 1696559710, "d": ["acmeair-authservice", 119733433]}, {"t": 1696559710, "d": ["acmeair-customerservice", 290274324]}, {"t": 1696559710, "d": ["acmeair-flightservice", 37686612]}, {"t": 1696559710, "d": ["acmeair-mainservice", 673935]}, {"t": 1696559720, "d": ["acmeair-bookingservice", 1504417181]}, {"t": 1696559720, "d": ["acmeair-authservice", 135231486]}, {"t": 1696559720, "d": ["acmeair-customerservice", 120686700]}, {"t": 1696559720, "d": ["acmeair-flightservice", 45929372]}, {"t": 1696559720, "d": ["acmeair-mainservice", 4302430]}, {"t": 1696559730, "d": ["acmeair-bookingservice", 1271909652]}, {"t": 1696559730, "d": ["acmeair-authservice", 155641069]}, {"t": 1696559730, "d": ["acmeair-customerservice", 119441018]}, {"t": 1696559730, "d": ["acmeair-flightservice", 64686715]}, {"t": 1696559730, "d": ["acmeair-mainservice", 411041]}, {"t": 1696559740, "d": ["acmeair-bookingservice", 1386414391]}, {"t": 1696559740, "d": ["acmeair-authservice", 108346888]}, {"t": 1696559740, "d": ["acmeair-customerservice", 126895408]}, {"t": 1696559740, "d": ["acmeair-flightservice", 40587265]}, {"t": 1696559740, "d": ["acmeair-mainservice", 3770431]}, {"t": 1696559750, "d": ["acmeair-bookingservice", 1749713518]}, {"t": 1696559750, "d": ["acmeair-authservice", 129609553]}, {"t": 1696559750, "d": ["acmeair-customerservice", 140494743]}, {"t": 1696559750, "d": ["acmeair-flightservice", 57043414]}, {"t": 1696559750, "d": ["acmeair-mainservice", 651345]}, {"t": 1696559760, "d": ["acmeair-bookingservice", 1748794421]}, {"t": 1696559760, "d": ["acmeair-authservice", 195915002]}, {"t": 1696559760, "d": ["acmeair-customerservice", 132638636]}, {"t": 1696559760, "d": ["acmeair-flightservice", 70658214]}, {"t": 1696559760, "d": ["acmeair-mainservice", 517565]}, {"t": 1696559770, "d": ["acmeair-bookingservice", 1575874200]}, {"t": 1696559770, "d": ["acmeair-authservice", 81098054]}, {"t": 1696559770, "d": ["acmeair-customerservice", 162598567]}, {"t": 1696559770, "d": ["acmeair-flightservice", 46491300]}, {"t": 1696559770, "d": ["acmeair-mainservice", 2300636]}, {"t": 1696559780, "d": ["acmeair-bookingservice", 1099743865]}, {"t": 1696559780, "d": ["acmeair-authservice", 103703014]}, {"t": 1696559780, "d": ["acmeair-customerservice", 145272894]}, {"t": 1696559780, "d": ["acmeair-flightservice", 31766062]}, {"t": 1696559780, "d": ["acmeair-mainservice", 335058]}, {"t": 1696559790, "d": ["acmeair-bookingservice", 2185568594]}, {"t": 1696559790, "d": ["acmeair-authservice", 117456479]}, {"t": 1696559790, "d": ["acmeair-customerservice", 123831952]}, {"t": 1696559790, "d": ["acmeair-flightservice", 39633790]}, {"t": 1696559790, "d": ["acmeair-mainservice", 421774]}, {"t": 1696559800, "d": ["acmeair-bookingservice", 1173784456]}, {"t": 1696559800, "d": ["acmeair-authservice", 162648845]}, {"t": 1696559800, "d": ["acmeair-customerservice", 248585590]}, {"t": 1696559800, "d": ["acmeair-flightservice", 29973481]}, {"t": 1696559800, "d": ["acmeair-mainservice", 757119]}, {"t": 1696559810, "d": ["acmeair-bookingservice", 1345480233]}, {"t": 1696559810, "d": ["acmeair-authservice", 156369587]}, {"t": 1696559810, "d": ["acmeair-customerservice", 231941389]}, {"t": 1696559810, "d": ["acmeair-flightservice", 27572877]}, {"t": 1696559810, "d": ["acmeair-mainservice", 1989745]}, {"t": 1696559820, "d": ["acmeair-bookingservice", 1276735267]}, {"t": 1696559820, "d": ["acmeair-authservice", 123057004]}, {"t": 1696559820, "d": ["acmeair-customerservice", 186388537]}, {"t": 1696559820, "d": ["acmeair-flightservice", 64140651]}, {"t": 1696559820, "d": ["acmeair-mainservice", 3468644]}, {"t": 1696559830, "d": ["acmeair-bookingservice", 1221208774]}, {"t": 1696559830, "d": ["acmeair-authservice", 239579012]}, {"t": 1696559830, "d": ["acmeair-customerservice", 227514742]}, {"t": 1696559830, "d": ["acmeair-flightservice", 81021856]}, {"t": 1696559830, "d": ["acmeair-mainservice", 507865]}, {"t": 1696559840, "d": ["acmeair-bookingservice", 4827138054]}, {"t": 1696559840, "d": ["acmeair-authservice", 69449049]}, {"t": 1696559840, "d": ["acmeair-customerservice", 120126386]}, {"t": 1696559840, "d": ["acmeair-flightservice", 25919255]}, {"t": 1696559840, "d": ["acmeair-mainservice", 16048560]}, {"t": 1696559850, "d": ["acmeair-bookingservice", 2862879115]}, {"t": 1696559850, "d": ["acmeair-authservice", 251250258]}, {"t": 1696559850, "d": ["acmeair-customerservice", 134249193]}, {"t": 1696559850, "d": ["acmeair-flightservice", 46737260]}, {"t": 1696559850, "d": ["acmeair-mainservice", 18089324]}, {"t": 1696559860, "d": ["acmeair-bookingservice", 1241461631]}, {"t": 1696559860, "d": ["acmeair-authservice", 149217252]}, {"t": 1696559860, "d": ["acmeair-customerservice", 142621868]}, {"t": 1696559860, "d": ["acmeair-flightservice", 147329522]}, {"t": 1696559860, "d": ["acmeair-mainservice", 539290]}, {"t": 1696559870, "d": ["acmeair-bookingservice", 1640762491]}, {"t": 1696559870, "d": ["acmeair-authservice", 630251210]}, {"t": 1696559870, "d": ["acmeair-customerservice", 402342334]}, {"t": 1696559870, "d": ["acmeair-flightservice", 162567456]}, {"t": 1696559870, "d": ["acmeair-mainservice", 3391882]}, {"t": 1696559880, "d": ["acmeair-bookingservice", 1317748456]}, {"t": 1696559880, "d": ["acmeair-authservice", 211197895]}, {"t": 1696559880, "d": ["acmeair-customerservice", 205746481]}, {"t": 1696559880, "d": ["acmeair-flightservice", 39711284]}, {"t": 1696559880, "d": ["acmeair-mainservice", 3642227]}, {"t": 1696559890, "d": ["acmeair-bookingservice", 1356447288]}, {"t": 1696559890, "d": ["acmeair-authservice", 118836389]}, {"t": 1696559890, "d": ["acmeair-customerservice", 170933803]}, {"t": 1696559890, "d": ["acmeair-flightservice", 40060782]}, {"t": 1696559890, "d": ["acmeair-mainservice", 616918]}, {"t": 1696559900, "d": ["acmeair-bookingservice", 1731769278]}, {"t": 1696559900, "d": ["acmeair-authservice", 162846048]}, {"t": 1696559900, "d": ["acmeair-customerservice", 149025065]}, {"t": 1696559900, "d": ["acmeair-flightservice", 30485699]}, {"t": 1696559900, "d": ["acmeair-mainservice", 429944]}, {"t": 1696559910, "d": ["acmeair-bookingservice", 946830529]}, {"t": 1696559910, "d": ["acmeair-authservice", 202179005]}, {"t": 1696559910, "d": ["acmeair-customerservice", 226306138]}, {"t": 1696559910, "d": ["acmeair-flightservice", 70537329]}, {"t": 1696559910, "d": ["acmeair-mainservice", 417215]}, {"t": 1696559920, "d": ["acmeair-bookingservice", 1396639355]}, {"t": 1696559920, "d": ["acmeair-authservice", 95204440]}, {"t": 1696559920, "d": ["acmeair-customerservice", 129080068]}, {"t": 1696559920, "d": ["acmeair-flightservice", 64952651]}, {"t": 1696559920, "d": ["acmeair-mainservice", 621448]}, {"t": 1696559930, "d": ["acmeair-bookingservice", 1546909787]}, {"t": 1696559930, "d": ["acmeair-authservice", 157487048]}, {"t": 1696559930, "d": ["acmeair-customerservice", 136596551]}, {"t": 1696559930, "d": ["acmeair-flightservice", 61863538]}, {"t": 1696559930, "d": ["acmeair-mainservice", 646992]}, {"t": 1696559940, "d": ["acmeair-bookingservice", 930291883]}, {"t": 1696559940, "d": ["acmeair-authservice", 159516405]}, {"t": 1696559940, "d": ["acmeair-customerservice", 137950135]}, {"t": 1696559940, "d": ["acmeair-flightservice", 86074649]}, {"t": 1696559940, "d": ["acmeair-mainservice", 539160]}, {"t": 1696559950, "d": ["acmeair-bookingservice", 913814204]}, {"t": 1696559950, "d": ["acmeair-authservice", 118976591]}, {"t": 1696559950, "d": ["acmeair-customerservice", 126087348]}, {"t": 1696559950, "d": ["acmeair-flightservice", 113602682]}, {"t": 1696559950, "d": ["acmeair-mainservice", 2837186]}, {"t": 1696559960, "d": ["acmeair-bookingservice", 982216928]}, {"t": 1696559960, "d": ["acmeair-authservice", 108960280]}, {"t": 1696559960, "d": ["acmeair-customerservice", 140784233]}, {"t": 1696559960, "d": ["acmeair-flightservice", 53440062]}, {"t": 1696559960, "d": ["acmeair-mainservice", 3996818]}, {"t": 1696559970, "d": ["acmeair-bookingservice", 1033403581]}, {"t": 1696559970, "d": ["acmeair-authservice", 159709428]}, {"t": 1696559970, "d": ["acmeair-customerservice", 115081721]}, {"t": 1696559970, "d": ["acmeair-flightservice", 36779895]}, {"t": 1696559970, "d": ["acmeair-mainservice", 4238912]}, {"t": 1696559980, "d": ["acmeair-bookingservice", 1109775174]}, {"t": 1696559980, "d": ["acmeair-authservice", 143391732]}, {"t": 1696559980, "d": ["acmeair-customerservice", 145170626]}, {"t": 1696559980, "d": ["acmeair-flightservice", 62133733]}, {"t": 1696559980, "d": ["acmeair-mainservice", 612360]}, {"t": 1696559990, "d": ["acmeair-bookingservice", 1120564367]}, {"t": 1696559990, "d": ["acmeair-authservice", 155732117]}, {"t": 1696559990, "d": ["acmeair-customerservice", 153717055]}, {"t": 1696559990, "d": ["acmeair-flightservice", 49124840]}, {"t": 1696559990, "d": ["acmeair-mainservice", 6824298]}, {"t": 1696560000, "d": ["acmeair-bookingservice", 967686855]}, {"t": 1696560000, "d": ["acmeair-authservice", 209698484]}, {"t": 1696560000, "d": ["acmeair-customerservice", 290590158]}, {"t": 1696560000, "d": ["acmeair-flightservice", 76927257]}, {"t": 1696560000, "d": ["acmeair-mainservice", 4421848]}, {"t": 1696560010, "d": ["acmeair-bookingservice", 1120930507]}, {"t": 1696560010, "d": ["acmeair-authservice", 297985773]}, {"t": 1696560010, "d": ["acmeair-customerservice", 225220530]}, {"t": 1696560010, "d": ["acmeair-flightservice", 43205359]}, {"t": 1696560010, "d": ["acmeair-mainservice", 922040]}, {"t": 1696560020, "d": ["acmeair-bookingservice", 1040391372]}, {"t": 1696560020, "d": ["acmeair-authservice", 399698645]}, {"t": 1696560020, "d": ["acmeair-customerservice", 215308015]}, {"t": 1696560020, "d": ["acmeair-flightservice", 37760768]}, {"t": 1696560020, "d": ["acmeair-mainservice", 573700]}, {"t": 1696560030, "d": ["acmeair-bookingservice", 1449737458]}, {"t": 1696560030, "d": ["acmeair-authservice", 102181384]}, {"t": 1696560030, "d": ["acmeair-customerservice", 162086103]}, {"t": 1696560030, "d": ["acmeair-flightservice", 66217912]}, {"t": 1696560030, "d": ["acmeair-mainservice", 3401885]}, {"t": 1696560040, "d": ["acmeair-bookingservice", 1756801032]}, {"t": 1696560040, "d": ["acmeair-authservice", 96319069]}, {"t": 1696560040, "d": ["acmeair-customerservice", 145091913]}, {"t": 1696560040, "d": ["acmeair-flightservice", 43266542]}, {"t": 1696560040, "d": ["acmeair-mainservice", 1816909]}, {"t": 1696560050, "d": ["acmeair-bookingservice", 1763798084]}, {"t": 1696560050, "d": ["acmeair-authservice", 146908795]}, {"t": 1696560050, "d": ["acmeair-customerservice", 153264672]}, {"t": 1696560050, "d": ["acmeair-flightservice", 54648836]}, {"t": 1696560050, "d": ["acmeair-mainservice", 588754]}, {"t": 1696560060, "d": ["acmeair-bookingservice", 2304394892]}, {"t": 1696560060, "d": ["acmeair-authservice", 212551559]}, {"t": 1696560060, "d": ["acmeair-customerservice", 183061249]}, {"t": 1696560060, "d": ["acmeair-flightservice", 69893238]}, {"t": 1696560060, "d": ["acmeair-mainservice", 754029]}, {"t": 1696560070, "d": ["acmeair-bookingservice", 1426691442]}, {"t": 1696560070, "d": ["acmeair-authservice", 124948410]}, {"t": 1696560070, "d": ["acmeair-customerservice", 140464079]}, {"t": 1696560070, "d": ["acmeair-flightservice", 47565529]}, {"t": 1696560070, "d": ["acmeair-mainservice", 2428603]}], "start": 1696559470, "end": 1696560070}