{"data": [{"t": 1697846930, "d": ["acmeair-authservice", 1.412]}, {"t": 1697846930, "d": ["acmeair-bookingservice", 1.383]}, {"t": 1697846930, "d": ["acmeair-customerservice", 1.315]}, {"t": 1697846930, "d": ["acmeair-flightservice", 1.193]}, {"t": 1697846930, "d": ["acmeair-mainservice", 1.017]}, {"t": 1697846940, "d": ["acmeair-authservice", 1.436]}, {"t": 1697846940, "d": ["acmeair-bookingservice", 1.429]}, {"t": 1697846940, "d": ["acmeair-customerservice", 1.315]}, {"t": 1697846940, "d": ["acmeair-flightservice", 1.125]}, {"t": 1697846940, "d": ["acmeair-mainservice", 0.934]}, {"t": 1697846950, "d": ["acmeair-authservice", 1.456]}, {"t": 1697846950, "d": ["acmeair-bookingservice", 1.665]}, {"t": 1697846950, "d": ["acmeair-customerservice", 1.282]}, {"t": 1697846950, "d": ["acmeair-flightservice", 1.122]}, {"t": 1697846950, "d": ["acmeair-mainservice", 1.014]}, {"t": 1697846960, "d": ["acmeair-authservice", 1.445]}, {"t": 1697846960, "d": ["acmeair-bookingservice", 15.688]}, {"t": 1697846960, "d": ["acmeair-customerservice", 1.35]}, {"t": 1697846960, "d": ["acmeair-flightservice", 1.141]}, {"t": 1697846960, "d": ["acmeair-mainservice", 0.995]}, {"t": 1697846970, "d": ["acmeair-authservice", 1.37]}, {"t": 1697846970, "d": ["acmeair-bookingservice", 1.28]}, {"t": 1697846970, "d": ["acmeair-customerservice", 1.401]}, {"t": 1697846970, "d": ["acmeair-flightservice", 1.228]}, {"t": 1697846970, "d": ["acmeair-mainservice", 0.992]}, {"t": 1697846980, "d": ["acmeair-authservice", 1.418]}, {"t": 1697846980, "d": ["acmeair-bookingservice", 1.23]}, {"t": 1697846980, "d": ["acmeair-customerservice", 1.236]}, {"t": 1697846980, "d": ["acmeair-flightservice", 1.105]}, {"t": 1697846980, "d": ["acmeair-mainservice", 1.012]}, {"t": 1697846990, "d": ["acmeair-authservice", 1.47]}, {"t": 1697846990, "d": ["acmeair-bookingservice", 1.463]}, {"t": 1697846990, "d": ["acmeair-customerservice", 1.356]}, {"t": 1697846990, "d": ["acmeair-flightservice", 1.161]}, {"t": 1697846990, "d": ["acmeair-mainservice", 1.039001]}, {"t": 1697847000, "d": ["acmeair-authservice", 1.431]}, {"t": 1697847000, "d": ["acmeair-bookingservice", 1.426]}, {"t": 1697847000, "d": ["acmeair-customerservice", 1.407]}, {"t": 1697847000, "d": ["acmeair-flightservice", 1.119]}, {"t": 1697847000, "d": ["acmeair-mainservice", 1.012]}, {"t": 1697847010, "d": ["acmeair-authservice", 1.406001]}, {"t": 1697847010, "d": ["acmeair-bookingservice", 1.594]}, {"t": 1697847010, "d": ["acmeair-customerservice", 1.334]}, {"t": 1697847010, "d": ["acmeair-flightservice", 1.075]}, {"t": 1697847010, "d": ["acmeair-mainservice", 1.027]}, {"t": 1697847020, "d": ["acmeair-authservice", 1.387]}, {"t": 1697847020, "d": ["acmeair-bookingservice", 1.3]}, {"t": 1697847020, "d": ["acmeair-customerservice", 4.681]}, {"t": 1697847020, "d": ["acmeair-flightservice", 10.120001]}, {"t": 1697847020, "d": ["acmeair-mainservice", 1.140001]}, {"t": 1697847030, "d": ["acmeair-authservice", 1.401]}, {"t": 1697847030, "d": ["acmeair-bookingservice", 1.701]}, {"t": 1697847030, "d": ["acmeair-customerservice", 1.342]}, {"t": 1697847030, "d": ["acmeair-flightservice", 0.984]}, {"t": 1697847030, "d": ["acmeair-mainservice", 1.067]}, {"t": 1697847040, "d": ["acmeair-authservice", 1.472]}, {"t": 1697847040, "d": ["acmeair-bookingservice", 1.447]}, {"t": 1697847040, "d": ["acmeair-customerservice", 1.297001]}, {"t": 1697847040, "d": ["acmeair-flightservice", 0.95]}, {"t": 1697847040, "d": ["acmeair-mainservice", 1.101]}, {"t": 1697847050, "d": ["acmeair-authservice", 1.412]}, {"t": 1697847050, "d": ["acmeair-bookingservice", 1.347]}, {"t": 1697847050, "d": ["acmeair-customerservice", 1.326]}, {"t": 1697847050, "d": ["acmeair-flightservice", 1.001]}, {"t": 1697847050, "d": ["acmeair-mainservice", 1.111]}, {"t": 1697847060, "d": ["acmeair-authservice", 1.493]}, {"t": 1697847060, "d": ["acmeair-bookingservice", 1.424]}, {"t": 1697847060, "d": ["acmeair-customerservice", 1.306]}, {"t": 1697847060, "d": ["acmeair-flightservice", 1.053]}, {"t": 1697847060, "d": ["acmeair-mainservice", 1.092]}, {"t": 1697847070, "d": ["acmeair-authservice", 1.462]}, {"t": 1697847070, "d": ["acmeair-bookingservice", 1.662001]}, {"t": 1697847070, "d": ["acmeair-customerservice", 3.628]}, {"t": 1697847070, "d": ["acmeair-flightservice", 4.454]}, {"t": 1697847070, "d": ["acmeair-mainservice", 1.094]}, {"t": 1697847080, "d": ["acmeair-authservice", 5.178]}, {"t": 1697847080, "d": ["acmeair-bookingservice", 17.72]}, {"t": 1697847080, "d": ["acmeair-customerservice", 11.398]}, {"t": 1697847080, "d": ["acmeair-flightservice", 25.212]}, {"t": 1697847080, "d": ["acmeair-mainservice", 1.093]}, {"t": 1697847090, "d": ["acmeair-authservice", 13.329]}, {"t": 1697847090, "d": ["acmeair-bookingservice", 56.194]}, {"t": 1697847090, "d": ["acmeair-customerservice", 35.254001]}, {"t": 1697847090, "d": ["acmeair-flightservice", 69.203]}, {"t": 1697847090, "d": ["acmeair-mainservice", 1.256]}, {"t": 1697847100, "d": ["acmeair-authservice", 11.78]}, {"t": 1697847100, "d": ["acmeair-bookingservice", 58.727]}, {"t": 1697847100, "d": ["acmeair-customerservice", 33.47]}, {"t": 1697847100, "d": ["acmeair-flightservice", 61.012]}, {"t": 1697847100, "d": ["acmeair-mainservice", 1.211]}, {"t": 1697847110, "d": ["acmeair-authservice", 12.909]}, {"t": 1697847110, "d": ["acmeair-bookingservice", 57.983001]}, {"t": 1697847110, "d": ["acmeair-customerservice", 35.75]}, {"t": 1697847110, "d": ["acmeair-flightservice", 67.104]}, {"t": 1697847110, "d": ["acmeair-mainservice", 1.122]}, {"t": 1697847120, "d": ["acmeair-authservice", 14.435]}, {"t": 1697847120, "d": ["acmeair-bookingservice", 68.715]}, {"t": 1697847120, "d": ["acmeair-customerservice", 41.79]}, {"t": 1697847120, "d": ["acmeair-flightservice", 74.673]}, {"t": 1697847120, "d": ["acmeair-mainservice", 1.132001]}, {"t": 1697847130, "d": ["acmeair-authservice", 14.905001]}, {"t": 1697847130, "d": ["acmeair-bookingservice", 72.676]}, {"t": 1697847130, "d": ["acmeair-customerservice", 44.305]}, {"t": 1697847130, "d": ["acmeair-flightservice", 77.791]}, {"t": 1697847130, "d": ["acmeair-mainservice", 1.259]}, {"t": 1697847140, "d": ["acmeair-authservice", 14.493]}, {"t": 1697847140, "d": ["acmeair-bookingservice", 75.183]}, {"t": 1697847140, "d": ["acmeair-customerservice", 44.302]}, {"t": 1697847140, "d": ["acmeair-flightservice", 75.432]}, {"t": 1697847140, "d": ["acmeair-mainservice", 1.247]}, {"t": 1697847150, "d": ["acmeair-authservice", 12.661]}, {"t": 1697847150, "d": ["acmeair-bookingservice", 67.269]}, {"t": 1697847150, "d": ["acmeair-customerservice", 47.495]}, {"t": 1697847150, "d": ["acmeair-flightservice", 65.588]}, {"t": 1697847150, "d": ["acmeair-mainservice", 1.41]}, {"t": 1697847160, "d": ["acmeair-authservice", 14.883001]}, {"t": 1697847160, "d": ["acmeair-bookingservice", 73.623]}, {"t": 1697847160, "d": ["acmeair-customerservice", 43.828]}, {"t": 1697847160, "d": ["acmeair-flightservice", 72.995]}, {"t": 1697847160, "d": ["acmeair-mainservice", 1.298]}, {"t": 1697847170, "d": ["acmeair-authservice", 13.595]}, {"t": 1697847170, "d": ["acmeair-bookingservice", 69.173]}, {"t": 1697847170, "d": ["acmeair-customerservice", 40.807]}, {"t": 1697847170, "d": ["acmeair-flightservice", 65.632]}, {"t": 1697847170, "d": ["acmeair-mainservice", 1.161]}, {"t": 1697847180, "d": ["acmeair-authservice", 13.826]}, {"t": 1697847180, "d": ["acmeair-bookingservice", 74.164]}, {"t": 1697847180, "d": ["acmeair-customerservice", 43.152]}, {"t": 1697847180, "d": ["acmeair-flightservice", 71.626]}, {"t": 1697847180, "d": ["acmeair-mainservice", 1.133]}, {"t": 1697847190, "d": ["acmeair-authservice", 13.992]}, {"t": 1697847190, "d": ["acmeair-bookingservice", 72.107]}, {"t": 1697847190, "d": ["acmeair-customerservice", 43.066]}, {"t": 1697847190, "d": ["acmeair-flightservice", 69.296]}, {"t": 1697847190, "d": ["acmeair-mainservice", 1.129]}, {"t": 1697847200, "d": ["acmeair-authservice", 13.838]}, {"t": 1697847200, "d": ["acmeair-bookingservice", 75.885]}, {"t": 1697847200, "d": ["acmeair-customerservice", 44.44]}, {"t": 1697847200, "d": ["acmeair-flightservice", 73.154]}, {"t": 1697847200, "d": ["acmeair-mainservice", 1.232]}, {"t": 1697847210, "d": ["acmeair-authservice", 13.424001]}, {"t": 1697847210, "d": ["acmeair-bookingservice", 75.486]}, {"t": 1697847210, "d": ["acmeair-customerservice", 42.652]}, {"t": 1697847210, "d": ["acmeair-flightservice", 68.923]}, {"t": 1697847210, "d": ["acmeair-mainservice", 1.281001]}, {"t": 1697847220, "d": ["acmeair-authservice", 13.778]}, {"t": 1697847220, "d": ["acmeair-bookingservice", 75.835001]}, {"t": 1697847220, "d": ["acmeair-customerservice", 43.4]}, {"t": 1697847220, "d": ["acmeair-flightservice", 70.424]}, {"t": 1697847220, "d": ["acmeair-mainservice", 1.235]}], "start": 1697846920, "end": 1697847220}