{"data": [{"t": 1697846940, "d": ["acmeair-bookingservice", 171299252]}, {"t": 1697846940, "d": ["acmeair-customerservice", 163541624]}, {"t": 1697846940, "d": ["acmeair-flightservice", 158013756]}, {"t": 1697846940, "d": ["acmeair-authservice", 152386140]}, {"t": 1697846940, "d": ["acmeair-mainservice", 102017172]}, {"t": 1697846940, "d": ["jmeter", 0]}, {"t": 1697846950, "d": ["acmeair-bookingservice", 171299252]}, {"t": 1697846950, "d": ["acmeair-customerservice", 163541624]}, {"t": 1697846950, "d": ["acmeair-flightservice", 158013756]}, {"t": 1697846950, "d": ["acmeair-authservice", 152386140]}, {"t": 1697846950, "d": ["acmeair-mainservice", 102017172]}, {"t": 1697846950, "d": ["jmeter", 0]}, {"t": 1697846960, "d": ["acmeair-bookingservice", 171298573.6]}, {"t": 1697846960, "d": ["acmeair-customerservice", 163541624]}, {"t": 1697846960, "d": ["acmeair-flightservice", 158013756]}, {"t": 1697846960, "d": ["acmeair-authservice", 152386140]}, {"t": 1697846960, "d": ["acmeair-mainservice", 102017172]}, {"t": 1697846960, "d": ["jmeter", 0]}, {"t": 1697846970, "d": ["acmeair-bookingservice", 171297556]}, {"t": 1697846970, "d": ["acmeair-customerservice", 163541624]}, {"t": 1697846970, "d": ["acmeair-flightservice", 158013756]}, {"t": 1697846970, "d": ["acmeair-authservice", 152386140]}, {"t": 1697846970, "d": ["acmeair-mainservice", 102017172]}, {"t": 1697846970, "d": ["jmeter", 0]}, {"t": 1697846980, "d": ["acmeair-bookingservice", 171297556]}, {"t": 1697846980, "d": ["acmeair-customerservice", 163541624]}, {"t": 1697846980, "d": ["acmeair-flightservice", 158013756]}, {"t": 1697846980, "d": ["acmeair-authservice", 152386140]}, {"t": 1697846980, "d": ["acmeair-mainservice", 102017172]}, {"t": 1697846980, "d": ["jmeter", 0]}, {"t": 1697846990, "d": ["acmeair-bookingservice", 171297556]}, {"t": 1697846990, "d": ["acmeair-customerservice", 163541624]}, {"t": 1697846990, "d": ["acmeair-flightservice", 158013756]}, {"t": 1697846990, "d": ["acmeair-authservice", 152386140]}, {"t": 1697846990, "d": ["acmeair-mainservice", 102017172]}, {"t": 1697846990, "d": ["jmeter", 0]}, {"t": 1697847000, "d": ["acmeair-bookingservice", 171297556]}, {"t": 1697847000, "d": ["acmeair-customerservice", 163541624]}, {"t": 1697847000, "d": ["acmeair-flightservice", 158013756]}, {"t": 1697847000, "d": ["acmeair-authservice", 152386140]}, {"t": 1697847000, "d": ["acmeair-mainservice", 102017172]}, {"t": 1697847000, "d": ["jmeter", 0]}, {"t": 1697847010, "d": ["acmeair-bookingservice", 171297556]}, {"t": 1697847010, "d": ["acmeair-customerservice", 163541624]}, {"t": 1697847010, "d": ["acmeair-flightservice", 158013756]}, {"t": 1697847010, "d": ["acmeair-authservice", 152386140]}, {"t": 1697847010, "d": ["acmeair-mainservice", 102017172]}, {"t": 1697847010, "d": ["jmeter", 0]}, {"t": 1697847020, "d": ["acmeair-bookingservice", 171297556]}, {"t": 1697847020, "d": ["acmeair-customerservice", 163541624]}, {"t": 1697847020, "d": ["acmeair-flightservice", 158013756]}, {"t": 1697847020, "d": ["acmeair-authservice", 152386140]}, {"t": 1697847020, "d": ["acmeair-mainservice", 102017172]}, {"t": 1697847020, "d": ["jmeter", 0]}, {"t": 1697847030, "d": ["acmeair-bookingservice", 171300568.8]}, {"t": 1697847030, "d": ["acmeair-customerservice", 163541624]}, {"t": 1697847030, "d": ["acmeair-flightservice", 158013756]}, {"t": 1697847030, "d": ["acmeair-authservice", 152386140]}, {"t": 1697847030, "d": ["acmeair-mainservice", 102017172]}, {"t": 1697847030, "d": ["jmeter", 0]}, {"t": 1697847040, "d": ["acmeair-bookingservice", 171301860]}, {"t": 1697847040, "d": ["acmeair-customerservice", 163541624]}, {"t": 1697847040, "d": ["acmeair-flightservice", 158013756]}, {"t": 1697847040, "d": ["acmeair-authservice", 152386140]}, {"t": 1697847040, "d": ["acmeair-mainservice", 102017172]}, {"t": 1697847040, "d": ["jmeter", 0]}, {"t": 1697847050, "d": ["acmeair-bookingservice", 171301860]}, {"t": 1697847050, "d": ["acmeair-customerservice", 163541624]}, {"t": 1697847050, "d": ["acmeair-flightservice", 158013756]}, {"t": 1697847050, "d": ["acmeair-authservice", 152386140]}, {"t": 1697847050, "d": ["acmeair-mainservice", 102017172]}, {"t": 1697847050, "d": ["jmeter", 0]}, {"t": 1697847060, "d": ["acmeair-bookingservice", 171301860]}, {"t": 1697847060, "d": ["acmeair-customerservice", 163541624]}, {"t": 1697847060, "d": ["acmeair-flightservice", 158013756]}, {"t": 1697847060, "d": ["acmeair-authservice", 152386140]}, {"t": 1697847060, "d": ["acmeair-mainservice", 102017172]}, {"t": 1697847060, "d": ["jmeter", 0]}, {"t": 1697847070, "d": ["acmeair-bookingservice", 171302576.8]}, {"t": 1697847070, "d": ["acmeair-customerservice", 163541624]}, {"t": 1697847070, "d": ["acmeair-flightservice", 158014623.2]}, {"t": 1697847070, "d": ["acmeair-authservice", 152386140]}, {"t": 1697847070, "d": ["acmeair-mainservice", 102017172]}, {"t": 1697847070, "d": ["jmeter", 0]}, {"t": 1697847080, "d": ["acmeair-bookingservice", 171304007.2]}, {"t": 1697847080, "d": ["acmeair-customerservice", 163541624]}, {"t": 1697847080, "d": ["acmeair-flightservice", 158016284]}, {"t": 1697847080, "d": ["acmeair-authservice", 152386140]}, {"t": 1697847080, "d": ["acmeair-mainservice", 102017172]}, {"t": 1697847080, "d": ["jmeter", 0]}, {"t": 1697847090, "d": ["acmeair-bookingservice", 171305197.6]}, {"t": 1697847090, "d": ["acmeair-customerservice", 163541624]}, {"t": 1697847090, "d": ["acmeair-flightservice", 158016284]}, {"t": 1697847090, "d": ["acmeair-authservice", 152386140]}, {"t": 1697847090, "d": ["acmeair-mainservice", 102017172]}, {"t": 1697847090, "d": ["jmeter", 56038252]}, {"t": 1697847100, "d": ["acmeair-bookingservice", 171351180]}, {"t": 1697847100, "d": ["acmeair-customerservice", 163541624]}, {"t": 1697847100, "d": ["acmeair-flightservice", 158016284]}, {"t": 1697847100, "d": ["acmeair-authservice", 152386140]}, {"t": 1697847100, "d": ["acmeair-mainservice", 102017172]}, {"t": 1697847100, "d": ["jmeter", 59158089.6]}, {"t": 1697847110, "d": ["acmeair-bookingservice", 171370068]}, {"t": 1697847110, "d": ["acmeair-customerservice", 163541624]}, {"t": 1697847110, "d": ["acmeair-flightservice", 158016284]}, {"t": 1697847110, "d": ["acmeair-authservice", 152386140]}, {"t": 1697847110, "d": ["acmeair-mainservice", 102017172]}, {"t": 1697847110, "d": ["jmeter", 61259672]}, {"t": 1697847120, "d": ["acmeair-bookingservice", 171375429.6]}, {"t": 1697847120, "d": ["acmeair-customerservice", 163541624]}, {"t": 1697847120, "d": ["acmeair-flightservice", 158016284]}, {"t": 1697847120, "d": ["acmeair-authservice", 152386140]}, {"t": 1697847120, "d": ["acmeair-mainservice", 102017172]}, {"t": 1697847120, "d": ["jmeter", 62156271.2]}, {"t": 1697847130, "d": ["acmeair-bookingservice", 171382453.6]}, {"t": 1697847130, "d": ["acmeair-customerservice", 163541624]}, {"t": 1697847130, "d": ["acmeair-flightservice", 158016284]}, {"t": 1697847130, "d": ["acmeair-authservice", 152386140]}, {"t": 1697847130, "d": ["acmeair-mainservice", 102017172]}, {"t": 1697847130, "d": ["jmeter", 62626522.4]}, {"t": 1697847140, "d": ["acmeair-bookingservice", 171396725.6]}, {"t": 1697847140, "d": ["acmeair-customerservice", 163541624]}, {"t": 1697847140, "d": ["acmeair-flightservice", 158016284]}, {"t": 1697847140, "d": ["acmeair-authservice", 152386140]}, {"t": 1697847140, "d": ["acmeair-mainservice", 102017172]}, {"t": 1697847140, "d": ["jmeter", 63076173.6]}, {"t": 1697847150, "d": ["acmeair-bookingservice", 171397556]}, {"t": 1697847150, "d": ["acmeair-customerservice", 166427107.2]}, {"t": 1697847150, "d": ["acmeair-flightservice", 158016284]}, {"t": 1697847150, "d": ["acmeair-authservice", 152386140]}, {"t": 1697847150, "d": ["acmeair-mainservice", 102017172]}, {"t": 1697847150, "d": ["jmeter", 63377588]}, {"t": 1697847160, "d": ["acmeair-bookingservice", 171399682.4]}, {"t": 1697847160, "d": ["acmeair-customerservice", 163597640]}, {"t": 1697847160, "d": ["acmeair-flightservice", 158016284]}, {"t": 1697847160, "d": ["acmeair-authservice", 152386140]}, {"t": 1697847160, "d": ["acmeair-mainservice", 102017172]}, {"t": 1697847160, "d": ["jmeter", 63697988]}, {"t": 1697847170, "d": ["acmeair-bookingservice", 171406688.8]}, {"t": 1697847170, "d": ["acmeair-customerservice", 163597640]}, {"t": 1697847170, "d": ["acmeair-flightservice", 158016284]}, {"t": 1697847170, "d": ["acmeair-authservice", 152390533.6]}, {"t": 1697847170, "d": ["acmeair-mainservice", 102017172]}, {"t": 1697847170, "d": ["jmeter", 63906560.8]}, {"t": 1697847180, "d": ["acmeair-bookingservice", 171410173.6]}, {"t": 1697847180, "d": ["acmeair-customerservice", 163597640]}, {"t": 1697847180, "d": ["acmeair-flightservice", 158016284]}, {"t": 1697847180, "d": ["acmeair-authservice", 152390978.4]}, {"t": 1697847180, "d": ["acmeair-mainservice", 102017172]}, {"t": 1697847180, "d": ["jmeter", 63981887.2]}, {"t": 1697847190, "d": ["acmeair-bookingservice", 171412356]}, {"t": 1697847190, "d": ["acmeair-customerservice", 163597640]}, {"t": 1697847190, "d": ["acmeair-flightservice", 158016284]}, {"t": 1697847190, "d": ["acmeair-authservice", 152391933.6]}, {"t": 1697847190, "d": ["acmeair-mainservice", 102017172]}, {"t": 1697847190, "d": ["jmeter", 64227737.6]}, {"t": 1697847200, "d": ["acmeair-bookingservice", 172087189.6]}, {"t": 1697847200, "d": ["acmeair-customerservice", 163597640]}, {"t": 1697847200, "d": ["acmeair-flightservice", 158016284]}, {"t": 1697847200, "d": ["acmeair-authservice", 152392908]}, {"t": 1697847200, "d": ["acmeair-mainservice", 102017172]}, {"t": 1697847200, "d": ["jmeter", 64332171.2]}, {"t": 1697847210, "d": ["acmeair-bookingservice", 171427421.6]}, {"t": 1697847210, "d": ["acmeair-customerservice", 163597640]}, {"t": 1697847210, "d": ["acmeair-flightservice", 158016284]}, {"t": 1697847210, "d": ["acmeair-authservice", 152392908]}, {"t": 1697847210, "d": ["acmeair-mainservice", 102017172]}, {"t": 1697847210, "d": ["jmeter", 64436920]}, {"t": 1697847220, "d": ["acmeair-bookingservice", 171431821.6]}, {"t": 1697847220, "d": ["acmeair-customerservice", 163597640]}, {"t": 1697847220, "d": ["acmeair-flightservice", 158016284]}, {"t": 1697847220, "d": ["acmeair-authservice", 152392908]}, {"t": 1697847220, "d": ["acmeair-mainservice", 102017172]}, {"t": 1697847220, "d": ["jmeter", 64502683.2]}, {"t": 1697847230, "d": ["acmeair-bookingservice", 171432693.6]}, {"t": 1697847230, "d": ["acmeair-customerservice", 163597640]}, {"t": 1697847230, "d": ["acmeair-flightservice", 158016284]}, {"t": 1697847230, "d": ["acmeair-authservice", 152392908]}, {"t": 1697847230, "d": ["acmeair-mainservice", 102017172]}, {"t": 1697847230, "d": ["jmeter", 64596905.6]}], "start": 1697846930, "end": 1697847230}