{"data": [{"t": 1697846940, "d": ["acmeair-customerservice", 208267952]}, {"t": 1697846940, "d": ["acmeair-bookingservice", 180636960]}, {"t": 1697846940, "d": ["jmeter", 0]}, {"t": 1697846940, "d": ["acmeair-flightservice", 78472019.2]}, {"t": 1697846940, "d": ["acmeair-authservice", 63006982.4]}, {"t": 1697846940, "d": ["acmeair-mainservice", 45843427.2]}, {"t": 1697846950, "d": ["acmeair-customerservice", 209781833.6]}, {"t": 1697846950, "d": ["acmeair-bookingservice", 182206547.2]}, {"t": 1697846950, "d": ["jmeter", 0]}, {"t": 1697846950, "d": ["acmeair-flightservice", 80004742.4]}, {"t": 1697846950, "d": ["acmeair-authservice", 63493185.6]}, {"t": 1697846950, "d": ["acmeair-mainservice", 46810902.4]}, {"t": 1697846960, "d": ["acmeair-customerservice", 211242699.2]}, {"t": 1697846960, "d": ["acmeair-bookingservice", 151727107.2]}, {"t": 1697846960, "d": ["jmeter", 0]}, {"t": 1697846960, "d": ["acmeair-flightservice", 81538694.4]}, {"t": 1697846960, "d": ["acmeair-authservice", 60902907.2]}, {"t": 1697846960, "d": ["acmeair-mainservice", 47623548.8]}, {"t": 1697846970, "d": ["acmeair-customerservice", 204158374.4]}, {"t": 1697846970, "d": ["acmeair-bookingservice", 105219891.2]}, {"t": 1697846970, "d": ["jmeter", 0]}, {"t": 1697846970, "d": ["acmeair-flightservice", 83039059.2]}, {"t": 1697846970, "d": ["acmeair-authservice", 62312750.4]}, {"t": 1697846970, "d": ["acmeair-mainservice", 48554160]}, {"t": 1697846980, "d": ["acmeair-customerservice", 201980318.4]}, {"t": 1697846980, "d": ["acmeair-bookingservice", 106820198.4]}, {"t": 1697846980, "d": ["jmeter", 0]}, {"t": 1697846980, "d": ["acmeair-flightservice", 84516896]}, {"t": 1697846980, "d": ["acmeair-authservice", 63861848]}, {"t": 1697846980, "d": ["acmeair-mainservice", 49427427.2]}, {"t": 1697846990, "d": ["acmeair-customerservice", 203517137.6]}, {"t": 1697846990, "d": ["acmeair-bookingservice", 108342681.6]}, {"t": 1697846990, "d": ["jmeter", 0]}, {"t": 1697846990, "d": ["acmeair-flightservice", 86091808]}, {"t": 1697846990, "d": ["acmeair-authservice", 61765532.8]}, {"t": 1697846990, "d": ["acmeair-mainservice", 50316668.8]}, {"t": 1697847000, "d": ["acmeair-customerservice", 205028561.6]}, {"t": 1697847000, "d": ["acmeair-bookingservice", 109752524.8]}, {"t": 1697847000, "d": ["jmeter", 0]}, {"t": 1697847000, "d": ["acmeair-flightservice", 87545068.8]}, {"t": 1697847000, "d": ["acmeair-authservice", 61599668.8]}, {"t": 1697847000, "d": ["acmeair-mainservice", 51228028.8]}, {"t": 1697847010, "d": ["acmeair-customerservice", 206619857.6]}, {"t": 1697847010, "d": ["acmeair-bookingservice", 111427379.2]}, {"t": 1697847010, "d": ["jmeter", 0]}, {"t": 1697847010, "d": ["acmeair-flightservice", 89052396.8]}, {"t": 1697847010, "d": ["acmeair-authservice", 63109454.4]}, {"t": 1697847010, "d": ["acmeair-mainservice", 52221723.2]}, {"t": 1697847020, "d": ["acmeair-customerservice", 174605532.8]}, {"t": 1697847020, "d": ["acmeair-bookingservice", 112862208]}, {"t": 1697847020, "d": ["jmeter", 0]}, {"t": 1697847020, "d": ["acmeair-flightservice", 83916850.4]}, {"t": 1697847020, "d": ["acmeair-authservice", 62092376]}, {"t": 1697847020, "d": ["acmeair-mainservice", 53152763.2]}, {"t": 1697847030, "d": ["acmeair-customerservice", 97957077.6]}, {"t": 1697847030, "d": ["acmeair-bookingservice", 114330214.4]}, {"t": 1697847030, "d": ["jmeter", 0]}, {"t": 1697847030, "d": ["acmeair-flightservice", 69785147.2]}, {"t": 1697847030, "d": ["acmeair-authservice", 61040139.2]}, {"t": 1697847030, "d": ["acmeair-mainservice", 54022344]}, {"t": 1697847040, "d": ["acmeair-customerservice", 99487209.6]}, {"t": 1697847040, "d": ["acmeair-bookingservice", 115901030.4]}, {"t": 1697847040, "d": ["jmeter", 0]}, {"t": 1697847040, "d": ["acmeair-flightservice", 71283464]}, {"t": 1697847040, "d": ["acmeair-authservice", 62526168]}, {"t": 1697847040, "d": ["acmeair-mainservice", 54898888]}, {"t": 1697847050, "d": ["acmeair-customerservice", 101201976]}, {"t": 1697847050, "d": ["acmeair-bookingservice", 117409587.2]}, {"t": 1697847050, "d": ["jmeter", 0]}, {"t": 1697847050, "d": ["acmeair-flightservice", 73017892.444445]}, {"t": 1697847050, "d": ["acmeair-authservice", 64158857.777778]}, {"t": 1697847050, "d": ["acmeair-mainservice", 55781985.6]}, {"t": 1697847060, "d": ["acmeair-customerservice", 102531039.2]}, {"t": 1697847060, "d": ["acmeair-bookingservice", 118812057.6]}, {"t": 1697847060, "d": ["jmeter", 0]}, {"t": 1697847060, "d": ["acmeair-flightservice", 74300577.6]}, {"t": 1697847060, "d": ["acmeair-authservice", 60857503.2]}, {"t": 1697847060, "d": ["acmeair-mainservice", 56720379.2]}, {"t": 1697847070, "d": ["acmeair-customerservice", 103366276.8]}, {"t": 1697847070, "d": ["acmeair-bookingservice", 120477020]}, {"t": 1697847070, "d": ["jmeter", 0]}, {"t": 1697847070, "d": ["acmeair-flightservice", 85776600]}, {"t": 1697847070, "d": ["acmeair-authservice", 61825900.8]}, {"t": 1697847070, "d": ["acmeair-mainservice", 57678433.6]}, {"t": 1697847080, "d": ["acmeair-customerservice", 105741283.555556]}, {"t": 1697847080, "d": ["acmeair-bookingservice", 132876051.2]}, {"t": 1697847080, "d": ["jmeter", 0]}, {"t": 1697847080, "d": ["acmeair-flightservice", 102726640]}, {"t": 1697847080, "d": ["acmeair-authservice", 62469359.111112]}, {"t": 1697847080, "d": ["acmeair-mainservice", 58590612.8]}, {"t": 1697847090, "d": ["acmeair-customerservice", 102807324.8]}, {"t": 1697847090, "d": ["acmeair-bookingservice", 149013152.8]}, {"t": 1697847090, "d": ["jmeter", 164435816]}, {"t": 1697847090, "d": ["acmeair-flightservice", 94911911.2]}, {"t": 1697847090, "d": ["acmeair-authservice", 62344851.2]}, {"t": 1697847090, "d": ["acmeair-mainservice", 51245134.4]}, {"t": 1697847100, "d": ["acmeair-customerservice", 110677050.4]}, {"t": 1697847100, "d": ["acmeair-bookingservice", 155957936]}, {"t": 1697847100, "d": ["jmeter", 365609048]}, {"t": 1697847100, "d": ["acmeair-flightservice", 104175564.8]}, {"t": 1697847100, "d": ["acmeair-authservice", 62170407.2]}, {"t": 1697847100, "d": ["acmeair-mainservice", 33216033.6]}, {"t": 1697847110, "d": ["acmeair-customerservice", 115996219.2]}, {"t": 1697847110, "d": ["acmeair-bookingservice", 151540908.8]}, {"t": 1697847110, "d": ["jmeter", 372234936.8]}, {"t": 1697847110, "d": ["acmeair-flightservice", 88742616.8]}, {"t": 1697847110, "d": ["acmeair-authservice", 62708991.2]}, {"t": 1697847110, "d": ["acmeair-mainservice", 34140910.4]}, {"t": 1697847120, "d": ["acmeair-customerservice", 118747968]}, {"t": 1697847120, "d": ["acmeair-bookingservice", 157967790.4]}, {"t": 1697847120, "d": ["jmeter", 339121489.6]}, {"t": 1697847120, "d": ["acmeair-flightservice", 99843842.4]}, {"t": 1697847120, "d": ["acmeair-authservice", 62957532.8]}, {"t": 1697847120, "d": ["acmeair-mainservice", 35074798.4]}, {"t": 1697847130, "d": ["acmeair-customerservice", 126258172.8]}, {"t": 1697847130, "d": ["acmeair-bookingservice", 151829728]}, {"t": 1697847130, "d": ["jmeter", 396308948.8]}, {"t": 1697847130, "d": ["acmeair-flightservice", 97421156]}, {"t": 1697847130, "d": ["acmeair-authservice", 62817308.8]}, {"t": 1697847130, "d": ["acmeair-mainservice", 35942740.8]}, {"t": 1697847140, "d": ["acmeair-customerservice", 133773348]}, {"t": 1697847140, "d": ["acmeair-bookingservice", 165318788]}, {"t": 1697847140, "d": ["jmeter", 426399179.2]}, {"t": 1697847140, "d": ["acmeair-flightservice", 94291456]}, {"t": 1697847140, "d": ["acmeair-authservice", 62193133.6]}, {"t": 1697847140, "d": ["acmeair-mainservice", 36918408]}, {"t": 1697847150, "d": ["acmeair-customerservice", 135860728.8]}, {"t": 1697847150, "d": ["acmeair-bookingservice", 162524861.6]}, {"t": 1697847150, "d": ["jmeter", 290764468]}, {"t": 1697847150, "d": ["acmeair-flightservice", 97493418.4]}, {"t": 1697847150, "d": ["acmeair-authservice", 63390648.8]}, {"t": 1697847150, "d": ["acmeair-mainservice", 37771195.2]}, {"t": 1697847160, "d": ["acmeair-customerservice", 145141620.8]}, {"t": 1697847160, "d": ["acmeair-bookingservice", 164539388.8]}, {"t": 1697847160, "d": ["jmeter", 415210718.4]}, {"t": 1697847160, "d": ["acmeair-flightservice", 105605005.6]}, {"t": 1697847160, "d": ["acmeair-authservice", 62183144.8]}, {"t": 1697847160, "d": ["acmeair-mainservice", 38737851.2]}, {"t": 1697847170, "d": ["acmeair-customerservice", 146475097.6]}, {"t": 1697847170, "d": ["acmeair-bookingservice", 169615199.2]}, {"t": 1697847170, "d": ["jmeter", 284797455.2]}, {"t": 1697847170, "d": ["acmeair-flightservice", 99540740]}, {"t": 1697847170, "d": ["acmeair-authservice", 63079796.8]}, {"t": 1697847170, "d": ["acmeair-mainservice", 39649620.8]}, {"t": 1697847180, "d": ["acmeair-customerservice", 151442448]}, {"t": 1697847180, "d": ["acmeair-bookingservice", 168037056.8]}, {"t": 1697847180, "d": ["jmeter", 409143777.6]}, {"t": 1697847180, "d": ["acmeair-flightservice", 104672954.4]}, {"t": 1697847180, "d": ["acmeair-authservice", 63348862.4]}, {"t": 1697847180, "d": ["acmeair-mainservice", 40478651.2]}, {"t": 1697847190, "d": ["acmeair-customerservice", 158069672]}, {"t": 1697847190, "d": ["acmeair-bookingservice", 171396988]}, {"t": 1697847190, "d": ["jmeter", 263174134.4]}, {"t": 1697847190, "d": ["acmeair-flightservice", 97247732.8]}, {"t": 1697847190, "d": ["acmeair-authservice", 63683692]}, {"t": 1697847190, "d": ["acmeair-mainservice", 41476846.4]}, {"t": 1697847200, "d": ["acmeair-customerservice", 163294285.6]}, {"t": 1697847200, "d": ["acmeair-bookingservice", 184935833.6]}, {"t": 1697847200, "d": ["jmeter", 370325585.6]}, {"t": 1697847200, "d": ["acmeair-flightservice", 93478992]}, {"t": 1697847200, "d": ["acmeair-authservice", 63688020]}, {"t": 1697847200, "d": ["acmeair-mainservice", 42416468.8]}, {"t": 1697847210, "d": ["acmeair-customerservice", 168549925.6]}, {"t": 1697847210, "d": ["acmeair-bookingservice", 160201592]}, {"t": 1697847210, "d": ["jmeter", 309702552]}, {"t": 1697847210, "d": ["acmeair-flightservice", 99678360]}, {"t": 1697847210, "d": ["acmeair-authservice", 62890528.8]}, {"t": 1697847210, "d": ["acmeair-mainservice", 43319227.2]}, {"t": 1697847220, "d": ["acmeair-customerservice", 176008179.2]}, {"t": 1697847220, "d": ["acmeair-bookingservice", 174277349.6]}, {"t": 1697847220, "d": ["jmeter", 331946939.2]}, {"t": 1697847220, "d": ["acmeair-flightservice", 93870367.2]}, {"t": 1697847220, "d": ["acmeair-authservice", 62886980.8]}, {"t": 1697847220, "d": ["acmeair-mainservice", 44234683.2]}, {"t": 1697847230, "d": ["acmeair-customerservice", 178932297.6]}, {"t": 1697847230, "d": ["acmeair-bookingservice", 189732935.2]}, {"t": 1697847230, "d": ["jmeter", 361643475.2]}, {"t": 1697847230, "d": ["acmeair-flightservice", 98912939.2]}, {"t": 1697847230, "d": ["acmeair-authservice", 62125147.2]}, {"t": 1697847230, "d": ["acmeair-mainservice", 45137441.6]}], "start": 1697846930, "end": 1697847230}