{"data": [{"t": 1697846940, "d": ["acmeair-authservice", 0]}, {"t": 1697846940, "d": ["acmeair-bookingservice", 0]}, {"t": 1697846940, "d": ["acmeair-customerservice", 0]}, {"t": 1697846940, "d": ["acmeair-flightservice", 0]}, {"t": 1697846940, "d": ["acmeair-mainservice", 0]}, {"t": 1697846950, "d": ["acmeair-authservice", 0]}, {"t": 1697846950, "d": ["acmeair-bookingservice", 0]}, {"t": 1697846950, "d": ["acmeair-customerservice", 0]}, {"t": 1697846950, "d": ["acmeair-flightservice", 0]}, {"t": 1697846950, "d": ["acmeair-mainservice", 0]}, {"t": 1697846960, "d": ["acmeair-authservice", 0]}, {"t": 1697846960, "d": ["acmeair-bookingservice", 136100000]}, {"t": 1697846960, "d": ["acmeair-customerservice", 0]}, {"t": 1697846960, "d": ["acmeair-flightservice", 0]}, {"t": 1697846960, "d": ["acmeair-mainservice", 0]}, {"t": 1697846970, "d": ["acmeair-authservice", 0]}, {"t": 1697846970, "d": ["acmeair-bookingservice", 0]}, {"t": 1697846970, "d": ["acmeair-customerservice", 0]}, {"t": 1697846970, "d": ["acmeair-flightservice", 0]}, {"t": 1697846970, "d": ["acmeair-mainservice", 0]}, {"t": 1697846980, "d": ["acmeair-authservice", 0]}, {"t": 1697846980, "d": ["acmeair-bookingservice", 0]}, {"t": 1697846980, "d": ["acmeair-customerservice", 0]}, {"t": 1697846980, "d": ["acmeair-flightservice", 0]}, {"t": 1697846980, "d": ["acmeair-mainservice", 0]}, {"t": 1697846990, "d": ["acmeair-authservice", 0]}, {"t": 1697846990, "d": ["acmeair-bookingservice", 0]}, {"t": 1697846990, "d": ["acmeair-customerservice", 0]}, {"t": 1697846990, "d": ["acmeair-flightservice", 0]}, {"t": 1697846990, "d": ["acmeair-mainservice", 0]}, {"t": 1697847000, "d": ["acmeair-authservice", 0]}, {"t": 1697847000, "d": ["acmeair-bookingservice", 0]}, {"t": 1697847000, "d": ["acmeair-customerservice", 0]}, {"t": 1697847000, "d": ["acmeair-flightservice", 0]}, {"t": 1697847000, "d": ["acmeair-mainservice", 0]}, {"t": 1697847010, "d": ["acmeair-authservice", 0]}, {"t": 1697847010, "d": ["acmeair-bookingservice", 0]}, {"t": 1697847010, "d": ["acmeair-customerservice", 0]}, {"t": 1697847010, "d": ["acmeair-flightservice", 0]}, {"t": 1697847010, "d": ["acmeair-mainservice", 0]}, {"t": 1697847020, "d": ["acmeair-authservice", 0]}, {"t": 1697847020, "d": ["acmeair-bookingservice", 0]}, {"t": 1697847020, "d": ["acmeair-customerservice", 26000000]}, {"t": 1697847020, "d": ["acmeair-flightservice", 84500000]}, {"t": 1697847020, "d": ["acmeair-mainservice", 0]}, {"t": 1697847030, "d": ["acmeair-authservice", 0]}, {"t": 1697847030, "d": ["acmeair-bookingservice", 0]}, {"t": 1697847030, "d": ["acmeair-customerservice", 0]}, {"t": 1697847030, "d": ["acmeair-flightservice", 0]}, {"t": 1697847030, "d": ["acmeair-mainservice", 0]}, {"t": 1697847040, "d": ["acmeair-authservice", 0]}, {"t": 1697847040, "d": ["acmeair-bookingservice", 0]}, {"t": 1697847040, "d": ["acmeair-customerservice", 0]}, {"t": 1697847040, "d": ["acmeair-flightservice", 0]}, {"t": 1697847040, "d": ["acmeair-mainservice", 0]}, {"t": 1697847050, "d": ["acmeair-authservice", 0]}, {"t": 1697847050, "d": ["acmeair-bookingservice", 0]}, {"t": 1697847050, "d": ["acmeair-customerservice", 0]}, {"t": 1697847050, "d": ["acmeair-flightservice", 0]}, {"t": 1697847050, "d": ["acmeair-mainservice", 0]}, {"t": 1697847060, "d": ["acmeair-authservice", 0]}, {"t": 1697847060, "d": ["acmeair-bookingservice", 0]}, {"t": 1697847060, "d": ["acmeair-customerservice", 0]}, {"t": 1697847060, "d": ["acmeair-flightservice", 0]}, {"t": 1697847060, "d": ["acmeair-mainservice", 0]}, {"t": 1697847070, "d": ["acmeair-authservice", 0]}, {"t": 1697847070, "d": ["acmeair-bookingservice", 0]}, {"t": 1697847070, "d": ["acmeair-customerservice", 0]}, {"t": 1697847070, "d": ["acmeair-flightservice", 0]}, {"t": 1697847070, "d": ["acmeair-mainservice", 0]}, {"t": 1697847080, "d": ["acmeair-authservice", 0]}, {"t": 1697847080, "d": ["acmeair-bookingservice", 0]}, {"t": 1697847080, "d": ["acmeair-customerservice", 0]}, {"t": 1697847080, "d": ["acmeair-flightservice", 0]}, {"t": 1697847080, "d": ["acmeair-mainservice", 0]}, {"t": 1697847090, "d": ["acmeair-authservice", 0]}, {"t": 1697847090, "d": ["acmeair-bookingservice", 0]}, {"t": 1697847090, "d": ["acmeair-customerservice", 0]}, {"t": 1697847090, "d": ["acmeair-flightservice", 0]}, {"t": 1697847090, "d": ["acmeair-mainservice", 0]}, {"t": 1697847100, "d": ["acmeair-authservice", 0]}, {"t": 1697847100, "d": ["acmeair-bookingservice", 0]}, {"t": 1697847100, "d": ["acmeair-customerservice", 0]}, {"t": 1697847100, "d": ["acmeair-flightservice", 0]}, {"t": 1697847100, "d": ["acmeair-mainservice", 0]}, {"t": 1697847110, "d": ["acmeair-authservice", 0]}, {"t": 1697847110, "d": ["acmeair-bookingservice", 0]}, {"t": 1697847110, "d": ["acmeair-customerservice", 0]}, {"t": 1697847110, "d": ["acmeair-flightservice", 0]}, {"t": 1697847110, "d": ["acmeair-mainservice", 0]}, {"t": 1697847120, "d": ["acmeair-authservice", 0]}, {"t": 1697847120, "d": ["acmeair-bookingservice", 0]}, {"t": 1697847120, "d": ["acmeair-customerservice", 0]}, {"t": 1697847120, "d": ["acmeair-flightservice", 0]}, {"t": 1697847120, "d": ["acmeair-mainservice", 0]}, {"t": 1697847130, "d": ["acmeair-authservice", 0]}, {"t": 1697847130, "d": ["acmeair-bookingservice", 0]}, {"t": 1697847130, "d": ["acmeair-customerservice", 0]}, {"t": 1697847130, "d": ["acmeair-flightservice", 0]}, {"t": 1697847130, "d": ["acmeair-mainservice", 0]}, {"t": 1697847140, "d": ["acmeair-authservice", 0]}, {"t": 1697847140, "d": ["acmeair-bookingservice", 0]}, {"t": 1697847140, "d": ["acmeair-customerservice", 0]}, {"t": 1697847140, "d": ["acmeair-flightservice", 0]}, {"t": 1697847140, "d": ["acmeair-mainservice", 0]}, {"t": 1697847150, "d": ["acmeair-authservice", 0]}, {"t": 1697847150, "d": ["acmeair-bookingservice", 0]}, {"t": 1697847150, "d": ["acmeair-customerservice", 0]}, {"t": 1697847150, "d": ["acmeair-flightservice", 0]}, {"t": 1697847150, "d": ["acmeair-mainservice", 0]}, {"t": 1697847160, "d": ["acmeair-authservice", 0]}, {"t": 1697847160, "d": ["acmeair-bookingservice", 0]}, {"t": 1697847160, "d": ["acmeair-customerservice", 0]}, {"t": 1697847160, "d": ["acmeair-flightservice", 0]}, {"t": 1697847160, "d": ["acmeair-mainservice", 0]}, {"t": 1697847170, "d": ["acmeair-authservice", 0]}, {"t": 1697847170, "d": ["acmeair-bookingservice", 0]}, {"t": 1697847170, "d": ["acmeair-customerservice", 0]}, {"t": 1697847170, "d": ["acmeair-flightservice", 0]}, {"t": 1697847170, "d": ["acmeair-mainservice", 0]}, {"t": 1697847180, "d": ["acmeair-authservice", 0]}, {"t": 1697847180, "d": ["acmeair-bookingservice", 0]}, {"t": 1697847180, "d": ["acmeair-customerservice", 0]}, {"t": 1697847180, "d": ["acmeair-flightservice", 0]}, {"t": 1697847180, "d": ["acmeair-mainservice", 0]}, {"t": 1697847190, "d": ["acmeair-authservice", 0]}, {"t": 1697847190, "d": ["acmeair-bookingservice", 0]}, {"t": 1697847190, "d": ["acmeair-customerservice", 0]}, {"t": 1697847190, "d": ["acmeair-flightservice", 0]}, {"t": 1697847190, "d": ["acmeair-mainservice", 0]}, {"t": 1697847200, "d": ["acmeair-authservice", 0]}, {"t": 1697847200, "d": ["acmeair-bookingservice", 0]}, {"t": 1697847200, "d": ["acmeair-customerservice", 0]}, {"t": 1697847200, "d": ["acmeair-flightservice", 0]}, {"t": 1697847200, "d": ["acmeair-mainservice", 0]}, {"t": 1697847210, "d": ["acmeair-authservice", 0]}, {"t": 1697847210, "d": ["acmeair-bookingservice", 0]}, {"t": 1697847210, "d": ["acmeair-customerservice", 0]}, {"t": 1697847210, "d": ["acmeair-flightservice", 0]}, {"t": 1697847210, "d": ["acmeair-mainservice", 0]}, {"t": 1697847220, "d": ["acmeair-authservice", 0]}, {"t": 1697847220, "d": ["acmeair-bookingservice", 0]}, {"t": 1697847220, "d": ["acmeair-customerservice", 0]}, {"t": 1697847220, "d": ["acmeair-flightservice", 0]}, {"t": 1697847220, "d": ["acmeair-mainservice", 0]}, {"t": 1697847230, "d": ["acmeair-authservice", 0]}, {"t": 1697847230, "d": ["acmeair-bookingservice", 0]}, {"t": 1697847230, "d": ["acmeair-customerservice", 0]}, {"t": 1697847230, "d": ["acmeair-flightservice", 0]}, {"t": 1697847230, "d": ["acmeair-mainservice", 0]}], "start": 1697846930, "end": 1697847230}