{"data": [{"t": 1697846940, "d": ["acmeair-bookingservice", 77.769471]}, {"t": 1697846940, "d": ["acmeair-customerservice", 71.398163]}, {"t": 1697846940, "d": ["acmeair-flightservice", 52.384949]}, {"t": 1697846940, "d": ["acmeair-authservice", 41.473389]}, {"t": 1697846940, "d": ["acmeair-mainservice", 29.336548]}, {"t": 1697846950, "d": ["acmeair-bookingservice", 77.769471]}, {"t": 1697846950, "d": ["acmeair-customerservice", 71.398163]}, {"t": 1697846950, "d": ["acmeair-flightservice", 52.384949]}, {"t": 1697846950, "d": ["acmeair-authservice", 41.473389]}, {"t": 1697846950, "d": ["acmeair-mainservice", 29.336548]}, {"t": 1697846960, "d": ["acmeair-bookingservice", 73.481751]}, {"t": 1697846960, "d": ["acmeair-customerservice", 71.398163]}, {"t": 1697846960, "d": ["acmeair-flightservice", 52.384949]}, {"t": 1697846960, "d": ["acmeair-authservice", 41.473389]}, {"t": 1697846960, "d": ["acmeair-mainservice", 29.336548]}, {"t": 1697846970, "d": ["acmeair-bookingservice", 67.050171]}, {"t": 1697846970, "d": ["acmeair-customerservice", 71.398163]}, {"t": 1697846970, "d": ["acmeair-flightservice", 52.384949]}, {"t": 1697846970, "d": ["acmeair-authservice", 41.473389]}, {"t": 1697846970, "d": ["acmeair-mainservice", 29.336548]}, {"t": 1697846980, "d": ["acmeair-bookingservice", 67.050171]}, {"t": 1697846980, "d": ["acmeair-customerservice", 71.398163]}, {"t": 1697846980, "d": ["acmeair-flightservice", 52.384949]}, {"t": 1697846980, "d": ["acmeair-authservice", 41.473389]}, {"t": 1697846980, "d": ["acmeair-mainservice", 29.336548]}, {"t": 1697846990, "d": ["acmeair-bookingservice", 67.050171]}, {"t": 1697846990, "d": ["acmeair-customerservice", 71.398163]}, {"t": 1697846990, "d": ["acmeair-flightservice", 52.384949]}, {"t": 1697846990, "d": ["acmeair-authservice", 41.473389]}, {"t": 1697846990, "d": ["acmeair-mainservice", 29.336548]}, {"t": 1697847000, "d": ["acmeair-bookingservice", 67.050171]}, {"t": 1697847000, "d": ["acmeair-customerservice", 71.398163]}, {"t": 1697847000, "d": ["acmeair-flightservice", 52.384949]}, {"t": 1697847000, "d": ["acmeair-authservice", 41.473389]}, {"t": 1697847000, "d": ["acmeair-mainservice", 29.336548]}, {"t": 1697847010, "d": ["acmeair-bookingservice", 67.050171]}, {"t": 1697847010, "d": ["acmeair-customerservice", 71.398163]}, {"t": 1697847010, "d": ["acmeair-flightservice", 52.384949]}, {"t": 1697847010, "d": ["acmeair-authservice", 41.473389]}, {"t": 1697847010, "d": ["acmeair-mainservice", 29.336548]}, {"t": 1697847020, "d": ["acmeair-bookingservice", 67.050171]}, {"t": 1697847020, "d": ["acmeair-customerservice", 66.20163]}, {"t": 1697847020, "d": ["acmeair-flightservice", 52.152405]}, {"t": 1697847020, "d": ["acmeair-authservice", 41.473389]}, {"t": 1697847020, "d": ["acmeair-mainservice", 29.336548]}, {"t": 1697847030, "d": ["acmeair-bookingservice", 67.050171]}, {"t": 1697847030, "d": ["acmeair-customerservice", 54.076386]}, {"t": 1697847030, "d": ["acmeair-flightservice", 51.602173]}, {"t": 1697847030, "d": ["acmeair-authservice", 41.473389]}, {"t": 1697847030, "d": ["acmeair-mainservice", 29.336548]}, {"t": 1697847040, "d": ["acmeair-bookingservice", 67.050171]}, {"t": 1697847040, "d": ["acmeair-customerservice", 54.076386]}, {"t": 1697847040, "d": ["acmeair-flightservice", 51.602173]}, {"t": 1697847040, "d": ["acmeair-authservice", 41.473389]}, {"t": 1697847040, "d": ["acmeair-mainservice", 29.332352]}, {"t": 1697847050, "d": ["acmeair-bookingservice", 67.050171]}, {"t": 1697847050, "d": ["acmeair-customerservice", 54.076386]}, {"t": 1697847050, "d": ["acmeair-flightservice", 51.602173]}, {"t": 1697847050, "d": ["acmeair-authservice", 41.473389]}, {"t": 1697847050, "d": ["acmeair-mainservice", 29.328156]}, {"t": 1697847060, "d": ["acmeair-bookingservice", 67.050171]}, {"t": 1697847060, "d": ["acmeair-customerservice", 54.076386]}, {"t": 1697847060, "d": ["acmeair-flightservice", 51.602173]}, {"t": 1697847060, "d": ["acmeair-authservice", 41.473389]}, {"t": 1697847060, "d": ["acmeair-mainservice", 29.328156]}, {"t": 1697847070, "d": ["acmeair-bookingservice", 67.050477]}, {"t": 1697847070, "d": ["acmeair-customerservice", 54.095383]}, {"t": 1697847070, "d": ["acmeair-flightservice", 51.602173]}, {"t": 1697847070, "d": ["acmeair-authservice", 41.473389]}, {"t": 1697847070, "d": ["acmeair-mainservice", 29.32869]}, {"t": 1697847080, "d": ["acmeair-bookingservice", 67.116395]}, {"t": 1697847080, "d": ["acmeair-customerservice", 54.21875]}, {"t": 1697847080, "d": ["acmeair-flightservice", 51.60698]}, {"t": 1697847080, "d": ["acmeair-authservice", 41.473847]}, {"t": 1697847080, "d": ["acmeair-mainservice", 29.328919]}, {"t": 1697847090, "d": ["acmeair-bookingservice", 67.396393]}, {"t": 1697847090, "d": ["acmeair-customerservice", 54.739838]}, {"t": 1697847090, "d": ["acmeair-flightservice", 51.763306]}, {"t": 1697847090, "d": ["acmeair-authservice", 41.474152]}, {"t": 1697847090, "d": ["acmeair-mainservice", 29.328919]}, {"t": 1697847100, "d": ["acmeair-bookingservice", 68.015061]}, {"t": 1697847100, "d": ["acmeair-customerservice", 55.551224]}, {"t": 1697847100, "d": ["acmeair-flightservice", 51.704407]}, {"t": 1697847100, "d": ["acmeair-authservice", 41.474152]}, {"t": 1697847100, "d": ["acmeair-mainservice", 29.328919]}, {"t": 1697847110, "d": ["acmeair-bookingservice", 68.563004]}, {"t": 1697847110, "d": ["acmeair-customerservice", 56.379395]}, {"t": 1697847110, "d": ["acmeair-flightservice", 51.69983]}, {"t": 1697847110, "d": ["acmeair-authservice", 41.474457]}, {"t": 1697847110, "d": ["acmeair-mainservice", 29.328919]}, {"t": 1697847120, "d": ["acmeair-bookingservice", 69.113007]}, {"t": 1697847120, "d": ["acmeair-customerservice", 57.316514]}, {"t": 1697847120, "d": ["acmeair-flightservice", 51.609192]}, {"t": 1697847120, "d": ["acmeair-authservice", 41.475525]}, {"t": 1697847120, "d": ["acmeair-mainservice", 29.328919]}, {"t": 1697847130, "d": ["acmeair-bookingservice", 69.509049]}, {"t": 1697847130, "d": ["acmeair-customerservice", 58.288193]}, {"t": 1697847130, "d": ["acmeair-flightservice", 51.57692]}, {"t": 1697847130, "d": ["acmeair-authservice", 41.475678]}, {"t": 1697847130, "d": ["acmeair-mainservice", 29.328919]}, {"t": 1697847140, "d": ["acmeair-bookingservice", 69.777833]}, {"t": 1697847140, "d": ["acmeair-customerservice", 59.336854]}, {"t": 1697847140, "d": ["acmeair-flightservice", 51.514817]}, {"t": 1697847140, "d": ["acmeair-authservice", 41.475678]}, {"t": 1697847140, "d": ["acmeair-mainservice", 29.328919]}, {"t": 1697847150, "d": ["acmeair-bookingservice", 70.190964]}, {"t": 1697847150, "d": ["acmeair-customerservice", 61.016846]}, {"t": 1697847150, "d": ["acmeair-flightservice", 51.449738]}, {"t": 1697847150, "d": ["acmeair-authservice", 41.475678]}, {"t": 1697847150, "d": ["acmeair-mainservice", 29.328919]}, {"t": 1697847160, "d": ["acmeair-bookingservice", 70.732575]}, {"t": 1697847160, "d": ["acmeair-customerservice", 61.316147]}, {"t": 1697847160, "d": ["acmeair-flightservice", 51.410752]}, {"t": 1697847160, "d": ["acmeair-authservice", 41.475678]}, {"t": 1697847160, "d": ["acmeair-mainservice", 29.328919]}, {"t": 1697847170, "d": ["acmeair-bookingservice", 70.973206]}, {"t": 1697847170, "d": ["acmeair-customerservice", 62.157364]}, {"t": 1697847170, "d": ["acmeair-flightservice", 51.420517]}, {"t": 1697847170, "d": ["acmeair-authservice", 41.477204]}, {"t": 1697847170, "d": ["acmeair-mainservice", 29.328919]}, {"t": 1697847180, "d": ["acmeair-bookingservice", 71.554413]}, {"t": 1697847180, "d": ["acmeair-customerservice", 63.072434]}, {"t": 1697847180, "d": ["acmeair-flightservice", 51.407166]}, {"t": 1697847180, "d": ["acmeair-authservice", 41.477204]}, {"t": 1697847180, "d": ["acmeair-mainservice", 29.328919]}, {"t": 1697847190, "d": ["acmeair-bookingservice", 72.043915]}, {"t": 1697847190, "d": ["acmeair-customerservice", 63.977128]}, {"t": 1697847190, "d": ["acmeair-flightservice", 51.314011]}, {"t": 1697847190, "d": ["acmeair-authservice", 41.555405]}, {"t": 1697847190, "d": ["acmeair-mainservice", 29.328919]}, {"t": 1697847200, "d": ["acmeair-bookingservice", 72.67418]}, {"t": 1697847200, "d": ["acmeair-customerservice", 64.566041]}, {"t": 1697847200, "d": ["acmeair-flightservice", 51.267853]}, {"t": 1697847200, "d": ["acmeair-authservice", 41.477204]}, {"t": 1697847200, "d": ["acmeair-mainservice", 29.328919]}, {"t": 1697847210, "d": ["acmeair-bookingservice", 73.106995]}, {"t": 1697847210, "d": ["acmeair-customerservice", 65.153199]}, {"t": 1697847210, "d": ["acmeair-flightservice", 51.19896]}, {"t": 1697847210, "d": ["acmeair-authservice", 41.477204]}, {"t": 1697847210, "d": ["acmeair-mainservice", 29.328919]}, {"t": 1697847220, "d": ["acmeair-bookingservice", 73.340149]}, {"t": 1697847220, "d": ["acmeair-customerservice", 65.989991]}, {"t": 1697847220, "d": ["acmeair-flightservice", 51.115647]}, {"t": 1697847220, "d": ["acmeair-authservice", 41.477204]}, {"t": 1697847220, "d": ["acmeair-mainservice", 29.328919]}, {"t": 1697847230, "d": ["acmeair-bookingservice", 73.773194]}, {"t": 1697847230, "d": ["acmeair-customerservice", 66.8293]}, {"t": 1697847230, "d": ["acmeair-flightservice", 51.060639]}, {"t": 1697847230, "d": ["acmeair-authservice", 41.477204]}, {"t": 1697847230, "d": ["acmeair-mainservice", 29.328919]}], "start": 1697846930, "end": 1697847230}