{"data": [{"t": 1697846940, "d": ["acmeair-bookingservice", 417521664]}, {"t": 1697846940, "d": ["acmeair-customerservice", 383315968]}, {"t": 1697846940, "d": ["acmeair-flightservice", 281239552]}, {"t": 1697846940, "d": ["acmeair-booking-db", 263168000]}, {"t": 1697846940, "d": ["acmeair-customer-db", 231550976]}, {"t": 1697846940, "d": ["acmeair-flight-db", 224038912]}, {"t": 1697846940, "d": ["acmeair-authservice", 222658560]}, {"t": 1697846940, "d": ["acmeair-mainservice", 157499392]}, {"t": 1697846940, "d": ["jmeter", 8462336]}, {"t": 1697846950, "d": ["acmeair-bookingservice", 417521664]}, {"t": 1697846950, "d": ["acmeair-customerservice", 383315968]}, {"t": 1697846950, "d": ["acmeair-flightservice", 281239552]}, {"t": 1697846950, "d": ["acmeair-booking-db", 263168000]}, {"t": 1697846950, "d": ["acmeair-customer-db", 231550976]}, {"t": 1697846950, "d": ["acmeair-flight-db", 224038912]}, {"t": 1697846950, "d": ["acmeair-authservice", 222658560]}, {"t": 1697846950, "d": ["acmeair-mainservice", 157499392]}, {"t": 1697846950, "d": ["jmeter", 8462336]}, {"t": 1697846960, "d": ["acmeair-bookingservice", 394502144]}, {"t": 1697846960, "d": ["acmeair-customerservice", 383315968]}, {"t": 1697846960, "d": ["acmeair-flightservice", 281239552]}, {"t": 1697846960, "d": ["acmeair-booking-db", 263168000]}, {"t": 1697846960, "d": ["acmeair-customer-db", 231550976]}, {"t": 1697846960, "d": ["acmeair-flight-db", 224038912]}, {"t": 1697846960, "d": ["acmeair-authservice", 222658560]}, {"t": 1697846960, "d": ["acmeair-mainservice", 157499392]}, {"t": 1697846960, "d": ["jmeter", 8462336]}, {"t": 1697846970, "d": ["acmeair-bookingservice", 359972864]}, {"t": 1697846970, "d": ["acmeair-customerservice", 383315968]}, {"t": 1697846970, "d": ["acmeair-flightservice", 281239552]}, {"t": 1697846970, "d": ["acmeair-booking-db", 263168000]}, {"t": 1697846970, "d": ["acmeair-customer-db", 231550976]}, {"t": 1697846970, "d": ["acmeair-flight-db", 224038912]}, {"t": 1697846970, "d": ["acmeair-authservice", 222658560]}, {"t": 1697846970, "d": ["acmeair-mainservice", 157499392]}, {"t": 1697846970, "d": ["jmeter", 8462336]}, {"t": 1697846980, "d": ["acmeair-bookingservice", 359972864]}, {"t": 1697846980, "d": ["acmeair-customerservice", 383315968]}, {"t": 1697846980, "d": ["acmeair-flightservice", 281239552]}, {"t": 1697846980, "d": ["acmeair-booking-db", 263168000]}, {"t": 1697846980, "d": ["acmeair-customer-db", 231550976]}, {"t": 1697846980, "d": ["acmeair-flight-db", 224038912]}, {"t": 1697846980, "d": ["acmeair-authservice", 222658560]}, {"t": 1697846980, "d": ["acmeair-mainservice", 157499392]}, {"t": 1697846980, "d": ["jmeter", 8462336]}, {"t": 1697846990, "d": ["acmeair-bookingservice", 359972864]}, {"t": 1697846990, "d": ["acmeair-customerservice", 383315968]}, {"t": 1697846990, "d": ["acmeair-flightservice", 281239552]}, {"t": 1697846990, "d": ["acmeair-booking-db", 263168000]}, {"t": 1697846990, "d": ["acmeair-customer-db", 231550976]}, {"t": 1697846990, "d": ["acmeair-flight-db", 224038912]}, {"t": 1697846990, "d": ["acmeair-authservice", 222658560]}, {"t": 1697846990, "d": ["acmeair-mainservice", 157499392]}, {"t": 1697846990, "d": ["jmeter", 8462336]}, {"t": 1697847000, "d": ["acmeair-bookingservice", 359972864]}, {"t": 1697847000, "d": ["acmeair-customerservice", 383315968]}, {"t": 1697847000, "d": ["acmeair-flightservice", 281239552]}, {"t": 1697847000, "d": ["acmeair-booking-db", 263168000]}, {"t": 1697847000, "d": ["acmeair-customer-db", 231550976]}, {"t": 1697847000, "d": ["acmeair-flight-db", 224038912]}, {"t": 1697847000, "d": ["acmeair-authservice", 222658560]}, {"t": 1697847000, "d": ["acmeair-mainservice", 157499392]}, {"t": 1697847000, "d": ["jmeter", 8462336]}, {"t": 1697847010, "d": ["acmeair-bookingservice", 359972864]}, {"t": 1697847010, "d": ["acmeair-customerservice", 383315968]}, {"t": 1697847010, "d": ["acmeair-flightservice", 281239552]}, {"t": 1697847010, "d": ["acmeair-booking-db", 263168000]}, {"t": 1697847010, "d": ["acmeair-customer-db", 231550976]}, {"t": 1697847010, "d": ["acmeair-flight-db", 224038912]}, {"t": 1697847010, "d": ["acmeair-authservice", 222658560]}, {"t": 1697847010, "d": ["acmeair-mainservice", 157499392]}, {"t": 1697847010, "d": ["jmeter", 8462336]}, {"t": 1697847020, "d": ["acmeair-bookingservice", 359972864]}, {"t": 1697847020, "d": ["acmeair-customerservice", 355417292.8]}, {"t": 1697847020, "d": ["acmeair-flightservice", 279991091.2]}, {"t": 1697847020, "d": ["acmeair-booking-db", 263168000]}, {"t": 1697847020, "d": ["acmeair-customer-db", 231553024]}, {"t": 1697847020, "d": ["acmeair-flight-db", 224038912]}, {"t": 1697847020, "d": ["acmeair-authservice", 222658560]}, {"t": 1697847020, "d": ["acmeair-mainservice", 157499392]}, {"t": 1697847020, "d": ["jmeter", 8462336]}, {"t": 1697847030, "d": ["acmeair-bookingservice", 359972864]}, {"t": 1697847030, "d": ["acmeair-customerservice", 290320384]}, {"t": 1697847030, "d": ["acmeair-flightservice", 277037056]}, {"t": 1697847030, "d": ["acmeair-booking-db", 263168000]}, {"t": 1697847030, "d": ["acmeair-customer-db", 231550976]}, {"t": 1697847030, "d": ["acmeair-flight-db", 224038912]}, {"t": 1697847030, "d": ["acmeair-authservice", 222658560]}, {"t": 1697847030, "d": ["acmeair-mainservice", 157499392]}, {"t": 1697847030, "d": ["jmeter", 8462336]}, {"t": 1697847040, "d": ["acmeair-bookingservice", 359972864]}, {"t": 1697847040, "d": ["acmeair-customerservice", 290320384]}, {"t": 1697847040, "d": ["acmeair-flightservice", 277037056]}, {"t": 1697847040, "d": ["acmeair-booking-db", 263168000]}, {"t": 1697847040, "d": ["acmeair-customer-db", 231505920]}, {"t": 1697847040, "d": ["acmeair-flight-db", 224038912]}, {"t": 1697847040, "d": ["acmeair-authservice", 222658560]}, {"t": 1697847040, "d": ["acmeair-mainservice", 157476864]}, {"t": 1697847040, "d": ["jmeter", 8462336]}, {"t": 1697847050, "d": ["acmeair-bookingservice", 359972864]}, {"t": 1697847050, "d": ["acmeair-customerservice", 290320384]}, {"t": 1697847050, "d": ["acmeair-flightservice", 277037056]}, {"t": 1697847050, "d": ["acmeair-booking-db", 263168000]}, {"t": 1697847050, "d": ["acmeair-customer-db", 231460864]}, {"t": 1697847050, "d": ["acmeair-flight-db", 224038912]}, {"t": 1697847050, "d": ["acmeair-authservice", 222658560]}, {"t": 1697847050, "d": ["acmeair-mainservice", 157454336]}, {"t": 1697847050, "d": ["jmeter", 8462336]}, {"t": 1697847060, "d": ["acmeair-bookingservice", 359972864]}, {"t": 1697847060, "d": ["acmeair-customerservice", 290320384]}, {"t": 1697847060, "d": ["acmeair-flightservice", 277037056]}, {"t": 1697847060, "d": ["acmeair-booking-db", 263168409.6]}, {"t": 1697847060, "d": ["acmeair-customer-db", 231460044.8]}, {"t": 1697847060, "d": ["acmeair-flight-db", 224038912]}, {"t": 1697847060, "d": ["acmeair-authservice", 222658560]}, {"t": 1697847060, "d": ["acmeair-mainservice", 157454336]}, {"t": 1697847060, "d": ["jmeter", 8462336]}, {"t": 1697847070, "d": ["acmeair-bookingservice", 359974502.4]}, {"t": 1697847070, "d": ["acmeair-customerservice", 290422374.4]}, {"t": 1697847070, "d": ["acmeair-flightservice", 277037056]}, {"t": 1697847070, "d": ["acmeair-booking-db", 263008256]}, {"t": 1697847070, "d": ["acmeair-customer-db", 231505100.8]}, {"t": 1697847070, "d": ["acmeair-flight-db", 224038912]}, {"t": 1697847070, "d": ["acmeair-authservice", 222658560]}, {"t": 1697847070, "d": ["acmeair-mainservice", 157457203.2]}, {"t": 1697847070, "d": ["jmeter", 32824524.8]}, {"t": 1697847080, "d": ["acmeair-bookingservice", 360328396.8]}, {"t": 1697847080, "d": ["acmeair-customerservice", 291084697.6]}, {"t": 1697847080, "d": ["acmeair-flightservice", 277062860.8]}, {"t": 1697847080, "d": ["acmeair-booking-db", 263012352]}, {"t": 1697847080, "d": ["acmeair-customer-db", 231596032]}, {"t": 1697847080, "d": ["acmeair-flight-db", 224038912]}, {"t": 1697847080, "d": ["acmeair-authservice", 222661017.6]}, {"t": 1697847080, "d": ["acmeair-mainservice", 157458432]}, {"t": 1697847080, "d": ["jmeter", 213012889.6]}, {"t": 1697847090, "d": ["acmeair-bookingservice", 361831628.8]}, {"t": 1697847090, "d": ["acmeair-customerservice", 293882265.6]}, {"t": 1697847090, "d": ["acmeair-flightservice", 277902131.2]}, {"t": 1697847090, "d": ["acmeair-booking-db", 263012761.6]}, {"t": 1697847090, "d": ["acmeair-customer-db", 231569408]}, {"t": 1697847090, "d": ["acmeair-flight-db", 224217497.6]}, {"t": 1697847090, "d": ["acmeair-authservice", 222662656]}, {"t": 1697847090, "d": ["acmeair-mainservice", 157458432]}, {"t": 1697847090, "d": ["jmeter", 428818841.6]}, {"t": 1697847100, "d": ["acmeair-bookingservice", 365153075.2]}, {"t": 1697847100, "d": ["acmeair-customerservice", 298238361.6]}, {"t": 1697847100, "d": ["acmeair-flightservice", 277585920]}, {"t": 1697847100, "d": ["acmeair-booking-db", 263038976]}, {"t": 1697847100, "d": ["acmeair-customer-db", 231503872]}, {"t": 1697847100, "d": ["acmeair-flight-db", 224448512]}, {"t": 1697847100, "d": ["acmeair-authservice", 222662656]}, {"t": 1697847100, "d": ["acmeair-mainservice", 157458432]}, {"t": 1697847100, "d": ["jmeter", 764152217.6]}, {"t": 1697847110, "d": ["acmeair-bookingservice", 368094822.4]}, {"t": 1697847110, "d": ["acmeair-customerservice", 302684569.6]}, {"t": 1697847110, "d": ["acmeair-flightservice", 277561344]}, {"t": 1697847110, "d": ["acmeair-booking-db", 263279001.6]}, {"t": 1697847110, "d": ["acmeair-customer-db", 231363788.8]}, {"t": 1697847110, "d": ["acmeair-flight-db", 224448512]}, {"t": 1697847110, "d": ["acmeair-authservice", 222664294.4]}, {"t": 1697847110, "d": ["acmeair-mainservice", 157458432]}, {"t": 1697847110, "d": ["jmeter", 821907865.6]}, {"t": 1697847120, "d": ["acmeair-bookingservice", 371047628.8]}, {"t": 1697847120, "d": ["acmeair-customerservice", 307715686.4]}, {"t": 1697847120, "d": ["acmeair-flightservice", 277074739.2]}, {"t": 1697847120, "d": ["acmeair-booking-db", 263359692.8]}, {"t": 1697847120, "d": ["acmeair-customer-db", 231254016]}, {"t": 1697847120, "d": ["acmeair-flight-db", 224448512]}, {"t": 1697847120, "d": ["acmeair-authservice", 222670028.8]}, {"t": 1697847120, "d": ["acmeair-mainservice", 157458432]}, {"t": 1697847120, "d": ["jmeter", 806371328]}, {"t": 1697847130, "d": ["acmeair-bookingservice", 373173862.4]}, {"t": 1697847130, "d": ["acmeair-customerservice", 312932352]}, {"t": 1697847130, "d": ["acmeair-flightservice", 276901478.4]}, {"t": 1697847130, "d": ["acmeair-booking-db", 263414579.2]}, {"t": 1697847130, "d": ["acmeair-customer-db", 231422771.2]}, {"t": 1697847130, "d": ["acmeair-flight-db", 224448512]}, {"t": 1697847130, "d": ["acmeair-authservice", 222670848]}, {"t": 1697847130, "d": ["acmeair-mainservice", 157458432]}, {"t": 1697847130, "d": ["jmeter", 806008832]}, {"t": 1697847140, "d": ["acmeair-bookingservice", 374616883.2]}, {"t": 1697847140, "d": ["acmeair-customerservice", 318562304]}, {"t": 1697847140, "d": ["acmeair-flightservice", 276568064]}, {"t": 1697847140, "d": ["acmeair-booking-db", 263413760]}, {"t": 1697847140, "d": ["acmeair-customer-db", 231559577.6]}, {"t": 1697847140, "d": ["acmeair-flight-db", 224514457.6]}, {"t": 1697847140, "d": ["acmeair-authservice", 222670848]}, {"t": 1697847140, "d": ["acmeair-mainservice", 157458432]}, {"t": 1697847140, "d": ["jmeter", 804642816]}, {"t": 1697847150, "d": ["acmeair-bookingservice", 376834867.2]}, {"t": 1697847150, "d": ["acmeair-customerservice", 327581696]}, {"t": 1697847150, "d": ["acmeair-flightservice", 276218675.2]}, {"t": 1697847150, "d": ["acmeair-booking-db", 263417036.8]}, {"t": 1697847150, "d": ["acmeair-customer-db", 231501004.8]}, {"t": 1697847150, "d": ["acmeair-flight-db", 224542720]}, {"t": 1697847150, "d": ["acmeair-authservice", 222670848]}, {"t": 1697847150, "d": ["acmeair-mainservice", 157458432]}, {"t": 1697847150, "d": ["jmeter", 808154316.8]}, {"t": 1697847160, "d": ["acmeair-bookingservice", 379742617.6]}, {"t": 1697847160, "d": ["acmeair-customerservice", 329188556.8]}, {"t": 1697847160, "d": ["acmeair-flightservice", 276009369.6]}, {"t": 1697847160, "d": ["acmeair-booking-db", 263439564.8]}, {"t": 1697847160, "d": ["acmeair-customer-db", 231302348.8]}, {"t": 1697847160, "d": ["acmeair-flight-db", 224542720]}, {"t": 1697847160, "d": ["acmeair-authservice", 222670848]}, {"t": 1697847160, "d": ["acmeair-mainservice", 157458432]}, {"t": 1697847160, "d": ["jmeter", 808167833.6]}, {"t": 1697847170, "d": ["acmeair-bookingservice", 381034496]}, {"t": 1697847170, "d": ["acmeair-customerservice", 333704806.4]}, {"t": 1697847170, "d": ["acmeair-flightservice", 276061798.4]}, {"t": 1697847170, "d": ["acmeair-booking-db", 263438336]}, {"t": 1697847170, "d": ["acmeair-customer-db", 231178240]}, {"t": 1697847170, "d": ["acmeair-flight-db", 224542720]}, {"t": 1697847170, "d": ["acmeair-authservice", 222679040]}, {"t": 1697847170, "d": ["acmeair-mainservice", 157458432]}, {"t": 1697847170, "d": ["jmeter", 808384102.4]}, {"t": 1697847180, "d": ["acmeair-bookingservice", 384154828.8]}, {"t": 1697847180, "d": ["acmeair-customerservice", 338617548.8]}, {"t": 1697847180, "d": ["acmeair-flightservice", 275990118.4]}, {"t": 1697847180, "d": ["acmeair-booking-db", 263439155.2]}, {"t": 1697847180, "d": ["acmeair-customer-db", 230916915.2]}, {"t": 1697847180, "d": ["acmeair-flight-db", 224542720]}, {"t": 1697847180, "d": ["acmeair-authservice", 222679040]}, {"t": 1697847180, "d": ["acmeair-mainservice", 157458432]}, {"t": 1697847180, "d": ["jmeter", 808484454.4]}, {"t": 1697847190, "d": ["acmeair-bookingservice", 386782822.4]}, {"t": 1697847190, "d": ["acmeair-customerservice", 343474585.6]}, {"t": 1697847190, "d": ["acmeair-flightservice", 275489996.8]}, {"t": 1697847190, "d": ["acmeair-booking-db", 263431372.8]}, {"t": 1697847190, "d": ["acmeair-customer-db", 230714982.4]}, {"t": 1697847190, "d": ["acmeair-flight-db", 224542720]}, {"t": 1697847190, "d": ["acmeair-authservice", 223098880]}, {"t": 1697847190, "d": ["acmeair-mainservice", 157458432]}, {"t": 1697847190, "d": ["jmeter", 813848166.4]}, {"t": 1697847200, "d": ["acmeair-bookingservice", 390166528]}, {"t": 1697847200, "d": ["acmeair-customerservice", 346636288]}, {"t": 1697847200, "d": ["acmeair-flightservice", 275242188.8]}, {"t": 1697847200, "d": ["acmeair-booking-db", 263287603.2]}, {"t": 1697847200, "d": ["acmeair-customer-db", 230290227.2]}, {"t": 1697847200, "d": ["acmeair-flight-db", 224617267.2]}, {"t": 1697847200, "d": ["acmeair-authservice", 222679040]}, {"t": 1697847200, "d": ["acmeair-mainservice", 157458432]}, {"t": 1697847200, "d": ["jmeter", 809502720]}, {"t": 1697847210, "d": ["acmeair-bookingservice", 392490188.8]}, {"t": 1697847210, "d": ["acmeair-customerservice", 349788569.6]}, {"t": 1697847210, "d": ["acmeair-flightservice", 274872320]}, {"t": 1697847210, "d": ["acmeair-booking-db", 263167180.8]}, {"t": 1697847210, "d": ["acmeair-customer-db", 230393446.4]}, {"t": 1697847210, "d": ["acmeair-flight-db", 224649216]}, {"t": 1697847210, "d": ["acmeair-authservice", 222679040]}, {"t": 1697847210, "d": ["acmeair-mainservice", 157458432]}, {"t": 1697847210, "d": ["jmeter", 808997273.6]}, {"t": 1697847220, "d": ["acmeair-bookingservice", 393741926.4]}, {"t": 1697847220, "d": ["acmeair-customerservice", 354281062.4]}, {"t": 1697847220, "d": ["acmeair-flightservice", 274425036.8]}, {"t": 1697847220, "d": ["acmeair-booking-db", 263081574.4]}, {"t": 1697847220, "d": ["acmeair-customer-db", 230415155.2]}, {"t": 1697847220, "d": ["acmeair-flight-db", 224652492.8]}, {"t": 1697847220, "d": ["acmeair-authservice", 222679040]}, {"t": 1697847220, "d": ["acmeair-mainservice", 157458432]}, {"t": 1697847220, "d": ["jmeter", 809077964.8]}, {"t": 1697847230, "d": ["acmeair-bookingservice", 396066816]}, {"t": 1697847230, "d": ["acmeair-customerservice", 358787072]}, {"t": 1697847230, "d": ["acmeair-flightservice", 274129715.2]}, {"t": 1697847230, "d": ["acmeair-booking-db", 263005798.4]}, {"t": 1697847230, "d": ["acmeair-customer-db", 230351667.2]}, {"t": 1697847230, "d": ["acmeair-flight-db", 224656588.8]}, {"t": 1697847230, "d": ["acmeair-authservice", 222679040]}, {"t": 1697847230, "d": ["acmeair-mainservice", 157458432]}, {"t": 1697847230, "d": ["jmeter", 809174630.4]}], "start": 1697846930, "end": 1697847230}