{"data": [{"t": 1697846940, "d": ["acmeair-booking-db", 19]}, {"t": 1697846940, "d": ["acmeair-customer-db", 16]}, {"t": 1697846940, "d": ["acmeair-flight-db", 11]}, {"t": 1697846950, "d": ["acmeair-booking-db", 19]}, {"t": 1697846950, "d": ["acmeair-customer-db", 16]}, {"t": 1697846950, "d": ["acmeair-flight-db", 11]}, {"t": 1697846960, "d": ["acmeair-booking-db", 19]}, {"t": 1697846960, "d": ["acmeair-customer-db", 16]}, {"t": 1697846960, "d": ["acmeair-flight-db", 11]}, {"t": 1697846970, "d": ["acmeair-booking-db", 19]}, {"t": 1697846970, "d": ["acmeair-customer-db", 16]}, {"t": 1697846970, "d": ["acmeair-flight-db", 11]}, {"t": 1697846980, "d": ["acmeair-booking-db", 19]}, {"t": 1697846980, "d": ["acmeair-customer-db", 16]}, {"t": 1697846980, "d": ["acmeair-flight-db", 11]}, {"t": 1697846990, "d": ["acmeair-booking-db", 19]}, {"t": 1697846990, "d": ["acmeair-customer-db", 16]}, {"t": 1697846990, "d": ["acmeair-flight-db", 11]}, {"t": 1697847000, "d": ["acmeair-booking-db", 19]}, {"t": 1697847000, "d": ["acmeair-customer-db", 16]}, {"t": 1697847000, "d": ["acmeair-flight-db", 11]}, {"t": 1697847010, "d": ["acmeair-booking-db", 19]}, {"t": 1697847010, "d": ["acmeair-customer-db", 16]}, {"t": 1697847010, "d": ["acmeair-flight-db", 11]}, {"t": 1697847020, "d": ["acmeair-booking-db", 19]}, {"t": 1697847020, "d": ["acmeair-customer-db", 16]}, {"t": 1697847020, "d": ["acmeair-flight-db", 11]}, {"t": 1697847030, "d": ["acmeair-booking-db", 19]}, {"t": 1697847030, "d": ["acmeair-customer-db", 16]}, {"t": 1697847030, "d": ["acmeair-flight-db", 11]}, {"t": 1697847040, "d": ["acmeair-booking-db", 19]}, {"t": 1697847040, "d": ["acmeair-customer-db", 16]}, {"t": 1697847040, "d": ["acmeair-flight-db", 11]}, {"t": 1697847050, "d": ["acmeair-booking-db", 19]}, {"t": 1697847050, "d": ["acmeair-customer-db", 16]}, {"t": 1697847050, "d": ["acmeair-flight-db", 11]}, {"t": 1697847060, "d": ["acmeair-booking-db", 19]}, {"t": 1697847060, "d": ["acmeair-customer-db", 16]}, {"t": 1697847060, "d": ["acmeair-flight-db", 11]}, {"t": 1697847070, "d": ["acmeair-booking-db", 19]}, {"t": 1697847070, "d": ["acmeair-customer-db", 16]}, {"t": 1697847070, "d": ["acmeair-flight-db", 11]}, {"t": 1697847080, "d": ["acmeair-booking-db", 19]}, {"t": 1697847080, "d": ["acmeair-customer-db", 16]}, {"t": 1697847080, "d": ["acmeair-flight-db", 11]}, {"t": 1697847090, "d": ["acmeair-booking-db", 19]}, {"t": 1697847090, "d": ["acmeair-customer-db", 16]}, {"t": 1697847090, "d": ["acmeair-flight-db", 11]}, {"t": 1697847100, "d": ["acmeair-booking-db", 19]}, {"t": 1697847100, "d": ["acmeair-customer-db", 16]}, {"t": 1697847100, "d": ["acmeair-flight-db", 11]}, {"t": 1697847110, "d": ["acmeair-booking-db", 19]}, {"t": 1697847110, "d": ["acmeair-customer-db", 16]}, {"t": 1697847110, "d": ["acmeair-flight-db", 11]}, {"t": 1697847120, "d": ["acmeair-booking-db", 19]}, {"t": 1697847120, "d": ["acmeair-customer-db", 16]}, {"t": 1697847120, "d": ["acmeair-flight-db", 11]}, {"t": 1697847130, "d": ["acmeair-booking-db", 19]}, {"t": 1697847130, "d": ["acmeair-customer-db", 16]}, {"t": 1697847130, "d": ["acmeair-flight-db", 11]}, {"t": 1697847140, "d": ["acmeair-booking-db", 19]}, {"t": 1697847140, "d": ["acmeair-customer-db", 16]}, {"t": 1697847140, "d": ["acmeair-flight-db", 11]}, {"t": 1697847150, "d": ["acmeair-booking-db", 19]}, {"t": 1697847150, "d": ["acmeair-customer-db", 16]}, {"t": 1697847150, "d": ["acmeair-flight-db", 11]}, {"t": 1697847160, "d": ["acmeair-booking-db", 19]}, {"t": 1697847160, "d": ["acmeair-customer-db", 16]}, {"t": 1697847160, "d": ["acmeair-flight-db", 11]}, {"t": 1697847170, "d": ["acmeair-booking-db", 19]}, {"t": 1697847170, "d": ["acmeair-customer-db", 16]}, {"t": 1697847170, "d": ["acmeair-flight-db", 11]}, {"t": 1697847180, "d": ["acmeair-booking-db", 19]}, {"t": 1697847180, "d": ["acmeair-customer-db", 16]}, {"t": 1697847180, "d": ["acmeair-flight-db", 11]}, {"t": 1697847190, "d": ["acmeair-booking-db", 19]}, {"t": 1697847190, "d": ["acmeair-customer-db", 16]}, {"t": 1697847190, "d": ["acmeair-flight-db", 11]}, {"t": 1697847200, "d": ["acmeair-booking-db", 19]}, {"t": 1697847200, "d": ["acmeair-customer-db", 16]}, {"t": 1697847200, "d": ["acmeair-flight-db", 11]}, {"t": 1697847210, "d": ["acmeair-booking-db", 19]}, {"t": 1697847210, "d": ["acmeair-customer-db", 16]}, {"t": 1697847210, "d": ["acmeair-flight-db", 11]}, {"t": 1697847220, "d": ["acmeair-booking-db", 19]}, {"t": 1697847220, "d": ["acmeair-customer-db", 16]}, {"t": 1697847220, "d": ["acmeair-flight-db", 11]}, {"t": 1697847230, "d": ["acmeair-booking-db", 19]}, {"t": 1697847230, "d": ["acmeair-customer-db", 16]}, {"t": 1697847230, "d": ["acmeair-flight-db", 11]}], "start": 1697846930, "end": 1697847230}