{"data": [{"t": 1697846940, "d": ["jmeter", 0]}, {"t": 1697846940, "d": ["acmeair-authservice", 0]}, {"t": 1697846940, "d": ["acmeair-bookingservice", 0]}, {"t": 1697846940, "d": ["acmeair-flightservice", 0]}, {"t": 1697846940, "d": ["acmeair-customerservice", 0]}, {"t": 1697846950, "d": ["jmeter", 0]}, {"t": 1697846950, "d": ["acmeair-authservice", 0]}, {"t": 1697846950, "d": ["acmeair-bookingservice", 0]}, {"t": 1697846950, "d": ["acmeair-flightservice", 0]}, {"t": 1697846950, "d": ["acmeair-customerservice", 0]}, {"t": 1697846960, "d": ["jmeter", 0]}, {"t": 1697846960, "d": ["acmeair-authservice", 0]}, {"t": 1697846960, "d": ["acmeair-bookingservice", 9]}, {"t": 1697846960, "d": ["acmeair-flightservice", 0]}, {"t": 1697846960, "d": ["acmeair-customerservice", 0]}, {"t": 1697846970, "d": ["jmeter", 0]}, {"t": 1697846970, "d": ["acmeair-authservice", 0]}, {"t": 1697846970, "d": ["acmeair-bookingservice", 0]}, {"t": 1697846970, "d": ["acmeair-flightservice", 0]}, {"t": 1697846970, "d": ["acmeair-customerservice", 0]}, {"t": 1697846980, "d": ["jmeter", 0]}, {"t": 1697846980, "d": ["acmeair-authservice", 0]}, {"t": 1697846980, "d": ["acmeair-bookingservice", 0]}, {"t": 1697846980, "d": ["acmeair-flightservice", 0]}, {"t": 1697846980, "d": ["acmeair-customerservice", 0]}, {"t": 1697846990, "d": ["jmeter", 0]}, {"t": 1697846990, "d": ["acmeair-authservice", 0]}, {"t": 1697846990, "d": ["acmeair-bookingservice", 9]}, {"t": 1697846990, "d": ["acmeair-flightservice", 0]}, {"t": 1697846990, "d": ["acmeair-customerservice", 0]}, {"t": 1697847000, "d": ["jmeter", 0]}, {"t": 1697847000, "d": ["acmeair-authservice", 0]}, {"t": 1697847000, "d": ["acmeair-bookingservice", 0]}, {"t": 1697847000, "d": ["acmeair-flightservice", 0]}, {"t": 1697847000, "d": ["acmeair-customerservice", 0]}, {"t": 1697847010, "d": ["jmeter", 0]}, {"t": 1697847010, "d": ["acmeair-authservice", 0]}, {"t": 1697847010, "d": ["acmeair-bookingservice", 0]}, {"t": 1697847010, "d": ["acmeair-flightservice", 0]}, {"t": 1697847010, "d": ["acmeair-customerservice", 0]}, {"t": 1697847020, "d": ["jmeter", 0]}, {"t": 1697847020, "d": ["acmeair-authservice", 0]}, {"t": 1697847020, "d": ["acmeair-bookingservice", 0]}, {"t": 1697847020, "d": ["acmeair-flightservice", 0]}, {"t": 1697847020, "d": ["acmeair-customerservice", 0]}, {"t": 1697847030, "d": ["jmeter", 0]}, {"t": 1697847030, "d": ["acmeair-authservice", 0]}, {"t": 1697847030, "d": ["acmeair-bookingservice", 0]}, {"t": 1697847030, "d": ["acmeair-flightservice", 0]}, {"t": 1697847030, "d": ["acmeair-customerservice", 0]}, {"t": 1697847040, "d": ["jmeter", 0]}, {"t": 1697847040, "d": ["acmeair-authservice", 0]}, {"t": 1697847040, "d": ["acmeair-bookingservice", 0]}, {"t": 1697847040, "d": ["acmeair-flightservice", 0]}, {"t": 1697847040, "d": ["acmeair-customerservice", 0]}, {"t": 1697847050, "d": ["jmeter", 0]}, {"t": 1697847050, "d": ["acmeair-authservice", 0]}, {"t": 1697847050, "d": ["acmeair-bookingservice", 0]}, {"t": 1697847050, "d": ["acmeair-flightservice", 0]}, {"t": 1697847050, "d": ["acmeair-customerservice", 0]}, {"t": 1697847060, "d": ["jmeter", 0]}, {"t": 1697847060, "d": ["acmeair-authservice", 0]}, {"t": 1697847060, "d": ["acmeair-bookingservice", 0]}, {"t": 1697847060, "d": ["acmeair-flightservice", 0]}, {"t": 1697847060, "d": ["acmeair-customerservice", 0]}, {"t": 1697847070, "d": ["jmeter", 0]}, {"t": 1697847070, "d": ["acmeair-authservice", 0]}, {"t": 1697847070, "d": ["acmeair-bookingservice", 0]}, {"t": 1697847070, "d": ["acmeair-flightservice", 7]}, {"t": 1697847070, "d": ["acmeair-customerservice", 4]}, {"t": 1697847080, "d": ["jmeter", 70]}, {"t": 1697847080, "d": ["acmeair-authservice", 28]}, {"t": 1697847080, "d": ["acmeair-bookingservice", 86]}, {"t": 1697847080, "d": ["acmeair-flightservice", 40]}, {"t": 1697847080, "d": ["acmeair-customerservice", 26]}, {"t": 1697847090, "d": ["jmeter", 100]}, {"t": 1697847090, "d": ["acmeair-authservice", 40]}, {"t": 1697847090, "d": ["acmeair-bookingservice", 136]}, {"t": 1697847090, "d": ["acmeair-flightservice", 46]}, {"t": 1697847090, "d": ["acmeair-customerservice", 40]}, {"t": 1697847100, "d": ["jmeter", 110]}, {"t": 1697847100, "d": ["acmeair-authservice", 40]}, {"t": 1697847100, "d": ["acmeair-bookingservice", 146]}, {"t": 1697847100, "d": ["acmeair-flightservice", 0]}, {"t": 1697847100, "d": ["acmeair-customerservice", 47]}, {"t": 1697847110, "d": ["jmeter", 100]}, {"t": 1697847110, "d": ["acmeair-authservice", 40]}, {"t": 1697847110, "d": ["acmeair-bookingservice", 170]}, {"t": 1697847110, "d": ["acmeair-flightservice", 0]}, {"t": 1697847110, "d": ["acmeair-customerservice", 50]}, {"t": 1697847120, "d": ["jmeter", 114]}, {"t": 1697847120, "d": ["acmeair-authservice", 41]}, {"t": 1697847120, "d": ["acmeair-bookingservice", 185]}, {"t": 1697847120, "d": ["acmeair-flightservice", 0]}, {"t": 1697847120, "d": ["acmeair-customerservice", 50]}, {"t": 1697847130, "d": ["jmeter", 100]}, {"t": 1697847130, "d": ["acmeair-authservice", 40]}, {"t": 1697847130, "d": ["acmeair-bookingservice", 190]}, {"t": 1697847130, "d": ["acmeair-flightservice", 0]}, {"t": 1697847130, "d": ["acmeair-customerservice", 58]}, {"t": 1697847140, "d": ["jmeter", 110]}, {"t": 1697847140, "d": ["acmeair-authservice", 40]}, {"t": 1697847140, "d": ["acmeair-bookingservice", 190]}, {"t": 1697847140, "d": ["acmeair-flightservice", 0]}, {"t": 1697847140, "d": ["acmeair-customerservice", 70]}, {"t": 1697847150, "d": ["jmeter", 122]}, {"t": 1697847150, "d": ["acmeair-authservice", 40]}, {"t": 1697847150, "d": ["acmeair-bookingservice", 208]}, {"t": 1697847150, "d": ["acmeair-flightservice", 0]}, {"t": 1697847150, "d": ["acmeair-customerservice", 70]}, {"t": 1697847160, "d": ["jmeter", 110]}, {"t": 1697847160, "d": ["acmeair-authservice", 40]}, {"t": 1697847160, "d": ["acmeair-bookingservice", 210]}, {"t": 1697847160, "d": ["acmeair-flightservice", 0]}, {"t": 1697847160, "d": ["acmeair-customerservice", 70]}, {"t": 1697847170, "d": ["jmeter", 112]}, {"t": 1697847170, "d": ["acmeair-authservice", 40]}, {"t": 1697847170, "d": ["acmeair-bookingservice", 210]}, {"t": 1697847170, "d": ["acmeair-flightservice", 0]}, {"t": 1697847170, "d": ["acmeair-customerservice", 70]}, {"t": 1697847180, "d": ["jmeter", 100]}, {"t": 1697847180, "d": ["acmeair-authservice", 40]}, {"t": 1697847180, "d": ["acmeair-bookingservice", 210]}, {"t": 1697847180, "d": ["acmeair-flightservice", 0]}, {"t": 1697847180, "d": ["acmeair-customerservice", 70]}, {"t": 1697847190, "d": ["jmeter", 100]}, {"t": 1697847190, "d": ["acmeair-authservice", 40]}, {"t": 1697847190, "d": ["acmeair-bookingservice", 229]}, {"t": 1697847190, "d": ["acmeair-flightservice", 0]}, {"t": 1697847190, "d": ["acmeair-customerservice", 70]}, {"t": 1697847200, "d": ["jmeter", 100]}, {"t": 1697847200, "d": ["acmeair-authservice", 40]}, {"t": 1697847200, "d": ["acmeair-bookingservice", 231]}, {"t": 1697847200, "d": ["acmeair-flightservice", 0]}, {"t": 1697847200, "d": ["acmeair-customerservice", 70]}, {"t": 1697847210, "d": ["jmeter", 100]}, {"t": 1697847210, "d": ["acmeair-authservice", 40]}, {"t": 1697847210, "d": ["acmeair-bookingservice", 230]}, {"t": 1697847210, "d": ["acmeair-flightservice", 0]}, {"t": 1697847210, "d": ["acmeair-customerservice", 70]}, {"t": 1697847220, "d": ["jmeter", 100]}, {"t": 1697847220, "d": ["acmeair-authservice", 40]}, {"t": 1697847220, "d": ["acmeair-bookingservice", 230]}, {"t": 1697847220, "d": ["acmeair-flightservice", 0]}, {"t": 1697847220, "d": ["acmeair-customerservice", 70]}, {"t": 1697847230, "d": ["jmeter", 120]}, {"t": 1697847230, "d": ["acmeair-authservice", 40]}, {"t": 1697847230, "d": ["acmeair-bookingservice", 230]}, {"t": 1697847230, "d": ["acmeair-flightservice", 0]}, {"t": 1697847230, "d": ["acmeair-customerservice", 70]}], "start": 1697846930, "end": 1697847230}