{"data": [{"t": 1697846940, "d": ["acmeair-booking-db", 140]}, {"t": 1697846940, "d": ["acmeair-customer-db", 140]}, {"t": 1697846940, "d": ["acmeair-flight-db", 140]}, {"t": 1697846940, "d": ["acmeair-authservice", 3]}, {"t": 1697846940, "d": ["acmeair-bookingservice", 3]}, {"t": 1697846940, "d": ["acmeair-customerservice", 3]}, {"t": 1697846940, "d": ["acmeair-flightservice", 3]}, {"t": 1697846940, "d": ["acmeair-mainservice", 0]}, {"t": 1697846940, "d": ["jmeter", 0]}, {"t": 1697846950, "d": ["acmeair-booking-db", 140]}, {"t": 1697846950, "d": ["acmeair-customer-db", 140]}, {"t": 1697846950, "d": ["acmeair-flight-db", 140]}, {"t": 1697846950, "d": ["acmeair-authservice", 2]}, {"t": 1697846950, "d": ["acmeair-bookingservice", 2]}, {"t": 1697846950, "d": ["acmeair-customerservice", 2]}, {"t": 1697846950, "d": ["acmeair-flightservice", 2]}, {"t": 1697846950, "d": ["acmeair-mainservice", 0]}, {"t": 1697846950, "d": ["jmeter", 0]}, {"t": 1697846960, "d": ["acmeair-booking-db", 140]}, {"t": 1697846960, "d": ["acmeair-customer-db", 140]}, {"t": 1697846960, "d": ["acmeair-flight-db", 140]}, {"t": 1697846960, "d": ["acmeair-authservice", 3]}, {"t": 1697846960, "d": ["acmeair-bookingservice", 3]}, {"t": 1697846960, "d": ["acmeair-customerservice", 3]}, {"t": 1697846960, "d": ["acmeair-flightservice", 3]}, {"t": 1697846960, "d": ["acmeair-mainservice", 0]}, {"t": 1697846960, "d": ["jmeter", 0]}, {"t": 1697846970, "d": ["acmeair-booking-db", 140]}, {"t": 1697846970, "d": ["acmeair-customer-db", 140]}, {"t": 1697846970, "d": ["acmeair-flight-db", 140]}, {"t": 1697846970, "d": ["acmeair-authservice", 3]}, {"t": 1697846970, "d": ["acmeair-bookingservice", 3]}, {"t": 1697846970, "d": ["acmeair-customerservice", 3]}, {"t": 1697846970, "d": ["acmeair-flightservice", 3]}, {"t": 1697846970, "d": ["acmeair-mainservice", 0]}, {"t": 1697846970, "d": ["jmeter", 0]}, {"t": 1697846980, "d": ["acmeair-booking-db", 140]}, {"t": 1697846980, "d": ["acmeair-customer-db", 140]}, {"t": 1697846980, "d": ["acmeair-flight-db", 140]}, {"t": 1697846980, "d": ["acmeair-authservice", 2]}, {"t": 1697846980, "d": ["acmeair-bookingservice", 2]}, {"t": 1697846980, "d": ["acmeair-customerservice", 2]}, {"t": 1697846980, "d": ["acmeair-flightservice", 2]}, {"t": 1697846980, "d": ["acmeair-mainservice", 0]}, {"t": 1697846980, "d": ["jmeter", 0]}, {"t": 1697846990, "d": ["acmeair-booking-db", 140]}, {"t": 1697846990, "d": ["acmeair-customer-db", 140]}, {"t": 1697846990, "d": ["acmeair-flight-db", 140]}, {"t": 1697846990, "d": ["acmeair-authservice", 3]}, {"t": 1697846990, "d": ["acmeair-bookingservice", 3]}, {"t": 1697846990, "d": ["acmeair-customerservice", 3]}, {"t": 1697846990, "d": ["acmeair-flightservice", 3]}, {"t": 1697846990, "d": ["acmeair-mainservice", 0]}, {"t": 1697846990, "d": ["jmeter", 0]}, {"t": 1697847000, "d": ["acmeair-booking-db", 140]}, {"t": 1697847000, "d": ["acmeair-customer-db", 140]}, {"t": 1697847000, "d": ["acmeair-flight-db", 140]}, {"t": 1697847000, "d": ["acmeair-authservice", 3]}, {"t": 1697847000, "d": ["acmeair-bookingservice", 3]}, {"t": 1697847000, "d": ["acmeair-customerservice", 3]}, {"t": 1697847000, "d": ["acmeair-flightservice", 3]}, {"t": 1697847000, "d": ["acmeair-mainservice", 0]}, {"t": 1697847000, "d": ["jmeter", 0]}, {"t": 1697847010, "d": ["acmeair-booking-db", 140]}, {"t": 1697847010, "d": ["acmeair-customer-db", 140]}, {"t": 1697847010, "d": ["acmeair-flight-db", 140]}, {"t": 1697847010, "d": ["acmeair-authservice", 2]}, {"t": 1697847010, "d": ["acmeair-bookingservice", 2]}, {"t": 1697847010, "d": ["acmeair-customerservice", 2]}, {"t": 1697847010, "d": ["acmeair-flightservice", 2]}, {"t": 1697847010, "d": ["acmeair-mainservice", 0]}, {"t": 1697847010, "d": ["jmeter", 0]}, {"t": 1697847020, "d": ["acmeair-booking-db", 140]}, {"t": 1697847020, "d": ["acmeair-customer-db", 140]}, {"t": 1697847020, "d": ["acmeair-flight-db", 140]}, {"t": 1697847020, "d": ["acmeair-authservice", 3]}, {"t": 1697847020, "d": ["acmeair-bookingservice", 3]}, {"t": 1697847020, "d": ["acmeair-customerservice", 3]}, {"t": 1697847020, "d": ["acmeair-flightservice", 3]}, {"t": 1697847020, "d": ["acmeair-mainservice", 0]}, {"t": 1697847020, "d": ["jmeter", 0]}, {"t": 1697847030, "d": ["acmeair-booking-db", 140]}, {"t": 1697847030, "d": ["acmeair-customer-db", 140]}, {"t": 1697847030, "d": ["acmeair-flight-db", 140]}, {"t": 1697847030, "d": ["acmeair-authservice", 3]}, {"t": 1697847030, "d": ["acmeair-bookingservice", 3]}, {"t": 1697847030, "d": ["acmeair-customerservice", 3]}, {"t": 1697847030, "d": ["acmeair-flightservice", 3]}, {"t": 1697847030, "d": ["acmeair-mainservice", 0]}, {"t": 1697847030, "d": ["jmeter", 0]}, {"t": 1697847040, "d": ["acmeair-booking-db", 140]}, {"t": 1697847040, "d": ["acmeair-customer-db", 140]}, {"t": 1697847040, "d": ["acmeair-flight-db", 140]}, {"t": 1697847040, "d": ["acmeair-authservice", 2]}, {"t": 1697847040, "d": ["acmeair-bookingservice", 2]}, {"t": 1697847040, "d": ["acmeair-customerservice", 2]}, {"t": 1697847040, "d": ["acmeair-flightservice", 2]}, {"t": 1697847040, "d": ["acmeair-mainservice", 0]}, {"t": 1697847040, "d": ["jmeter", 0]}, {"t": 1697847050, "d": ["acmeair-booking-db", 140]}, {"t": 1697847050, "d": ["acmeair-customer-db", 140]}, {"t": 1697847050, "d": ["acmeair-flight-db", 140]}, {"t": 1697847050, "d": ["acmeair-authservice", 3]}, {"t": 1697847050, "d": ["acmeair-bookingservice", 3]}, {"t": 1697847050, "d": ["acmeair-customerservice", 3]}, {"t": 1697847050, "d": ["acmeair-flightservice", 3]}, {"t": 1697847050, "d": ["acmeair-mainservice", 0]}, {"t": 1697847050, "d": ["jmeter", 0]}, {"t": 1697847060, "d": ["acmeair-booking-db", 140]}, {"t": 1697847060, "d": ["acmeair-customer-db", 140]}, {"t": 1697847060, "d": ["acmeair-flight-db", 140]}, {"t": 1697847060, "d": ["acmeair-authservice", 3]}, {"t": 1697847060, "d": ["acmeair-bookingservice", 3]}, {"t": 1697847060, "d": ["acmeair-customerservice", 3]}, {"t": 1697847060, "d": ["acmeair-flightservice", 3]}, {"t": 1697847060, "d": ["acmeair-mainservice", 0]}, {"t": 1697847060, "d": ["jmeter", 0]}, {"t": 1697847070, "d": ["acmeair-booking-db", 140]}, {"t": 1697847070, "d": ["acmeair-customer-db", 161]}, {"t": 1697847070, "d": ["acmeair-flight-db", 140]}, {"t": 1697847070, "d": ["acmeair-authservice", 2]}, {"t": 1697847070, "d": ["acmeair-bookingservice", 2]}, {"t": 1697847070, "d": ["acmeair-customerservice", 2]}, {"t": 1697847070, "d": ["acmeair-flightservice", 2]}, {"t": 1697847070, "d": ["acmeair-mainservice", 0]}, {"t": 1697847070, "d": ["jmeter", 0]}, {"t": 1697847080, "d": ["acmeair-booking-db", 821]}, {"t": 1697847080, "d": ["acmeair-customer-db", 1189]}, {"t": 1697847080, "d": ["acmeair-flight-db", 2931]}, {"t": 1697847080, "d": ["acmeair-authservice", 39]}, {"t": 1697847080, "d": ["acmeair-bookingservice", 666]}, {"t": 1697847080, "d": ["acmeair-customerservice", 549]}, {"t": 1697847080, "d": ["acmeair-flightservice", 2194]}, {"t": 1697847080, "d": ["acmeair-mainservice", 0]}, {"t": 1697847080, "d": ["jmeter", 0]}, {"t": 1697847090, "d": ["acmeair-booking-db", 3228]}, {"t": 1697847090, "d": ["acmeair-customer-db", 4515]}, {"t": 1697847090, "d": ["acmeair-flight-db", 2124]}, {"t": 1697847090, "d": ["acmeair-authservice", 279]}, {"t": 1697847090, "d": ["acmeair-bookingservice", 2781]}, {"t": 1697847090, "d": ["acmeair-customerservice", 2298]}, {"t": 1697847090, "d": ["acmeair-flightservice", 8755]}, {"t": 1697847090, "d": ["acmeair-mainservice", 0]}, {"t": 1697847090, "d": ["jmeter", 0]}, {"t": 1697847100, "d": ["acmeair-booking-db", 3130]}, {"t": 1697847100, "d": ["acmeair-customer-db", 4312]}, {"t": 1697847100, "d": ["acmeair-flight-db", 649]}, {"t": 1697847100, "d": ["acmeair-authservice", 253]}, {"t": 1697847100, "d": ["acmeair-bookingservice", 2609]}, {"t": 1697847100, "d": ["acmeair-customerservice", 2189]}, {"t": 1697847100, "d": ["acmeair-flightservice", 7889]}, {"t": 1697847100, "d": ["acmeair-mainservice", 0]}, {"t": 1697847100, "d": ["jmeter", 0]}, {"t": 1697847110, "d": ["acmeair-booking-db", 3403]}, {"t": 1697847110, "d": ["acmeair-customer-db", 4633]}, {"t": 1697847110, "d": ["acmeair-flight-db", 144]}, {"t": 1697847110, "d": ["acmeair-authservice", 262]}, {"t": 1697847110, "d": ["acmeair-bookingservice", 2805]}, {"t": 1697847110, "d": ["acmeair-customerservice", 2358]}, {"t": 1697847110, "d": ["acmeair-flightservice", 8391]}, {"t": 1697847110, "d": ["acmeair-mainservice", 0]}, {"t": 1697847110, "d": ["jmeter", 0]}, {"t": 1697847120, "d": ["acmeair-booking-db", 4104]}, {"t": 1697847120, "d": ["acmeair-customer-db", 5478]}, {"t": 1697847120, "d": ["acmeair-flight-db", 140]}, {"t": 1697847120, "d": ["acmeair-authservice", 286]}, {"t": 1697847120, "d": ["acmeair-bookingservice", 3299]}, {"t": 1697847120, "d": ["acmeair-customerservice", 2799]}, {"t": 1697847120, "d": ["acmeair-flightservice", 9542]}, {"t": 1697847120, "d": ["acmeair-mainservice", 0]}, {"t": 1697847120, "d": ["jmeter", 0]}, {"t": 1697847130, "d": ["acmeair-booking-db", 4335]}, {"t": 1697847130, "d": ["acmeair-customer-db", 5797]}, {"t": 1697847130, "d": ["acmeair-flight-db", 140]}, {"t": 1697847130, "d": ["acmeair-authservice", 317]}, {"t": 1697847130, "d": ["acmeair-bookingservice", 3480]}, {"t": 1697847130, "d": ["acmeair-customerservice", 2964]}, {"t": 1697847130, "d": ["acmeair-flightservice", 10041]}, {"t": 1697847130, "d": ["acmeair-mainservice", 0]}, {"t": 1697847130, "d": ["jmeter", 0]}, {"t": 1697847140, "d": ["acmeair-booking-db", 4352]}, {"t": 1697847140, "d": ["acmeair-customer-db", 5726]}, {"t": 1697847140, "d": ["acmeair-flight-db", 140]}, {"t": 1697847140, "d": ["acmeair-authservice", 293]}, {"t": 1697847140, "d": ["acmeair-bookingservice", 3419]}, {"t": 1697847140, "d": ["acmeair-customerservice", 2920]}, {"t": 1697847140, "d": ["acmeair-flightservice", 9577]}, {"t": 1697847140, "d": ["acmeair-mainservice", 0]}, {"t": 1697847140, "d": ["jmeter", 0]}, {"t": 1697847150, "d": ["acmeair-booking-db", 3886]}, {"t": 1697847150, "d": ["acmeair-customer-db", 5099]}, {"t": 1697847150, "d": ["acmeair-flight-db", 140]}, {"t": 1697847150, "d": ["acmeair-authservice", 260]}, {"t": 1697847150, "d": ["acmeair-bookingservice", 3000]}, {"t": 1697847150, "d": ["acmeair-customerservice", 2578]}, {"t": 1697847150, "d": ["acmeair-flightservice", 8331]}, {"t": 1697847150, "d": ["acmeair-mainservice", 0]}, {"t": 1697847150, "d": ["jmeter", 0]}, {"t": 1697847160, "d": ["acmeair-booking-db", 4386]}, {"t": 1697847160, "d": ["acmeair-customer-db", 5738]}, {"t": 1697847160, "d": ["acmeair-flight-db", 140]}, {"t": 1697847160, "d": ["acmeair-authservice", 303]}, {"t": 1697847160, "d": ["acmeair-bookingservice", 3428]}, {"t": 1697847160, "d": ["acmeair-customerservice", 2918]}, {"t": 1697847160, "d": ["acmeair-flightservice", 9713]}, {"t": 1697847160, "d": ["acmeair-mainservice", 0]}, {"t": 1697847160, "d": ["jmeter", 0]}, {"t": 1697847170, "d": ["acmeair-booking-db", 4134]}, {"t": 1697847170, "d": ["acmeair-customer-db", 5401]}, {"t": 1697847170, "d": ["acmeair-flight-db", 140]}, {"t": 1697847170, "d": ["acmeair-authservice", 252]}, {"t": 1697847170, "d": ["acmeair-bookingservice", 3179]}, {"t": 1697847170, "d": ["acmeair-customerservice", 2734]}, {"t": 1697847170, "d": ["acmeair-flightservice", 8660]}, {"t": 1697847170, "d": ["acmeair-mainservice", 0]}, {"t": 1697847170, "d": ["jmeter", 0]}, {"t": 1697847180, "d": ["acmeair-booking-db", 4510]}, {"t": 1697847180, "d": ["acmeair-customer-db", 5824]}, {"t": 1697847180, "d": ["acmeair-flight-db", 140]}, {"t": 1697847180, "d": ["acmeair-authservice", 277]}, {"t": 1697847180, "d": ["acmeair-bookingservice", 3439]}, {"t": 1697847180, "d": ["acmeair-customerservice", 2956]}, {"t": 1697847180, "d": ["acmeair-flightservice", 9335]}, {"t": 1697847180, "d": ["acmeair-mainservice", 0]}, {"t": 1697847180, "d": ["jmeter", 0]}, {"t": 1697847190, "d": ["acmeair-booking-db", 4448]}, {"t": 1697847190, "d": ["acmeair-customer-db", 5789]}, {"t": 1697847190, "d": ["acmeair-flight-db", 140]}, {"t": 1697847190, "d": ["acmeair-authservice", 269]}, {"t": 1697847190, "d": ["acmeair-bookingservice", 3412]}, {"t": 1697847190, "d": ["acmeair-customerservice", 2940]}, {"t": 1697847190, "d": ["acmeair-flightservice", 9338]}, {"t": 1697847190, "d": ["acmeair-mainservice", 0]}, {"t": 1697847190, "d": ["jmeter", 0]}, {"t": 1697847200, "d": ["acmeair-booking-db", 4663]}, {"t": 1697847200, "d": ["acmeair-customer-db", 6015]}, {"t": 1697847200, "d": ["acmeair-flight-db", 140]}, {"t": 1697847200, "d": ["acmeair-authservice", 286]}, {"t": 1697847200, "d": ["acmeair-bookingservice", 3554]}, {"t": 1697847200, "d": ["acmeair-customerservice", 3064]}, {"t": 1697847200, "d": ["acmeair-flightservice", 9626]}, {"t": 1697847200, "d": ["acmeair-mainservice", 0]}, {"t": 1697847200, "d": ["jmeter", 0]}, {"t": 1697847210, "d": ["acmeair-booking-db", 4586]}, {"t": 1697847210, "d": ["acmeair-customer-db", 5900]}, {"t": 1697847210, "d": ["acmeair-flight-db", 140]}, {"t": 1697847210, "d": ["acmeair-authservice", 284]}, {"t": 1697847210, "d": ["acmeair-bookingservice", 3469]}, {"t": 1697847210, "d": ["acmeair-customerservice", 3000]}, {"t": 1697847210, "d": ["acmeair-flightservice", 9376]}, {"t": 1697847210, "d": ["acmeair-mainservice", 0]}, {"t": 1697847210, "d": ["jmeter", 0]}, {"t": 1697847220, "d": ["acmeair-booking-db", 4739]}, {"t": 1697847220, "d": ["acmeair-customer-db", 6095]}, {"t": 1697847220, "d": ["acmeair-flight-db", 140]}, {"t": 1697847220, "d": ["acmeair-authservice", 296]}, {"t": 1697847220, "d": ["acmeair-bookingservice", 3612]}, {"t": 1697847220, "d": ["acmeair-customerservice", 3113]}, {"t": 1697847220, "d": ["acmeair-flightservice", 9847]}, {"t": 1697847220, "d": ["acmeair-mainservice", 0]}, {"t": 1697847220, "d": ["jmeter", 0]}, {"t": 1697847230, "d": ["acmeair-booking-db", 4544]}, {"t": 1697847230, "d": ["acmeair-customer-db", 5821]}, {"t": 1697847230, "d": ["acmeair-flight-db", 140]}, {"t": 1697847230, "d": ["acmeair-authservice", 267]}, {"t": 1697847230, "d": ["acmeair-bookingservice", 3414]}, {"t": 1697847230, "d": ["acmeair-customerservice", 2960]}, {"t": 1697847230, "d": ["acmeair-flightservice", 9160]}, {"t": 1697847230, "d": ["acmeair-mainservice", 0]}, {"t": 1697847230, "d": ["jmeter", 0]}], "start": 1697846930, "end": 1697847230}