{"data": [{"t": 1697846940, "d": ["jmeter", 0]}, {"t": 1697846940, "d": ["acmeair-customerservice", 15452207]}, {"t": 1697846940, "d": ["acmeair-bookingservice", 9654525]}, {"t": 1697846940, "d": ["acmeair-flightservice", 3398867]}, {"t": 1697846940, "d": ["acmeair-mainservice", 2868529]}, {"t": 1697846940, "d": ["acmeair-authservice", 1345162]}, {"t": 1697846950, "d": ["jmeter", 0]}, {"t": 1697846950, "d": ["acmeair-customerservice", 13914685]}, {"t": 1697846950, "d": ["acmeair-bookingservice", 8905219]}, {"t": 1697846950, "d": ["acmeair-flightservice", 3437307]}, {"t": 1697846950, "d": ["acmeair-mainservice", 621893]}, {"t": 1697846950, "d": ["acmeair-authservice", 3345193]}, {"t": 1697846960, "d": ["jmeter", 0]}, {"t": 1697846960, "d": ["acmeair-customerservice", 9633834]}, {"t": 1697846960, "d": ["acmeair-bookingservice", 8918093]}, {"t": 1697846960, "d": ["acmeair-flightservice", 3462705]}, {"t": 1697846960, "d": ["acmeair-mainservice", 322705]}, {"t": 1697846960, "d": ["acmeair-authservice", 1190660]}, {"t": 1697846970, "d": ["jmeter", 0]}, {"t": 1697846970, "d": ["acmeair-customerservice", 15215159]}, {"t": 1697846970, "d": ["acmeair-bookingservice", 9420283]}, {"t": 1697846970, "d": ["acmeair-flightservice", 3179371]}, {"t": 1697846970, "d": ["acmeair-mainservice", 454737]}, {"t": 1697846970, "d": ["acmeair-authservice", 1350954]}, {"t": 1697846980, "d": ["jmeter", 0]}, {"t": 1697846980, "d": ["acmeair-customerservice", 8770897]}, {"t": 1697846980, "d": ["acmeair-bookingservice", 10920383]}, {"t": 1697846980, "d": ["acmeair-flightservice", 3466675]}, {"t": 1697846980, "d": ["acmeair-mainservice", 386860]}, {"t": 1697846980, "d": ["acmeair-authservice", 1417766]}, {"t": 1697846990, "d": ["jmeter", 0]}, {"t": 1697846990, "d": ["acmeair-customerservice", 10486416]}, {"t": 1697846990, "d": ["acmeair-bookingservice", 8624803]}, {"t": 1697846990, "d": ["acmeair-flightservice", 3278913]}, {"t": 1697846990, "d": ["acmeair-mainservice", 551556]}, {"t": 1697846990, "d": ["acmeair-authservice", 3520136]}, {"t": 1697847000, "d": ["jmeter", 0]}, {"t": 1697847000, "d": ["acmeair-customerservice", 8974739]}, {"t": 1697847000, "d": ["acmeair-bookingservice", 9452190]}, {"t": 1697847000, "d": ["acmeair-flightservice", 3336254]}, {"t": 1697847000, "d": ["acmeair-mainservice", 342447]}, {"t": 1697847000, "d": ["acmeair-authservice", 1150000]}, {"t": 1697847010, "d": ["jmeter", 0]}, {"t": 1697847010, "d": ["acmeair-customerservice", 19310322]}, {"t": 1697847010, "d": ["acmeair-bookingservice", 12074575]}, {"t": 1697847010, "d": ["acmeair-flightservice", 3253860]}, {"t": 1697847010, "d": ["acmeair-mainservice", 450880]}, {"t": 1697847010, "d": ["acmeair-authservice", 1424090]}, {"t": 1697847020, "d": ["jmeter", 0]}, {"t": 1697847020, "d": ["acmeair-customerservice", 12223032]}, {"t": 1697847020, "d": ["acmeair-bookingservice", 10210651]}, {"t": 1697847020, "d": ["acmeair-flightservice", 3436199]}, {"t": 1697847020, "d": ["acmeair-mainservice", 466102]}, {"t": 1697847020, "d": ["acmeair-authservice", 1317169]}, {"t": 1697847030, "d": ["jmeter", 0]}, {"t": 1697847030, "d": ["acmeair-customerservice", 9137828]}, {"t": 1697847030, "d": ["acmeair-bookingservice", 10872588]}, {"t": 1697847030, "d": ["acmeair-flightservice", 3370818]}, {"t": 1697847030, "d": ["acmeair-mainservice", 434136]}, {"t": 1697847030, "d": ["acmeair-authservice", 1200119]}, {"t": 1697847040, "d": ["jmeter", 0]}, {"t": 1697847040, "d": ["acmeair-customerservice", 10028284]}, {"t": 1697847040, "d": ["acmeair-bookingservice", 10561315]}, {"t": 1697847040, "d": ["acmeair-flightservice", 3375007]}, {"t": 1697847040, "d": ["acmeair-mainservice", 557285]}, {"t": 1697847040, "d": ["acmeair-authservice", 1443078]}, {"t": 1697847050, "d": ["jmeter", 0]}, {"t": 1697847050, "d": ["acmeair-customerservice", 11133011]}, {"t": 1697847050, "d": ["acmeair-bookingservice", 9100065]}, {"t": 1697847050, "d": ["acmeair-flightservice", 3811303]}, {"t": 1697847050, "d": ["acmeair-mainservice", 357528]}, {"t": 1697847050, "d": ["acmeair-authservice", 1140262]}, {"t": 1697847060, "d": ["jmeter", 0]}, {"t": 1697847060, "d": ["acmeair-customerservice", 132199604]}, {"t": 1697847060, "d": ["acmeair-bookingservice", 11503917]}, {"t": 1697847060, "d": ["acmeair-flightservice", 3561818]}, {"t": 1697847060, "d": ["acmeair-mainservice", 502872]}, {"t": 1697847060, "d": ["acmeair-authservice", 1197610]}, {"t": 1697847070, "d": ["jmeter", 2107396980]}, {"t": 1697847070, "d": ["acmeair-customerservice", 425413834]}, {"t": 1697847070, "d": ["acmeair-bookingservice", 118430700]}, {"t": 1697847070, "d": ["acmeair-flightservice", 2105345716]}, {"t": 1697847070, "d": ["acmeair-mainservice", 469836]}, {"t": 1697847070, "d": ["acmeair-authservice", 1689862]}, {"t": 1697847080, "d": ["jmeter", 171816858]}, {"t": 1697847080, "d": ["acmeair-customerservice", 44265490]}, {"t": 1697847080, "d": ["acmeair-bookingservice", 65073608]}, {"t": 1697847080, "d": ["acmeair-flightservice", 164725653]}, {"t": 1697847080, "d": ["acmeair-mainservice", 398011]}, {"t": 1697847080, "d": ["acmeair-authservice", 18370770]}, {"t": 1697847090, "d": ["jmeter", 172537264]}, {"t": 1697847090, "d": ["acmeair-customerservice", 272396809]}, {"t": 1697847090, "d": ["acmeair-bookingservice", 272619859]}, {"t": 1697847090, "d": ["acmeair-flightservice", 49997763]}, {"t": 1697847090, "d": ["acmeair-mainservice", 369371]}, {"t": 1697847090, "d": ["acmeair-authservice", 94794512]}, {"t": 1697847100, "d": ["jmeter", 150220915]}, {"t": 1697847100, "d": ["acmeair-customerservice", 120638360]}, {"t": 1697847100, "d": ["acmeair-bookingservice", 148591104]}, {"t": 1697847100, "d": ["acmeair-flightservice", 19652562]}, {"t": 1697847100, "d": ["acmeair-mainservice", 631395]}, {"t": 1697847100, "d": ["acmeair-authservice", 50658978]}, {"t": 1697847110, "d": ["jmeter", 131222988]}, {"t": 1697847110, "d": ["acmeair-customerservice", 269161025]}, {"t": 1697847110, "d": ["acmeair-bookingservice", 295701471]}, {"t": 1697847110, "d": ["acmeair-flightservice", 13531018]}, {"t": 1697847110, "d": ["acmeair-mainservice", 457264]}, {"t": 1697847110, "d": ["acmeair-authservice", 70326795]}, {"t": 1697847120, "d": ["jmeter", 132025311]}, {"t": 1697847120, "d": ["acmeair-customerservice", 172948990]}, {"t": 1697847120, "d": ["acmeair-bookingservice", 173250940]}, {"t": 1697847120, "d": ["acmeair-flightservice", 24619269]}, {"t": 1697847120, "d": ["acmeair-mainservice", 695006]}, {"t": 1697847120, "d": ["acmeair-authservice", 65488118]}, {"t": 1697847130, "d": ["jmeter", 217523717]}, {"t": 1697847130, "d": ["acmeair-customerservice", 195056766]}, {"t": 1697847130, "d": ["acmeair-bookingservice", 218570593]}, {"t": 1697847130, "d": ["acmeair-flightservice", 20467857]}, {"t": 1697847130, "d": ["acmeair-mainservice", 492662]}, {"t": 1697847130, "d": ["acmeair-authservice", 84831521]}, {"t": 1697847140, "d": ["jmeter", 115390907]}, {"t": 1697847140, "d": ["acmeair-customerservice", 96131454]}, {"t": 1697847140, "d": ["acmeair-bookingservice", 111451764]}, {"t": 1697847140, "d": ["acmeair-flightservice", 11515046]}, {"t": 1697847140, "d": ["acmeair-mainservice", 439775]}, {"t": 1697847140, "d": ["acmeair-authservice", 57703007]}, {"t": 1697847150, "d": ["jmeter", 225032631]}, {"t": 1697847150, "d": ["acmeair-customerservice", 217924521]}, {"t": 1697847150, "d": ["acmeair-bookingservice", 246063464]}, {"t": 1697847150, "d": ["acmeair-flightservice", 20440557]}, {"t": 1697847150, "d": ["acmeair-mainservice", 457701]}, {"t": 1697847150, "d": ["acmeair-authservice", 193200065]}, {"t": 1697847160, "d": ["jmeter", 201706370]}, {"t": 1697847160, "d": ["acmeair-customerservice", 202147530]}, {"t": 1697847160, "d": ["acmeair-bookingservice", 202416440]}, {"t": 1697847160, "d": ["acmeair-flightservice", 28991182]}, {"t": 1697847160, "d": ["acmeair-mainservice", 457796]}, {"t": 1697847160, "d": ["acmeair-authservice", 162553012]}, {"t": 1697847170, "d": ["jmeter", 166636414]}, {"t": 1697847170, "d": ["acmeair-customerservice", 196229868]}, {"t": 1697847170, "d": ["acmeair-bookingservice", 176433209]}, {"t": 1697847170, "d": ["acmeair-flightservice", 5331887]}, {"t": 1697847170, "d": ["acmeair-mainservice", 395627]}, {"t": 1697847170, "d": ["acmeair-authservice", 93689533]}, {"t": 1697847180, "d": ["jmeter", 150035747]}, {"t": 1697847180, "d": ["acmeair-customerservice", 170162710]}, {"t": 1697847180, "d": ["acmeair-bookingservice", 170656727]}, {"t": 1697847180, "d": ["acmeair-flightservice", 13292227]}, {"t": 1697847180, "d": ["acmeair-mainservice", 311507]}, {"t": 1697847180, "d": ["acmeair-authservice", 106612457]}, {"t": 1697847190, "d": ["jmeter", 629262244]}, {"t": 1697847190, "d": ["acmeair-customerservice", 198870907]}, {"t": 1697847190, "d": ["acmeair-bookingservice", 620452728]}, {"t": 1697847190, "d": ["acmeair-flightservice", 17934433]}, {"t": 1697847190, "d": ["acmeair-mainservice", 422241]}, {"t": 1697847190, "d": ["acmeair-authservice", 96587250]}, {"t": 1697847200, "d": ["jmeter", 155222809]}, {"t": 1697847200, "d": ["acmeair-customerservice", 153903998]}, {"t": 1697847200, "d": ["acmeair-bookingservice", 129209161]}, {"t": 1697847200, "d": ["acmeair-flightservice", 37375381]}, {"t": 1697847200, "d": ["acmeair-mainservice", 441220]}, {"t": 1697847200, "d": ["acmeair-authservice", 137676485]}, {"t": 1697847210, "d": ["jmeter", 670513699]}, {"t": 1697847210, "d": ["acmeair-customerservice", 777018594]}, {"t": 1697847210, "d": ["acmeair-bookingservice", 779565417]}, {"t": 1697847210, "d": ["acmeair-flightservice", 18432612]}, {"t": 1697847210, "d": ["acmeair-mainservice", 790416]}, {"t": 1697847210, "d": ["acmeair-authservice", 73618168]}, {"t": 1697847220, "d": ["jmeter", 5442298703]}, {"t": 1697847220, "d": ["acmeair-customerservice", 709310162]}, {"t": 1697847220, "d": ["acmeair-bookingservice", 709509865]}, {"t": 1697847220, "d": ["acmeair-flightservice", 19617179]}, {"t": 1697847220, "d": ["acmeair-mainservice", 389365]}, {"t": 1697847220, "d": ["acmeair-authservice", 5440582976]}, {"t": 1697847230, "d": ["jmeter", 581574433]}, {"t": 1697847230, "d": ["acmeair-customerservice", 569444927]}, {"t": 1697847230, "d": ["acmeair-bookingservice", 551696235]}, {"t": 1697847230, "d": ["acmeair-flightservice", 10516780]}, {"t": 1697847230, "d": ["acmeair-mainservice", 410461]}, {"t": 1697847230, "d": ["acmeair-authservice", 38006323]}], "start": 1697846930, "end": 1697847230}