{"data": [{"t": 1696615060, "d": ["acmeair-booking-db", 17.08575]}, {"t": 1696615060, "d": ["acmeair-bookingservice", 7.21675]}, {"t": 1696615060, "d": ["acmeair-flightservice", 6.4935]}, {"t": 1696615060, "d": ["acmeair-customerservice", 4.14875]}, {"t": 1696615060, "d": ["acmeair-customer-db", 2.33825]}, {"t": 1696615060, "d": ["acmeair-authservice", 1.26775]}, {"t": 1696615060, "d": ["acmeair-flight-db", 0.2685]}, {"t": 1696615060, "d": ["acmeair-mainservice", 0.14175]}, {"t": 1696615070, "d": ["acmeair-booking-db", 19.40275]}, {"t": 1696615070, "d": ["acmeair-bookingservice", 8.6005]}, {"t": 1696615070, "d": ["acmeair-flightservice", 6.73575]}, {"t": 1696615070, "d": ["acmeair-customerservice", 4.86725]}, {"t": 1696615070, "d": ["acmeair-customer-db", 2.4395]}, {"t": 1696615070, "d": ["acmeair-authservice", 1.431]}, {"t": 1696615070, "d": ["acmeair-flight-db", 0.255751]}, {"t": 1696615070, "d": ["acmeair-mainservice", 0.141501]}, {"t": 1696615080, "d": ["acmeair-booking-db", 18.577]}, {"t": 1696615080, "d": ["acmeair-bookingservice", 8.651251]}, {"t": 1696615080, "d": ["acmeair-flightservice", 8.0365]}, {"t": 1696615080, "d": ["acmeair-customerservice", 4.85625]}, {"t": 1696615080, "d": ["acmeair-customer-db", 2.87275]}, {"t": 1696615080, "d": ["acmeair-authservice", 1.50825]}, {"t": 1696615080, "d": ["acmeair-flight-db", 0.261751]}, {"t": 1696615080, "d": ["acmeair-mainservice", 0.1295]}, {"t": 1696615090, "d": ["acmeair-booking-db", 15.9745]}, {"t": 1696615090, "d": ["acmeair-bookingservice", 7.093501]}, {"t": 1696615090, "d": ["acmeair-flightservice", 8.323]}, {"t": 1696615090, "d": ["acmeair-customerservice", 3.976251]}, {"t": 1696615090, "d": ["acmeair-customer-db", 2.98125]}, {"t": 1696615090, "d": ["acmeair-authservice", 1.26975]}, {"t": 1696615090, "d": ["acmeair-flight-db", 0.2555]}, {"t": 1696615090, "d": ["acmeair-mainservice", 0.146501]}, {"t": 1696615100, "d": ["acmeair-booking-db", 18.67275]}, {"t": 1696615100, "d": ["acmeair-bookingservice", 9.13475]}, {"t": 1696615100, "d": ["acmeair-flightservice", 6.70475]}, {"t": 1696615100, "d": ["acmeair-customerservice", 5.20075]}, {"t": 1696615100, "d": ["acmeair-customer-db", 2.45475]}, {"t": 1696615100, "d": ["acmeair-authservice", 1.546]}, {"t": 1696615100, "d": ["acmeair-flight-db", 0.26225]}, {"t": 1696615100, "d": ["acmeair-mainservice", 0.15]}, {"t": 1696615110, "d": ["acmeair-booking-db", 19.93125]}, {"t": 1696615110, "d": ["acmeair-bookingservice", 8.95]}, {"t": 1696615110, "d": ["acmeair-flightservice", 8.55525]}, {"t": 1696615110, "d": ["acmeair-customerservice", 5.221]}, {"t": 1696615110, "d": ["acmeair-customer-db", 3.014001]}, {"t": 1696615110, "d": ["acmeair-authservice", 1.596]}, {"t": 1696615110, "d": ["acmeair-flight-db", 0.26275]}, {"t": 1696615110, "d": ["acmeair-mainservice", 0.131]}, {"t": 1696615120, "d": ["acmeair-booking-db", 17.85325]}, {"t": 1696615120, "d": ["acmeair-bookingservice", 8.9345]}, {"t": 1696615120, "d": ["acmeair-flightservice", 9.05825]}, {"t": 1696615120, "d": ["acmeair-customerservice", 5.1555]}, {"t": 1696615120, "d": ["acmeair-customer-db", 3.0325]}, {"t": 1696615120, "d": ["acmeair-authservice", 1.583]}, {"t": 1696615120, "d": ["acmeair-flight-db", 0.267751]}, {"t": 1696615120, "d": ["acmeair-mainservice", 0.134]}, {"t": 1696615130, "d": ["acmeair-booking-db", 16.96125]}, {"t": 1696615130, "d": ["acmeair-bookingservice", 8.653]}, {"t": 1696615130, "d": ["acmeair-flightservice", 8.61725]}, {"t": 1696615130, "d": ["acmeair-customerservice", 5.11025]}, {"t": 1696615130, "d": ["acmeair-customer-db", 2.97375]}, {"t": 1696615130, "d": ["acmeair-authservice", 1.448]}, {"t": 1696615130, "d": ["acmeair-flight-db", 0.261]}, {"t": 1696615130, "d": ["acmeair-mainservice", 0.1315]}, {"t": 1696615140, "d": ["acmeair-booking-db", 18.147]}, {"t": 1696615140, "d": ["acmeair-bookingservice", 8.5075]}, {"t": 1696615140, "d": ["acmeair-flightservice", 7.96125]}, {"t": 1696615140, "d": ["acmeair-customerservice", 5.115251]}, {"t": 1696615140, "d": ["acmeair-customer-db", 2.95525]}, {"t": 1696615140, "d": ["acmeair-authservice", 1.4985]}, {"t": 1696615140, "d": ["acmeair-flight-db", 0.26825]}, {"t": 1696615140, "d": ["acmeair-mainservice", 0.12875]}, {"t": 1696615150, "d": ["acmeair-booking-db", 19.15625]}, {"t": 1696615150, "d": ["acmeair-bookingservice", 9.50775]}, {"t": 1696615150, "d": ["acmeair-flightservice", 8.31525]}, {"t": 1696615150, "d": ["acmeair-customerservice", 5.512]}, {"t": 1696615150, "d": ["acmeair-customer-db", 2.8995]}, {"t": 1696615150, "d": ["acmeair-authservice", 1.49275]}, {"t": 1696615150, "d": ["acmeair-flight-db", 0.27525]}, {"t": 1696615150, "d": ["acmeair-mainservice", 0.14525]}, {"t": 1696615160, "d": ["acmeair-booking-db", 17.4005]}, {"t": 1696615160, "d": ["acmeair-bookingservice", 8.903]}, {"t": 1696615160, "d": ["acmeair-flightservice", 8.79325]}, {"t": 1696615160, "d": ["acmeair-customerservice", 5.09525]}, {"t": 1696615160, "d": ["acmeair-customer-db", 3.1]}, {"t": 1696615160, "d": ["acmeair-authservice", 1.49125]}, {"t": 1696615160, "d": ["acmeair-flight-db", 0.2665]}, {"t": 1696615160, "d": ["acmeair-mainservice", 0.146]}, {"t": 1696615170, "d": ["acmeair-booking-db", 15.9335]}, {"t": 1696615170, "d": ["acmeair-bookingservice", 7.4245]}, {"t": 1696615170, "d": ["acmeair-flightservice", 8.3725]}, {"t": 1696615170, "d": ["acmeair-customerservice", 4.33275]}, {"t": 1696615170, "d": ["acmeair-customer-db", 3.007]}, {"t": 1696615170, "d": ["acmeair-authservice", 1.21675]}, {"t": 1696615170, "d": ["acmeair-flight-db", 0.257751]}, {"t": 1696615170, "d": ["acmeair-mainservice", 0.1515]}, {"t": 1696615180, "d": ["acmeair-booking-db", 16.8105]}, {"t": 1696615180, "d": ["acmeair-bookingservice", 8.43325]}, {"t": 1696615180, "d": ["acmeair-flightservice", 6.97575]}, {"t": 1696615180, "d": ["acmeair-customerservice", 4.819]}, {"t": 1696615180, "d": ["acmeair-customer-db", 2.52375]}, {"t": 1696615180, "d": ["acmeair-authservice", 1.3545]}, {"t": 1696615180, "d": ["acmeair-flight-db", 0.2575]}, {"t": 1696615180, "d": ["acmeair-mainservice", 0.14725]}, {"t": 1696615190, "d": ["acmeair-booking-db", 17.79475]}, {"t": 1696615190, "d": ["acmeair-bookingservice", 8.658]}, {"t": 1696615190, "d": ["acmeair-flightservice", 7.809251]}, {"t": 1696615190, "d": ["acmeair-customerservice", 5.08425]}, {"t": 1696615190, "d": ["acmeair-customer-db", 2.8475]}, {"t": 1696615190, "d": ["acmeair-authservice", 1.441]}, {"t": 1696615190, "d": ["acmeair-flight-db", 0.2405]}, {"t": 1696615190, "d": ["acmeair-mainservice", 0.13775]}, {"t": 1696615200, "d": ["acmeair-booking-db", 17.023501]}, {"t": 1696615200, "d": ["acmeair-bookingservice", 8.36675]}, {"t": 1696615200, "d": ["acmeair-flightservice", 8.2235]}, {"t": 1696615200, "d": ["acmeair-customerservice", 4.7565]}, {"t": 1696615200, "d": ["acmeair-customer-db", 2.9275]}, {"t": 1696615200, "d": ["acmeair-authservice", 1.424]}, {"t": 1696615200, "d": ["acmeair-flight-db", 0.2675]}, {"t": 1696615200, "d": ["acmeair-mainservice", 0.144501]}, {"t": 1696615210, "d": ["acmeair-booking-db", 16.772]}, {"t": 1696615210, "d": ["acmeair-bookingservice", 7.5585]}, {"t": 1696615210, "d": ["acmeair-flightservice", 7.859]}, {"t": 1696615210, "d": ["acmeair-customerservice", 4.40925]}, {"t": 1696615210, "d": ["acmeair-customer-db", 2.88225]}, {"t": 1696615210, "d": ["acmeair-authservice", 1.31275]}, {"t": 1696615210, "d": ["acmeair-flight-db", 0.27]}, {"t": 1696615210, "d": ["acmeair-mainservice", 0.145501]}, {"t": 1696615220, "d": ["acmeair-booking-db", 17.1165]}, {"t": 1696615220, "d": ["acmeair-bookingservice", 8.841]}, {"t": 1696615220, "d": ["acmeair-flightservice", 7.0955]}, {"t": 1696615220, "d": ["acmeair-customerservice", 5.15925]}, {"t": 1696615220, "d": ["acmeair-customer-db", 2.521]}, {"t": 1696615220, "d": ["acmeair-authservice", 1.432]}, {"t": 1696615220, "d": ["acmeair-flight-db", 0.35025]}, {"t": 1696615220, "d": ["acmeair-mainservice", 0.12975]}, {"t": 1696615230, "d": ["acmeair-booking-db", 17.48025]}, {"t": 1696615230, "d": ["acmeair-bookingservice", 8.834]}, {"t": 1696615230, "d": ["acmeair-flightservice", 8.08175]}, {"t": 1696615230, "d": ["acmeair-customerservice", 5.2085]}, {"t": 1696615230, "d": ["acmeair-customer-db", 3.297501]}, {"t": 1696615230, "d": ["acmeair-authservice", 1.45725]}, {"t": 1696615230, "d": ["acmeair-flight-db", 0.2775]}, {"t": 1696615230, "d": ["acmeair-mainservice", 0.12225]}, {"t": 1696615240, "d": ["acmeair-booking-db", 16.908]}, {"t": 1696615240, "d": ["acmeair-bookingservice", 9.1085]}, {"t": 1696615240, "d": ["acmeair-flightservice", 8.299]}, {"t": 1696615240, "d": ["acmeair-customerservice", 5.51075]}, {"t": 1696615240, "d": ["acmeair-customer-db", 3.0185]}, {"t": 1696615240, "d": ["acmeair-authservice", 1.50175]}, {"t": 1696615240, "d": ["acmeair-flight-db", 0.25875]}, {"t": 1696615240, "d": ["acmeair-mainservice", 0.143501]}, {"t": 1696615250, "d": ["acmeair-booking-db", 16.19925]}, {"t": 1696615250, "d": ["acmeair-bookingservice", 8.4175]}, {"t": 1696615250, "d": ["acmeair-flightservice", 8.195]}, {"t": 1696615250, "d": ["acmeair-customerservice", 5.20975]}, {"t": 1696615250, "d": ["acmeair-customer-db", 3.0335]}, {"t": 1696615250, "d": ["acmeair-authservice", 1.49275]}, {"t": 1696615250, "d": ["acmeair-flight-db", 0.3125]}, {"t": 1696615250, "d": ["acmeair-mainservice", 0.138]}, {"t": 1696615260, "d": ["acmeair-booking-db", 16.19175]}, {"t": 1696615260, "d": ["acmeair-bookingservice", 8.7375]}, {"t": 1696615260, "d": ["acmeair-flightservice", 7.58625]}, {"t": 1696615260, "d": ["acmeair-customerservice", 5.36425]}, {"t": 1696615260, "d": ["acmeair-customer-db", 2.72175]}, {"t": 1696615260, "d": ["acmeair-authservice", 1.452501]}, {"t": 1696615260, "d": ["acmeair-flight-db", 0.303]}, {"t": 1696615260, "d": ["acmeair-mainservice", 0.18425]}, {"t": 1696615270, "d": ["acmeair-booking-db", 17.28225]}, {"t": 1696615270, "d": ["acmeair-bookingservice", 8.98975]}, {"t": 1696615270, "d": ["acmeair-flightservice", 8.11275]}, {"t": 1696615270, "d": ["acmeair-customerservice", 5.538]}, {"t": 1696615270, "d": ["acmeair-customer-db", 2.835]}, {"t": 1696615270, "d": ["acmeair-authservice", 1.54825]}, {"t": 1696615270, "d": ["acmeair-flight-db", 0.515501]}, {"t": 1696615270, "d": ["acmeair-mainservice", 0.16725]}, {"t": 1696615280, "d": ["acmeair-booking-db", 15.2575]}, {"t": 1696615280, "d": ["acmeair-bookingservice", 8.305]}, {"t": 1696615280, "d": ["acmeair-flightservice", 8.21175]}, {"t": 1696615280, "d": ["acmeair-customerservice", 5.0155]}, {"t": 1696615280, "d": ["acmeair-customer-db", 2.932]}, {"t": 1696615280, "d": ["acmeair-authservice", 1.3815]}, {"t": 1696615280, "d": ["acmeair-flight-db", 0.29275]}, {"t": 1696615280, "d": ["acmeair-mainservice", 0.16625]}, {"t": 1696615290, "d": ["acmeair-booking-db", 16.2195]}, {"t": 1696615290, "d": ["acmeair-bookingservice", 9.17525]}, {"t": 1696615290, "d": ["acmeair-flightservice", 7.566]}, {"t": 1696615290, "d": ["acmeair-customerservice", 5.58675]}, {"t": 1696615290, "d": ["acmeair-customer-db", 2.89375]}, {"t": 1696615290, "d": ["acmeair-authservice", 1.539751]}, {"t": 1696615290, "d": ["acmeair-flight-db", 0.278]}, {"t": 1696615290, "d": ["acmeair-mainservice", 0.13825]}, {"t": 1696615300, "d": ["acmeair-booking-db", 15.63]}, {"t": 1696615300, "d": ["acmeair-bookingservice", 9.18525]}, {"t": 1696615300, "d": ["acmeair-flightservice", 8.20925]}, {"t": 1696615300, "d": ["acmeair-customerservice", 5.5415]}, {"t": 1696615300, "d": ["acmeair-customer-db", 2.97575]}, {"t": 1696615300, "d": ["acmeair-authservice", 1.574]}, {"t": 1696615300, "d": ["acmeair-flight-db", 0.28575]}, {"t": 1696615300, "d": ["acmeair-mainservice", 0.12675]}, {"t": 1696615310, "d": ["acmeair-booking-db", 15.52725]}, {"t": 1696615310, "d": ["acmeair-bookingservice", 9.1865]}, {"t": 1696615310, "d": ["acmeair-flightservice", 8.37875]}, {"t": 1696615310, "d": ["acmeair-customerservice", 5.519]}, {"t": 1696615310, "d": ["acmeair-customer-db", 2.96625]}, {"t": 1696615310, "d": ["acmeair-authservice", 1.4485]}, {"t": 1696615310, "d": ["acmeair-flight-db", 0.28425]}, {"t": 1696615310, "d": ["acmeair-mainservice", 0.156]}, {"t": 1696615320, "d": ["acmeair-booking-db", 15.44475]}, {"t": 1696615320, "d": ["acmeair-bookingservice", 8.8035]}, {"t": 1696615320, "d": ["acmeair-flightservice", 7.968001]}, {"t": 1696615320, "d": ["acmeair-customerservice", 5.3845]}, {"t": 1696615320, "d": ["acmeair-customer-db", 2.99275]}, {"t": 1696615320, "d": ["acmeair-authservice", 1.4625]}, {"t": 1696615320, "d": ["acmeair-flight-db", 0.27975]}, {"t": 1696615320, "d": ["acmeair-mainservice", 0.16775]}, {"t": 1696615330, "d": ["acmeair-booking-db", 15.19525]}, {"t": 1696615330, "d": ["acmeair-bookingservice", 9.03425]}, {"t": 1696615330, "d": ["acmeair-flightservice", 8.03575]}, {"t": 1696615330, "d": ["acmeair-customerservice", 5.504]}, {"t": 1696615330, "d": ["acmeair-customer-db", 2.92775]}, {"t": 1696615330, "d": ["acmeair-authservice", 1.5555]}, {"t": 1696615330, "d": ["acmeair-flight-db", 0.287001]}, {"t": 1696615330, "d": ["acmeair-mainservice", 0.1665]}, {"t": 1696615340, "d": ["acmeair-booking-db", 15.17175]}, {"t": 1696615340, "d": ["acmeair-bookingservice", 9.30975]}, {"t": 1696615340, "d": ["acmeair-flightservice", 8.25275]}, {"t": 1696615340, "d": ["acmeair-customerservice", 5.601]}, {"t": 1696615340, "d": ["acmeair-customer-db", 2.989]}, {"t": 1696615340, "d": ["acmeair-authservice", 1.554]}, {"t": 1696615340, "d": ["acmeair-flight-db", 0.28275]}, {"t": 1696615340, "d": ["acmeair-mainservice", 0.163]}, {"t": 1696615350, "d": ["acmeair-booking-db", 12.68575]}, {"t": 1696615350, "d": ["acmeair-bookingservice", 7.164]}, {"t": 1696615350, "d": ["acmeair-flightservice", 8.32925]}, {"t": 1696615350, "d": ["acmeair-customerservice", 4.3055]}, {"t": 1696615350, "d": ["acmeair-customer-db", 3.05175]}, {"t": 1696615350, "d": ["acmeair-authservice", 1.241751]}, {"t": 1696615350, "d": ["acmeair-flight-db", 0.215751]}, {"t": 1696615350, "d": ["acmeair-mainservice", 0.13725]}, {"t": 1696615360, "d": ["acmeair-booking-db", 15.025]}, {"t": 1696615360, "d": ["acmeair-bookingservice", 7.8695]}, {"t": 1696615360, "d": ["acmeair-flightservice", 6.551]}, {"t": 1696615360, "d": ["acmeair-customerservice", 4.76525]}, {"t": 1696615360, "d": ["acmeair-customer-db", 2.4265]}, {"t": 1696615360, "d": ["acmeair-authservice", 1.398001]}, {"t": 1696615360, "d": ["acmeair-flight-db", 0.24]}, {"t": 1696615360, "d": ["acmeair-mainservice", 0.12475]}, {"t": 1696615370, "d": ["acmeair-booking-db", 13.24975]}, {"t": 1696615370, "d": ["acmeair-bookingservice", 7.31875]}, {"t": 1696615370, "d": ["acmeair-flightservice", 7.41725]}, {"t": 1696615370, "d": ["acmeair-customerservice", 4.457501]}, {"t": 1696615370, "d": ["acmeair-customer-db", 2.6325]}, {"t": 1696615370, "d": ["acmeair-authservice", 1.251]}, {"t": 1696615370, "d": ["acmeair-flight-db", 0.31125]}, {"t": 1696615370, "d": ["acmeair-mainservice", 0.1535]}, {"t": 1696615380, "d": ["acmeair-booking-db", 13.949001]}, {"t": 1696615380, "d": ["acmeair-bookingservice", 7.59175]}, {"t": 1696615380, "d": ["acmeair-flightservice", 6.956]}, {"t": 1696615380, "d": ["acmeair-customerservice", 4.57575]}, {"t": 1696615380, "d": ["acmeair-customer-db", 2.70275]}, {"t": 1696615380, "d": ["acmeair-authservice", 1.2855]}, {"t": 1696615380, "d": ["acmeair-flight-db", 0.29975]}, {"t": 1696615380, "d": ["acmeair-mainservice", 0.137]}, {"t": 1696615390, "d": ["acmeair-booking-db", 16.013]}, {"t": 1696615390, "d": ["acmeair-bookingservice", 8.83625]}, {"t": 1696615390, "d": ["acmeair-flightservice", 6.85275]}, {"t": 1696615390, "d": ["acmeair-customerservice", 5.2175]}, {"t": 1696615390, "d": ["acmeair-customer-db", 2.5145]}, {"t": 1696615390, "d": ["acmeair-authservice", 1.4945]}, {"t": 1696615390, "d": ["acmeair-flight-db", 0.28125]}, {"t": 1696615390, "d": ["acmeair-mainservice", 0.122]}, {"t": 1696615400, "d": ["acmeair-booking-db", 13.54825]}, {"t": 1696615400, "d": ["acmeair-bookingservice", 8.001001]}, {"t": 1696615400, "d": ["acmeair-flightservice", 7.91925]}, {"t": 1696615400, "d": ["acmeair-customerservice", 4.7545]}, {"t": 1696615400, "d": ["acmeair-customer-db", 2.91675]}, {"t": 1696615400, "d": ["acmeair-authservice", 1.33425]}, {"t": 1696615400, "d": ["acmeair-flight-db", 0.299001]}, {"t": 1696615400, "d": ["acmeair-mainservice", 0.11625]}, {"t": 1696615410, "d": ["acmeair-booking-db", 15.0525]}, {"t": 1696615410, "d": ["acmeair-bookingservice", 8.896]}, {"t": 1696615410, "d": ["acmeair-flightservice", 7.08175]}, {"t": 1696615410, "d": ["acmeair-customerservice", 5.2055]}, {"t": 1696615410, "d": ["acmeair-customer-db", 2.69525]}, {"t": 1696615410, "d": ["acmeair-authservice", 1.4595]}, {"t": 1696615410, "d": ["acmeair-flight-db", 0.292]}, {"t": 1696615410, "d": ["acmeair-mainservice", 0.14625]}, {"t": 1696615420, "d": ["acmeair-booking-db", 13.766]}, {"t": 1696615420, "d": ["acmeair-bookingservice", 8.67125]}, {"t": 1696615420, "d": ["acmeair-flightservice", 7.7295]}, {"t": 1696615420, "d": ["acmeair-customerservice", 5.08275]}, {"t": 1696615420, "d": ["acmeair-customer-db", 2.83175]}, {"t": 1696615420, "d": ["acmeair-authservice", 1.373]}, {"t": 1696615420, "d": ["acmeair-flight-db", 0.282501]}, {"t": 1696615420, "d": ["acmeair-mainservice", 0.15625]}, {"t": 1696615430, "d": ["acmeair-booking-db", 15.47075]}, {"t": 1696615430, "d": ["acmeair-bookingservice", 9.3125]}, {"t": 1696615430, "d": ["acmeair-flightservice", 7.668001]}, {"t": 1696615430, "d": ["acmeair-customerservice", 5.504]}, {"t": 1696615430, "d": ["acmeair-customer-db", 2.804]}, {"t": 1696615430, "d": ["acmeair-authservice", 1.68425]}, {"t": 1696615430, "d": ["acmeair-flight-db", 0.3045]}, {"t": 1696615430, "d": ["acmeair-mainservice", 0.16625]}, {"t": 1696615440, "d": ["acmeair-booking-db", 14.62175]}, {"t": 1696615440, "d": ["acmeair-bookingservice", 8.511]}, {"t": 1696615440, "d": ["acmeair-flightservice", 8.274751]}, {"t": 1696615440, "d": ["acmeair-customerservice", 5.13325]}, {"t": 1696615440, "d": ["acmeair-customer-db", 2.993]}, {"t": 1696615440, "d": ["acmeair-authservice", 1.45975]}, {"t": 1696615440, "d": ["acmeair-flight-db", 0.2895]}, {"t": 1696615440, "d": ["acmeair-mainservice", 0.1405]}, {"t": 1696615450, "d": ["acmeair-booking-db", 13.448501]}, {"t": 1696615450, "d": ["acmeair-bookingservice", 8.068001]}, {"t": 1696615450, "d": ["acmeair-flightservice", 7.575]}, {"t": 1696615450, "d": ["acmeair-customerservice", 4.8695]}, {"t": 1696615450, "d": ["acmeair-customer-db", 2.766]}, {"t": 1696615450, "d": ["acmeair-authservice", 1.373]}, {"t": 1696615450, "d": ["acmeair-flight-db", 0.2735]}, {"t": 1696615450, "d": ["acmeair-mainservice", 0.121501]}, {"t": 1696615460, "d": ["acmeair-booking-db", 14.596251]}, {"t": 1696615460, "d": ["acmeair-bookingservice", 9.266]}, {"t": 1696615460, "d": ["acmeair-flightservice", 6.96625]}, {"t": 1696615460, "d": ["acmeair-customerservice", 5.63925]}, {"t": 1696615460, "d": ["acmeair-customer-db", 2.64325]}, {"t": 1696615460, "d": ["acmeair-authservice", 1.65775]}, {"t": 1696615460, "d": ["acmeair-flight-db", 0.328]}, {"t": 1696615460, "d": ["acmeair-mainservice", 0.148]}, {"t": 1696615470, "d": ["acmeair-booking-db", 14.3965]}, {"t": 1696615470, "d": ["acmeair-bookingservice", 9.264]}, {"t": 1696615470, "d": ["acmeair-flightservice", 8.37075]}, {"t": 1696615470, "d": ["acmeair-customerservice", 5.595001]}, {"t": 1696615470, "d": ["acmeair-customer-db", 3.04025]}, {"t": 1696615470, "d": ["acmeair-authservice", 1.57225]}, {"t": 1696615470, "d": ["acmeair-flight-db", 0.276]}, {"t": 1696615470, "d": ["acmeair-mainservice", 0.13475]}, {"t": 1696615480, "d": ["acmeair-booking-db", 14.27175]}, {"t": 1696615480, "d": ["acmeair-bookingservice", 8.68925]}, {"t": 1696615480, "d": ["acmeair-flightservice", 8.328]}, {"t": 1696615480, "d": ["acmeair-customerservice", 5.269]}, {"t": 1696615480, "d": ["acmeair-customer-db", 3.026001]}, {"t": 1696615480, "d": ["acmeair-authservice", 1.492]}, {"t": 1696615480, "d": ["acmeair-flight-db", 0.2815]}, {"t": 1696615480, "d": ["acmeair-mainservice", 0.15525]}, {"t": 1696615490, "d": ["acmeair-booking-db", 15.030001]}, {"t": 1696615490, "d": ["acmeair-bookingservice", 9.1785]}, {"t": 1696615490, "d": ["acmeair-flightservice", 7.852501]}, {"t": 1696615490, "d": ["acmeair-customerservice", 5.5855]}, {"t": 1696615490, "d": ["acmeair-customer-db", 2.8315]}, {"t": 1696615490, "d": ["acmeair-authservice", 1.575501]}, {"t": 1696615490, "d": ["acmeair-flight-db", 0.298]}, {"t": 1696615490, "d": ["acmeair-mainservice", 0.17075]}, {"t": 1696615500, "d": ["acmeair-booking-db", 14.185]}, {"t": 1696615500, "d": ["acmeair-bookingservice", 9.0945]}, {"t": 1696615500, "d": ["acmeair-flightservice", 8.487]}, {"t": 1696615500, "d": ["acmeair-customerservice", 5.395001]}, {"t": 1696615500, "d": ["acmeair-customer-db", 3.063]}, {"t": 1696615500, "d": ["acmeair-authservice", 1.50375]}, {"t": 1696615500, "d": ["acmeair-flight-db", 0.28875]}, {"t": 1696615500, "d": ["acmeair-mainservice", 0.15825]}, {"t": 1696615510, "d": ["acmeair-booking-db", 13.5485]}, {"t": 1696615510, "d": ["acmeair-bookingservice", 8.57]}, {"t": 1696615510, "d": ["acmeair-flightservice", 8.41375]}, {"t": 1696615510, "d": ["acmeair-customerservice", 5.20475]}, {"t": 1696615510, "d": ["acmeair-customer-db", 3.01825]}, {"t": 1696615510, "d": ["acmeair-authservice", 1.46475]}, {"t": 1696615510, "d": ["acmeair-flight-db", 0.27875]}, {"t": 1696615510, "d": ["acmeair-mainservice", 0.172]}, {"t": 1696615520, "d": ["acmeair-booking-db", 14.26025]}, {"t": 1696615520, "d": ["acmeair-bookingservice", 8.70875]}, {"t": 1696615520, "d": ["acmeair-flightservice", 7.913]}, {"t": 1696615520, "d": ["acmeair-customerservice", 5.20175]}, {"t": 1696615520, "d": ["acmeair-customer-db", 2.86025]}, {"t": 1696615520, "d": ["acmeair-authservice", 1.4205]}, {"t": 1696615520, "d": ["acmeair-flight-db", 0.40925]}, {"t": 1696615520, "d": ["acmeair-mainservice", 0.18275]}, {"t": 1696615530, "d": ["acmeair-booking-db", 14.06625]}, {"t": 1696615530, "d": ["acmeair-bookingservice", 8.08]}, {"t": 1696615530, "d": ["acmeair-flightservice", 7.891501]}, {"t": 1696615530, "d": ["acmeair-customerservice", 4.8355]}, {"t": 1696615530, "d": ["acmeair-customer-db", 2.983501]}, {"t": 1696615530, "d": ["acmeair-authservice", 1.373]}, {"t": 1696615530, "d": ["acmeair-flight-db", 0.3105]}, {"t": 1696615530, "d": ["acmeair-mainservice", 0.1705]}, {"t": 1696615540, "d": ["acmeair-booking-db", 14.41975]}, {"t": 1696615540, "d": ["acmeair-bookingservice", 8.389]}, {"t": 1696615540, "d": ["acmeair-flightservice", 7.382]}, {"t": 1696615540, "d": ["acmeair-customerservice", 5.00775]}, {"t": 1696615540, "d": ["acmeair-customer-db", 3.0255]}, {"t": 1696615540, "d": ["acmeair-authservice", 1.43175]}, {"t": 1696615540, "d": ["acmeair-flight-db", 0.2635]}, {"t": 1696615540, "d": ["acmeair-mainservice", 0.16375]}, {"t": 1696615550, "d": ["acmeair-booking-db", 13.464251]}, {"t": 1696615550, "d": ["acmeair-bookingservice", 8.658751]}, {"t": 1696615550, "d": ["acmeair-flightservice", 7.505501]}, {"t": 1696615550, "d": ["acmeair-customerservice", 5.20475]}, {"t": 1696615550, "d": ["acmeair-customer-db", 2.7735]}, {"t": 1696615550, "d": ["acmeair-authservice", 1.48075]}, {"t": 1696615550, "d": ["acmeair-flight-db", 0.27525]}, {"t": 1696615550, "d": ["acmeair-mainservice", 0.18275]}, {"t": 1696615560, "d": ["acmeair-booking-db", 14.0945]}, {"t": 1696615560, "d": ["acmeair-bookingservice", 8.641]}, {"t": 1696615560, "d": ["acmeair-flightservice", 7.857]}, {"t": 1696615560, "d": ["acmeair-customerservice", 5.22225]}, {"t": 1696615560, "d": ["acmeair-customer-db", 2.81625]}, {"t": 1696615560, "d": ["acmeair-authservice", 1.4225]}, {"t": 1696615560, "d": ["acmeair-flight-db", 0.29]}, {"t": 1696615560, "d": ["acmeair-mainservice", 0.16475]}, {"t": 1696615570, "d": ["acmeair-booking-db", 15.08975]}, {"t": 1696615570, "d": ["acmeair-bookingservice", 9.08425]}, {"t": 1696615570, "d": ["acmeair-flightservice", 7.94675]}, {"t": 1696615570, "d": ["acmeair-customerservice", 5.41725]}, {"t": 1696615570, "d": ["acmeair-customer-db", 2.90775]}, {"t": 1696615570, "d": ["acmeair-authservice", 1.5475]}, {"t": 1696615570, "d": ["acmeair-flight-db", 0.54825]}, {"t": 1696615570, "d": ["acmeair-mainservice", 0.171]}, {"t": 1696615580, "d": ["acmeair-booking-db", 14.924001]}, {"t": 1696615580, "d": ["acmeair-bookingservice", 9.373001]}, {"t": 1696615580, "d": ["acmeair-flightservice", 8.199251]}, {"t": 1696615580, "d": ["acmeair-customerservice", 5.61325]}, {"t": 1696615580, "d": ["acmeair-customer-db", 2.97325]}, {"t": 1696615580, "d": ["acmeair-authservice", 1.66825]}, {"t": 1696615580, "d": ["acmeair-flight-db", 0.26725]}, {"t": 1696615580, "d": ["acmeair-mainservice", 0.1675]}, {"t": 1696615590, "d": ["acmeair-booking-db", 14.301751]}, {"t": 1696615590, "d": ["acmeair-bookingservice", 9.19075]}, {"t": 1696615590, "d": ["acmeair-flightservice", 8.2885]}, {"t": 1696615590, "d": ["acmeair-customerservice", 5.55875]}, {"t": 1696615590, "d": ["acmeair-customer-db", 3.047501]}, {"t": 1696615590, "d": ["acmeair-authservice", 1.64125]}, {"t": 1696615590, "d": ["acmeair-flight-db", 0.261]}, {"t": 1696615590, "d": ["acmeair-mainservice", 0.12175]}, {"t": 1696615600, "d": ["acmeair-booking-db", 14.670751]}, {"t": 1696615600, "d": ["acmeair-bookingservice", 9.31025]}, {"t": 1696615600, "d": ["acmeair-flightservice", 8.4]}, {"t": 1696615600, "d": ["acmeair-customerservice", 5.61575]}, {"t": 1696615600, "d": ["acmeair-customer-db", 3.198251]}, {"t": 1696615600, "d": ["acmeair-authservice", 1.58425]}, {"t": 1696615600, "d": ["acmeair-flight-db", 0.28075]}, {"t": 1696615600, "d": ["acmeair-mainservice", 0.139]}, {"t": 1696615610, "d": ["acmeair-booking-db", 15.2075]}, {"t": 1696615610, "d": ["acmeair-bookingservice", 9.371]}, {"t": 1696615610, "d": ["acmeair-flightservice", 8.24525]}, {"t": 1696615610, "d": ["acmeair-customerservice", 5.68325]}, {"t": 1696615610, "d": ["acmeair-customer-db", 3.00425]}, {"t": 1696615610, "d": ["acmeair-authservice", 1.693]}, {"t": 1696615610, "d": ["acmeair-flight-db", 0.264]}, {"t": 1696615610, "d": ["acmeair-mainservice", 0.12375]}, {"t": 1696615620, "d": ["acmeair-booking-db", 12.82775]}, {"t": 1696615620, "d": ["acmeair-bookingservice", 7.429]}, {"t": 1696615620, "d": ["acmeair-flightservice", 8.526]}, {"t": 1696615620, "d": ["acmeair-customerservice", 4.6365]}, {"t": 1696615620, "d": ["acmeair-customer-db", 3.07575]}, {"t": 1696615620, "d": ["acmeair-authservice", 1.24725]}, {"t": 1696615620, "d": ["acmeair-flight-db", 0.2855]}, {"t": 1696615620, "d": ["acmeair-mainservice", 0.12225]}, {"t": 1696615630, "d": ["acmeair-booking-db", 4.574]}, {"t": 1696615630, "d": ["acmeair-bookingservice", 2.73025]}, {"t": 1696615630, "d": ["acmeair-flightservice", 6.8455]}, {"t": 1696615630, "d": ["acmeair-customerservice", 1.817501]}, {"t": 1696615630, "d": ["acmeair-customer-db", 2.49425]}, {"t": 1696615630, "d": ["acmeair-authservice", 0.52025]}, {"t": 1696615630, "d": ["acmeair-flight-db", 0.30125]}, {"t": 1696615630, "d": ["acmeair-mainservice", 0.1295]}, {"t": 1696615640, "d": ["acmeair-booking-db", 0.3125]}, {"t": 1696615640, "d": ["acmeair-bookingservice", 0.203751]}, {"t": 1696615640, "d": ["acmeair-flightservice", 2.36825]}, {"t": 1696615640, "d": ["acmeair-customerservice", 0.207501]}, {"t": 1696615640, "d": ["acmeair-customer-db", 1.02325]}, {"t": 1696615640, "d": ["acmeair-authservice", 0.17]}, {"t": 1696615640, "d": ["acmeair-flight-db", 0.2905]}, {"t": 1696615640, "d": ["acmeair-mainservice", 0.12675]}, {"t": 1696615650, "d": ["acmeair-booking-db", 0.31075]}, {"t": 1696615650, "d": ["acmeair-bookingservice", 0.16]}, {"t": 1696615650, "d": ["acmeair-flightservice", 0.19175]}, {"t": 1696615650, "d": ["acmeair-customerservice", 0.198]}, {"t": 1696615650, "d": ["acmeair-customer-db", 0.27675]}, {"t": 1696615650, "d": ["acmeair-authservice", 0.15675]}, {"t": 1696615650, "d": ["acmeair-flight-db", 0.192]}, {"t": 1696615650, "d": ["acmeair-mainservice", 0.14375]}], "start": 1696615050, "end": 1696615650}