{"data": [{"t": 1696615080, "d": ["acmeair-bookingservice", 74]}, {"t": 1696615080, "d": ["acmeair-flightservice", 61]}, {"t": 1696615080, "d": ["acmeair-customerservice", 40]}, {"t": 1696615080, "d": ["acmeair-authservice", 30]}, {"t": 1696615080, "d": ["acmeair-mainservice", 20]}, {"t": 1696615090, "d": ["acmeair-bookingservice", 74]}, {"t": 1696615090, "d": ["acmeair-flightservice", 61]}, {"t": 1696615090, "d": ["acmeair-customerservice", 40]}, {"t": 1696615090, "d": ["acmeair-authservice", 30]}, {"t": 1696615090, "d": ["acmeair-mainservice", 20]}, {"t": 1696615100, "d": ["acmeair-bookingservice", 74]}, {"t": 1696615100, "d": ["acmeair-flightservice", 61]}, {"t": 1696615100, "d": ["acmeair-customerservice", 40]}, {"t": 1696615100, "d": ["acmeair-authservice", 30]}, {"t": 1696615100, "d": ["acmeair-mainservice", 20]}, {"t": 1696615110, "d": ["acmeair-bookingservice", 74]}, {"t": 1696615110, "d": ["acmeair-flightservice", 61]}, {"t": 1696615110, "d": ["acmeair-customerservice", 40]}, {"t": 1696615110, "d": ["acmeair-authservice", 30]}, {"t": 1696615110, "d": ["acmeair-mainservice", 20]}, {"t": 1696615120, "d": ["acmeair-bookingservice", 74]}, {"t": 1696615120, "d": ["acmeair-flightservice", 61]}, {"t": 1696615120, "d": ["acmeair-customerservice", 40]}, {"t": 1696615120, "d": ["acmeair-authservice", 30]}, {"t": 1696615120, "d": ["acmeair-mainservice", 20]}, {"t": 1696615130, "d": ["acmeair-bookingservice", 74]}, {"t": 1696615130, "d": ["acmeair-flightservice", 61]}, {"t": 1696615130, "d": ["acmeair-customerservice", 40]}, {"t": 1696615130, "d": ["acmeair-authservice", 30]}, {"t": 1696615130, "d": ["acmeair-mainservice", 20]}, {"t": 1696615140, "d": ["acmeair-bookingservice", 74]}, {"t": 1696615140, "d": ["acmeair-flightservice", 61]}, {"t": 1696615140, "d": ["acmeair-customerservice", 40]}, {"t": 1696615140, "d": ["acmeair-authservice", 30]}, {"t": 1696615140, "d": ["acmeair-mainservice", 20]}, {"t": 1696615150, "d": ["acmeair-bookingservice", 74]}, {"t": 1696615150, "d": ["acmeair-flightservice", 61]}, {"t": 1696615150, "d": ["acmeair-customerservice", 40]}, {"t": 1696615150, "d": ["acmeair-authservice", 30]}, {"t": 1696615150, "d": ["acmeair-mainservice", 20]}, {"t": 1696615160, "d": ["acmeair-bookingservice", 74]}, {"t": 1696615160, "d": ["acmeair-flightservice", 61]}, {"t": 1696615160, "d": ["acmeair-customerservice", 40]}, {"t": 1696615160, "d": ["acmeair-authservice", 30]}, {"t": 1696615160, "d": ["acmeair-mainservice", 20]}, {"t": 1696615170, "d": ["acmeair-bookingservice", 74]}, {"t": 1696615170, "d": ["acmeair-flightservice", 61]}, {"t": 1696615170, "d": ["acmeair-customerservice", 40]}, {"t": 1696615170, "d": ["acmeair-authservice", 30]}, {"t": 1696615170, "d": ["acmeair-mainservice", 20]}, {"t": 1696615180, "d": ["acmeair-bookingservice", 74]}, {"t": 1696615180, "d": ["acmeair-flightservice", 61]}, {"t": 1696615180, "d": ["acmeair-customerservice", 40]}, {"t": 1696615180, "d": ["acmeair-authservice", 30]}, {"t": 1696615180, "d": ["acmeair-mainservice", 20]}, {"t": 1696615190, "d": ["acmeair-bookingservice", 74]}, {"t": 1696615190, "d": ["acmeair-flightservice", 61]}, {"t": 1696615190, "d": ["acmeair-customerservice", 40]}, {"t": 1696615190, "d": ["acmeair-authservice", 30]}, {"t": 1696615190, "d": ["acmeair-mainservice", 20]}, {"t": 1696615200, "d": ["acmeair-bookingservice", 74]}, {"t": 1696615200, "d": ["acmeair-flightservice", 61]}, {"t": 1696615200, "d": ["acmeair-customerservice", 40]}, {"t": 1696615200, "d": ["acmeair-authservice", 30]}, {"t": 1696615200, "d": ["acmeair-mainservice", 20]}, {"t": 1696615210, "d": ["acmeair-bookingservice", 74]}, {"t": 1696615210, "d": ["acmeair-flightservice", 61]}, {"t": 1696615210, "d": ["acmeair-customerservice", 40]}, {"t": 1696615210, "d": ["acmeair-authservice", 30]}, {"t": 1696615210, "d": ["acmeair-mainservice", 20]}, {"t": 1696615220, "d": ["acmeair-bookingservice", 74]}, {"t": 1696615220, "d": ["acmeair-flightservice", 61]}, {"t": 1696615220, "d": ["acmeair-customerservice", 40]}, {"t": 1696615220, "d": ["acmeair-authservice", 30]}, {"t": 1696615220, "d": ["acmeair-mainservice", 20]}, {"t": 1696615230, "d": ["acmeair-bookingservice", 74]}, {"t": 1696615230, "d": ["acmeair-flightservice", 61]}, {"t": 1696615230, "d": ["acmeair-customerservice", 40]}, {"t": 1696615230, "d": ["acmeair-authservice", 30]}, {"t": 1696615230, "d": ["acmeair-mainservice", 20]}, {"t": 1696615240, "d": ["acmeair-bookingservice", 74]}, {"t": 1696615240, "d": ["acmeair-flightservice", 61]}, {"t": 1696615240, "d": ["acmeair-customerservice", 40]}, {"t": 1696615240, "d": ["acmeair-authservice", 30]}, {"t": 1696615240, "d": ["acmeair-mainservice", 20]}, {"t": 1696615250, "d": ["acmeair-bookingservice", 74]}, {"t": 1696615250, "d": ["acmeair-flightservice", 61]}, {"t": 1696615250, "d": ["acmeair-customerservice", 40]}, {"t": 1696615250, "d": ["acmeair-authservice", 30]}, {"t": 1696615250, "d": ["acmeair-mainservice", 20]}, {"t": 1696615260, "d": ["acmeair-bookingservice", 74]}, {"t": 1696615260, "d": ["acmeair-flightservice", 61]}, {"t": 1696615260, "d": ["acmeair-customerservice", 40]}, {"t": 1696615260, "d": ["acmeair-authservice", 30]}, {"t": 1696615260, "d": ["acmeair-mainservice", 20]}, {"t": 1696615270, "d": ["acmeair-bookingservice", 74]}, {"t": 1696615270, "d": ["acmeair-flightservice", 61]}, {"t": 1696615270, "d": ["acmeair-customerservice", 40]}, {"t": 1696615270, "d": ["acmeair-authservice", 30]}, {"t": 1696615270, "d": ["acmeair-mainservice", 20]}, {"t": 1696615280, "d": ["acmeair-bookingservice", 74]}, {"t": 1696615280, "d": ["acmeair-flightservice", 61]}, {"t": 1696615280, "d": ["acmeair-customerservice", 40]}, {"t": 1696615280, "d": ["acmeair-authservice", 30]}, {"t": 1696615280, "d": ["acmeair-mainservice", 20]}, {"t": 1696615290, "d": ["acmeair-bookingservice", 74]}, {"t": 1696615290, "d": ["acmeair-flightservice", 61]}, {"t": 1696615290, "d": ["acmeair-customerservice", 40]}, {"t": 1696615290, "d": ["acmeair-authservice", 30]}, {"t": 1696615290, "d": ["acmeair-mainservice", 20]}, {"t": 1696615300, "d": ["acmeair-bookingservice", 74]}, {"t": 1696615300, "d": ["acmeair-flightservice", 61]}, {"t": 1696615300, "d": ["acmeair-customerservice", 40]}, {"t": 1696615300, "d": ["acmeair-authservice", 30]}, {"t": 1696615300, "d": ["acmeair-mainservice", 20]}, {"t": 1696615310, "d": ["acmeair-bookingservice", 74]}, {"t": 1696615310, "d": ["acmeair-flightservice", 61]}, {"t": 1696615310, "d": ["acmeair-customerservice", 40]}, {"t": 1696615310, "d": ["acmeair-authservice", 30]}, {"t": 1696615310, "d": ["acmeair-mainservice", 20]}, {"t": 1696615320, "d": ["acmeair-bookingservice", 74]}, {"t": 1696615320, "d": ["acmeair-flightservice", 61]}, {"t": 1696615320, "d": ["acmeair-customerservice", 40]}, {"t": 1696615320, "d": ["acmeair-authservice", 30]}, {"t": 1696615320, "d": ["acmeair-mainservice", 20]}, {"t": 1696615330, "d": ["acmeair-bookingservice", 74]}, {"t": 1696615330, "d": ["acmeair-flightservice", 61]}, {"t": 1696615330, "d": ["acmeair-customerservice", 40]}, {"t": 1696615330, "d": ["acmeair-authservice", 30]}, {"t": 1696615330, "d": ["acmeair-mainservice", 20]}, {"t": 1696615340, "d": ["acmeair-bookingservice", 74]}, {"t": 1696615340, "d": ["acmeair-flightservice", 61]}, {"t": 1696615340, "d": ["acmeair-customerservice", 40]}, {"t": 1696615340, "d": ["acmeair-authservice", 30]}, {"t": 1696615340, "d": ["acmeair-mainservice", 20]}, {"t": 1696615350, "d": ["acmeair-bookingservice", 74]}, {"t": 1696615350, "d": ["acmeair-flightservice", 61]}, {"t": 1696615350, "d": ["acmeair-customerservice", 40]}, {"t": 1696615350, "d": ["acmeair-authservice", 30]}, {"t": 1696615350, "d": ["acmeair-mainservice", 20]}, {"t": 1696615360, "d": ["acmeair-bookingservice", 74]}, {"t": 1696615360, "d": ["acmeair-flightservice", 61]}, {"t": 1696615360, "d": ["acmeair-customerservice", 40]}, {"t": 1696615360, "d": ["acmeair-authservice", 30]}, {"t": 1696615360, "d": ["acmeair-mainservice", 20]}, {"t": 1696615370, "d": ["acmeair-bookingservice", 74]}, {"t": 1696615370, "d": ["acmeair-flightservice", 61]}, {"t": 1696615370, "d": ["acmeair-customerservice", 40]}, {"t": 1696615370, "d": ["acmeair-authservice", 30]}, {"t": 1696615370, "d": ["acmeair-mainservice", 20]}, {"t": 1696615380, "d": ["acmeair-bookingservice", 74]}, {"t": 1696615380, "d": ["acmeair-flightservice", 61]}, {"t": 1696615380, "d": ["acmeair-customerservice", 40]}, {"t": 1696615380, "d": ["acmeair-authservice", 30]}, {"t": 1696615380, "d": ["acmeair-mainservice", 20]}, {"t": 1696615390, "d": ["acmeair-bookingservice", 74]}, {"t": 1696615390, "d": ["acmeair-flightservice", 61]}, {"t": 1696615390, "d": ["acmeair-customerservice", 40]}, {"t": 1696615390, "d": ["acmeair-authservice", 30]}, {"t": 1696615390, "d": ["acmeair-mainservice", 20]}, {"t": 1696615400, "d": ["acmeair-bookingservice", 74]}, {"t": 1696615400, "d": ["acmeair-flightservice", 61]}, {"t": 1696615400, "d": ["acmeair-customerservice", 40]}, {"t": 1696615400, "d": ["acmeair-authservice", 30]}, {"t": 1696615400, "d": ["acmeair-mainservice", 20]}, {"t": 1696615410, "d": ["acmeair-bookingservice", 74]}, {"t": 1696615410, "d": ["acmeair-flightservice", 61]}, {"t": 1696615410, "d": ["acmeair-customerservice", 40]}, {"t": 1696615410, "d": ["acmeair-authservice", 30]}, {"t": 1696615410, "d": ["acmeair-mainservice", 20]}, {"t": 1696615420, "d": ["acmeair-bookingservice", 74]}, {"t": 1696615420, "d": ["acmeair-flightservice", 61]}, {"t": 1696615420, "d": ["acmeair-customerservice", 40]}, {"t": 1696615420, "d": ["acmeair-authservice", 30]}, {"t": 1696615420, "d": ["acmeair-mainservice", 20]}, {"t": 1696615430, "d": ["acmeair-bookingservice", 74]}, {"t": 1696615430, "d": ["acmeair-flightservice", 61]}, {"t": 1696615430, "d": ["acmeair-customerservice", 40]}, {"t": 1696615430, "d": ["acmeair-authservice", 30]}, {"t": 1696615430, "d": ["acmeair-mainservice", 20]}, {"t": 1696615440, "d": ["acmeair-bookingservice", 74]}, {"t": 1696615440, "d": ["acmeair-flightservice", 61]}, {"t": 1696615440, "d": ["acmeair-customerservice", 40]}, {"t": 1696615440, "d": ["acmeair-authservice", 30]}, {"t": 1696615440, "d": ["acmeair-mainservice", 20]}, {"t": 1696615450, "d": ["acmeair-bookingservice", 74]}, {"t": 1696615450, "d": ["acmeair-flightservice", 61]}, {"t": 1696615450, "d": ["acmeair-customerservice", 40]}, {"t": 1696615450, "d": ["acmeair-authservice", 30]}, {"t": 1696615450, "d": ["acmeair-mainservice", 20]}, {"t": 1696615460, "d": ["acmeair-bookingservice", 74]}, {"t": 1696615460, "d": ["acmeair-flightservice", 61]}, {"t": 1696615460, "d": ["acmeair-customerservice", 40]}, {"t": 1696615460, "d": ["acmeair-authservice", 30]}, {"t": 1696615460, "d": ["acmeair-mainservice", 20]}, {"t": 1696615470, "d": ["acmeair-bookingservice", 74]}, {"t": 1696615470, "d": ["acmeair-flightservice", 61]}, {"t": 1696615470, "d": ["acmeair-customerservice", 40]}, {"t": 1696615470, "d": ["acmeair-authservice", 30]}, {"t": 1696615470, "d": ["acmeair-mainservice", 20]}, {"t": 1696615480, "d": ["acmeair-bookingservice", 74]}, {"t": 1696615480, "d": ["acmeair-flightservice", 61]}, {"t": 1696615480, "d": ["acmeair-customerservice", 40]}, {"t": 1696615480, "d": ["acmeair-authservice", 30]}, {"t": 1696615480, "d": ["acmeair-mainservice", 20]}, {"t": 1696615490, "d": ["acmeair-bookingservice", 74]}, {"t": 1696615490, "d": ["acmeair-flightservice", 61]}, {"t": 1696615490, "d": ["acmeair-customerservice", 40]}, {"t": 1696615490, "d": ["acmeair-authservice", 30]}, {"t": 1696615490, "d": ["acmeair-mainservice", 20]}, {"t": 1696615500, "d": ["acmeair-bookingservice", 74]}, {"t": 1696615500, "d": ["acmeair-flightservice", 61]}, {"t": 1696615500, "d": ["acmeair-customerservice", 40]}, {"t": 1696615500, "d": ["acmeair-authservice", 30]}, {"t": 1696615500, "d": ["acmeair-mainservice", 20]}, {"t": 1696615510, "d": ["acmeair-bookingservice", 74]}, {"t": 1696615510, "d": ["acmeair-flightservice", 61]}, {"t": 1696615510, "d": ["acmeair-customerservice", 40]}, {"t": 1696615510, "d": ["acmeair-authservice", 30]}, {"t": 1696615510, "d": ["acmeair-mainservice", 20]}, {"t": 1696615520, "d": ["acmeair-bookingservice", 74]}, {"t": 1696615520, "d": ["acmeair-flightservice", 61]}, {"t": 1696615520, "d": ["acmeair-customerservice", 40]}, {"t": 1696615520, "d": ["acmeair-authservice", 30]}, {"t": 1696615520, "d": ["acmeair-mainservice", 20]}, {"t": 1696615530, "d": ["acmeair-bookingservice", 74]}, {"t": 1696615530, "d": ["acmeair-flightservice", 61]}, {"t": 1696615530, "d": ["acmeair-customerservice", 40]}, {"t": 1696615530, "d": ["acmeair-authservice", 30]}, {"t": 1696615530, "d": ["acmeair-mainservice", 20]}, {"t": 1696615540, "d": ["acmeair-bookingservice", 74]}, {"t": 1696615540, "d": ["acmeair-flightservice", 61]}, {"t": 1696615540, "d": ["acmeair-customerservice", 40]}, {"t": 1696615540, "d": ["acmeair-authservice", 30]}, {"t": 1696615540, "d": ["acmeair-mainservice", 20]}, {"t": 1696615550, "d": ["acmeair-bookingservice", 74]}, {"t": 1696615550, "d": ["acmeair-flightservice", 61]}, {"t": 1696615550, "d": ["acmeair-customerservice", 40]}, {"t": 1696615550, "d": ["acmeair-authservice", 30]}, {"t": 1696615550, "d": ["acmeair-mainservice", 20]}, {"t": 1696615560, "d": ["acmeair-bookingservice", 74]}, {"t": 1696615560, "d": ["acmeair-flightservice", 61]}, {"t": 1696615560, "d": ["acmeair-customerservice", 40]}, {"t": 1696615560, "d": ["acmeair-authservice", 30]}, {"t": 1696615560, "d": ["acmeair-mainservice", 20]}, {"t": 1696615570, "d": ["acmeair-bookingservice", 74]}, {"t": 1696615570, "d": ["acmeair-flightservice", 61]}, {"t": 1696615570, "d": ["acmeair-customerservice", 40]}, {"t": 1696615570, "d": ["acmeair-authservice", 30]}, {"t": 1696615570, "d": ["acmeair-mainservice", 20]}, {"t": 1696615580, "d": ["acmeair-bookingservice", 74]}, {"t": 1696615580, "d": ["acmeair-flightservice", 61]}, {"t": 1696615580, "d": ["acmeair-customerservice", 40]}, {"t": 1696615580, "d": ["acmeair-authservice", 30]}, {"t": 1696615580, "d": ["acmeair-mainservice", 20]}, {"t": 1696615590, "d": ["acmeair-bookingservice", 74]}, {"t": 1696615590, "d": ["acmeair-flightservice", 61]}, {"t": 1696615590, "d": ["acmeair-customerservice", 40]}, {"t": 1696615590, "d": ["acmeair-authservice", 30]}, {"t": 1696615590, "d": ["acmeair-mainservice", 20]}, {"t": 1696615600, "d": ["acmeair-bookingservice", 74]}, {"t": 1696615600, "d": ["acmeair-flightservice", 61]}, {"t": 1696615600, "d": ["acmeair-customerservice", 40]}, {"t": 1696615600, "d": ["acmeair-authservice", 30]}, {"t": 1696615600, "d": ["acmeair-mainservice", 20]}, {"t": 1696615610, "d": ["acmeair-bookingservice", 74]}, {"t": 1696615610, "d": ["acmeair-flightservice", 61]}, {"t": 1696615610, "d": ["acmeair-customerservice", 40]}, {"t": 1696615610, "d": ["acmeair-authservice", 30]}, {"t": 1696615610, "d": ["acmeair-mainservice", 20]}, {"t": 1696615620, "d": ["acmeair-bookingservice", 74]}, {"t": 1696615620, "d": ["acmeair-flightservice", 61]}, {"t": 1696615620, "d": ["acmeair-customerservice", 40]}, {"t": 1696615620, "d": ["acmeair-authservice", 30]}, {"t": 1696615620, "d": ["acmeair-mainservice", 20]}, {"t": 1696615630, "d": ["acmeair-bookingservice", 74]}, {"t": 1696615630, "d": ["acmeair-flightservice", 61]}, {"t": 1696615630, "d": ["acmeair-customerservice", 40]}, {"t": 1696615630, "d": ["acmeair-authservice", 30]}, {"t": 1696615630, "d": ["acmeair-mainservice", 20]}, {"t": 1696615640, "d": ["acmeair-bookingservice", 74]}, {"t": 1696615640, "d": ["acmeair-flightservice", 61]}, {"t": 1696615640, "d": ["acmeair-customerservice", 40]}, {"t": 1696615640, "d": ["acmeair-authservice", 30]}, {"t": 1696615640, "d": ["acmeair-mainservice", 20]}, {"t": 1696615650, "d": ["acmeair-bookingservice", 74]}, {"t": 1696615650, "d": ["acmeair-flightservice", 61]}, {"t": 1696615650, "d": ["acmeair-customerservice", 40]}, {"t": 1696615650, "d": ["acmeair-authservice", 30]}, {"t": 1696615650, "d": ["acmeair-mainservice", 20]}, {"t": 1696615660, "d": ["acmeair-bookingservice", 74]}, {"t": 1696615660, "d": ["acmeair-flightservice", 61]}, {"t": 1696615660, "d": ["acmeair-customerservice", 40]}, {"t": 1696615660, "d": ["acmeair-authservice", 30]}, {"t": 1696615660, "d": ["acmeair-mainservice", 20]}, {"t": 1696615670, "d": ["acmeair-bookingservice", 74]}, {"t": 1696615670, "d": ["acmeair-flightservice", 61]}, {"t": 1696615670, "d": ["acmeair-customerservice", 40]}, {"t": 1696615670, "d": ["acmeair-authservice", 30]}, {"t": 1696615670, "d": ["acmeair-mainservice", 20]}], "start": 1696615070, "end": 1696615670}