{"data": [{"t": 1696615080, "d": ["acmeair-bookingservice", 169289249.6]}, {"t": 1696615080, "d": ["acmeair-customerservice", 163013819.2]}, {"t": 1696615080, "d": ["acmeair-flightservice", 136431984]}, {"t": 1696615080, "d": ["acmeair-authservice", 80597342.4]}, {"t": 1696615080, "d": ["acmeair-mainservice", 48412728]}, {"t": 1696615090, "d": ["acmeair-bookingservice", 177249549.6]}, {"t": 1696615090, "d": ["acmeair-customerservice", 160932864]}, {"t": 1696615090, "d": ["acmeair-flightservice", 135859108]}, {"t": 1696615090, "d": ["acmeair-authservice", 78738041.6]}, {"t": 1696615090, "d": ["acmeair-mainservice", 49313419.2]}, {"t": 1696615100, "d": ["acmeair-bookingservice", 187018467.2]}, {"t": 1696615100, "d": ["acmeair-customerservice", 174016266.4]}, {"t": 1696615100, "d": ["acmeair-flightservice", 133728140]}, {"t": 1696615100, "d": ["acmeair-authservice", 80859769.6]}, {"t": 1696615100, "d": ["acmeair-mainservice", 50191556.8]}, {"t": 1696615110, "d": ["acmeair-bookingservice", 185941965.6]}, {"t": 1696615110, "d": ["acmeair-customerservice", 169409761.6]}, {"t": 1696615110, "d": ["acmeair-flightservice", 141214563.2]}, {"t": 1696615110, "d": ["acmeair-authservice", 79931209.6]}, {"t": 1696615110, "d": ["acmeair-mainservice", 51173368]}, {"t": 1696615120, "d": ["acmeair-bookingservice", 196352272]}, {"t": 1696615120, "d": ["acmeair-customerservice", 166844217.6]}, {"t": 1696615120, "d": ["acmeair-flightservice", 139356451.2]}, {"t": 1696615120, "d": ["acmeair-authservice", 80501008.8]}, {"t": 1696615120, "d": ["acmeair-mainservice", 34455289.6]}, {"t": 1696615130, "d": ["acmeair-bookingservice", 180095736.8]}, {"t": 1696615130, "d": ["acmeair-customerservice", 171572684]}, {"t": 1696615130, "d": ["acmeair-flightservice", 128081721.6]}, {"t": 1696615130, "d": ["acmeair-authservice", 79351246.4]}, {"t": 1696615130, "d": ["acmeair-mainservice", 33398356.8]}, {"t": 1696615140, "d": ["acmeair-bookingservice", 181282532.8]}, {"t": 1696615140, "d": ["acmeair-customerservice", 173827892]}, {"t": 1696615140, "d": ["acmeair-flightservice", 125001423.2]}, {"t": 1696615140, "d": ["acmeair-authservice", 79813772.8]}, {"t": 1696615140, "d": ["acmeair-mainservice", 34346171.2]}, {"t": 1696615150, "d": ["acmeair-bookingservice", 193843176]}, {"t": 1696615150, "d": ["acmeair-customerservice", 167683916]}, {"t": 1696615150, "d": ["acmeair-flightservice", 131942460.8]}, {"t": 1696615150, "d": ["acmeair-authservice", 80745924.8]}, {"t": 1696615150, "d": ["acmeair-mainservice", 35229678.4]}, {"t": 1696615160, "d": ["acmeair-bookingservice", 173911501.6]}, {"t": 1696615160, "d": ["acmeair-customerservice", 174901389.6]}, {"t": 1696615160, "d": ["acmeair-flightservice", 125271454.4]}, {"t": 1696615160, "d": ["acmeair-authservice", 80666798.4]}, {"t": 1696615160, "d": ["acmeair-mainservice", 36168072]}, {"t": 1696615170, "d": ["acmeair-bookingservice", 202307787.2]}, {"t": 1696615170, "d": ["acmeair-customerservice", 169086251.2]}, {"t": 1696615170, "d": ["acmeair-flightservice", 137974352]}, {"t": 1696615170, "d": ["acmeair-authservice", 80045739.2]}, {"t": 1696615170, "d": ["acmeair-mainservice", 37095406.4]}, {"t": 1696615180, "d": ["acmeair-bookingservice", 214615167.2]}, {"t": 1696615180, "d": ["acmeair-customerservice", 185381604]}, {"t": 1696615180, "d": ["acmeair-flightservice", 134812632.8]}, {"t": 1696615180, "d": ["acmeair-authservice", 80585071.2]}, {"t": 1696615180, "d": ["acmeair-mainservice", 37970721.6]}, {"t": 1696615190, "d": ["acmeair-bookingservice", 195494577.6]}, {"t": 1696615190, "d": ["acmeair-customerservice", 178378941.6]}, {"t": 1696615190, "d": ["acmeair-flightservice", 136355326.4]}, {"t": 1696615190, "d": ["acmeair-authservice", 80543394.4]}, {"t": 1696615190, "d": ["acmeair-mainservice", 38840712]}, {"t": 1696615200, "d": ["acmeair-bookingservice", 194892495.2]}, {"t": 1696615200, "d": ["acmeair-customerservice", 175875784.8]}, {"t": 1696615200, "d": ["acmeair-flightservice", 138627345.6]}, {"t": 1696615200, "d": ["acmeair-authservice", 81157240]}, {"t": 1696615200, "d": ["acmeair-mainservice", 39776238.4]}, {"t": 1696615210, "d": ["acmeair-bookingservice", 204823667.2]}, {"t": 1696615210, "d": ["acmeair-customerservice", 185526331.2]}, {"t": 1696615210, "d": ["acmeair-flightservice", 128408715.2]}, {"t": 1696615210, "d": ["acmeair-authservice", 80751382.4]}, {"t": 1696615210, "d": ["acmeair-mainservice", 40677768]}, {"t": 1696615220, "d": ["acmeair-bookingservice", 210843635.2]}, {"t": 1696615220, "d": ["acmeair-customerservice", 175221377.6]}, {"t": 1696615220, "d": ["acmeair-flightservice", 126791851.2]}, {"t": 1696615220, "d": ["acmeair-authservice", 80036203.2]}, {"t": 1696615220, "d": ["acmeair-mainservice", 41569876.8]}, {"t": 1696615230, "d": ["acmeair-bookingservice", 203024378.4]}, {"t": 1696615230, "d": ["acmeair-customerservice", 177876177.6]}, {"t": 1696615230, "d": ["acmeair-flightservice", 128664564.8]}, {"t": 1696615230, "d": ["acmeair-authservice", 80151612.8]}, {"t": 1696615230, "d": ["acmeair-mainservice", 42500078.4]}, {"t": 1696615240, "d": ["acmeair-bookingservice", 190773478.4]}, {"t": 1696615240, "d": ["acmeair-customerservice", 189650519.2]}, {"t": 1696615240, "d": ["acmeair-flightservice", 138139630.4]}, {"t": 1696615240, "d": ["acmeair-authservice", 80407073.6]}, {"t": 1696615240, "d": ["acmeair-mainservice", 43373345.6]}, {"t": 1696615250, "d": ["acmeair-bookingservice", 216231928.8]}, {"t": 1696615250, "d": ["acmeair-customerservice", 190702488.8]}, {"t": 1696615250, "d": ["acmeair-flightservice", 127261871.2]}, {"t": 1696615250, "d": ["acmeair-authservice", 80101124.8]}, {"t": 1696615250, "d": ["acmeair-mainservice", 44346964.8]}, {"t": 1696615260, "d": ["acmeair-bookingservice", 207089196.8]}, {"t": 1696615260, "d": ["acmeair-customerservice", 185917744]}, {"t": 1696615260, "d": ["acmeair-flightservice", 138920218.4]}, {"t": 1696615260, "d": ["acmeair-authservice", 80441408.8]}, {"t": 1696615260, "d": ["acmeair-mainservice", 45164526.4]}, {"t": 1696615270, "d": ["acmeair-bookingservice", 198415234.4]}, {"t": 1696615270, "d": ["acmeair-customerservice", 179726576]}, {"t": 1696615270, "d": ["acmeair-flightservice", 140215220]}, {"t": 1696615270, "d": ["acmeair-authservice", 80662087.2]}, {"t": 1696615270, "d": ["acmeair-mainservice", 46128724.8]}, {"t": 1696615280, "d": ["acmeair-bookingservice", 227029366.4]}, {"t": 1696615280, "d": ["acmeair-customerservice", 185135265.6]}, {"t": 1696615280, "d": ["acmeair-flightservice", 140083576.8]}, {"t": 1696615280, "d": ["acmeair-authservice", 79838093.6]}, {"t": 1696615280, "d": ["acmeair-mainservice", 46980283.2]}, {"t": 1696615290, "d": ["acmeair-bookingservice", 193762009.6]}, {"t": 1696615290, "d": ["acmeair-customerservice", 195877592]}, {"t": 1696615290, "d": ["acmeair-flightservice", 128144278.4]}, {"t": 1696615290, "d": ["acmeair-authservice", 80995249.6]}, {"t": 1696615290, "d": ["acmeair-mainservice", 47959227.2]}, {"t": 1696615300, "d": ["acmeair-bookingservice", 216304180.8]}, {"t": 1696615300, "d": ["acmeair-customerservice", 192838692]}, {"t": 1696615300, "d": ["acmeair-flightservice", 128054856.8]}, {"t": 1696615300, "d": ["acmeair-authservice", 80064082.666667]}, {"t": 1696615300, "d": ["acmeair-mainservice", 48753851.2]}, {"t": 1696615310, "d": ["acmeair-bookingservice", 209019654.4]}, {"t": 1696615310, "d": ["acmeair-customerservice", 194853107.2]}, {"t": 1696615310, "d": ["acmeair-flightservice", 122273204.8]}, {"t": 1696615310, "d": ["acmeair-authservice", 80905951.2]}, {"t": 1696615310, "d": ["acmeair-mainservice", 49748769.6]}, {"t": 1696615320, "d": ["acmeair-bookingservice", 219064476]}, {"t": 1696615320, "d": ["acmeair-customerservice", 186526300]}, {"t": 1696615320, "d": ["acmeair-flightservice", 131867356]}, {"t": 1696615320, "d": ["acmeair-authservice", 79077648.8]}, {"t": 1696615320, "d": ["acmeair-mainservice", 50626132.8]}, {"t": 1696615330, "d": ["acmeair-bookingservice", 215352576]}, {"t": 1696615330, "d": ["acmeair-customerservice", 193953896.8]}, {"t": 1696615330, "d": ["acmeair-flightservice", 125401784]}, {"t": 1696615330, "d": ["acmeair-authservice", 81074100.8]}, {"t": 1696615330, "d": ["acmeair-mainservice", 45636247.2]}, {"t": 1696615340, "d": ["acmeair-bookingservice", 218770317.6]}, {"t": 1696615340, "d": ["acmeair-customerservice", 200004280.8]}, {"t": 1696615340, "d": ["acmeair-flightservice", 129479113.6]}, {"t": 1696615340, "d": ["acmeair-authservice", 80689715.2]}, {"t": 1696615340, "d": ["acmeair-mainservice", 32775740.8]}, {"t": 1696615350, "d": ["acmeair-bookingservice", 221076301.6]}, {"t": 1696615350, "d": ["acmeair-customerservice", 199290946.4]}, {"t": 1696615350, "d": ["acmeair-flightservice", 124435807.2]}, {"t": 1696615350, "d": ["acmeair-authservice", 79807572.8]}, {"t": 1696615350, "d": ["acmeair-mainservice", 33674403.2]}, {"t": 1696615360, "d": ["acmeair-bookingservice", 222175143.2]}, {"t": 1696615360, "d": ["acmeair-customerservice", 197097430.4]}, {"t": 1696615360, "d": ["acmeair-flightservice", 136517183.2]}, {"t": 1696615360, "d": ["acmeair-authservice", 81552771.2]}, {"t": 1696615360, "d": ["acmeair-mainservice", 34577980.8]}, {"t": 1696615370, "d": ["acmeair-bookingservice", 226564340]}, {"t": 1696615370, "d": ["acmeair-customerservice", 196607343.2]}, {"t": 1696615370, "d": ["acmeair-flightservice", 131761261.6]}, {"t": 1696615370, "d": ["acmeair-authservice", 81022680.8]}, {"t": 1696615370, "d": ["acmeair-mainservice", 35454934.4]}, {"t": 1696615380, "d": ["acmeair-bookingservice", 229463768.8]}, {"t": 1696615380, "d": ["acmeair-customerservice", 201017568.8]}, {"t": 1696615380, "d": ["acmeair-flightservice", 138225967.111112]}, {"t": 1696615380, "d": ["acmeair-authservice", 81481859.2]}, {"t": 1696615380, "d": ["acmeair-mainservice", 36363836.8]}, {"t": 1696615390, "d": ["acmeair-bookingservice", 237777861.6]}, {"t": 1696615390, "d": ["acmeair-customerservice", 201331990.4]}, {"t": 1696615390, "d": ["acmeair-flightservice", 131252115.2]}, {"t": 1696615390, "d": ["acmeair-authservice", 80124480]}, {"t": 1696615390, "d": ["acmeair-mainservice", 37247753.6]}, {"t": 1696615400, "d": ["acmeair-bookingservice", 225921308]}, {"t": 1696615400, "d": ["acmeair-customerservice", 204217066.4]}, {"t": 1696615400, "d": ["acmeair-flightservice", 135100616]}, {"t": 1696615400, "d": ["acmeair-authservice", 81318708.8]}, {"t": 1696615400, "d": ["acmeair-mainservice", 38130441.6]}, {"t": 1696615410, "d": ["acmeair-bookingservice", 222516577.6]}, {"t": 1696615410, "d": ["acmeair-customerservice", 198649998.4]}, {"t": 1696615410, "d": ["acmeair-flightservice", 136463992]}, {"t": 1696615410, "d": ["acmeair-authservice", 79835346.4]}, {"t": 1696615410, "d": ["acmeair-mainservice", 39071292.8]}, {"t": 1696615420, "d": ["acmeair-bookingservice", 235642940]}, {"t": 1696615420, "d": ["acmeair-customerservice", 198729772]}, {"t": 1696615420, "d": ["acmeair-flightservice", 129937708.8]}, {"t": 1696615420, "d": ["acmeair-authservice", 79544656]}, {"t": 1696615420, "d": ["acmeair-mainservice", 39901142.4]}, {"t": 1696615430, "d": ["acmeair-bookingservice", 230225154.4]}, {"t": 1696615430, "d": ["acmeair-customerservice", 214038361.6]}, {"t": 1696615430, "d": ["acmeair-flightservice", 131791416.8]}, {"t": 1696615430, "d": ["acmeair-authservice", 81473572]}, {"t": 1696615430, "d": ["acmeair-mainservice", 40809225.6]}, {"t": 1696615440, "d": ["acmeair-bookingservice", 225771810.4]}, {"t": 1696615440, "d": ["acmeair-customerservice", 210340529.6]}, {"t": 1696615440, "d": ["acmeair-flightservice", 124783501.6]}, {"t": 1696615440, "d": ["acmeair-authservice", 80195088]}, {"t": 1696615440, "d": ["acmeair-mainservice", 41680444.8]}, {"t": 1696615450, "d": ["acmeair-bookingservice", 241958156.8]}, {"t": 1696615450, "d": ["acmeair-customerservice", 209807040]}, {"t": 1696615450, "d": ["acmeair-flightservice", 127788434.4]}, {"t": 1696615450, "d": ["acmeair-authservice", 80529523.2]}, {"t": 1696615450, "d": ["acmeair-mainservice", 42614742.4]}, {"t": 1696615460, "d": ["acmeair-bookingservice", 235100124]}, {"t": 1696615460, "d": ["acmeair-customerservice", 214681693.6]}, {"t": 1696615460, "d": ["acmeair-flightservice", 133620260.8]}, {"t": 1696615460, "d": ["acmeair-authservice", 80583568.8]}, {"t": 1696615460, "d": ["acmeair-mainservice", 43399945.6]}, {"t": 1696615470, "d": ["acmeair-bookingservice", 254172786.4]}, {"t": 1696615470, "d": ["acmeair-customerservice", 207652616]}, {"t": 1696615470, "d": ["acmeair-flightservice", 132923380.8]}, {"t": 1696615470, "d": ["acmeair-authservice", 79182036]}, {"t": 1696615470, "d": ["acmeair-mainservice", 44357590.4]}, {"t": 1696615480, "d": ["acmeair-bookingservice", 235355483.2]}, {"t": 1696615480, "d": ["acmeair-customerservice", 213243596]}, {"t": 1696615480, "d": ["acmeair-flightservice", 128271380.8]}, {"t": 1696615480, "d": ["acmeair-authservice", 81266719.2]}, {"t": 1696615480, "d": ["acmeair-mainservice", 45275913.6]}, {"t": 1696615490, "d": ["acmeair-bookingservice", 261062133.6]}, {"t": 1696615490, "d": ["acmeair-customerservice", 214400414.4]}, {"t": 1696615490, "d": ["acmeair-flightservice", 128891778.4]}, {"t": 1696615490, "d": ["acmeair-authservice", 80710070.4]}, {"t": 1696615490, "d": ["acmeair-mainservice", 46131977.6]}, {"t": 1696615500, "d": ["acmeair-bookingservice", 248223622.4]}, {"t": 1696615500, "d": ["acmeair-customerservice", 211006388.8]}, {"t": 1696615500, "d": ["acmeair-flightservice", 131516464]}, {"t": 1696615500, "d": ["acmeair-authservice", 81296468.8]}, {"t": 1696615500, "d": ["acmeair-mainservice", 47052348.8]}, {"t": 1696615510, "d": ["acmeair-bookingservice", 243482343.2]}, {"t": 1696615510, "d": ["acmeair-customerservice", 213949956.8]}, {"t": 1696615510, "d": ["acmeair-flightservice", 139224821.6]}, {"t": 1696615510, "d": ["acmeair-authservice", 80661892.8]}, {"t": 1696615510, "d": ["acmeair-mainservice", 47958793.6]}, {"t": 1696615520, "d": ["acmeair-bookingservice", 251323644]}, {"t": 1696615520, "d": ["acmeair-customerservice", 217668308]}, {"t": 1696615520, "d": ["acmeair-flightservice", 130131394.666667]}, {"t": 1696615520, "d": ["acmeair-authservice", 79540356]}, {"t": 1696615520, "d": ["acmeair-mainservice", 48779222.4]}, {"t": 1696615530, "d": ["acmeair-bookingservice", 257252881.6]}, {"t": 1696615530, "d": ["acmeair-customerservice", 211058957.6]}, {"t": 1696615530, "d": ["acmeair-flightservice", 131958429.6]}, {"t": 1696615530, "d": ["acmeair-authservice", 80427918.4]}, {"t": 1696615530, "d": ["acmeair-mainservice", 49802307.2]}, {"t": 1696615540, "d": ["acmeair-bookingservice", 255469160.8]}, {"t": 1696615540, "d": ["acmeair-customerservice", 221848301.6]}, {"t": 1696615540, "d": ["acmeair-flightservice", 135102130.666667]}, {"t": 1696615540, "d": ["acmeair-authservice", 81178554.4]}, {"t": 1696615540, "d": ["acmeair-mainservice", 50718566.4]}, {"t": 1696615550, "d": ["acmeair-bookingservice", 258162150.4]}, {"t": 1696615550, "d": ["acmeair-customerservice", 227777821.6]}, {"t": 1696615550, "d": ["acmeair-flightservice", 127756033.777778]}, {"t": 1696615550, "d": ["acmeair-authservice", 80319634.4]}, {"t": 1696615550, "d": ["acmeair-mainservice", 45718300]}, {"t": 1696615560, "d": ["acmeair-bookingservice", 264791957.333334]}, {"t": 1696615560, "d": ["acmeair-customerservice", 228752775.111112]}, {"t": 1696615560, "d": ["acmeair-flightservice", 138686789.6]}, {"t": 1696615560, "d": ["acmeair-authservice", 80013615.2]}, {"t": 1696615560, "d": ["acmeair-mainservice", 32879440]}, {"t": 1696615570, "d": ["acmeair-bookingservice", 272380204.8]}, {"t": 1696615570, "d": ["acmeair-customerservice", 219073832.8]}, {"t": 1696615570, "d": ["acmeair-flightservice", 142855505.777778]}, {"t": 1696615570, "d": ["acmeair-authservice", 80289513.6]}, {"t": 1696615570, "d": ["acmeair-mainservice", 33757212.8]}, {"t": 1696615580, "d": ["acmeair-bookingservice", 260846093.6]}, {"t": 1696615580, "d": ["acmeair-customerservice", 229922402.4]}, {"t": 1696615580, "d": ["acmeair-flightservice", 133337851.2]}, {"t": 1696615580, "d": ["acmeair-authservice", 82163478.4]}, {"t": 1696615580, "d": ["acmeair-mainservice", 34689052.8]}, {"t": 1696615590, "d": ["acmeair-bookingservice", 259822020]}, {"t": 1696615590, "d": ["acmeair-customerservice", 235799705.6]}, {"t": 1696615590, "d": ["acmeair-flightservice", 130695430.4]}, {"t": 1696615590, "d": ["acmeair-authservice", 80500567.111112]}, {"t": 1696615590, "d": ["acmeair-mainservice", 35612700.8]}, {"t": 1696615600, "d": ["acmeair-bookingservice", 287684573.6]}, {"t": 1696615600, "d": ["acmeair-customerservice", 229860434.4]}, {"t": 1696615600, "d": ["acmeair-flightservice", 126715747.2]}, {"t": 1696615600, "d": ["acmeair-authservice", 80120130.4]}, {"t": 1696615600, "d": ["acmeair-mainservice", 36513001.6]}, {"t": 1696615610, "d": ["acmeair-bookingservice", 264710056]}, {"t": 1696615610, "d": ["acmeair-customerservice", 232517722.4]}, {"t": 1696615610, "d": ["acmeair-flightservice", 135175109.6]}, {"t": 1696615610, "d": ["acmeair-authservice", 80251248.8]}, {"t": 1696615610, "d": ["acmeair-mainservice", 37387497.6]}, {"t": 1696615620, "d": ["acmeair-bookingservice", 266131634.4]}, {"t": 1696615620, "d": ["acmeair-customerservice", 232666931.2]}, {"t": 1696615620, "d": ["acmeair-flightservice", 130378916.8]}, {"t": 1696615620, "d": ["acmeair-authservice", 80227217.6]}, {"t": 1696615620, "d": ["acmeair-mainservice", 38329987.2]}, {"t": 1696615630, "d": ["acmeair-bookingservice", 265284214.4]}, {"t": 1696615630, "d": ["acmeair-customerservice", 239325644.8]}, {"t": 1696615630, "d": ["acmeair-flightservice", 132672241.6]}, {"t": 1696615630, "d": ["acmeair-authservice", 79920470.4]}, {"t": 1696615630, "d": ["acmeair-mainservice", 39230288]}, {"t": 1696615640, "d": ["acmeair-bookingservice", 227250852.8]}, {"t": 1696615640, "d": ["acmeair-customerservice", 185251329.6]}, {"t": 1696615640, "d": ["acmeair-flightservice", 137790638.4]}, {"t": 1696615640, "d": ["acmeair-authservice", 79593619.2]}, {"t": 1696615640, "d": ["acmeair-mainservice", 40036790.4]}, {"t": 1696615650, "d": ["acmeair-bookingservice", 228704113.6]}, {"t": 1696615650, "d": ["acmeair-customerservice", 186910619.2]}, {"t": 1696615650, "d": ["acmeair-flightservice", 165498123.2]}, {"t": 1696615650, "d": ["acmeair-authservice", 81017798.4]}, {"t": 1696615650, "d": ["acmeair-mainservice", 40920798.222223]}, {"t": 1696615660, "d": ["acmeair-bookingservice", 230342104]}, {"t": 1696615660, "d": ["acmeair-customerservice", 188306536]}, {"t": 1696615660, "d": ["acmeair-flightservice", 138349198.4]}, {"t": 1696615660, "d": ["acmeair-authservice", 82464505.6]}, {"t": 1696615660, "d": ["acmeair-mainservice", 41727209.6]}, {"t": 1696615670, "d": ["acmeair-bookingservice", 231843697.6]}, {"t": 1696615670, "d": ["acmeair-customerservice", 189944526.4]}, {"t": 1696615670, "d": ["acmeair-flightservice", 96585222.4]}, {"t": 1696615670, "d": ["acmeair-authservice", 83996000]}, {"t": 1696615670, "d": ["acmeair-mainservice", 42602934.4]}], "start": 1696615070, "end": 1696615670}