{"data": [{"t": 1696615080, "d": ["acmeair-bookingservice", 2.973063]}, {"t": 1696615080, "d": ["acmeair-customerservice", 2.411349]}, {"t": 1696615080, "d": ["acmeair-flightservice", 1.999085]}, {"t": 1696615080, "d": ["acmeair-booking-db", 1.874415]}, {"t": 1696615080, "d": ["acmeair-authservice", 1.598982]}, {"t": 1696615080, "d": ["acmeair-customer-db", 1.282781]}, {"t": 1696615080, "d": ["acmeair-flight-db", 1.201954]}, {"t": 1696615080, "d": ["acmeair-mainservice", 0.94773]}, {"t": 1696615090, "d": ["acmeair-bookingservice", 2.973063]}, {"t": 1696615090, "d": ["acmeair-customerservice", 2.423929]}, {"t": 1696615090, "d": ["acmeair-flightservice", 1.999151]}, {"t": 1696615090, "d": ["acmeair-booking-db", 1.875339]}, {"t": 1696615090, "d": ["acmeair-authservice", 1.598995]}, {"t": 1696615090, "d": ["acmeair-customer-db", 1.282781]}, {"t": 1696615090, "d": ["acmeair-flight-db", 1.201954]}, {"t": 1696615090, "d": ["acmeair-mainservice", 0.94773]}, {"t": 1696615100, "d": ["acmeair-bookingservice", 2.973136]}, {"t": 1696615100, "d": ["acmeair-customerservice", 2.423929]}, {"t": 1696615100, "d": ["acmeair-flightservice", 1.993469]}, {"t": 1696615100, "d": ["acmeair-booking-db", 1.875832]}, {"t": 1696615100, "d": ["acmeair-authservice", 1.598995]}, {"t": 1696615100, "d": ["acmeair-customer-db", 1.282784]}, {"t": 1696615100, "d": ["acmeair-flight-db", 1.201954]}, {"t": 1696615100, "d": ["acmeair-mainservice", 0.94773]}, {"t": 1696615110, "d": ["acmeair-bookingservice", 2.968819]}, {"t": 1696615110, "d": ["acmeair-customerservice", 2.423519]}, {"t": 1696615110, "d": ["acmeair-flightservice", 1.992842]}, {"t": 1696615110, "d": ["acmeair-booking-db", 1.875837]}, {"t": 1696615110, "d": ["acmeair-authservice", 1.598995]}, {"t": 1696615110, "d": ["acmeair-customer-db", 1.282862]}, {"t": 1696615110, "d": ["acmeair-flight-db", 1.201954]}, {"t": 1696615110, "d": ["acmeair-mainservice", 0.94773]}, {"t": 1696615120, "d": ["acmeair-bookingservice", 2.965927]}, {"t": 1696615120, "d": ["acmeair-customerservice", 2.428721]}, {"t": 1696615120, "d": ["acmeair-flightservice", 1.999154]}, {"t": 1696615120, "d": ["acmeair-booking-db", 1.875956]}, {"t": 1696615120, "d": ["acmeair-authservice", 1.59837]}, {"t": 1696615120, "d": ["acmeair-customer-db", 1.283496]}, {"t": 1696615120, "d": ["acmeair-flight-db", 1.201756]}, {"t": 1696615120, "d": ["acmeair-mainservice", 0.947779]}, {"t": 1696615130, "d": ["acmeair-bookingservice", 2.965966]}, {"t": 1696615130, "d": ["acmeair-customerservice", 2.433872]}, {"t": 1696615130, "d": ["acmeair-flightservice", 1.987945]}, {"t": 1696615130, "d": ["acmeair-booking-db", 1.875959]}, {"t": 1696615130, "d": ["acmeair-authservice", 1.598214]}, {"t": 1696615130, "d": ["acmeair-customer-db", 1.283484]}, {"t": 1696615130, "d": ["acmeair-flight-db", 1.201637]}, {"t": 1696615130, "d": ["acmeair-mainservice", 0.947779]}, {"t": 1696615140, "d": ["acmeair-bookingservice", 2.965941]}, {"t": 1696615140, "d": ["acmeair-customerservice", 2.447585]}, {"t": 1696615140, "d": ["acmeair-flightservice", 1.987452]}, {"t": 1696615140, "d": ["acmeair-booking-db", 1.875893]}, {"t": 1696615140, "d": ["acmeair-authservice", 1.598214]}, {"t": 1696615140, "d": ["acmeair-customer-db", 1.283491]}, {"t": 1696615140, "d": ["acmeair-flight-db", 1.201637]}, {"t": 1696615140, "d": ["acmeair-mainservice", 0.947779]}, {"t": 1696615150, "d": ["acmeair-bookingservice", 2.965973]}, {"t": 1696615150, "d": ["acmeair-customerservice", 2.453829]}, {"t": 1696615150, "d": ["acmeair-flightservice", 1.987477]}, {"t": 1696615150, "d": ["acmeair-booking-db", 1.876744]}, {"t": 1696615150, "d": ["acmeair-authservice", 1.598214]}, {"t": 1696615150, "d": ["acmeair-customer-db", 1.283496]}, {"t": 1696615150, "d": ["acmeair-flight-db", 1.201637]}, {"t": 1696615150, "d": ["acmeair-mainservice", 0.947779]}, {"t": 1696615160, "d": ["acmeair-bookingservice", 2.96591]}, {"t": 1696615160, "d": ["acmeair-customerservice", 2.458816]}, {"t": 1696615160, "d": ["acmeair-flightservice", 1.981114]}, {"t": 1696615160, "d": ["acmeair-booking-db", 1.877271]}, {"t": 1696615160, "d": ["acmeair-authservice", 1.597668]}, {"t": 1696615160, "d": ["acmeair-customer-db", 1.283491]}, {"t": 1696615160, "d": ["acmeair-flight-db", 1.201637]}, {"t": 1696615160, "d": ["acmeair-mainservice", 0.947779]}, {"t": 1696615170, "d": ["acmeair-bookingservice", 2.965878]}, {"t": 1696615170, "d": ["acmeair-customerservice", 2.472559]}, {"t": 1696615170, "d": ["acmeair-flightservice", 1.981075]}, {"t": 1696615170, "d": ["acmeair-booking-db", 1.877273]}, {"t": 1696615170, "d": ["acmeair-authservice", 1.597434]}, {"t": 1696615170, "d": ["acmeair-customer-db", 1.283491]}, {"t": 1696615170, "d": ["acmeair-flight-db", 1.201637]}, {"t": 1696615170, "d": ["acmeair-mainservice", 0.947779]}, {"t": 1696615180, "d": ["acmeair-bookingservice", 2.965888]}, {"t": 1696615180, "d": ["acmeair-customerservice", 2.478778]}, {"t": 1696615180, "d": ["acmeair-flightservice", 1.981099]}, {"t": 1696615180, "d": ["acmeair-booking-db", 1.877317]}, {"t": 1696615180, "d": ["acmeair-authservice", 1.597434]}, {"t": 1696615180, "d": ["acmeair-customer-db", 1.283594]}, {"t": 1696615180, "d": ["acmeair-flight-db", 1.201637]}, {"t": 1696615180, "d": ["acmeair-mainservice", 0.947779]}, {"t": 1696615190, "d": ["acmeair-bookingservice", 2.96598]}, {"t": 1696615190, "d": ["acmeair-customerservice", 2.482904]}, {"t": 1696615190, "d": ["acmeair-flightservice", 1.978897]}, {"t": 1696615190, "d": ["acmeair-booking-db", 1.877317]}, {"t": 1696615190, "d": ["acmeair-authservice", 1.597434]}, {"t": 1696615190, "d": ["acmeair-customer-db", 1.283616]}, {"t": 1696615190, "d": ["acmeair-flight-db", 1.201637]}, {"t": 1696615190, "d": ["acmeair-mainservice", 0.947779]}, {"t": 1696615200, "d": ["acmeair-bookingservice", 2.966014]}, {"t": 1696615200, "d": ["acmeair-customerservice", 2.490862]}, {"t": 1696615200, "d": ["acmeair-flightservice", 1.975587]}, {"t": 1696615200, "d": ["acmeair-booking-db", 1.877315]}, {"t": 1696615200, "d": ["acmeair-authservice", 1.597122]}, {"t": 1696615200, "d": ["acmeair-customer-db", 1.28362]}, {"t": 1696615200, "d": ["acmeair-flight-db", 1.20182]}, {"t": 1696615200, "d": ["acmeair-mainservice", 0.948023]}, {"t": 1696615210, "d": ["acmeair-bookingservice", 2.966022]}, {"t": 1696615210, "d": ["acmeair-customerservice", 2.495874]}, {"t": 1696615210, "d": ["acmeair-flightservice", 1.975558]}, {"t": 1696615210, "d": ["acmeair-booking-db", 1.878149]}, {"t": 1696615210, "d": ["acmeair-authservice", 1.596653]}, {"t": 1696615210, "d": ["acmeair-customer-db", 1.283613]}, {"t": 1696615210, "d": ["acmeair-flight-db", 1.202002]}, {"t": 1696615210, "d": ["acmeair-mainservice", 0.948267]}, {"t": 1696615220, "d": ["acmeair-bookingservice", 2.958883]}, {"t": 1696615220, "d": ["acmeair-customerservice", 2.498371]}, {"t": 1696615220, "d": ["acmeair-flightservice", 1.975046]}, {"t": 1696615220, "d": ["acmeair-booking-db", 1.878356]}, {"t": 1696615220, "d": ["acmeair-authservice", 1.596653]}, {"t": 1696615220, "d": ["acmeair-customer-db", 1.283606]}, {"t": 1696615220, "d": ["acmeair-flight-db", 1.202088]}, {"t": 1696615220, "d": ["acmeair-mainservice", 0.948267]}, {"t": 1696615230, "d": ["acmeair-bookingservice", 2.96042]}, {"t": 1696615230, "d": ["acmeair-customerservice", 2.508385]}, {"t": 1696615230, "d": ["acmeair-flightservice", 1.970063]}, {"t": 1696615230, "d": ["acmeair-booking-db", 1.878368]}, {"t": 1696615230, "d": ["acmeair-authservice", 1.596653]}, {"t": 1696615230, "d": ["acmeair-customer-db", 1.283681]}, {"t": 1696615230, "d": ["acmeair-flight-db", 1.202768]}, {"t": 1696615230, "d": ["acmeair-mainservice", 0.948267]}, {"t": 1696615240, "d": ["acmeair-bookingservice", 2.959008]}, {"t": 1696615240, "d": ["acmeair-customerservice", 2.514653]}, {"t": 1696615240, "d": ["acmeair-flightservice", 1.970127]}, {"t": 1696615240, "d": ["acmeair-booking-db", 1.878412]}, {"t": 1696615240, "d": ["acmeair-authservice", 1.596507]}, {"t": 1696615240, "d": ["acmeair-customer-db", 1.285106]}, {"t": 1696615240, "d": ["acmeair-flight-db", 1.202859]}, {"t": 1696615240, "d": ["acmeair-mainservice", 0.948267]}, {"t": 1696615250, "d": ["acmeair-bookingservice", 2.958969]}, {"t": 1696615250, "d": ["acmeair-customerservice", 2.522145]}, {"t": 1696615250, "d": ["acmeair-flightservice", 1.968578]}, {"t": 1696615250, "d": ["acmeair-booking-db", 1.878415]}, {"t": 1696615250, "d": ["acmeair-authservice", 1.595839]}, {"t": 1696615250, "d": ["acmeair-customer-db", 1.278931]}, {"t": 1696615250, "d": ["acmeair-flight-db", 1.202859]}, {"t": 1696615250, "d": ["acmeair-mainservice", 0.948267]}, {"t": 1696615260, "d": ["acmeair-bookingservice", 2.958874]}, {"t": 1696615260, "d": ["acmeair-customerservice", 2.533391]}, {"t": 1696615260, "d": ["acmeair-flightservice", 1.964776]}, {"t": 1696615260, "d": ["acmeair-booking-db", 1.878415]}, {"t": 1696615260, "d": ["acmeair-authservice", 1.595848]}, {"t": 1696615260, "d": ["acmeair-customer-db", 1.270734]}, {"t": 1696615260, "d": ["acmeair-flight-db", 1.202856]}, {"t": 1696615260, "d": ["acmeair-mainservice", 0.948267]}, {"t": 1696615270, "d": ["acmeair-bookingservice", 2.958935]}, {"t": 1696615270, "d": ["acmeair-customerservice", 2.535905]}, {"t": 1696615270, "d": ["acmeair-flightservice", 1.964849]}, {"t": 1696615270, "d": ["acmeair-booking-db", 1.878597]}, {"t": 1696615270, "d": ["acmeair-authservice", 1.595866]}, {"t": 1696615270, "d": ["acmeair-customer-db", 1.282069]}, {"t": 1696615270, "d": ["acmeair-flight-db", 1.202534]}, {"t": 1696615270, "d": ["acmeair-mainservice", 0.948267]}, {"t": 1696615280, "d": ["acmeair-bookingservice", 2.95903]}, {"t": 1696615280, "d": ["acmeair-customerservice", 2.54964]}, {"t": 1696615280, "d": ["acmeair-flightservice", 1.964388]}, {"t": 1696615280, "d": ["acmeair-booking-db", 1.878656]}, {"t": 1696615280, "d": ["acmeair-authservice", 1.595873]}, {"t": 1696615280, "d": ["acmeair-customer-db", 1.283403]}, {"t": 1696615280, "d": ["acmeair-flight-db", 1.200695]}, {"t": 1696615280, "d": ["acmeair-mainservice", 0.948267]}, {"t": 1696615290, "d": ["acmeair-bookingservice", 2.958954]}, {"t": 1696615290, "d": ["acmeair-customerservice", 2.552855]}, {"t": 1696615290, "d": ["acmeair-flightservice", 1.95944]}, {"t": 1696615290, "d": ["acmeair-booking-db", 1.878571]}, {"t": 1696615290, "d": ["acmeair-authservice", 1.595483]}, {"t": 1696615290, "d": ["acmeair-customer-db", 1.284693]}, {"t": 1696615290, "d": ["acmeair-flight-db", 1.205302]}, {"t": 1696615290, "d": ["acmeair-mainservice", 0.948267]}, {"t": 1696615300, "d": ["acmeair-bookingservice", 2.959013]}, {"t": 1696615300, "d": ["acmeair-customerservice", 2.5617]}, {"t": 1696615300, "d": ["acmeair-flightservice", 1.959854]}, {"t": 1696615300, "d": ["acmeair-booking-db", 1.877971]}, {"t": 1696615300, "d": ["acmeair-authservice", 1.595063]}, {"t": 1696615300, "d": ["acmeair-customer-db", 1.29598]}, {"t": 1696615300, "d": ["acmeair-flight-db", 1.209802]}, {"t": 1696615300, "d": ["acmeair-mainservice", 0.948267]}, {"t": 1696615310, "d": ["acmeair-bookingservice", 2.958986]}, {"t": 1696615310, "d": ["acmeair-customerservice", 2.562893]}, {"t": 1696615310, "d": ["acmeair-flightservice", 1.960142]}, {"t": 1696615310, "d": ["acmeair-booking-db", 1.877241]}, {"t": 1696615310, "d": ["acmeair-authservice", 1.595044]}, {"t": 1696615310, "d": ["acmeair-customer-db", 1.296024]}, {"t": 1696615310, "d": ["acmeair-flight-db", 1.211172]}, {"t": 1696615310, "d": ["acmeair-mainservice", 0.948267]}, {"t": 1696615320, "d": ["acmeair-bookingservice", 2.958915]}, {"t": 1696615320, "d": ["acmeair-customerservice", 2.570402]}, {"t": 1696615320, "d": ["acmeair-flightservice", 1.956335]}, {"t": 1696615320, "d": ["acmeair-booking-db", 1.876683]}, {"t": 1696615320, "d": ["acmeair-authservice", 1.59507]}, {"t": 1696615320, "d": ["acmeair-customer-db", 1.296044]}, {"t": 1696615320, "d": ["acmeair-flight-db", 1.211172]}, {"t": 1696615320, "d": ["acmeair-mainservice", 0.948267]}, {"t": 1696615330, "d": ["acmeair-bookingservice", 2.958935]}, {"t": 1696615330, "d": ["acmeair-customerservice", 2.579167]}, {"t": 1696615330, "d": ["acmeair-flightservice", 1.954862]}, {"t": 1696615330, "d": ["acmeair-booking-db", 1.8771]}, {"t": 1696615330, "d": ["acmeair-authservice", 1.594788]}, {"t": 1696615330, "d": ["acmeair-customer-db", 1.296071]}, {"t": 1696615330, "d": ["acmeair-flight-db", 1.211175]}, {"t": 1696615330, "d": ["acmeair-mainservice", 0.948267]}, {"t": 1696615340, "d": ["acmeair-bookingservice", 2.958935]}, {"t": 1696615340, "d": ["acmeair-customerservice", 2.58794]}, {"t": 1696615340, "d": ["acmeair-flightservice", 1.955001]}, {"t": 1696615340, "d": ["acmeair-booking-db", 1.876744]}, {"t": 1696615340, "d": ["acmeair-authservice", 1.594336]}, {"t": 1696615340, "d": ["acmeair-customer-db", 1.296056]}, {"t": 1696615340, "d": ["acmeair-flight-db", 1.211172]}, {"t": 1696615340, "d": ["acmeair-mainservice", 0.948267]}, {"t": 1696615350, "d": ["acmeair-bookingservice", 2.958942]}, {"t": 1696615350, "d": ["acmeair-customerservice", 2.591693]}, {"t": 1696615350, "d": ["acmeair-flightservice", 1.955104]}, {"t": 1696615350, "d": ["acmeair-booking-db", 1.876795]}, {"t": 1696615350, "d": ["acmeair-authservice", 1.594336]}, {"t": 1696615350, "d": ["acmeair-customer-db", 1.296051]}, {"t": 1696615350, "d": ["acmeair-flight-db", 1.211172]}, {"t": 1696615350, "d": ["acmeair-mainservice", 0.948267]}, {"t": 1696615360, "d": ["acmeair-bookingservice", 2.958825]}, {"t": 1696615360, "d": ["acmeair-customerservice", 2.600451]}, {"t": 1696615360, "d": ["acmeair-flightservice", 1.952443]}, {"t": 1696615360, "d": ["acmeair-booking-db", 1.876959]}, {"t": 1696615360, "d": ["acmeair-authservice", 1.594336]}, {"t": 1696615360, "d": ["acmeair-customer-db", 1.296049]}, {"t": 1696615360, "d": ["acmeair-flight-db", 1.211172]}, {"t": 1696615360, "d": ["acmeair-mainservice", 0.948267]}, {"t": 1696615370, "d": ["acmeair-bookingservice", 2.958864]}, {"t": 1696615370, "d": ["acmeair-customerservice", 2.61044]}, {"t": 1696615370, "d": ["acmeair-flightservice", 1.94967]}, {"t": 1696615370, "d": ["acmeair-booking-db", 1.877576]}, {"t": 1696615370, "d": ["acmeair-authservice", 1.594336]}, {"t": 1696615370, "d": ["acmeair-customer-db", 1.296049]}, {"t": 1696615370, "d": ["acmeair-flight-db", 1.211172]}, {"t": 1696615370, "d": ["acmeair-mainservice", 0.948267]}, {"t": 1696615380, "d": ["acmeair-bookingservice", 2.958849]}, {"t": 1696615380, "d": ["acmeair-customerservice", 2.613448]}, {"t": 1696615380, "d": ["acmeair-flightservice", 1.94976]}, {"t": 1696615380, "d": ["acmeair-booking-db", 1.877559]}, {"t": 1696615380, "d": ["acmeair-authservice", 1.593634]}, {"t": 1696615380, "d": ["acmeair-customer-db", 1.296044]}, {"t": 1696615380, "d": ["acmeair-flight-db", 1.211172]}, {"t": 1696615380, "d": ["acmeair-mainservice", 0.948267]}, {"t": 1696615390, "d": ["acmeair-bookingservice", 2.958822]}, {"t": 1696615390, "d": ["acmeair-customerservice", 2.618279]}, {"t": 1696615390, "d": ["acmeair-flightservice", 1.949884]}, {"t": 1696615390, "d": ["acmeair-booking-db", 1.876098]}, {"t": 1696615390, "d": ["acmeair-authservice", 1.593556]}, {"t": 1696615390, "d": ["acmeair-customer-db", 1.296044]}, {"t": 1696615390, "d": ["acmeair-flight-db", 1.211172]}, {"t": 1696615390, "d": ["acmeair-mainservice", 0.948267]}, {"t": 1696615400, "d": ["acmeair-bookingservice", 2.958839]}, {"t": 1696615400, "d": ["acmeair-customerservice", 2.62702]}, {"t": 1696615400, "d": ["acmeair-flightservice", 1.946743]}, {"t": 1696615400, "d": ["acmeair-booking-db", 1.875108]}, {"t": 1696615400, "d": ["acmeair-authservice", 1.593575]}, {"t": 1696615400, "d": ["acmeair-customer-db", 1.296058]}, {"t": 1696615400, "d": ["acmeair-flight-db", 1.211175]}, {"t": 1696615400, "d": ["acmeair-mainservice", 0.948267]}, {"t": 1696615410, "d": ["acmeair-bookingservice", 2.965771]}, {"t": 1696615410, "d": ["acmeair-customerservice", 2.634519]}, {"t": 1696615410, "d": ["acmeair-flightservice", 1.944582]}, {"t": 1696615410, "d": ["acmeair-booking-db", 1.874144]}, {"t": 1696615410, "d": ["acmeair-authservice", 1.59358]}, {"t": 1696615410, "d": ["acmeair-customer-db", 1.296046]}, {"t": 1696615410, "d": ["acmeair-flight-db", 1.211175]}, {"t": 1696615410, "d": ["acmeair-mainservice", 0.948267]}, {"t": 1696615420, "d": ["acmeair-bookingservice", 2.9589]}, {"t": 1696615420, "d": ["acmeair-customerservice", 2.643306]}, {"t": 1696615420, "d": ["acmeair-flightservice", 1.94719]}, {"t": 1696615420, "d": ["acmeair-booking-db", 1.874883]}, {"t": 1696615420, "d": ["acmeair-authservice", 1.59319]}, {"t": 1696615420, "d": ["acmeair-customer-db", 1.296173]}, {"t": 1696615420, "d": ["acmeair-flight-db", 1.211172]}, {"t": 1696615420, "d": ["acmeair-mainservice", 0.948267]}, {"t": 1696615430, "d": ["acmeair-bookingservice", 2.958842]}, {"t": 1696615430, "d": ["acmeair-customerservice", 2.653257]}, {"t": 1696615430, "d": ["acmeair-flightservice", 1.941522]}, {"t": 1696615430, "d": ["acmeair-booking-db", 1.874905]}, {"t": 1696615430, "d": ["acmeair-authservice", 1.5928]}, {"t": 1696615430, "d": ["acmeair-customer-db", 1.296171]}, {"t": 1696615430, "d": ["acmeair-flight-db", 1.211175]}, {"t": 1696615430, "d": ["acmeair-mainservice", 0.948267]}, {"t": 1696615440, "d": ["acmeair-bookingservice", 2.958913]}, {"t": 1696615440, "d": ["acmeair-customerservice", 2.661988]}, {"t": 1696615440, "d": ["acmeair-flightservice", 1.939402]}, {"t": 1696615440, "d": ["acmeair-booking-db", 1.874659]}, {"t": 1696615440, "d": ["acmeair-authservice", 1.5928]}, {"t": 1696615440, "d": ["acmeair-customer-db", 1.29708]}, {"t": 1696615440, "d": ["acmeair-flight-db", 1.211172]}, {"t": 1696615440, "d": ["acmeair-mainservice", 0.948267]}, {"t": 1696615450, "d": ["acmeair-bookingservice", 2.958827]}, {"t": 1696615450, "d": ["acmeair-customerservice", 2.66825]}, {"t": 1696615450, "d": ["acmeair-flightservice", 1.939661]}, {"t": 1696615450, "d": ["acmeair-booking-db", 1.875642]}, {"t": 1696615450, "d": ["acmeair-authservice", 1.5928]}, {"t": 1696615450, "d": ["acmeair-customer-db", 1.297153]}, {"t": 1696615450, "d": ["acmeair-flight-db", 1.211175]}, {"t": 1696615450, "d": ["acmeair-mainservice", 0.948267]}, {"t": 1696615460, "d": ["acmeair-bookingservice", 2.962424]}, {"t": 1696615460, "d": ["acmeair-customerservice", 2.669499]}, {"t": 1696615460, "d": ["acmeair-flightservice", 1.935325]}, {"t": 1696615460, "d": ["acmeair-booking-db", 1.876998]}, {"t": 1696615460, "d": ["acmeair-authservice", 1.5928]}, {"t": 1696615460, "d": ["acmeair-customer-db", 1.297192]}, {"t": 1696615460, "d": ["acmeair-flight-db", 1.211172]}, {"t": 1696615460, "d": ["acmeair-mainservice", 0.948267]}, {"t": 1696615470, "d": ["acmeair-bookingservice", 2.972321]}, {"t": 1696615470, "d": ["acmeair-customerservice", 2.675757]}, {"t": 1696615470, "d": ["acmeair-flightservice", 1.934374]}, {"t": 1696615470, "d": ["acmeair-booking-db", 1.877078]}, {"t": 1696615470, "d": ["acmeair-authservice", 1.592176]}, {"t": 1696615470, "d": ["acmeair-customer-db", 1.297271]}, {"t": 1696615470, "d": ["acmeair-flight-db", 1.211172]}, {"t": 1696615470, "d": ["acmeair-mainservice", 0.948267]}, {"t": 1696615480, "d": ["acmeair-bookingservice", 2.982038]}, {"t": 1696615480, "d": ["acmeair-customerservice", 2.677386]}, {"t": 1696615480, "d": ["acmeair-flightservice", 1.934559]}, {"t": 1696615480, "d": ["acmeair-booking-db", 1.876988]}, {"t": 1696615480, "d": ["acmeair-authservice", 1.592019]}, {"t": 1696615480, "d": ["acmeair-customer-db", 1.297902]}, {"t": 1696615480, "d": ["acmeair-flight-db", 1.211175]}, {"t": 1696615480, "d": ["acmeair-mainservice", 0.948267]}, {"t": 1696615490, "d": ["acmeair-bookingservice", 2.998068]}, {"t": 1696615490, "d": ["acmeair-customerservice", 2.686127]}, {"t": 1696615490, "d": ["acmeair-flightservice", 1.93032]}, {"t": 1696615490, "d": ["acmeair-booking-db", 1.876851]}, {"t": 1696615490, "d": ["acmeair-authservice", 1.592019]}, {"t": 1696615490, "d": ["acmeair-customer-db", 1.297973]}, {"t": 1696615490, "d": ["acmeair-flight-db", 1.211175]}, {"t": 1696615490, "d": ["acmeair-mainservice", 0.948267]}, {"t": 1696615500, "d": ["acmeair-bookingservice", 3.010889]}, {"t": 1696615500, "d": ["acmeair-customerservice", 2.693624]}, {"t": 1696615500, "d": ["acmeair-flightservice", 1.929367]}, {"t": 1696615500, "d": ["acmeair-booking-db", 1.877227]}, {"t": 1696615500, "d": ["acmeair-authservice", 1.592019]}, {"t": 1696615500, "d": ["acmeair-customer-db", 1.298024]}, {"t": 1696615500, "d": ["acmeair-flight-db", 1.211551]}, {"t": 1696615500, "d": ["acmeair-mainservice", 0.948267]}, {"t": 1696615510, "d": ["acmeair-bookingservice", 3.020764]}, {"t": 1696615510, "d": ["acmeair-customerservice", 2.699592]}, {"t": 1696615510, "d": ["acmeair-flightservice", 1.929618]}, {"t": 1696615510, "d": ["acmeair-booking-db", 1.878476]}, {"t": 1696615510, "d": ["acmeair-authservice", 1.591239]}, {"t": 1696615510, "d": ["acmeair-customer-db", 1.297934]}, {"t": 1696615510, "d": ["acmeair-flight-db", 1.212589]}, {"t": 1696615510, "d": ["acmeair-mainservice", 0.948267]}, {"t": 1696615520, "d": ["acmeair-bookingservice", 3.032046]}, {"t": 1696615520, "d": ["acmeair-customerservice", 2.704906]}, {"t": 1696615520, "d": ["acmeair-flightservice", 1.924233]}, {"t": 1696615520, "d": ["acmeair-booking-db", 1.878973]}, {"t": 1696615520, "d": ["acmeair-authservice", 1.591351]}, {"t": 1696615520, "d": ["acmeair-customer-db", 1.297927]}, {"t": 1696615520, "d": ["acmeair-flight-db", 1.212611]}, {"t": 1696615520, "d": ["acmeair-mainservice", 0.948267]}, {"t": 1696615530, "d": ["acmeair-bookingservice", 3.038821]}, {"t": 1696615530, "d": ["acmeair-customerservice", 2.711347]}, {"t": 1696615530, "d": ["acmeair-flightservice", 1.924345]}, {"t": 1696615530, "d": ["acmeair-booking-db", 1.878902]}, {"t": 1696615530, "d": ["acmeair-authservice", 1.591288]}, {"t": 1696615530, "d": ["acmeair-customer-db", 1.298222]}, {"t": 1696615530, "d": ["acmeair-flight-db", 1.213338]}, {"t": 1696615530, "d": ["acmeair-mainservice", 0.948267]}, {"t": 1696615540, "d": ["acmeair-bookingservice", 3.043147]}, {"t": 1696615540, "d": ["acmeair-customerservice", 2.718261]}, {"t": 1696615540, "d": ["acmeair-flightservice", 1.924491]}, {"t": 1696615540, "d": ["acmeair-booking-db", 1.878705]}, {"t": 1696615540, "d": ["acmeair-authservice", 1.591288]}, {"t": 1696615540, "d": ["acmeair-customer-db", 1.277233]}, {"t": 1696615540, "d": ["acmeair-flight-db", 1.213514]}, {"t": 1696615540, "d": ["acmeair-mainservice", 0.948267]}, {"t": 1696615550, "d": ["acmeair-bookingservice", 3.053983]}, {"t": 1696615550, "d": ["acmeair-customerservice", 2.725695]}, {"t": 1696615550, "d": ["acmeair-flightservice", 1.924582]}, {"t": 1696615550, "d": ["acmeair-booking-db", 1.878929]}, {"t": 1696615550, "d": ["acmeair-authservice", 1.590585]}, {"t": 1696615550, "d": ["acmeair-customer-db", 1.277318]}, {"t": 1696615550, "d": ["acmeair-flight-db", 1.213514]}, {"t": 1696615550, "d": ["acmeair-mainservice", 0.948267]}, {"t": 1696615560, "d": ["acmeair-bookingservice", 3.065148]}, {"t": 1696615560, "d": ["acmeair-customerservice", 2.733643]}, {"t": 1696615560, "d": ["acmeair-flightservice", 1.924789]}, {"t": 1696615560, "d": ["acmeair-booking-db", 1.879071]}, {"t": 1696615560, "d": ["acmeair-authservice", 1.590507]}, {"t": 1696615560, "d": ["acmeair-customer-db", 1.277318]}, {"t": 1696615560, "d": ["acmeair-flight-db", 1.213514]}, {"t": 1696615560, "d": ["acmeair-mainservice", 0.948267]}, {"t": 1696615570, "d": ["acmeair-bookingservice", 3.073274]}, {"t": 1696615570, "d": ["acmeair-customerservice", 2.737162]}, {"t": 1696615570, "d": ["acmeair-flightservice", 1.919433]}, {"t": 1696615570, "d": ["acmeair-booking-db", 1.88018]}, {"t": 1696615570, "d": ["acmeair-authservice", 1.590507]}, {"t": 1696615570, "d": ["acmeair-customer-db", 1.27817]}, {"t": 1696615570, "d": ["acmeair-flight-db", 1.213541]}, {"t": 1696615570, "d": ["acmeair-mainservice", 0.948267]}, {"t": 1696615580, "d": ["acmeair-bookingservice", 3.083917]}, {"t": 1696615580, "d": ["acmeair-customerservice", 2.742208]}, {"t": 1696615580, "d": ["acmeair-flightservice", 1.919558]}, {"t": 1696615580, "d": ["acmeair-booking-db", 1.880656]}, {"t": 1696615580, "d": ["acmeair-authservice", 1.590507]}, {"t": 1696615580, "d": ["acmeair-customer-db", 1.278296]}, {"t": 1696615580, "d": ["acmeair-flight-db", 1.213563]}, {"t": 1696615580, "d": ["acmeair-mainservice", 0.948267]}, {"t": 1696615590, "d": ["acmeair-bookingservice", 3.093312]}, {"t": 1696615590, "d": ["acmeair-customerservice", 2.750524]}, {"t": 1696615590, "d": ["acmeair-flightservice", 1.917785]}, {"t": 1696615590, "d": ["acmeair-booking-db", 1.880753]}, {"t": 1696615590, "d": ["acmeair-authservice", 1.590117]}, {"t": 1696615590, "d": ["acmeair-customer-db", 1.278504]}, {"t": 1696615590, "d": ["acmeair-flight-db", 1.213575]}, {"t": 1696615590, "d": ["acmeair-mainservice", 0.948267]}, {"t": 1696615600, "d": ["acmeair-bookingservice", 3.111059]}, {"t": 1696615600, "d": ["acmeair-customerservice", 2.75917]}, {"t": 1696615600, "d": ["acmeair-flightservice", 1.917738]}, {"t": 1696615600, "d": ["acmeair-booking-db", 1.88058]}, {"t": 1696615600, "d": ["acmeair-authservice", 1.589727]}, {"t": 1696615600, "d": ["acmeair-customer-db", 1.303824]}, {"t": 1696615600, "d": ["acmeair-flight-db", 1.213563]}, {"t": 1696615600, "d": ["acmeair-mainservice", 0.948267]}, {"t": 1696615610, "d": ["acmeair-bookingservice", 3.120941]}, {"t": 1696615610, "d": ["acmeair-customerservice", 2.766672]}, {"t": 1696615610, "d": ["acmeair-flightservice", 1.915319]}, {"t": 1696615610, "d": ["acmeair-booking-db", 1.880585]}, {"t": 1696615610, "d": ["acmeair-authservice", 1.589727]}, {"t": 1696615610, "d": ["acmeair-customer-db", 1.303872]}, {"t": 1696615610, "d": ["acmeair-flight-db", 1.213565]}, {"t": 1696615610, "d": ["acmeair-mainservice", 0.948267]}, {"t": 1696615620, "d": ["acmeair-bookingservice", 3.127497]}, {"t": 1696615620, "d": ["acmeair-customerservice", 2.774461]}, {"t": 1696615620, "d": ["acmeair-flightservice", 1.912505]}, {"t": 1696615620, "d": ["acmeair-booking-db", 1.880583]}, {"t": 1696615620, "d": ["acmeair-authservice", 1.589727]}, {"t": 1696615620, "d": ["acmeair-customer-db", 1.303902]}, {"t": 1696615620, "d": ["acmeair-flight-db", 1.213563]}, {"t": 1696615620, "d": ["acmeair-mainservice", 0.948267]}, {"t": 1696615630, "d": ["acmeair-bookingservice", 3.13056]}, {"t": 1696615630, "d": ["acmeair-customerservice", 2.777869]}, {"t": 1696615630, "d": ["acmeair-flightservice", 1.910656]}, {"t": 1696615630, "d": ["acmeair-booking-db", 1.881197]}, {"t": 1696615630, "d": ["acmeair-authservice", 1.589727]}, {"t": 1696615630, "d": ["acmeair-customer-db", 1.303916]}, {"t": 1696615630, "d": ["acmeair-flight-db", 1.213563]}, {"t": 1696615630, "d": ["acmeair-mainservice", 0.948267]}, {"t": 1696615640, "d": ["acmeair-bookingservice", 3.132335]}, {"t": 1696615640, "d": ["acmeair-customerservice", 2.780412]}, {"t": 1696615640, "d": ["acmeair-flightservice", 1.910702]}, {"t": 1696615640, "d": ["acmeair-booking-db", 1.881802]}, {"t": 1696615640, "d": ["acmeair-authservice", 1.589727]}, {"t": 1696615640, "d": ["acmeair-customer-db", 1.303899]}, {"t": 1696615640, "d": ["acmeair-flight-db", 1.213563]}, {"t": 1696615640, "d": ["acmeair-mainservice", 0.948267]}, {"t": 1696615650, "d": ["acmeair-bookingservice", 3.132335]}, {"t": 1696615650, "d": ["acmeair-customerservice", 2.780412]}, {"t": 1696615650, "d": ["acmeair-flightservice", 1.910702]}, {"t": 1696615650, "d": ["acmeair-booking-db", 1.882058]}, {"t": 1696615650, "d": ["acmeair-authservice", 1.589727]}, {"t": 1696615650, "d": ["acmeair-customer-db", 1.303897]}, {"t": 1696615650, "d": ["acmeair-flight-db", 1.213563]}, {"t": 1696615650, "d": ["acmeair-mainservice", 0.948267]}, {"t": 1696615660, "d": ["acmeair-bookingservice", 3.132335]}, {"t": 1696615660, "d": ["acmeair-customerservice", 2.780412]}, {"t": 1696615660, "d": ["acmeair-flightservice", 1.910714]}, {"t": 1696615660, "d": ["acmeair-booking-db", 1.882351]}, {"t": 1696615660, "d": ["acmeair-authservice", 1.589727]}, {"t": 1696615660, "d": ["acmeair-customer-db", 1.303897]}, {"t": 1696615660, "d": ["acmeair-flight-db", 1.213565]}, {"t": 1696615660, "d": ["acmeair-mainservice", 0.948267]}, {"t": 1696615670, "d": ["acmeair-bookingservice", 3.132335]}, {"t": 1696615670, "d": ["acmeair-customerservice", 2.780412]}, {"t": 1696615670, "d": ["acmeair-flightservice", 1.910727]}, {"t": 1696615670, "d": ["acmeair-booking-db", 1.882509]}, {"t": 1696615670, "d": ["acmeair-authservice", 1.589727]}, {"t": 1696615670, "d": ["acmeair-customer-db", 1.303897]}, {"t": 1696615670, "d": ["acmeair-flight-db", 1.213563]}, {"t": 1696615670, "d": ["acmeair-mainservice", 0.948267]}], "start": 1696615070, "end": 1696615670}