{"data": [{"t": 1696615080, "d": ["acmeair-bookingservice", 499324108.8]}, {"t": 1696615080, "d": ["acmeair-customerservice", 404984627.2]}, {"t": 1696615080, "d": ["acmeair-flightservice", 335745024]}, {"t": 1696615080, "d": ["acmeair-booking-db", 314806681.6]}, {"t": 1696615080, "d": ["acmeair-authservice", 268548096]}, {"t": 1696615080, "d": ["acmeair-customer-db", 215442227.2]}, {"t": 1696615080, "d": ["acmeair-flight-db", 201867264]}, {"t": 1696615080, "d": ["acmeair-mainservice", 159170560]}, {"t": 1696615090, "d": ["acmeair-bookingservice", 499324108.8]}, {"t": 1696615090, "d": ["acmeair-customerservice", 407097344]}, {"t": 1696615090, "d": ["acmeair-flightservice", 335756083.2]}, {"t": 1696615090, "d": ["acmeair-booking-db", 314961920]}, {"t": 1696615090, "d": ["acmeair-authservice", 268550144]}, {"t": 1696615090, "d": ["acmeair-customer-db", 215442227.2]}, {"t": 1696615090, "d": ["acmeair-flight-db", 201867264]}, {"t": 1696615090, "d": ["acmeair-mainservice", 159170560]}, {"t": 1696615100, "d": ["acmeair-bookingservice", 499336396.8]}, {"t": 1696615100, "d": ["acmeair-customerservice", 407097344]}, {"t": 1696615100, "d": ["acmeair-flightservice", 334801715.2]}, {"t": 1696615100, "d": ["acmeair-booking-db", 315044659.2]}, {"t": 1696615100, "d": ["acmeair-authservice", 268550144]}, {"t": 1696615100, "d": ["acmeair-customer-db", 215442636.8]}, {"t": 1696615100, "d": ["acmeair-flight-db", 201867264]}, {"t": 1696615100, "d": ["acmeair-mainservice", 159170560]}, {"t": 1696615110, "d": ["acmeair-bookingservice", 498611404.8]}, {"t": 1696615110, "d": ["acmeair-customerservice", 407028531.2]}, {"t": 1696615110, "d": ["acmeair-flightservice", 334696448]}, {"t": 1696615110, "d": ["acmeair-booking-db", 315045478.4]}, {"t": 1696615110, "d": ["acmeair-authservice", 268550144]}, {"t": 1696615110, "d": ["acmeair-customer-db", 215455744]}, {"t": 1696615110, "d": ["acmeair-flight-db", 201867264]}, {"t": 1696615110, "d": ["acmeair-mainservice", 159170560]}, {"t": 1696615120, "d": ["acmeair-bookingservice", 498125619.2]}, {"t": 1696615120, "d": ["acmeair-customerservice", 407902208]}, {"t": 1696615120, "d": ["acmeair-flightservice", 335756492.8]}, {"t": 1696615120, "d": ["acmeair-booking-db", 315065548.8]}, {"t": 1696615120, "d": ["acmeair-authservice", 268445286.4]}, {"t": 1696615120, "d": ["acmeair-customer-db", 215562240]}, {"t": 1696615120, "d": ["acmeair-flight-db", 201834086.4]}, {"t": 1696615120, "d": ["acmeair-mainservice", 159178752]}, {"t": 1696615130, "d": ["acmeair-bookingservice", 498132172.8]}, {"t": 1696615130, "d": ["acmeair-customerservice", 408767283.2]}, {"t": 1696615130, "d": ["acmeair-flightservice", 333873971.2]}, {"t": 1696615130, "d": ["acmeair-booking-db", 315065958.4]}, {"t": 1696615130, "d": ["acmeair-authservice", 268419072]}, {"t": 1696615130, "d": ["acmeair-customer-db", 215560192]}, {"t": 1696615130, "d": ["acmeair-flight-db", 201814016]}, {"t": 1696615130, "d": ["acmeair-mainservice", 159178752]}, {"t": 1696615140, "d": ["acmeair-bookingservice", 498128076.8]}, {"t": 1696615140, "d": ["acmeair-customerservice", 411070464]}, {"t": 1696615140, "d": ["acmeair-flightservice", 333791232]}, {"t": 1696615140, "d": ["acmeair-booking-db", 315054899.2]}, {"t": 1696615140, "d": ["acmeair-authservice", 268419072]}, {"t": 1696615140, "d": ["acmeair-customer-db", 215561420.8]}, {"t": 1696615140, "d": ["acmeair-flight-db", 201814016]}, {"t": 1696615140, "d": ["acmeair-mainservice", 159178752]}, {"t": 1696615150, "d": ["acmeair-bookingservice", 498133401.6]}, {"t": 1696615150, "d": ["acmeair-customerservice", 412119040]}, {"t": 1696615150, "d": ["acmeair-flightservice", 333795328]}, {"t": 1696615150, "d": ["acmeair-booking-db", 315197849.6]}, {"t": 1696615150, "d": ["acmeair-authservice", 268419072]}, {"t": 1696615150, "d": ["acmeair-customer-db", 215562240]}, {"t": 1696615150, "d": ["acmeair-flight-db", 201814016]}, {"t": 1696615150, "d": ["acmeair-mainservice", 159178752]}, {"t": 1696615160, "d": ["acmeair-bookingservice", 498122752]}, {"t": 1696615160, "d": ["acmeair-customerservice", 412956672]}, {"t": 1696615160, "d": ["acmeair-flightservice", 332726681.6]}, {"t": 1696615160, "d": ["acmeair-booking-db", 315286323.2]}, {"t": 1696615160, "d": ["acmeair-authservice", 268327321.6]}, {"t": 1696615160, "d": ["acmeair-customer-db", 215561420.8]}, {"t": 1696615160, "d": ["acmeair-flight-db", 201814016]}, {"t": 1696615160, "d": ["acmeair-mainservice", 159178752]}, {"t": 1696615170, "d": ["acmeair-bookingservice", 498117427.2]}, {"t": 1696615170, "d": ["acmeair-customerservice", 415264768]}, {"t": 1696615170, "d": ["acmeair-flightservice", 332720128]}, {"t": 1696615170, "d": ["acmeair-booking-db", 315286732.8]}, {"t": 1696615170, "d": ["acmeair-authservice", 268288000]}, {"t": 1696615170, "d": ["acmeair-customer-db", 215561420.8]}, {"t": 1696615170, "d": ["acmeair-flight-db", 201814016]}, {"t": 1696615170, "d": ["acmeair-mainservice", 159178752]}, {"t": 1696615180, "d": ["acmeair-bookingservice", 498119065.6]}, {"t": 1696615180, "d": ["acmeair-customerservice", 416309248]}, {"t": 1696615180, "d": ["acmeair-flightservice", 332724224]}, {"t": 1696615180, "d": ["acmeair-booking-db", 315294105.6]}, {"t": 1696615180, "d": ["acmeair-authservice", 268288000]}, {"t": 1696615180, "d": ["acmeair-customer-db", 215578624]}, {"t": 1696615180, "d": ["acmeair-flight-db", 201814016]}, {"t": 1696615180, "d": ["acmeair-mainservice", 159178752]}, {"t": 1696615190, "d": ["acmeair-bookingservice", 498134630.4]}, {"t": 1696615190, "d": ["acmeair-customerservice", 417002291.2]}, {"t": 1696615190, "d": ["acmeair-flightservice", 332354355.2]}, {"t": 1696615190, "d": ["acmeair-booking-db", 315294105.6]}, {"t": 1696615190, "d": ["acmeair-authservice", 268288000]}, {"t": 1696615190, "d": ["acmeair-customer-db", 215582310.4]}, {"t": 1696615190, "d": ["acmeair-flight-db", 201814016]}, {"t": 1696615190, "d": ["acmeair-mainservice", 159178752]}, {"t": 1696615200, "d": ["acmeair-bookingservice", 498140364.8]}, {"t": 1696615200, "d": ["acmeair-customerservice", 418338816]}, {"t": 1696615200, "d": ["acmeair-flightservice", 331798528]}, {"t": 1696615200, "d": ["acmeair-booking-db", 315293696]}, {"t": 1696615200, "d": ["acmeair-authservice", 268235571.2]}, {"t": 1696615200, "d": ["acmeair-customer-db", 215583129.6]}, {"t": 1696615200, "d": ["acmeair-flight-db", 201844736]}, {"t": 1696615200, "d": ["acmeair-mainservice", 159219712]}, {"t": 1696615210, "d": ["acmeair-bookingservice", 498141593.6]}, {"t": 1696615210, "d": ["acmeair-customerservice", 419180544]}, {"t": 1696615210, "d": ["acmeair-flightservice", 331793612.8]}, {"t": 1696615210, "d": ["acmeair-booking-db", 315433779.2]}, {"t": 1696615210, "d": ["acmeair-authservice", 268156928]}, {"t": 1696615210, "d": ["acmeair-customer-db", 215581900.8]}, {"t": 1696615210, "d": ["acmeair-flight-db", 201875456]}, {"t": 1696615210, "d": ["acmeair-mainservice", 159260672]}, {"t": 1696615220, "d": ["acmeair-bookingservice", 496942694.4]}, {"t": 1696615220, "d": ["acmeair-customerservice", 419599974.4]}, {"t": 1696615220, "d": ["acmeair-flightservice", 331707596.8]}, {"t": 1696615220, "d": ["acmeair-booking-db", 315468595.2]}, {"t": 1696615220, "d": ["acmeair-authservice", 268156928]}, {"t": 1696615220, "d": ["acmeair-customer-db", 215580672]}, {"t": 1696615220, "d": ["acmeair-flight-db", 201889792]}, {"t": 1696615220, "d": ["acmeair-mainservice", 159260672]}, {"t": 1696615230, "d": ["acmeair-bookingservice", 497200742.4]}, {"t": 1696615230, "d": ["acmeair-customerservice", 421281792]}, {"t": 1696615230, "d": ["acmeair-flightservice", 330870784]}, {"t": 1696615230, "d": ["acmeair-booking-db", 315470643.2]}, {"t": 1696615230, "d": ["acmeair-authservice", 268156928]}, {"t": 1696615230, "d": ["acmeair-customer-db", 215593369.6]}, {"t": 1696615230, "d": ["acmeair-flight-db", 202004070.4]}, {"t": 1696615230, "d": ["acmeair-mainservice", 159260672]}, {"t": 1696615240, "d": ["acmeair-bookingservice", 496963584]}, {"t": 1696615240, "d": ["acmeair-customerservice", 422334464]}, {"t": 1696615240, "d": ["acmeair-flightservice", 330881433.6]}, {"t": 1696615240, "d": ["acmeair-booking-db", 315478016]}, {"t": 1696615240, "d": ["acmeair-authservice", 268132352]}, {"t": 1696615240, "d": ["acmeair-customer-db", 215832576]}, {"t": 1696615240, "d": ["acmeair-flight-db", 202019225.6]}, {"t": 1696615240, "d": ["acmeair-mainservice", 159260672]}, {"t": 1696615250, "d": ["acmeair-bookingservice", 496957030.4]}, {"t": 1696615250, "d": ["acmeair-customerservice", 423592755.2]}, {"t": 1696615250, "d": ["acmeair-flightservice", 330621337.6]}, {"t": 1696615250, "d": ["acmeair-booking-db", 315478425.6]}, {"t": 1696615250, "d": ["acmeair-authservice", 268020121.6]}, {"t": 1696615250, "d": ["acmeair-customer-db", 214795468.8]}, {"t": 1696615250, "d": ["acmeair-flight-db", 202019225.6]}, {"t": 1696615250, "d": ["acmeair-mainservice", 159260672]}, {"t": 1696615260, "d": ["acmeair-bookingservice", 496941056]}, {"t": 1696615260, "d": ["acmeair-customerservice", 425481420.8]}, {"t": 1696615260, "d": ["acmeair-flightservice", 329982771.2]}, {"t": 1696615260, "d": ["acmeair-booking-db", 315478425.6]}, {"t": 1696615260, "d": ["acmeair-authservice", 268021760]}, {"t": 1696615260, "d": ["acmeair-customer-db", 213418803.2]}, {"t": 1696615260, "d": ["acmeair-flight-db", 202018816]}, {"t": 1696615260, "d": ["acmeair-mainservice", 159260672]}, {"t": 1696615270, "d": ["acmeair-bookingservice", 496951296]}, {"t": 1696615270, "d": ["acmeair-customerservice", 425903718.4]}, {"t": 1696615270, "d": ["acmeair-flightservice", 329995059.2]}, {"t": 1696615270, "d": ["acmeair-booking-db", 315509145.6]}, {"t": 1696615270, "d": ["acmeair-authservice", 268024627.2]}, {"t": 1696615270, "d": ["acmeair-customer-db", 215322624]}, {"t": 1696615270, "d": ["acmeair-flight-db", 201964748.8]}, {"t": 1696615270, "d": ["acmeair-mainservice", 159260672]}, {"t": 1696615280, "d": ["acmeair-bookingservice", 496967270.4]}, {"t": 1696615280, "d": ["acmeair-customerservice", 428210585.6]}, {"t": 1696615280, "d": ["acmeair-flightservice", 329917644.8]}, {"t": 1696615280, "d": ["acmeair-booking-db", 315518976]}, {"t": 1696615280, "d": ["acmeair-authservice", 268025856]}, {"t": 1696615280, "d": ["acmeair-customer-db", 215546675.2]}, {"t": 1696615280, "d": ["acmeair-flight-db", 201655910.4]}, {"t": 1696615280, "d": ["acmeair-mainservice", 159260672]}, {"t": 1696615290, "d": ["acmeair-bookingservice", 496954572.8]}, {"t": 1696615290, "d": ["acmeair-customerservice", 428750438.4]}, {"t": 1696615290, "d": ["acmeair-flightservice", 329086566.4]}, {"t": 1696615290, "d": ["acmeair-booking-db", 315504640]}, {"t": 1696615290, "d": ["acmeair-authservice", 267960320]}, {"t": 1696615290, "d": ["acmeair-customer-db", 215763353.6]}, {"t": 1696615290, "d": ["acmeair-flight-db", 202429644.8]}, {"t": 1696615290, "d": ["acmeair-mainservice", 159260672]}, {"t": 1696615300, "d": ["acmeair-bookingservice", 496964403.2]}, {"t": 1696615300, "d": ["acmeair-customerservice", 430236057.6]}, {"t": 1696615300, "d": ["acmeair-flightservice", 329156198.4]}, {"t": 1696615300, "d": ["acmeair-booking-db", 315403878.4]}, {"t": 1696615300, "d": ["acmeair-authservice", 267889868.8]}, {"t": 1696615300, "d": ["acmeair-customer-db", 217658982.4]}, {"t": 1696615300, "d": ["acmeair-flight-db", 203185356.8]}, {"t": 1696615300, "d": ["acmeair-mainservice", 159260672]}, {"t": 1696615310, "d": ["acmeair-bookingservice", 496959897.6]}, {"t": 1696615310, "d": ["acmeair-customerservice", 430436352]}, {"t": 1696615310, "d": ["acmeair-flightservice", 329204531.2]}, {"t": 1696615310, "d": ["acmeair-booking-db", 315281408]}, {"t": 1696615310, "d": ["acmeair-authservice", 267886592]}, {"t": 1696615310, "d": ["acmeair-customer-db", 217666355.2]}, {"t": 1696615310, "d": ["acmeair-flight-db", 203415552]}, {"t": 1696615310, "d": ["acmeair-mainservice", 159260672]}, {"t": 1696615320, "d": ["acmeair-bookingservice", 496948019.2]}, {"t": 1696615320, "d": ["acmeair-customerservice", 431697510.4]}, {"t": 1696615320, "d": ["acmeair-flightservice", 328565145.6]}, {"t": 1696615320, "d": ["acmeair-booking-db", 315187609.6]}, {"t": 1696615320, "d": ["acmeair-authservice", 267891097.6]}, {"t": 1696615320, "d": ["acmeair-customer-db", 217669632]}, {"t": 1696615320, "d": ["acmeair-flight-db", 203415552]}, {"t": 1696615320, "d": ["acmeair-mainservice", 159260672]}, {"t": 1696615330, "d": ["acmeair-bookingservice", 496951296]}, {"t": 1696615330, "d": ["acmeair-customerservice", 433169612.8]}, {"t": 1696615330, "d": ["acmeair-flightservice", 328317747.2]}, {"t": 1696615330, "d": ["acmeair-booking-db", 315257651.2]}, {"t": 1696615330, "d": ["acmeair-authservice", 267843584]}, {"t": 1696615330, "d": ["acmeair-customer-db", 217674137.6]}, {"t": 1696615330, "d": ["acmeair-flight-db", 203415961.6]}, {"t": 1696615330, "d": ["acmeair-mainservice", 159260672]}, {"t": 1696615340, "d": ["acmeair-bookingservice", 496951296]}, {"t": 1696615340, "d": ["acmeair-customerservice", 434642944]}, {"t": 1696615340, "d": ["acmeair-flightservice", 328341094.4]}, {"t": 1696615340, "d": ["acmeair-booking-db", 315197849.6]}, {"t": 1696615340, "d": ["acmeair-authservice", 267767808]}, {"t": 1696615340, "d": ["acmeair-customer-db", 217671680]}, {"t": 1696615340, "d": ["acmeair-flight-db", 203415552]}, {"t": 1696615340, "d": ["acmeair-mainservice", 159260672]}, {"t": 1696615350, "d": ["acmeair-bookingservice", 496952524.8]}, {"t": 1696615350, "d": ["acmeair-customerservice", 435273318.4]}, {"t": 1696615350, "d": ["acmeair-flightservice", 328358297.6]}, {"t": 1696615350, "d": ["acmeair-booking-db", 315206451.2]}, {"t": 1696615350, "d": ["acmeair-authservice", 267767808]}, {"t": 1696615350, "d": ["acmeair-customer-db", 217670860.8]}, {"t": 1696615350, "d": ["acmeair-flight-db", 203415552]}, {"t": 1696615350, "d": ["acmeair-mainservice", 159260672]}, {"t": 1696615360, "d": ["acmeair-bookingservice", 496932864]}, {"t": 1696615360, "d": ["acmeair-customerservice", 436744192]}, {"t": 1696615360, "d": ["acmeair-flightservice", 327911424]}, {"t": 1696615360, "d": ["acmeair-booking-db", 315233894.4]}, {"t": 1696615360, "d": ["acmeair-authservice", 267767808]}, {"t": 1696615360, "d": ["acmeair-customer-db", 217670451.2]}, {"t": 1696615360, "d": ["acmeair-flight-db", 203415552]}, {"t": 1696615360, "d": ["acmeair-mainservice", 159260672]}, {"t": 1696615370, "d": ["acmeair-bookingservice", 496939417.6]}, {"t": 1696615370, "d": ["acmeair-customerservice", 438421913.6]}, {"t": 1696615370, "d": ["acmeair-flightservice", 327445708.8]}, {"t": 1696615370, "d": ["acmeair-booking-db", 315337523.2]}, {"t": 1696615370, "d": ["acmeair-authservice", 267767808]}, {"t": 1696615370, "d": ["acmeair-customer-db", 217670451.2]}, {"t": 1696615370, "d": ["acmeair-flight-db", 203415552]}, {"t": 1696615370, "d": ["acmeair-mainservice", 159260672]}, {"t": 1696615380, "d": ["acmeair-bookingservice", 496936960]}, {"t": 1696615380, "d": ["acmeair-customerservice", 438926950.4]}, {"t": 1696615380, "d": ["acmeair-flightservice", 327460864]}, {"t": 1696615380, "d": ["acmeair-booking-db", 315334656]}, {"t": 1696615380, "d": ["acmeair-authservice", 267649843.2]}, {"t": 1696615380, "d": ["acmeair-customer-db", 217669632]}, {"t": 1696615380, "d": ["acmeair-flight-db", 203415552]}, {"t": 1696615380, "d": ["acmeair-mainservice", 159260672]}, {"t": 1696615390, "d": ["acmeair-bookingservice", 496932454.4]}, {"t": 1696615390, "d": ["acmeair-customerservice", 439738368]}, {"t": 1696615390, "d": ["acmeair-flightservice", 327481753.6]}, {"t": 1696615390, "d": ["acmeair-booking-db", 315089305.6]}, {"t": 1696615390, "d": ["acmeair-authservice", 267636736]}, {"t": 1696615390, "d": ["acmeair-customer-db", 217669632]}, {"t": 1696615390, "d": ["acmeair-flight-db", 203415552]}, {"t": 1696615390, "d": ["acmeair-mainservice", 159260672]}, {"t": 1696615400, "d": ["acmeair-bookingservice", 496935321.6]}, {"t": 1696615400, "d": ["acmeair-customerservice", 441206374.4]}, {"t": 1696615400, "d": ["acmeair-flightservice", 326954188.8]}, {"t": 1696615400, "d": ["acmeair-booking-db", 314923008]}, {"t": 1696615400, "d": ["acmeair-authservice", 267640012.8]}, {"t": 1696615400, "d": ["acmeair-customer-db", 217672089.6]}, {"t": 1696615400, "d": ["acmeair-flight-db", 203415961.6]}, {"t": 1696615400, "d": ["acmeair-mainservice", 159260672]}, {"t": 1696615410, "d": ["acmeair-bookingservice", 498099404.8]}, {"t": 1696615410, "d": ["acmeair-customerservice", 442465894.4]}, {"t": 1696615410, "d": ["acmeair-flightservice", 326591283.2]}, {"t": 1696615410, "d": ["acmeair-booking-db", 314761216]}, {"t": 1696615410, "d": ["acmeair-authservice", 267640832]}, {"t": 1696615410, "d": ["acmeair-customer-db", 217670041.6]}, {"t": 1696615410, "d": ["acmeair-flight-db", 203415961.6]}, {"t": 1696615410, "d": ["acmeair-mainservice", 159260672]}, {"t": 1696615420, "d": ["acmeair-bookingservice", 496945561.6]}, {"t": 1696615420, "d": ["acmeair-customerservice", 443941683.2]}, {"t": 1696615420, "d": ["acmeair-flightservice", 327029145.6]}, {"t": 1696615420, "d": ["acmeair-booking-db", 314885324.8]}, {"t": 1696615420, "d": ["acmeair-authservice", 267575296]}, {"t": 1696615420, "d": ["acmeair-customer-db", 217691340.8]}, {"t": 1696615420, "d": ["acmeair-flight-db", 203415552]}, {"t": 1696615420, "d": ["acmeair-mainservice", 159260672]}, {"t": 1696615430, "d": ["acmeair-bookingservice", 496935731.2]}, {"t": 1696615430, "d": ["acmeair-customerservice", 445612851.2]}, {"t": 1696615430, "d": ["acmeair-flightservice", 326077235.2]}, {"t": 1696615430, "d": ["acmeair-booking-db", 314889011.2]}, {"t": 1696615430, "d": ["acmeair-authservice", 267509760]}, {"t": 1696615430, "d": ["acmeair-customer-db", 217690931.2]}, {"t": 1696615430, "d": ["acmeair-flight-db", 203415961.6]}, {"t": 1696615430, "d": ["acmeair-mainservice", 159260672]}, {"t": 1696615440, "d": ["acmeair-bookingservice", 496947609.6]}, {"t": 1696615440, "d": ["acmeair-customerservice", 447079219.2]}, {"t": 1696615440, "d": ["acmeair-flightservice", 325721292.8]}, {"t": 1696615440, "d": ["acmeair-booking-db", 314847641.6]}, {"t": 1696615440, "d": ["acmeair-authservice", 267509760]}, {"t": 1696615440, "d": ["acmeair-customer-db", 217843712]}, {"t": 1696615440, "d": ["acmeair-flight-db", 203415552]}, {"t": 1696615440, "d": ["acmeair-mainservice", 159260672]}, {"t": 1696615450, "d": ["acmeair-bookingservice", 496933273.6]}, {"t": 1696615450, "d": ["acmeair-customerservice", 448131072]}, {"t": 1696615450, "d": ["acmeair-flightservice", 325764710.4]}, {"t": 1696615450, "d": ["acmeair-booking-db", 315012710.4]}, {"t": 1696615450, "d": ["acmeair-authservice", 267509760]}, {"t": 1696615450, "d": ["acmeair-customer-db", 217856000]}, {"t": 1696615450, "d": ["acmeair-flight-db", 203415961.6]}, {"t": 1696615450, "d": ["acmeair-mainservice", 159260672]}, {"t": 1696615460, "d": ["acmeair-bookingservice", 497537433.6]}, {"t": 1696615460, "d": ["acmeair-customerservice", 448340787.2]}, {"t": 1696615460, "d": ["acmeair-flightservice", 325036441.6]}, {"t": 1696615460, "d": ["acmeair-booking-db", 315240448]}, {"t": 1696615460, "d": ["acmeair-authservice", 267509760]}, {"t": 1696615460, "d": ["acmeair-customer-db", 217862553.6]}, {"t": 1696615460, "d": ["acmeair-flight-db", 203415552]}, {"t": 1696615460, "d": ["acmeair-mainservice", 159260672]}, {"t": 1696615470, "d": ["acmeair-bookingservice", 499199590.4]}, {"t": 1696615470, "d": ["acmeair-customerservice", 449391820.8]}, {"t": 1696615470, "d": ["acmeair-flightservice", 324876697.6]}, {"t": 1696615470, "d": ["acmeair-booking-db", 315253964.8]}, {"t": 1696615470, "d": ["acmeair-authservice", 267404902.4]}, {"t": 1696615470, "d": ["acmeair-customer-db", 217875660.8]}, {"t": 1696615470, "d": ["acmeair-flight-db", 203415552]}, {"t": 1696615470, "d": ["acmeair-mainservice", 159260672]}, {"t": 1696615480, "d": ["acmeair-bookingservice", 500831436.8]}, {"t": 1696615480, "d": ["acmeair-customerservice", 449665433.6]}, {"t": 1696615480, "d": ["acmeair-flightservice", 324907827.2]}, {"t": 1696615480, "d": ["acmeair-booking-db", 315238809.6]}, {"t": 1696615480, "d": ["acmeair-authservice", 267378688]}, {"t": 1696615480, "d": ["acmeair-customer-db", 217981747.2]}, {"t": 1696615480, "d": ["acmeair-flight-db", 203415961.6]}, {"t": 1696615480, "d": ["acmeair-mainservice", 159260672]}, {"t": 1696615490, "d": ["acmeair-bookingservice", 503523737.6]}, {"t": 1696615490, "d": ["acmeair-customerservice", 451133440]}, {"t": 1696615490, "d": ["acmeair-flightservice", 324195942.4]}, {"t": 1696615490, "d": ["acmeair-booking-db", 315215872]}, {"t": 1696615490, "d": ["acmeair-authservice", 267378688]}, {"t": 1696615490, "d": ["acmeair-customer-db", 217993625.6]}, {"t": 1696615490, "d": ["acmeair-flight-db", 203415961.6]}, {"t": 1696615490, "d": ["acmeair-mainservice", 159260672]}, {"t": 1696615500, "d": ["acmeair-bookingservice", 505677004.8]}, {"t": 1696615500, "d": ["acmeair-customerservice", 452392550.4]}, {"t": 1696615500, "d": ["acmeair-flightservice", 324035788.8]}, {"t": 1696615500, "d": ["acmeair-booking-db", 315278950.4]}, {"t": 1696615500, "d": ["acmeair-authservice", 267378688]}, {"t": 1696615500, "d": ["acmeair-customer-db", 218002227.2]}, {"t": 1696615500, "d": ["acmeair-flight-db", 203479040]}, {"t": 1696615500, "d": ["acmeair-mainservice", 159260672]}, {"t": 1696615510, "d": ["acmeair-bookingservice", 507335475.2]}, {"t": 1696615510, "d": ["acmeair-customerservice", 453394841.6]}, {"t": 1696615510, "d": ["acmeair-flightservice", 324077977.6]}, {"t": 1696615510, "d": ["acmeair-booking-db", 315488665.6]}, {"t": 1696615510, "d": ["acmeair-authservice", 267247616]}, {"t": 1696615510, "d": ["acmeair-customer-db", 217987072]}, {"t": 1696615510, "d": ["acmeair-flight-db", 203653529.6]}, {"t": 1696615510, "d": ["acmeair-mainservice", 159260672]}, {"t": 1696615520, "d": ["acmeair-bookingservice", 509230284.8]}, {"t": 1696615520, "d": ["acmeair-customerservice", 454287360]}, {"t": 1696615520, "d": ["acmeair-flightservice", 323173580.8]}, {"t": 1696615520, "d": ["acmeair-booking-db", 315572224]}, {"t": 1696615520, "d": ["acmeair-authservice", 267266457.6]}, {"t": 1696615520, "d": ["acmeair-customer-db", 217985843.2]}, {"t": 1696615520, "d": ["acmeair-flight-db", 203657216]}, {"t": 1696615520, "d": ["acmeair-mainservice", 159260672]}, {"t": 1696615530, "d": ["acmeair-bookingservice", 510368153.6]}, {"t": 1696615530, "d": ["acmeair-customerservice", 455369113.6]}, {"t": 1696615530, "d": ["acmeair-flightservice", 323192422.4]}, {"t": 1696615530, "d": ["acmeair-booking-db", 315560345.6]}, {"t": 1696615530, "d": ["acmeair-authservice", 267255808]}, {"t": 1696615530, "d": ["acmeair-customer-db", 218035404.8]}, {"t": 1696615530, "d": ["acmeair-flight-db", 203779276.8]}, {"t": 1696615530, "d": ["acmeair-mainservice", 159260672]}, {"t": 1696615540, "d": ["acmeair-bookingservice", 511094784]}, {"t": 1696615540, "d": ["acmeair-customerservice", 456530329.6]}, {"t": 1696615540, "d": ["acmeair-flightservice", 323216998.4]}, {"t": 1696615540, "d": ["acmeair-booking-db", 315527168]}, {"t": 1696615540, "d": ["acmeair-authservice", 267255808]}, {"t": 1696615540, "d": ["acmeair-customer-db", 214510387.2]}, {"t": 1696615540, "d": ["acmeair-flight-db", 203808768]}, {"t": 1696615540, "d": ["acmeair-mainservice", 159260672]}, {"t": 1696615550, "d": ["acmeair-bookingservice", 512914636.8]}, {"t": 1696615550, "d": ["acmeair-customerservice", 457778790.4]}, {"t": 1696615550, "d": ["acmeair-flightservice", 323232153.6]}, {"t": 1696615550, "d": ["acmeair-booking-db", 315564851.2]}, {"t": 1696615550, "d": ["acmeair-authservice", 267137843.2]}, {"t": 1696615550, "d": ["acmeair-customer-db", 214524723.2]}, {"t": 1696615550, "d": ["acmeair-flight-db", 203808768]}, {"t": 1696615550, "d": ["acmeair-mainservice", 159260672]}, {"t": 1696615560, "d": ["acmeair-bookingservice", 514789785.6]}, {"t": 1696615560, "d": ["acmeair-customerservice", 459113676.8]}, {"t": 1696615560, "d": ["acmeair-flightservice", 323266969.6]}, {"t": 1696615560, "d": ["acmeair-booking-db", 315588608]}, {"t": 1696615560, "d": ["acmeair-authservice", 267124736]}, {"t": 1696615560, "d": ["acmeair-customer-db", 214524723.2]}, {"t": 1696615560, "d": ["acmeair-flight-db", 203808768]}, {"t": 1696615560, "d": ["acmeair-mainservice", 159260672]}, {"t": 1696615570, "d": ["acmeair-bookingservice", 516154572.8]}, {"t": 1696615570, "d": ["acmeair-customerservice", 459704729.6]}, {"t": 1696615570, "d": ["acmeair-flightservice", 322367488]}, {"t": 1696615570, "d": ["acmeair-booking-db", 315774976]}, {"t": 1696615570, "d": ["acmeair-authservice", 267124736]}, {"t": 1696615570, "d": ["acmeair-customer-db", 214667673.6]}, {"t": 1696615570, "d": ["acmeair-flight-db", 203813273.6]}, {"t": 1696615570, "d": ["acmeair-mainservice", 159260672]}, {"t": 1696615580, "d": ["acmeair-bookingservice", 517942067.2]}, {"t": 1696615580, "d": ["acmeair-customerservice", 460552192]}, {"t": 1696615580, "d": ["acmeair-flightservice", 322388377.6]}, {"t": 1696615580, "d": ["acmeair-booking-db", 315854848]}, {"t": 1696615580, "d": ["acmeair-authservice", 267124736]}, {"t": 1696615580, "d": ["acmeair-customer-db", 214688972.8]}, {"t": 1696615580, "d": ["acmeair-flight-db", 203816960]}, {"t": 1696615580, "d": ["acmeair-mainservice", 159260672]}, {"t": 1696615590, "d": ["acmeair-bookingservice", 519519846.4]}, {"t": 1696615590, "d": ["acmeair-customerservice", 461948928]}, {"t": 1696615590, "d": ["acmeair-flightservice", 322090598.4]}, {"t": 1696615590, "d": ["acmeair-booking-db", 315871232]}, {"t": 1696615590, "d": ["acmeair-authservice", 267059200]}, {"t": 1696615590, "d": ["acmeair-customer-db", 214723788.8]}, {"t": 1696615590, "d": ["acmeair-flight-db", 203819008]}, {"t": 1696615590, "d": ["acmeair-mainservice", 159260672]}, {"t": 1696615600, "d": ["acmeair-bookingservice", 522500505.6]}, {"t": 1696615600, "d": ["acmeair-customerservice", 463400960]}, {"t": 1696615600, "d": ["acmeair-flightservice", 322082816]}, {"t": 1696615600, "d": ["acmeair-booking-db", 315842150.4]}, {"t": 1696615600, "d": ["acmeair-authservice", 266993664]}, {"t": 1696615600, "d": ["acmeair-customer-db", 218976256]}, {"t": 1696615600, "d": ["acmeair-flight-db", 203816960]}, {"t": 1696615600, "d": ["acmeair-mainservice", 159260672]}, {"t": 1696615610, "d": ["acmeair-bookingservice", 524160204.8]}, {"t": 1696615610, "d": ["acmeair-customerservice", 464660889.6]}, {"t": 1696615610, "d": ["acmeair-flightservice", 321676492.8]}, {"t": 1696615610, "d": ["acmeair-booking-db", 315842969.6]}, {"t": 1696615610, "d": ["acmeair-authservice", 266993664]}, {"t": 1696615610, "d": ["acmeair-customer-db", 218984448]}, {"t": 1696615610, "d": ["acmeair-flight-db", 203817369.6]}, {"t": 1696615610, "d": ["acmeair-mainservice", 159260672]}, {"t": 1696615620, "d": ["acmeair-bookingservice", 525261209.6]}, {"t": 1696615620, "d": ["acmeair-customerservice", 465969152]}, {"t": 1696615620, "d": ["acmeair-flightservice", 321203814.4]}, {"t": 1696615620, "d": ["acmeair-booking-db", 315842560]}, {"t": 1696615620, "d": ["acmeair-authservice", 266993664]}, {"t": 1696615620, "d": ["acmeair-customer-db", 218989363.2]}, {"t": 1696615620, "d": ["acmeair-flight-db", 203816960]}, {"t": 1696615620, "d": ["acmeair-mainservice", 159260672]}, {"t": 1696615630, "d": ["acmeair-bookingservice", 525775667.2]}, {"t": 1696615630, "d": ["acmeair-customerservice", 466541363.2]}, {"t": 1696615630, "d": ["acmeair-flightservice", 320893337.6]}, {"t": 1696615630, "d": ["acmeair-booking-db", 315945779.2]}, {"t": 1696615630, "d": ["acmeair-authservice", 266993664]}, {"t": 1696615630, "d": ["acmeair-customer-db", 218991820.8]}, {"t": 1696615630, "d": ["acmeair-flight-db", 203816960]}, {"t": 1696615630, "d": ["acmeair-mainservice", 159260672]}, {"t": 1696615640, "d": ["acmeair-bookingservice", 526073856]}, {"t": 1696615640, "d": ["acmeair-customerservice", 466968576]}, {"t": 1696615640, "d": ["acmeair-flightservice", 320901120]}, {"t": 1696615640, "d": ["acmeair-booking-db", 316047360]}, {"t": 1696615640, "d": ["acmeair-authservice", 266993664]}, {"t": 1696615640, "d": ["acmeair-customer-db", 218988953.6]}, {"t": 1696615640, "d": ["acmeair-flight-db", 203816960]}, {"t": 1696615640, "d": ["acmeair-mainservice", 159260672]}, {"t": 1696615650, "d": ["acmeair-bookingservice", 526073856]}, {"t": 1696615650, "d": ["acmeair-customerservice", 466968576]}, {"t": 1696615650, "d": ["acmeair-flightservice", 320901120]}, {"t": 1696615650, "d": ["acmeair-booking-db", 316090368]}, {"t": 1696615650, "d": ["acmeair-authservice", 266993664]}, {"t": 1696615650, "d": ["acmeair-customer-db", 218988544]}, {"t": 1696615650, "d": ["acmeair-flight-db", 203816960]}, {"t": 1696615650, "d": ["acmeair-mainservice", 159260672]}, {"t": 1696615660, "d": ["acmeair-bookingservice", 526073856]}, {"t": 1696615660, "d": ["acmeair-customerservice", 466968576]}, {"t": 1696615660, "d": ["acmeair-flightservice", 320903168]}, {"t": 1696615660, "d": ["acmeair-booking-db", 316139520]}, {"t": 1696615660, "d": ["acmeair-authservice", 266993664]}, {"t": 1696615660, "d": ["acmeair-customer-db", 218988544]}, {"t": 1696615660, "d": ["acmeair-flight-db", 203817369.6]}, {"t": 1696615660, "d": ["acmeair-mainservice", 159260672]}, {"t": 1696615670, "d": ["acmeair-bookingservice", 526073856]}, {"t": 1696615670, "d": ["acmeair-customerservice", 466968576]}, {"t": 1696615670, "d": ["acmeair-flightservice", 320905216]}, {"t": 1696615670, "d": ["acmeair-booking-db", 316166144]}, {"t": 1696615670, "d": ["acmeair-authservice", 266993664]}, {"t": 1696615670, "d": ["acmeair-customer-db", 218988544]}, {"t": 1696615670, "d": ["acmeair-flight-db", 203816960]}, {"t": 1696615670, "d": ["acmeair-mainservice", 159260672]}], "start": 1696615070, "end": 1696615670}