{"data": [{"t": 1696615080, "d": ["acmeair-flightservice", 7557]}, {"t": 1696615080, "d": ["acmeair-customer-db", 4321]}, {"t": 1696615080, "d": ["acmeair-booking-db", 3539]}, {"t": 1696615080, "d": ["acmeair-bookingservice", 2692]}, {"t": 1696615080, "d": ["acmeair-customerservice", 2272]}, {"t": 1696615080, "d": ["acmeair-authservice", 235]}, {"t": 1696615080, "d": ["acmeair-flight-db", 140]}, {"t": 1696615080, "d": ["acmeair-mainservice", 0]}, {"t": 1696615090, "d": ["acmeair-flightservice", 7791]}, {"t": 1696615090, "d": ["acmeair-customer-db", 4486]}, {"t": 1696615090, "d": ["acmeair-booking-db", 2776]}, {"t": 1696615090, "d": ["acmeair-bookingservice", 2100]}, {"t": 1696615090, "d": ["acmeair-customerservice", 1762]}, {"t": 1696615090, "d": ["acmeair-authservice", 188]}, {"t": 1696615090, "d": ["acmeair-flight-db", 140]}, {"t": 1696615090, "d": ["acmeair-mainservice", 0]}, {"t": 1696615100, "d": ["acmeair-flightservice", 6118]}, {"t": 1696615100, "d": ["acmeair-customer-db", 3540]}, {"t": 1696615100, "d": ["acmeair-booking-db", 3634]}, {"t": 1696615100, "d": ["acmeair-bookingservice", 2763]}, {"t": 1696615100, "d": ["acmeair-customerservice", 2334]}, {"t": 1696615100, "d": ["acmeair-authservice", 236]}, {"t": 1696615100, "d": ["acmeair-flight-db", 140]}, {"t": 1696615100, "d": ["acmeair-mainservice", 0]}, {"t": 1696615110, "d": ["acmeair-flightservice", 7930]}, {"t": 1696615110, "d": ["acmeair-customer-db", 4618]}, {"t": 1696615110, "d": ["acmeair-booking-db", 3628]}, {"t": 1696615110, "d": ["acmeair-bookingservice", 2805]}, {"t": 1696615110, "d": ["acmeair-customerservice", 2343]}, {"t": 1696615110, "d": ["acmeair-authservice", 241]}, {"t": 1696615110, "d": ["acmeair-flight-db", 140]}, {"t": 1696615110, "d": ["acmeair-mainservice", 0]}, {"t": 1696615120, "d": ["acmeair-flightservice", 8299]}, {"t": 1696615120, "d": ["acmeair-customer-db", 4611]}, {"t": 1696615120, "d": ["acmeair-booking-db", 3570]}, {"t": 1696615120, "d": ["acmeair-bookingservice", 2746]}, {"t": 1696615120, "d": ["acmeair-customerservice", 2294]}, {"t": 1696615120, "d": ["acmeair-authservice", 225]}, {"t": 1696615120, "d": ["acmeair-flight-db", 140]}, {"t": 1696615120, "d": ["acmeair-mainservice", 0]}, {"t": 1696615130, "d": ["acmeair-flightservice", 8036]}, {"t": 1696615130, "d": ["acmeair-customer-db", 4553]}, {"t": 1696615130, "d": ["acmeair-booking-db", 3369]}, {"t": 1696615130, "d": ["acmeair-bookingservice", 2565]}, {"t": 1696615130, "d": ["acmeair-customerservice", 2157]}, {"t": 1696615130, "d": ["acmeair-authservice", 225]}, {"t": 1696615130, "d": ["acmeair-flight-db", 140]}, {"t": 1696615130, "d": ["acmeair-mainservice", 0]}, {"t": 1696615140, "d": ["acmeair-flightservice", 7364]}, {"t": 1696615140, "d": ["acmeair-customer-db", 4287]}, {"t": 1696615140, "d": ["acmeair-booking-db", 3393]}, {"t": 1696615140, "d": ["acmeair-bookingservice", 2628]}, {"t": 1696615140, "d": ["acmeair-customerservice", 2202]}, {"t": 1696615140, "d": ["acmeair-authservice", 250]}, {"t": 1696615140, "d": ["acmeair-flight-db", 140]}, {"t": 1696615140, "d": ["acmeair-mainservice", 0]}, {"t": 1696615150, "d": ["acmeair-flightservice", 7817]}, {"t": 1696615150, "d": ["acmeair-customer-db", 4336]}, {"t": 1696615150, "d": ["acmeair-booking-db", 3857]}, {"t": 1696615150, "d": ["acmeair-bookingservice", 2905]}, {"t": 1696615150, "d": ["acmeair-customerservice", 2451]}, {"t": 1696615150, "d": ["acmeair-authservice", 240]}, {"t": 1696615150, "d": ["acmeair-flight-db", 140]}, {"t": 1696615150, "d": ["acmeair-mainservice", 0]}, {"t": 1696615160, "d": ["acmeair-flightservice", 8229]}, {"t": 1696615160, "d": ["acmeair-customer-db", 4851]}, {"t": 1696615160, "d": ["acmeair-booking-db", 3561]}, {"t": 1696615160, "d": ["acmeair-bookingservice", 2721]}, {"t": 1696615160, "d": ["acmeair-customerservice", 2301]}, {"t": 1696615160, "d": ["acmeair-authservice", 219]}, {"t": 1696615160, "d": ["acmeair-flight-db", 140]}, {"t": 1696615160, "d": ["acmeair-mainservice", 0]}, {"t": 1696615170, "d": ["acmeair-flightservice", 7876]}, {"t": 1696615170, "d": ["acmeair-customer-db", 4549]}, {"t": 1696615170, "d": ["acmeair-booking-db", 2888]}, {"t": 1696615170, "d": ["acmeair-bookingservice", 2212]}, {"t": 1696615170, "d": ["acmeair-customerservice", 1843]}, {"t": 1696615170, "d": ["acmeair-authservice", 184]}, {"t": 1696615170, "d": ["acmeair-flight-db", 140]}, {"t": 1696615170, "d": ["acmeair-mainservice", 0]}, {"t": 1696615180, "d": ["acmeair-flightservice", 6417]}, {"t": 1696615180, "d": ["acmeair-customer-db", 3676]}, {"t": 1696615180, "d": ["acmeair-booking-db", 3280]}, {"t": 1696615180, "d": ["acmeair-bookingservice", 2484]}, {"t": 1696615180, "d": ["acmeair-customerservice", 2089]}, {"t": 1696615180, "d": ["acmeair-authservice", 210]}, {"t": 1696615180, "d": ["acmeair-flight-db", 140]}, {"t": 1696615180, "d": ["acmeair-mainservice", 0]}, {"t": 1696615190, "d": ["acmeair-flightservice", 7233]}, {"t": 1696615190, "d": ["acmeair-customer-db", 4165]}, {"t": 1696615190, "d": ["acmeair-booking-db", 3486]}, {"t": 1696615190, "d": ["acmeair-bookingservice", 2665]}, {"t": 1696615190, "d": ["acmeair-customerservice", 2248]}, {"t": 1696615190, "d": ["acmeair-authservice", 232]}, {"t": 1696615190, "d": ["acmeair-flight-db", 126]}, {"t": 1696615190, "d": ["acmeair-mainservice", 0]}, {"t": 1696615200, "d": ["acmeair-flightservice", 7745]}, {"t": 1696615200, "d": ["acmeair-customer-db", 4436]}, {"t": 1696615200, "d": ["acmeair-booking-db", 3387]}, {"t": 1696615200, "d": ["acmeair-bookingservice", 2535]}, {"t": 1696615200, "d": ["acmeair-customerservice", 2155]}, {"t": 1696615200, "d": ["acmeair-authservice", 208]}, {"t": 1696615200, "d": ["acmeair-flight-db", 126]}, {"t": 1696615200, "d": ["acmeair-mainservice", 0]}, {"t": 1696615210, "d": ["acmeair-flightservice", 7282]}, {"t": 1696615210, "d": ["acmeair-customer-db", 4288]}, {"t": 1696615210, "d": ["acmeair-booking-db", 2894]}, {"t": 1696615210, "d": ["acmeair-bookingservice", 2195]}, {"t": 1696615210, "d": ["acmeair-customerservice", 1854]}, {"t": 1696615210, "d": ["acmeair-authservice", 191]}, {"t": 1696615210, "d": ["acmeair-flight-db", 140]}, {"t": 1696615210, "d": ["acmeair-mainservice", 0]}, {"t": 1696615220, "d": ["acmeair-flightservice", 6493]}, {"t": 1696615220, "d": ["acmeair-customer-db", 3693]}, {"t": 1696615220, "d": ["acmeair-booking-db", 3543]}, {"t": 1696615220, "d": ["acmeair-bookingservice", 2653]}, {"t": 1696615220, "d": ["acmeair-customerservice", 2244]}, {"t": 1696615220, "d": ["acmeair-authservice", 224]}, {"t": 1696615220, "d": ["acmeair-flight-db", 140]}, {"t": 1696615220, "d": ["acmeair-mainservice", 0]}, {"t": 1696615230, "d": ["acmeair-flightservice", 7603]}, {"t": 1696615230, "d": ["acmeair-customer-db", 4454]}, {"t": 1696615230, "d": ["acmeair-booking-db", 3493]}, {"t": 1696615230, "d": ["acmeair-bookingservice", 2666]}, {"t": 1696615230, "d": ["acmeair-customerservice", 2234]}, {"t": 1696615230, "d": ["acmeair-authservice", 233]}, {"t": 1696615230, "d": ["acmeair-flight-db", 140]}, {"t": 1696615230, "d": ["acmeair-mainservice", 0]}, {"t": 1696615240, "d": ["acmeair-flightservice", 7745]}, {"t": 1696615240, "d": ["acmeair-customer-db", 4429]}, {"t": 1696615240, "d": ["acmeair-booking-db", 3455]}, {"t": 1696615240, "d": ["acmeair-bookingservice", 2653]}, {"t": 1696615240, "d": ["acmeair-customerservice", 2231]}, {"t": 1696615240, "d": ["acmeair-authservice", 225]}, {"t": 1696615240, "d": ["acmeair-flight-db", 126]}, {"t": 1696615240, "d": ["acmeair-mainservice", 0]}, {"t": 1696615250, "d": ["acmeair-flightservice", 7692]}, {"t": 1696615250, "d": ["acmeair-customer-db", 4421]}, {"t": 1696615250, "d": ["acmeair-booking-db", 3084]}, {"t": 1696615250, "d": ["acmeair-bookingservice", 2363]}, {"t": 1696615250, "d": ["acmeair-customerservice", 1989]}, {"t": 1696615250, "d": ["acmeair-authservice", 191]}, {"t": 1696615250, "d": ["acmeair-flight-db", 140]}, {"t": 1696615250, "d": ["acmeair-mainservice", 0]}, {"t": 1696615260, "d": ["acmeair-flightservice", 7014]}, {"t": 1696615260, "d": ["acmeair-customer-db", 3934]}, {"t": 1696615260, "d": ["acmeair-booking-db", 3225]}, {"t": 1696615260, "d": ["acmeair-bookingservice", 2467]}, {"t": 1696615260, "d": ["acmeair-customerservice", 2075]}, {"t": 1696615260, "d": ["acmeair-authservice", 215]}, {"t": 1696615260, "d": ["acmeair-flight-db", 140]}, {"t": 1696615260, "d": ["acmeair-mainservice", 0]}, {"t": 1696615270, "d": ["acmeair-flightservice", 7307]}, {"t": 1696615270, "d": ["acmeair-customer-db", 4109]}, {"t": 1696615270, "d": ["acmeair-booking-db", 3409]}, {"t": 1696615270, "d": ["acmeair-bookingservice", 2578]}, {"t": 1696615270, "d": ["acmeair-customerservice", 2177]}, {"t": 1696615270, "d": ["acmeair-authservice", 214]}, {"t": 1696615270, "d": ["acmeair-flight-db", 112]}, {"t": 1696615270, "d": ["acmeair-mainservice", 0]}, {"t": 1696615280, "d": ["acmeair-flightservice", 7525]}, {"t": 1696615280, "d": ["acmeair-customer-db", 4330]}, {"t": 1696615280, "d": ["acmeair-booking-db", 3060]}, {"t": 1696615280, "d": ["acmeair-bookingservice", 2333]}, {"t": 1696615280, "d": ["acmeair-customerservice", 1954]}, {"t": 1696615280, "d": ["acmeair-authservice", 194]}, {"t": 1696615280, "d": ["acmeair-flight-db", 140]}, {"t": 1696615280, "d": ["acmeair-mainservice", 0]}, {"t": 1696615290, "d": ["acmeair-flightservice", 6895]}, {"t": 1696615290, "d": ["acmeair-customer-db", 3887]}, {"t": 1696615290, "d": ["acmeair-booking-db", 3430]}, {"t": 1696615290, "d": ["acmeair-bookingservice", 2611]}, {"t": 1696615290, "d": ["acmeair-customerservice", 2187]}, {"t": 1696615290, "d": ["acmeair-authservice", 234]}, {"t": 1696615290, "d": ["acmeair-flight-db", 112]}, {"t": 1696615290, "d": ["acmeair-mainservice", 0]}, {"t": 1696615300, "d": ["acmeair-flightservice", 7643]}, {"t": 1696615300, "d": ["acmeair-customer-db", 4335]}, {"t": 1696615300, "d": ["acmeair-booking-db", 3317]}, {"t": 1696615300, "d": ["acmeair-bookingservice", 2554]}, {"t": 1696615300, "d": ["acmeair-customerservice", 2141]}, {"t": 1696615300, "d": ["acmeair-authservice", 217]}, {"t": 1696615300, "d": ["acmeair-flight-db", 126]}, {"t": 1696615300, "d": ["acmeair-mainservice", 0]}, {"t": 1696615310, "d": ["acmeair-flightservice", 7625]}, {"t": 1696615310, "d": ["acmeair-customer-db", 4242]}, {"t": 1696615310, "d": ["acmeair-booking-db", 3445]}, {"t": 1696615310, "d": ["acmeair-bookingservice", 2574]}, {"t": 1696615310, "d": ["acmeair-customerservice", 2189]}, {"t": 1696615310, "d": ["acmeair-authservice", 207]}, {"t": 1696615310, "d": ["acmeair-flight-db", 126]}, {"t": 1696615310, "d": ["acmeair-mainservice", 0]}, {"t": 1696615320, "d": ["acmeair-flightservice", 7290]}, {"t": 1696615320, "d": ["acmeair-customer-db", 4348]}, {"t": 1696615320, "d": ["acmeair-booking-db", 3289]}, {"t": 1696615320, "d": ["acmeair-bookingservice", 2518]}, {"t": 1696615320, "d": ["acmeair-customerservice", 2110]}, {"t": 1696615320, "d": ["acmeair-authservice", 219]}, {"t": 1696615320, "d": ["acmeair-flight-db", 126]}, {"t": 1696615320, "d": ["acmeair-mainservice", 0]}, {"t": 1696615330, "d": ["acmeair-flightservice", 7365]}, {"t": 1696615330, "d": ["acmeair-customer-db", 4217]}, {"t": 1696615330, "d": ["acmeair-booking-db", 3406]}, {"t": 1696615330, "d": ["acmeair-bookingservice", 2605]}, {"t": 1696615330, "d": ["acmeair-customerservice", 2188]}, {"t": 1696615330, "d": ["acmeair-authservice", 221]}, {"t": 1696615330, "d": ["acmeair-flight-db", 140]}, {"t": 1696615330, "d": ["acmeair-mainservice", 0]}, {"t": 1696615340, "d": ["acmeair-flightservice", 7653]}, {"t": 1696615340, "d": ["acmeair-customer-db", 4324]}, {"t": 1696615340, "d": ["acmeair-booking-db", 3489]}, {"t": 1696615340, "d": ["acmeair-bookingservice", 2658]}, {"t": 1696615340, "d": ["acmeair-customerservice", 2250]}, {"t": 1696615340, "d": ["acmeair-authservice", 225]}, {"t": 1696615340, "d": ["acmeair-flight-db", 126]}, {"t": 1696615340, "d": ["acmeair-mainservice", 0]}, {"t": 1696615350, "d": ["acmeair-flightservice", 7689]}, {"t": 1696615350, "d": ["acmeair-customer-db", 4466]}, {"t": 1696615350, "d": ["acmeair-booking-db", 2710]}, {"t": 1696615350, "d": ["acmeair-bookingservice", 2047]}, {"t": 1696615350, "d": ["acmeair-customerservice", 1716]}, {"t": 1696615350, "d": ["acmeair-authservice", 178]}, {"t": 1696615350, "d": ["acmeair-flight-db", 70]}, {"t": 1696615350, "d": ["acmeair-mainservice", 0]}, {"t": 1696615360, "d": ["acmeair-flightservice", 6008]}, {"t": 1696615360, "d": ["acmeair-customer-db", 3455]}, {"t": 1696615360, "d": ["acmeair-booking-db", 3001]}, {"t": 1696615360, "d": ["acmeair-bookingservice", 2294]}, {"t": 1696615360, "d": ["acmeair-customerservice", 1932]}, {"t": 1696615360, "d": ["acmeair-authservice", 206]}, {"t": 1696615360, "d": ["acmeair-flight-db", 84]}, {"t": 1696615360, "d": ["acmeair-mainservice", 0]}, {"t": 1696615370, "d": ["acmeair-flightservice", 6732]}, {"t": 1696615370, "d": ["acmeair-customer-db", 3840]}, {"t": 1696615370, "d": ["acmeair-booking-db", 2683]}, {"t": 1696615370, "d": ["acmeair-bookingservice", 2027]}, {"t": 1696615370, "d": ["acmeair-customerservice", 1681]}, {"t": 1696615370, "d": ["acmeair-authservice", 162]}, {"t": 1696615370, "d": ["acmeair-flight-db", 140]}, {"t": 1696615370, "d": ["acmeair-mainservice", 0]}, {"t": 1696615380, "d": ["acmeair-flightservice", 5869]}, {"t": 1696615380, "d": ["acmeair-customer-db", 3406]}, {"t": 1696615380, "d": ["acmeair-booking-db", 2814]}, {"t": 1696615380, "d": ["acmeair-bookingservice", 2138]}, {"t": 1696615380, "d": ["acmeair-customerservice", 1804]}, {"t": 1696615380, "d": ["acmeair-authservice", 180]}, {"t": 1696615380, "d": ["acmeair-flight-db", 126]}, {"t": 1696615380, "d": ["acmeair-mainservice", 0]}, {"t": 1696615390, "d": ["acmeair-flightservice", 6190]}, {"t": 1696615390, "d": ["acmeair-customer-db", 3599]}, {"t": 1696615390, "d": ["acmeair-booking-db", 3222]}, {"t": 1696615390, "d": ["acmeair-bookingservice", 2452]}, {"t": 1696615390, "d": ["acmeair-customerservice", 2057]}, {"t": 1696615390, "d": ["acmeair-authservice", 224]}, {"t": 1696615390, "d": ["acmeair-flight-db", 126]}, {"t": 1696615390, "d": ["acmeair-mainservice", 0]}, {"t": 1696615400, "d": ["acmeair-flightservice", 7251]}, {"t": 1696615400, "d": ["acmeair-customer-db", 4088]}, {"t": 1696615400, "d": ["acmeair-booking-db", 2923]}, {"t": 1696615400, "d": ["acmeair-bookingservice", 2174]}, {"t": 1696615400, "d": ["acmeair-customerservice", 1841]}, {"t": 1696615400, "d": ["acmeair-authservice", 181]}, {"t": 1696615400, "d": ["acmeair-flight-db", 126]}, {"t": 1696615400, "d": ["acmeair-mainservice", 0]}, {"t": 1696615410, "d": ["acmeair-flightservice", 6305]}, {"t": 1696615410, "d": ["acmeair-customer-db", 3707]}, {"t": 1696615410, "d": ["acmeair-booking-db", 3205]}, {"t": 1696615410, "d": ["acmeair-bookingservice", 2440]}, {"t": 1696615410, "d": ["acmeair-customerservice", 2036]}, {"t": 1696615410, "d": ["acmeair-authservice", 218]}, {"t": 1696615410, "d": ["acmeair-flight-db", 126]}, {"t": 1696615410, "d": ["acmeair-mainservice", 0]}, {"t": 1696615420, "d": ["acmeair-flightservice", 7087]}, {"t": 1696615420, "d": ["acmeair-customer-db", 4078]}, {"t": 1696615420, "d": ["acmeair-booking-db", 3111]}, {"t": 1696615420, "d": ["acmeair-bookingservice", 2366]}, {"t": 1696615420, "d": ["acmeair-customerservice", 1986]}, {"t": 1696615420, "d": ["acmeair-authservice", 201]}, {"t": 1696615420, "d": ["acmeair-flight-db", 126]}, {"t": 1696615420, "d": ["acmeair-mainservice", 0]}, {"t": 1696615430, "d": ["acmeair-flightservice", 6881]}, {"t": 1696615430, "d": ["acmeair-customer-db", 3964]}, {"t": 1696615430, "d": ["acmeair-booking-db", 3450]}, {"t": 1696615430, "d": ["acmeair-bookingservice", 2617]}, {"t": 1696615430, "d": ["acmeair-customerservice", 2198]}, {"t": 1696615430, "d": ["acmeair-authservice", 207]}, {"t": 1696615430, "d": ["acmeair-flight-db", 138]}, {"t": 1696615430, "d": ["acmeair-mainservice", 0]}, {"t": 1696615440, "d": ["acmeair-flightservice", 7513]}, {"t": 1696615440, "d": ["acmeair-customer-db", 4379]}, {"t": 1696615440, "d": ["acmeair-booking-db", 3137]}, {"t": 1696615440, "d": ["acmeair-bookingservice", 2383]}, {"t": 1696615440, "d": ["acmeair-customerservice", 1992]}, {"t": 1696615440, "d": ["acmeair-authservice", 197]}, {"t": 1696615440, "d": ["acmeair-flight-db", 128]}, {"t": 1696615440, "d": ["acmeair-mainservice", 0]}, {"t": 1696615450, "d": ["acmeair-flightservice", 6923]}, {"t": 1696615450, "d": ["acmeair-customer-db", 3984]}, {"t": 1696615450, "d": ["acmeair-booking-db", 2956]}, {"t": 1696615450, "d": ["acmeair-bookingservice", 2192]}, {"t": 1696615450, "d": ["acmeair-customerservice", 1861]}, {"t": 1696615450, "d": ["acmeair-authservice", 174]}, {"t": 1696615450, "d": ["acmeair-flight-db", 112]}, {"t": 1696615450, "d": ["acmeair-mainservice", 0]}, {"t": 1696615460, "d": ["acmeair-flightservice", 6359]}, {"t": 1696615460, "d": ["acmeair-customer-db", 3735]}, {"t": 1696615460, "d": ["acmeair-booking-db", 3488]}, {"t": 1696615460, "d": ["acmeair-bookingservice", 2674]}, {"t": 1696615460, "d": ["acmeair-customerservice", 2234]}, {"t": 1696615460, "d": ["acmeair-authservice", 220]}, {"t": 1696615460, "d": ["acmeair-flight-db", 140]}, {"t": 1696615460, "d": ["acmeair-mainservice", 0]}, {"t": 1696615470, "d": ["acmeair-flightservice", 7758]}, {"t": 1696615470, "d": ["acmeair-customer-db", 4450]}, {"t": 1696615470, "d": ["acmeair-booking-db", 3431]}, {"t": 1696615470, "d": ["acmeair-bookingservice", 2634]}, {"t": 1696615470, "d": ["acmeair-customerservice", 2219]}, {"t": 1696615470, "d": ["acmeair-authservice", 223]}, {"t": 1696615470, "d": ["acmeair-flight-db", 112]}, {"t": 1696615470, "d": ["acmeair-mainservice", 0]}, {"t": 1696615480, "d": ["acmeair-flightservice", 7752]}, {"t": 1696615480, "d": ["acmeair-customer-db", 4384]}, {"t": 1696615480, "d": ["acmeair-booking-db", 3261]}, {"t": 1696615480, "d": ["acmeair-bookingservice", 2465]}, {"t": 1696615480, "d": ["acmeair-customerservice", 2068]}, {"t": 1696615480, "d": ["acmeair-authservice", 197]}, {"t": 1696615480, "d": ["acmeair-flight-db", 126]}, {"t": 1696615480, "d": ["acmeair-mainservice", 0]}, {"t": 1696615490, "d": ["acmeair-flightservice", 7152]}, {"t": 1696615490, "d": ["acmeair-customer-db", 4129]}, {"t": 1696615490, "d": ["acmeair-booking-db", 3495]}, {"t": 1696615490, "d": ["acmeair-bookingservice", 2672]}, {"t": 1696615490, "d": ["acmeair-customerservice", 2242]}, {"t": 1696615490, "d": ["acmeair-authservice", 217]}, {"t": 1696615490, "d": ["acmeair-flight-db", 140]}, {"t": 1696615490, "d": ["acmeair-mainservice", 0]}, {"t": 1696615500, "d": ["acmeair-flightservice", 7761]}, {"t": 1696615500, "d": ["acmeair-customer-db", 4435]}, {"t": 1696615500, "d": ["acmeair-booking-db", 3461]}, {"t": 1696615500, "d": ["acmeair-bookingservice", 2652]}, {"t": 1696615500, "d": ["acmeair-customerservice", 2218]}, {"t": 1696615500, "d": ["acmeair-authservice", 232]}, {"t": 1696615500, "d": ["acmeair-flight-db", 126]}, {"t": 1696615500, "d": ["acmeair-mainservice", 0]}, {"t": 1696615510, "d": ["acmeair-flightservice", 7724]}, {"t": 1696615510, "d": ["acmeair-customer-db", 4398]}, {"t": 1696615510, "d": ["acmeair-booking-db", 3148]}, {"t": 1696615510, "d": ["acmeair-bookingservice", 2434]}, {"t": 1696615510, "d": ["acmeair-customerservice", 2041]}, {"t": 1696615510, "d": ["acmeair-authservice", 209]}, {"t": 1696615510, "d": ["acmeair-flight-db", 112]}, {"t": 1696615510, "d": ["acmeair-mainservice", 0]}, {"t": 1696615520, "d": ["acmeair-flightservice", 7200]}, {"t": 1696615520, "d": ["acmeair-customer-db", 4048]}, {"t": 1696615520, "d": ["acmeair-booking-db", 3202]}, {"t": 1696615520, "d": ["acmeair-bookingservice", 2427]}, {"t": 1696615520, "d": ["acmeair-customerservice", 2036]}, {"t": 1696615520, "d": ["acmeair-authservice", 201]}, {"t": 1696615520, "d": ["acmeair-flight-db", 126]}, {"t": 1696615520, "d": ["acmeair-mainservice", 0]}, {"t": 1696615530, "d": ["acmeair-flightservice", 7036]}, {"t": 1696615530, "d": ["acmeair-customer-db", 4058]}, {"t": 1696615530, "d": ["acmeair-booking-db", 2891]}, {"t": 1696615530, "d": ["acmeair-bookingservice", 2203]}, {"t": 1696615530, "d": ["acmeair-customerservice", 1837]}, {"t": 1696615530, "d": ["acmeair-authservice", 178]}, {"t": 1696615530, "d": ["acmeair-flight-db", 126]}, {"t": 1696615530, "d": ["acmeair-mainservice", 0]}, {"t": 1696615540, "d": ["acmeair-flightservice", 6525]}, {"t": 1696615540, "d": ["acmeair-customer-db", 3694]}, {"t": 1696615540, "d": ["acmeair-booking-db", 3170]}, {"t": 1696615540, "d": ["acmeair-bookingservice", 2370]}, {"t": 1696615540, "d": ["acmeair-customerservice", 2007]}, {"t": 1696615540, "d": ["acmeair-authservice", 181]}, {"t": 1696615540, "d": ["acmeair-flight-db", 98]}, {"t": 1696615540, "d": ["acmeair-mainservice", 0]}, {"t": 1696615550, "d": ["acmeair-flightservice", 6795]}, {"t": 1696615550, "d": ["acmeair-customer-db", 4007]}, {"t": 1696615550, "d": ["acmeair-booking-db", 3178]}, {"t": 1696615550, "d": ["acmeair-bookingservice", 2432]}, {"t": 1696615550, "d": ["acmeair-customerservice", 2036]}, {"t": 1696615550, "d": ["acmeair-authservice", 208]}, {"t": 1696615550, "d": ["acmeair-flight-db", 98]}, {"t": 1696615550, "d": ["acmeair-mainservice", 0]}, {"t": 1696615560, "d": ["acmeair-flightservice", 7129]}, {"t": 1696615560, "d": ["acmeair-customer-db", 4044]}, {"t": 1696615560, "d": ["acmeair-booking-db", 3214]}, {"t": 1696615560, "d": ["acmeair-bookingservice", 2456]}, {"t": 1696615560, "d": ["acmeair-customerservice", 2066]}, {"t": 1696615560, "d": ["acmeair-authservice", 219]}, {"t": 1696615560, "d": ["acmeair-flight-db", 112]}, {"t": 1696615560, "d": ["acmeair-mainservice", 0]}, {"t": 1696615570, "d": ["acmeair-flightservice", 7223]}, {"t": 1696615570, "d": ["acmeair-customer-db", 4090]}, {"t": 1696615570, "d": ["acmeair-booking-db", 3388]}, {"t": 1696615570, "d": ["acmeair-bookingservice", 2580]}, {"t": 1696615570, "d": ["acmeair-customerservice", 2173]}, {"t": 1696615570, "d": ["acmeair-authservice", 224]}, {"t": 1696615570, "d": ["acmeair-flight-db", 125]}, {"t": 1696615570, "d": ["acmeair-mainservice", 0]}, {"t": 1696615580, "d": ["acmeair-flightservice", 7523]}, {"t": 1696615580, "d": ["acmeair-customer-db", 4315]}, {"t": 1696615580, "d": ["acmeair-booking-db", 3502]}, {"t": 1696615580, "d": ["acmeair-bookingservice", 2654]}, {"t": 1696615580, "d": ["acmeair-customerservice", 2220]}, {"t": 1696615580, "d": ["acmeair-authservice", 219]}, {"t": 1696615580, "d": ["acmeair-flight-db", 126]}, {"t": 1696615580, "d": ["acmeair-mainservice", 0]}, {"t": 1696615590, "d": ["acmeair-flightservice", 7602]}, {"t": 1696615590, "d": ["acmeair-customer-db", 4433]}, {"t": 1696615590, "d": ["acmeair-booking-db", 3392]}, {"t": 1696615590, "d": ["acmeair-bookingservice", 2588]}, {"t": 1696615590, "d": ["acmeair-customerservice", 2156]}, {"t": 1696615590, "d": ["acmeair-authservice", 203]}, {"t": 1696615590, "d": ["acmeair-flight-db", 112]}, {"t": 1696615590, "d": ["acmeair-mainservice", 0]}, {"t": 1696615600, "d": ["acmeair-flightservice", 7614]}, {"t": 1696615600, "d": ["acmeair-customer-db", 4300]}, {"t": 1696615600, "d": ["acmeair-booking-db", 3409]}, {"t": 1696615600, "d": ["acmeair-bookingservice", 2604]}, {"t": 1696615600, "d": ["acmeair-customerservice", 2197]}, {"t": 1696615600, "d": ["acmeair-authservice", 225]}, {"t": 1696615600, "d": ["acmeair-flight-db", 126]}, {"t": 1696615600, "d": ["acmeair-mainservice", 0]}, {"t": 1696615610, "d": ["acmeair-flightservice", 7560]}, {"t": 1696615610, "d": ["acmeair-customer-db", 4343]}, {"t": 1696615610, "d": ["acmeair-booking-db", 3476]}, {"t": 1696615610, "d": ["acmeair-bookingservice", 2663]}, {"t": 1696615610, "d": ["acmeair-customerservice", 2224]}, {"t": 1696615610, "d": ["acmeair-authservice", 241]}, {"t": 1696615610, "d": ["acmeair-flight-db", 112]}, {"t": 1696615610, "d": ["acmeair-mainservice", 0]}, {"t": 1696615620, "d": ["acmeair-flightservice", 7834]}, {"t": 1696615620, "d": ["acmeair-customer-db", 4420]}, {"t": 1696615620, "d": ["acmeair-booking-db", 2732]}, {"t": 1696615620, "d": ["acmeair-bookingservice", 2074]}, {"t": 1696615620, "d": ["acmeair-customerservice", 1718]}, {"t": 1696615620, "d": ["acmeair-authservice", 167]}, {"t": 1696615620, "d": ["acmeair-flight-db", 126]}, {"t": 1696615620, "d": ["acmeair-mainservice", 0]}, {"t": 1696615630, "d": ["acmeair-flightservice", 6103]}, {"t": 1696615630, "d": ["acmeair-customer-db", 3467]}, {"t": 1696615630, "d": ["acmeair-booking-db", 929]}, {"t": 1696615630, "d": ["acmeair-bookingservice", 608]}, {"t": 1696615630, "d": ["acmeair-customerservice", 506]}, {"t": 1696615630, "d": ["acmeair-authservice", 32]}, {"t": 1696615630, "d": ["acmeair-flight-db", 140]}, {"t": 1696615630, "d": ["acmeair-mainservice", 0]}, {"t": 1696615640, "d": ["acmeair-flightservice", 1851]}, {"t": 1696615640, "d": ["acmeair-customer-db", 1149]}, {"t": 1696615640, "d": ["acmeair-booking-db", 140]}, {"t": 1696615640, "d": ["acmeair-bookingservice", 3]}, {"t": 1696615640, "d": ["acmeair-customerservice", 3]}, {"t": 1696615640, "d": ["acmeair-authservice", 2]}, {"t": 1696615640, "d": ["acmeair-flight-db", 140]}, {"t": 1696615640, "d": ["acmeair-mainservice", 0]}, {"t": 1696615650, "d": ["acmeair-flightservice", 3]}, {"t": 1696615650, "d": ["acmeair-customer-db", 140]}, {"t": 1696615650, "d": ["acmeair-booking-db", 140]}, {"t": 1696615650, "d": ["acmeair-bookingservice", 3]}, {"t": 1696615650, "d": ["acmeair-customerservice", 3]}, {"t": 1696615650, "d": ["acmeair-authservice", 3]}, {"t": 1696615650, "d": ["acmeair-flight-db", 56]}, {"t": 1696615650, "d": ["acmeair-mainservice", 0]}, {"t": 1696615660, "d": ["acmeair-flightservice", 3]}, {"t": 1696615660, "d": ["acmeair-customer-db", 140]}, {"t": 1696615660, "d": ["acmeair-booking-db", 140]}, {"t": 1696615660, "d": ["acmeair-bookingservice", 2]}, {"t": 1696615660, "d": ["acmeair-customerservice", 2]}, {"t": 1696615660, "d": ["acmeair-authservice", 3]}, {"t": 1696615660, "d": ["acmeair-flight-db", 99]}, {"t": 1696615660, "d": ["acmeair-mainservice", 0]}, {"t": 1696615670, "d": ["acmeair-flightservice", 2]}, {"t": 1696615670, "d": ["acmeair-customer-db", 140]}, {"t": 1696615670, "d": ["acmeair-booking-db", 140]}, {"t": 1696615670, "d": ["acmeair-bookingservice", 3]}, {"t": 1696615670, "d": ["acmeair-customerservice", 3]}, {"t": 1696615670, "d": ["acmeair-authservice", 2]}, {"t": 1696615670, "d": ["acmeair-flight-db", 140]}, {"t": 1696615670, "d": ["acmeair-mainservice", 0]}], "start": 1696615070, "end": 1696615670}