{"data": [{"t": 1696615080, "d": ["acmeair-bookingservice", 519874482]}, {"t": 1696615080, "d": ["acmeair-customerservice", 53429764]}, {"t": 1696615080, "d": ["acmeair-flightservice", 47599991]}, {"t": 1696615080, "d": ["acmeair-authservice", 28450026]}, {"t": 1696615080, "d": ["acmeair-mainservice", 386700]}, {"t": 1696615090, "d": ["acmeair-bookingservice", 282296436]}, {"t": 1696615090, "d": ["acmeair-customerservice", 41567125]}, {"t": 1696615090, "d": ["acmeair-flightservice", 28411400]}, {"t": 1696615090, "d": ["acmeair-authservice", 44068812]}, {"t": 1696615090, "d": ["acmeair-mainservice", 469039]}, {"t": 1696615100, "d": ["acmeair-bookingservice", 135181882]}, {"t": 1696615100, "d": ["acmeair-customerservice", 64894126]}, {"t": 1696615100, "d": ["acmeair-flightservice", 40515842]}, {"t": 1696615100, "d": ["acmeair-authservice", 40148897]}, {"t": 1696615100, "d": ["acmeair-mainservice", 551300]}, {"t": 1696615110, "d": ["acmeair-bookingservice", 133744165]}, {"t": 1696615110, "d": ["acmeair-customerservice", 55810875]}, {"t": 1696615110, "d": ["acmeair-flightservice", 18901868]}, {"t": 1696615110, "d": ["acmeair-authservice", 35129886]}, {"t": 1696615110, "d": ["acmeair-mainservice", 691995]}, {"t": 1696615120, "d": ["acmeair-bookingservice", 125905729]}, {"t": 1696615120, "d": ["acmeair-customerservice", 64910494]}, {"t": 1696615120, "d": ["acmeair-flightservice", 25300636]}, {"t": 1696615120, "d": ["acmeair-authservice", 53624103]}, {"t": 1696615120, "d": ["acmeair-mainservice", 373877]}, {"t": 1696615130, "d": ["acmeair-bookingservice", 267427462]}, {"t": 1696615130, "d": ["acmeair-customerservice", 80833357]}, {"t": 1696615130, "d": ["acmeair-flightservice", 45101646]}, {"t": 1696615130, "d": ["acmeair-authservice", 45270899]}, {"t": 1696615130, "d": ["acmeair-mainservice", 850520]}, {"t": 1696615140, "d": ["acmeair-bookingservice", 98820975]}, {"t": 1696615140, "d": ["acmeair-customerservice", 53786061]}, {"t": 1696615140, "d": ["acmeair-flightservice", 33503929]}, {"t": 1696615140, "d": ["acmeair-authservice", 25819491]}, {"t": 1696615140, "d": ["acmeair-mainservice", 879004]}, {"t": 1696615150, "d": ["acmeair-bookingservice", 165907320]}, {"t": 1696615150, "d": ["acmeair-customerservice", 57686205]}, {"t": 1696615150, "d": ["acmeair-flightservice", 29828068]}, {"t": 1696615150, "d": ["acmeair-authservice", 48219085]}, {"t": 1696615150, "d": ["acmeair-mainservice", 488690]}, {"t": 1696615160, "d": ["acmeair-bookingservice", 293108368]}, {"t": 1696615160, "d": ["acmeair-customerservice", 59556340]}, {"t": 1696615160, "d": ["acmeair-flightservice", 40628322]}, {"t": 1696615160, "d": ["acmeair-authservice", 51459237]}, {"t": 1696615160, "d": ["acmeair-mainservice", 685630]}, {"t": 1696615170, "d": ["acmeair-bookingservice", 799666161]}, {"t": 1696615170, "d": ["acmeair-customerservice", 54243895]}, {"t": 1696615170, "d": ["acmeair-flightservice", 65913536]}, {"t": 1696615170, "d": ["acmeair-authservice", 62600591]}, {"t": 1696615170, "d": ["acmeair-mainservice", 607299]}, {"t": 1696615180, "d": ["acmeair-bookingservice", 348882889]}, {"t": 1696615180, "d": ["acmeair-customerservice", 49007967]}, {"t": 1696615180, "d": ["acmeair-flightservice", 34826461]}, {"t": 1696615180, "d": ["acmeair-authservice", 26808755]}, {"t": 1696615180, "d": ["acmeair-mainservice", 518269]}, {"t": 1696615190, "d": ["acmeair-bookingservice", 264628588]}, {"t": 1696615190, "d": ["acmeair-customerservice", 45716108]}, {"t": 1696615190, "d": ["acmeair-flightservice", 39702213]}, {"t": 1696615190, "d": ["acmeair-authservice", 39489561]}, {"t": 1696615190, "d": ["acmeair-mainservice", 476754]}, {"t": 1696615200, "d": ["acmeair-bookingservice", 448028985]}, {"t": 1696615200, "d": ["acmeair-customerservice", 42278854]}, {"t": 1696615200, "d": ["acmeair-flightservice", 23697959]}, {"t": 1696615200, "d": ["acmeair-authservice", 46789095]}, {"t": 1696615200, "d": ["acmeair-mainservice", 416357]}, {"t": 1696615210, "d": ["acmeair-bookingservice", 390609424]}, {"t": 1696615210, "d": ["acmeair-customerservice", 42843095]}, {"t": 1696615210, "d": ["acmeair-flightservice", 166348649]}, {"t": 1696615210, "d": ["acmeair-authservice", 69464115]}, {"t": 1696615210, "d": ["acmeair-mainservice", 390970]}, {"t": 1696615220, "d": ["acmeair-bookingservice", 339510243]}, {"t": 1696615220, "d": ["acmeair-customerservice", 63901596]}, {"t": 1696615220, "d": ["acmeair-flightservice", 45657341]}, {"t": 1696615220, "d": ["acmeair-authservice", 46319979]}, {"t": 1696615220, "d": ["acmeair-mainservice", 404284]}, {"t": 1696615230, "d": ["acmeair-bookingservice", 124233316]}, {"t": 1696615230, "d": ["acmeair-customerservice", 79329465]}, {"t": 1696615230, "d": ["acmeair-flightservice", 21583400]}, {"t": 1696615230, "d": ["acmeair-authservice", 32217328]}, {"t": 1696615230, "d": ["acmeair-mainservice", 517396]}, {"t": 1696615240, "d": ["acmeair-bookingservice", 206582163]}, {"t": 1696615240, "d": ["acmeair-customerservice", 78339656]}, {"t": 1696615240, "d": ["acmeair-flightservice", 18223306]}, {"t": 1696615240, "d": ["acmeair-authservice", 62602011]}, {"t": 1696615240, "d": ["acmeair-mainservice", 628813]}, {"t": 1696615250, "d": ["acmeair-bookingservice", 352438506]}, {"t": 1696615250, "d": ["acmeair-customerservice", 69614707]}, {"t": 1696615250, "d": ["acmeair-flightservice", 43647993]}, {"t": 1696615250, "d": ["acmeair-authservice", 54248763]}, {"t": 1696615250, "d": ["acmeair-mainservice", 7730053]}, {"t": 1696615260, "d": ["acmeair-bookingservice", 163008688]}, {"t": 1696615260, "d": ["acmeair-customerservice", 65434914]}, {"t": 1696615260, "d": ["acmeair-flightservice", 32624443]}, {"t": 1696615260, "d": ["acmeair-authservice", 34661635]}, {"t": 1696615260, "d": ["acmeair-mainservice", 459000]}, {"t": 1696615270, "d": ["acmeair-bookingservice", 146158487]}, {"t": 1696615270, "d": ["acmeair-customerservice", 67712138]}, {"t": 1696615270, "d": ["acmeair-flightservice", 40160554]}, {"t": 1696615270, "d": ["acmeair-authservice", 39987973]}, {"t": 1696615270, "d": ["acmeair-mainservice", 3187461]}, {"t": 1696615280, "d": ["acmeair-bookingservice", 685369871]}, {"t": 1696615280, "d": ["acmeair-customerservice", 76309249]}, {"t": 1696615280, "d": ["acmeair-flightservice", 23017581]}, {"t": 1696615280, "d": ["acmeair-authservice", 39080799]}, {"t": 1696615280, "d": ["acmeair-mainservice", 628146]}, {"t": 1696615290, "d": ["acmeair-bookingservice", 345037801]}, {"t": 1696615290, "d": ["acmeair-customerservice", 85046117]}, {"t": 1696615290, "d": ["acmeair-flightservice", 53135961]}, {"t": 1696615290, "d": ["acmeair-authservice", 37043851]}, {"t": 1696615290, "d": ["acmeair-mainservice", 445213]}, {"t": 1696615300, "d": ["acmeair-bookingservice", 125637806]}, {"t": 1696615300, "d": ["acmeair-customerservice", 54122141]}, {"t": 1696615300, "d": ["acmeair-flightservice", 27704388]}, {"t": 1696615300, "d": ["acmeair-authservice", 51780215]}, {"t": 1696615300, "d": ["acmeair-mainservice", 6562593]}, {"t": 1696615310, "d": ["acmeair-bookingservice", 458771283]}, {"t": 1696615310, "d": ["acmeair-customerservice", 71161627]}, {"t": 1696615310, "d": ["acmeair-flightservice", 108082424]}, {"t": 1696615310, "d": ["acmeair-authservice", 62161680]}, {"t": 1696615310, "d": ["acmeair-mainservice", 1167833]}, {"t": 1696615320, "d": ["acmeair-bookingservice", 362217378]}, {"t": 1696615320, "d": ["acmeair-customerservice", 61677890]}, {"t": 1696615320, "d": ["acmeair-flightservice", 42081754]}, {"t": 1696615320, "d": ["acmeair-authservice", 82075195]}, {"t": 1696615320, "d": ["acmeair-mainservice", 532037]}, {"t": 1696615330, "d": ["acmeair-bookingservice", 181338158]}, {"t": 1696615330, "d": ["acmeair-customerservice", 65633765]}, {"t": 1696615330, "d": ["acmeair-flightservice", 22638720]}, {"t": 1696615330, "d": ["acmeair-authservice", 36815102]}, {"t": 1696615330, "d": ["acmeair-mainservice", 2039323]}, {"t": 1696615340, "d": ["acmeair-bookingservice", 269541762]}, {"t": 1696615340, "d": ["acmeair-customerservice", 74358275]}, {"t": 1696615340, "d": ["acmeair-flightservice", 62409768]}, {"t": 1696615340, "d": ["acmeair-authservice", 61411565]}, {"t": 1696615340, "d": ["acmeair-mainservice", 547464]}, {"t": 1696615350, "d": ["acmeair-bookingservice", 753505134]}, {"t": 1696615350, "d": ["acmeair-customerservice", 50961173]}, {"t": 1696615350, "d": ["acmeair-flightservice", 43407662]}, {"t": 1696615350, "d": ["acmeair-authservice", 32337195]}, {"t": 1696615350, "d": ["acmeair-mainservice", 408389]}, {"t": 1696615360, "d": ["acmeair-bookingservice", 385296754]}, {"t": 1696615360, "d": ["acmeair-customerservice", 65537285]}, {"t": 1696615360, "d": ["acmeair-flightservice", 59127948]}, {"t": 1696615360, "d": ["acmeair-authservice", 48756888]}, {"t": 1696615360, "d": ["acmeair-mainservice", 664609]}, {"t": 1696615370, "d": ["acmeair-bookingservice", 667704631]}, {"t": 1696615370, "d": ["acmeair-customerservice", 94219620]}, {"t": 1696615370, "d": ["acmeair-flightservice", 76110669]}, {"t": 1696615370, "d": ["acmeair-authservice", 79035465]}, {"t": 1696615370, "d": ["acmeair-mainservice", 803002]}, {"t": 1696615380, "d": ["acmeair-bookingservice", 541732151]}, {"t": 1696615380, "d": ["acmeair-customerservice", 51850705]}, {"t": 1696615380, "d": ["acmeair-flightservice", 73076225]}, {"t": 1696615380, "d": ["acmeair-authservice", 38667867]}, {"t": 1696615380, "d": ["acmeair-mainservice", 1212434]}, {"t": 1696615390, "d": ["acmeair-bookingservice", 330401363]}, {"t": 1696615390, "d": ["acmeair-customerservice", 49569949]}, {"t": 1696615390, "d": ["acmeair-flightservice", 28447191]}, {"t": 1696615390, "d": ["acmeair-authservice", 38368694]}, {"t": 1696615390, "d": ["acmeair-mainservice", 496869]}, {"t": 1696615400, "d": ["acmeair-bookingservice", 313681087]}, {"t": 1696615400, "d": ["acmeair-customerservice", 113986643]}, {"t": 1696615400, "d": ["acmeair-flightservice", 45804003]}, {"t": 1696615400, "d": ["acmeair-authservice", 63294196]}, {"t": 1696615400, "d": ["acmeair-mainservice", 1916201]}, {"t": 1696615410, "d": ["acmeair-bookingservice", 453408976]}, {"t": 1696615410, "d": ["acmeair-customerservice", 62618790]}, {"t": 1696615410, "d": ["acmeair-flightservice", 93980437]}, {"t": 1696615410, "d": ["acmeair-authservice", 50257673]}, {"t": 1696615410, "d": ["acmeair-mainservice", 534068]}, {"t": 1696615420, "d": ["acmeair-bookingservice", 117501249]}, {"t": 1696615420, "d": ["acmeair-customerservice", 48185330]}, {"t": 1696615420, "d": ["acmeair-flightservice", 26608338]}, {"t": 1696615420, "d": ["acmeair-authservice", 42182543]}, {"t": 1696615420, "d": ["acmeair-mainservice", 886420]}, {"t": 1696615430, "d": ["acmeair-bookingservice", 475231036]}, {"t": 1696615430, "d": ["acmeair-customerservice", 102841588]}, {"t": 1696615430, "d": ["acmeair-flightservice", 45179064]}, {"t": 1696615430, "d": ["acmeair-authservice", 84103667]}, {"t": 1696615430, "d": ["acmeair-mainservice", 555873]}, {"t": 1696615440, "d": ["acmeair-bookingservice", 759918618]}, {"t": 1696615440, "d": ["acmeair-customerservice", 70701399]}, {"t": 1696615440, "d": ["acmeair-flightservice", 44690675]}, {"t": 1696615440, "d": ["acmeair-authservice", 180527200]}, {"t": 1696615440, "d": ["acmeair-mainservice", 805814]}, {"t": 1696615450, "d": ["acmeair-bookingservice", 224989628]}, {"t": 1696615450, "d": ["acmeair-customerservice", 45640742]}, {"t": 1696615450, "d": ["acmeair-flightservice", 34067230]}, {"t": 1696615450, "d": ["acmeair-authservice", 39818457]}, {"t": 1696615450, "d": ["acmeair-mainservice", 2234393]}, {"t": 1696615460, "d": ["acmeair-bookingservice", 119385957]}, {"t": 1696615460, "d": ["acmeair-customerservice", 55370169]}, {"t": 1696615460, "d": ["acmeair-flightservice", 29744987]}, {"t": 1696615460, "d": ["acmeair-authservice", 40240767]}, {"t": 1696615460, "d": ["acmeair-mainservice", 730280]}, {"t": 1696615470, "d": ["acmeair-bookingservice", 223372644]}, {"t": 1696615470, "d": ["acmeair-customerservice", 56249450]}, {"t": 1696615470, "d": ["acmeair-flightservice", 84270352]}, {"t": 1696615470, "d": ["acmeair-authservice", 41531491]}, {"t": 1696615470, "d": ["acmeair-mainservice", 479026]}, {"t": 1696615480, "d": ["acmeair-bookingservice", 361935762]}, {"t": 1696615480, "d": ["acmeair-customerservice", 93012231]}, {"t": 1696615480, "d": ["acmeair-flightservice", 38802871]}, {"t": 1696615480, "d": ["acmeair-authservice", 42152732]}, {"t": 1696615480, "d": ["acmeair-mainservice", 2087061]}, {"t": 1696615490, "d": ["acmeair-bookingservice", 109703835]}, {"t": 1696615490, "d": ["acmeair-customerservice", 85513077]}, {"t": 1696615490, "d": ["acmeair-flightservice", 29674330]}, {"t": 1696615490, "d": ["acmeair-authservice", 45466678]}, {"t": 1696615490, "d": ["acmeair-mainservice", 4950385]}, {"t": 1696615500, "d": ["acmeair-bookingservice", 128291205]}, {"t": 1696615500, "d": ["acmeair-customerservice", 87264694]}, {"t": 1696615500, "d": ["acmeair-flightservice", 43712492]}, {"t": 1696615500, "d": ["acmeair-authservice", 45908218]}, {"t": 1696615500, "d": ["acmeair-mainservice", 3868151]}, {"t": 1696615510, "d": ["acmeair-bookingservice", 608448303]}, {"t": 1696615510, "d": ["acmeair-customerservice", 68403975]}, {"t": 1696615510, "d": ["acmeair-flightservice", 43105148]}, {"t": 1696615510, "d": ["acmeair-authservice", 52083650]}, {"t": 1696615510, "d": ["acmeair-mainservice", 625876]}, {"t": 1696615520, "d": ["acmeair-bookingservice", 261815053]}, {"t": 1696615520, "d": ["acmeair-customerservice", 90857364]}, {"t": 1696615520, "d": ["acmeair-flightservice", 139758974]}, {"t": 1696615520, "d": ["acmeair-authservice", 81517706]}, {"t": 1696615520, "d": ["acmeair-mainservice", 554890]}, {"t": 1696615530, "d": ["acmeair-bookingservice", 379028440]}, {"t": 1696615530, "d": ["acmeair-customerservice", 93920665]}, {"t": 1696615530, "d": ["acmeair-flightservice", 86168772]}, {"t": 1696615530, "d": ["acmeair-authservice", 78069492]}, {"t": 1696615530, "d": ["acmeair-mainservice", 3121127]}, {"t": 1696615540, "d": ["acmeair-bookingservice", 399624725]}, {"t": 1696615540, "d": ["acmeair-customerservice", 42323787]}, {"t": 1696615540, "d": ["acmeair-flightservice", 61264703]}, {"t": 1696615540, "d": ["acmeair-authservice", 41982717]}, {"t": 1696615540, "d": ["acmeair-mainservice", 2134180]}, {"t": 1696615550, "d": ["acmeair-bookingservice", 534698660]}, {"t": 1696615550, "d": ["acmeair-customerservice", 91443827]}, {"t": 1696615550, "d": ["acmeair-flightservice", 34449644]}, {"t": 1696615550, "d": ["acmeair-authservice", 68032385]}, {"t": 1696615550, "d": ["acmeair-mainservice", 5436355]}, {"t": 1696615560, "d": ["acmeair-bookingservice", 512104610]}, {"t": 1696615560, "d": ["acmeair-customerservice", 64963752]}, {"t": 1696615560, "d": ["acmeair-flightservice", 99850468]}, {"t": 1696615560, "d": ["acmeair-authservice", 47208851]}, {"t": 1696615560, "d": ["acmeair-mainservice", 485769]}, {"t": 1696615570, "d": ["acmeair-bookingservice", 490514055]}, {"t": 1696615570, "d": ["acmeair-customerservice", 83840460]}, {"t": 1696615570, "d": ["acmeair-flightservice", 25442436]}, {"t": 1696615570, "d": ["acmeair-authservice", 92427432]}, {"t": 1696615570, "d": ["acmeair-mainservice", 4121774]}, {"t": 1696615580, "d": ["acmeair-bookingservice", 426472049]}, {"t": 1696615580, "d": ["acmeair-customerservice", 113899253]}, {"t": 1696615580, "d": ["acmeair-flightservice", 40688882]}, {"t": 1696615580, "d": ["acmeair-authservice", 65005665]}, {"t": 1696615580, "d": ["acmeair-mainservice", 2309578]}, {"t": 1696615590, "d": ["acmeair-bookingservice", 252314709]}, {"t": 1696615590, "d": ["acmeair-customerservice", 94874031]}, {"t": 1696615590, "d": ["acmeair-flightservice", 46650484]}, {"t": 1696615590, "d": ["acmeair-authservice", 86281602]}, {"t": 1696615590, "d": ["acmeair-mainservice", 649288]}, {"t": 1696615600, "d": ["acmeair-bookingservice", 244002833]}, {"t": 1696615600, "d": ["acmeair-customerservice", 87164457]}, {"t": 1696615600, "d": ["acmeair-flightservice", 28096147]}, {"t": 1696615600, "d": ["acmeair-authservice", 43574242]}, {"t": 1696615600, "d": ["acmeair-mainservice", 441278]}, {"t": 1696615610, "d": ["acmeair-bookingservice", 196281617]}, {"t": 1696615610, "d": ["acmeair-customerservice", 70756057]}, {"t": 1696615610, "d": ["acmeair-flightservice", 34118144]}, {"t": 1696615610, "d": ["acmeair-authservice", 46132244]}, {"t": 1696615610, "d": ["acmeair-mainservice", 1305588]}, {"t": 1696615620, "d": ["acmeair-bookingservice", 303470592]}, {"t": 1696615620, "d": ["acmeair-customerservice", 80297339]}, {"t": 1696615620, "d": ["acmeair-flightservice", 41493811]}, {"t": 1696615620, "d": ["acmeair-authservice", 68476484]}, {"t": 1696615620, "d": ["acmeair-mainservice", 568415]}, {"t": 1696615630, "d": ["acmeair-bookingservice", 76492208]}, {"t": 1696615630, "d": ["acmeair-customerservice", 41997271]}, {"t": 1696615630, "d": ["acmeair-flightservice", 25739521]}, {"t": 1696615630, "d": ["acmeair-authservice", 27865865]}, {"t": 1696615630, "d": ["acmeair-mainservice", 2291769]}, {"t": 1696615640, "d": ["acmeair-bookingservice", 11528401]}, {"t": 1696615640, "d": ["acmeair-customerservice", 23319743]}, {"t": 1696615640, "d": ["acmeair-flightservice", 48273458]}, {"t": 1696615640, "d": ["acmeair-authservice", 1256931]}, {"t": 1696615640, "d": ["acmeair-mainservice", 2009700]}, {"t": 1696615650, "d": ["acmeair-bookingservice", 26458661]}, {"t": 1696615650, "d": ["acmeair-customerservice", 17614493]}, {"t": 1696615650, "d": ["acmeair-flightservice", 7082151]}, {"t": 1696615650, "d": ["acmeair-authservice", 1359344]}, {"t": 1696615650, "d": ["acmeair-mainservice", 481609]}, {"t": 1696615660, "d": ["acmeair-bookingservice", 19143575]}, {"t": 1696615660, "d": ["acmeair-customerservice", 31907816]}, {"t": 1696615660, "d": ["acmeair-flightservice", 8971612]}, {"t": 1696615660, "d": ["acmeair-authservice", 1475801]}, {"t": 1696615660, "d": ["acmeair-mainservice", 17576650]}, {"t": 1696615670, "d": ["acmeair-bookingservice", 10701603]}, {"t": 1696615670, "d": ["acmeair-customerservice", 14520006]}, {"t": 1696615670, "d": ["acmeair-flightservice", 94723829]}, {"t": 1696615670, "d": ["acmeair-authservice", 1487776]}, {"t": 1696615670, "d": ["acmeair-mainservice", 1090734]}], "start": 1696615070, "end": 1696615670}