{"data": [{"t": 1696563200, "d": ["acmeair-booking-db", 22.725]}, {"t": 1696563200, "d": ["acmeair-bookingservice", 10.85625]}, {"t": 1696563200, "d": ["acmeair-customerservice", 6.81625]}, {"t": 1696563200, "d": ["acmeair-authservice", 3.43775]}, {"t": 1696563200, "d": ["acmeair-customer-db", 0.2995]}, {"t": 1696563200, "d": ["acmeair-flight-db", 0.26]}, {"t": 1696563200, "d": ["acmeair-flightservice", 0.17625]}, {"t": 1696563200, "d": ["acmeair-mainservice", 0.11925]}, {"t": 1696563210, "d": ["acmeair-booking-db", 25.37]}, {"t": 1696563210, "d": ["acmeair-bookingservice", 12.38775]}, {"t": 1696563210, "d": ["acmeair-customerservice", 6.67725]}, {"t": 1696563210, "d": ["acmeair-authservice", 2]}, {"t": 1696563210, "d": ["acmeair-customer-db", 3.729]}, {"t": 1696563210, "d": ["acmeair-flight-db", 0.27]}, {"t": 1696563210, "d": ["acmeair-flightservice", 10.308]}, {"t": 1696563210, "d": ["acmeair-mainservice", 0.1155]}, {"t": 1696563220, "d": ["acmeair-booking-db", 17.926]}, {"t": 1696563220, "d": ["acmeair-bookingservice", 9.42875]}, {"t": 1696563220, "d": ["acmeair-customerservice", 5.3305]}, {"t": 1696563220, "d": ["acmeair-authservice", 1.4375]}, {"t": 1696563220, "d": ["acmeair-customer-db", 3.84925]}, {"t": 1696563220, "d": ["acmeair-flight-db", 0.284501]}, {"t": 1696563220, "d": ["acmeair-flightservice", 9.72475]}, {"t": 1696563220, "d": ["acmeair-mainservice", 0.12325]}, {"t": 1696563230, "d": ["acmeair-booking-db", 1.05725]}, {"t": 1696563230, "d": ["acmeair-bookingservice", 0.689]}, {"t": 1696563230, "d": ["acmeair-customerservice", 0.424001]}, {"t": 1696563230, "d": ["acmeair-authservice", 0.30875]}, {"t": 1696563230, "d": ["acmeair-customer-db", 3.0685]}, {"t": 1696563230, "d": ["acmeair-flight-db", 0.273]}, {"t": 1696563230, "d": ["acmeair-flightservice", 6.63725]}, {"t": 1696563230, "d": ["acmeair-mainservice", 0.11925]}, {"t": 1696563240, "d": ["acmeair-booking-db", 0.95225]}, {"t": 1696563240, "d": ["acmeair-bookingservice", 0.379]}, {"t": 1696563240, "d": ["acmeair-customerservice", 0.262]}, {"t": 1696563240, "d": ["acmeair-authservice", 0.22825]}, {"t": 1696563240, "d": ["acmeair-customer-db", 0.40225]}, {"t": 1696563240, "d": ["acmeair-flight-db", 0.26725]}, {"t": 1696563240, "d": ["acmeair-flightservice", 0.43625]}, {"t": 1696563240, "d": ["acmeair-mainservice", 0.12975]}, {"t": 1696563250, "d": ["acmeair-booking-db", 0.362]}, {"t": 1696563250, "d": ["acmeair-bookingservice", 0.245251]}, {"t": 1696563250, "d": ["acmeair-customerservice", 0.148]}, {"t": 1696563250, "d": ["acmeair-authservice", 0.1875]}, {"t": 1696563250, "d": ["acmeair-customer-db", 0.334]}, {"t": 1696563250, "d": ["acmeair-flight-db", 0.26725]}, {"t": 1696563250, "d": ["acmeair-flightservice", 0.30275]}, {"t": 1696563250, "d": ["acmeair-mainservice", 0.12175]}, {"t": 1696563260, "d": ["acmeair-booking-db", 1.05925]}, {"t": 1696563260, "d": ["acmeair-bookingservice", 0.67275]}, {"t": 1696563260, "d": ["acmeair-customerservice", 0.559]}, {"t": 1696563260, "d": ["acmeair-authservice", 0.237251]}, {"t": 1696563260, "d": ["acmeair-customer-db", 0.32175]}, {"t": 1696563260, "d": ["acmeair-flight-db", 0.274]}, {"t": 1696563260, "d": ["acmeair-flightservice", 0.19525]}, {"t": 1696563260, "d": ["acmeair-mainservice", 0.122501]}, {"t": 1696563270, "d": ["acmeair-booking-db", 0.738]}, {"t": 1696563270, "d": ["acmeair-bookingservice", 0.5285]}, {"t": 1696563270, "d": ["acmeair-customerservice", 0.51225]}, {"t": 1696563270, "d": ["acmeair-authservice", 0.158]}, {"t": 1696563270, "d": ["acmeair-customer-db", 0.44875]}, {"t": 1696563270, "d": ["acmeair-flight-db", 0.25475]}, {"t": 1696563270, "d": ["acmeair-flightservice", 0.647]}, {"t": 1696563270, "d": ["acmeair-mainservice", 0.11875]}, {"t": 1696563280, "d": ["acmeair-booking-db", 0.57075]}, {"t": 1696563280, "d": ["acmeair-bookingservice", 0.2885]}, {"t": 1696563280, "d": ["acmeair-customerservice", 0.259751]}, {"t": 1696563280, "d": ["acmeair-authservice", 0.187]}, {"t": 1696563280, "d": ["acmeair-customer-db", 0.378751]}, {"t": 1696563280, "d": ["acmeair-flight-db", 0.30575]}, {"t": 1696563280, "d": ["acmeair-flightservice", 0.81125]}, {"t": 1696563280, "d": ["acmeair-mainservice", 0.1325]}, {"t": 1696563290, "d": ["acmeair-booking-db", 0.374]}, {"t": 1696563290, "d": ["acmeair-bookingservice", 0.1815]}, {"t": 1696563290, "d": ["acmeair-customerservice", 0.146501]}, {"t": 1696563290, "d": ["acmeair-authservice", 0.158]}, {"t": 1696563290, "d": ["acmeair-customer-db", 0.37075]}, {"t": 1696563290, "d": ["acmeair-flight-db", 0.28875]}, {"t": 1696563290, "d": ["acmeair-flightservice", 0.494001]}, {"t": 1696563290, "d": ["acmeair-mainservice", 0.123501]}, {"t": 1696563300, "d": ["acmeair-booking-db", 0.56725]}, {"t": 1696563300, "d": ["acmeair-bookingservice", 0.195]}, {"t": 1696563300, "d": ["acmeair-customerservice", 0.1615]}, {"t": 1696563300, "d": ["acmeair-authservice", 0.151]}, {"t": 1696563300, "d": ["acmeair-customer-db", 0.318]}, {"t": 1696563300, "d": ["acmeair-flight-db", 0.27275]}, {"t": 1696563300, "d": ["acmeair-flightservice", 0.17825]}, {"t": 1696563300, "d": ["acmeair-mainservice", 0.11475]}, {"t": 1696563310, "d": ["acmeair-booking-db", 0.34425]}, {"t": 1696563310, "d": ["acmeair-bookingservice", 0.1915]}, {"t": 1696563310, "d": ["acmeair-customerservice", 0.147]}, {"t": 1696563310, "d": ["acmeair-authservice", 0.144]}, {"t": 1696563310, "d": ["acmeair-customer-db", 0.33275]}, {"t": 1696563310, "d": ["acmeair-flight-db", 0.2875]}, {"t": 1696563310, "d": ["acmeair-flightservice", 0.17425]}, {"t": 1696563310, "d": ["acmeair-mainservice", 0.11125]}, {"t": 1696563320, "d": ["acmeair-booking-db", 17.26125]}, {"t": 1696563320, "d": ["acmeair-bookingservice", 8.8345]}, {"t": 1696563320, "d": ["acmeair-customerservice", 4.70175]}, {"t": 1696563320, "d": ["acmeair-authservice", 1.462]}, {"t": 1696563320, "d": ["acmeair-customer-db", 0.318]}, {"t": 1696563320, "d": ["acmeair-flight-db", 0.3375]}, {"t": 1696563320, "d": ["acmeair-flightservice", 0.18425]}, {"t": 1696563320, "d": ["acmeair-mainservice", 0.11125]}, {"t": 1696563330, "d": ["acmeair-booking-db", 20.164251]}, {"t": 1696563330, "d": ["acmeair-bookingservice", 10.6005]}, {"t": 1696563330, "d": ["acmeair-customerservice", 5.79825]}, {"t": 1696563330, "d": ["acmeair-authservice", 1.679251]}, {"t": 1696563330, "d": ["acmeair-customer-db", 2.667001]}, {"t": 1696563330, "d": ["acmeair-flight-db", 0.2915]}, {"t": 1696563330, "d": ["acmeair-flightservice", 7.9645]}, {"t": 1696563330, "d": ["acmeair-mainservice", 0.1145]}, {"t": 1696563340, "d": ["acmeair-booking-db", 25.228]}, {"t": 1696563340, "d": ["acmeair-bookingservice", 14.080251]}, {"t": 1696563340, "d": ["acmeair-customerservice", 7.687]}, {"t": 1696563340, "d": ["acmeair-authservice", 2.14825]}, {"t": 1696563340, "d": ["acmeair-customer-db", 3.2085]}, {"t": 1696563340, "d": ["acmeair-flight-db", 0.40775]}, {"t": 1696563340, "d": ["acmeair-flightservice", 8.24625]}, {"t": 1696563340, "d": ["acmeair-mainservice", 0.126]}, {"t": 1696563350, "d": ["acmeair-booking-db", 17.80025]}, {"t": 1696563350, "d": ["acmeair-bookingservice", 10.31275]}, {"t": 1696563350, "d": ["acmeair-customerservice", 5.67525]}, {"t": 1696563350, "d": ["acmeair-authservice", 1.31925]}, {"t": 1696563350, "d": ["acmeair-customer-db", 4.39275]}, {"t": 1696563350, "d": ["acmeair-flight-db", 0.276]}, {"t": 1696563350, "d": ["acmeair-flightservice", 10.79375]}, {"t": 1696563350, "d": ["acmeair-mainservice", 0.137]}, {"t": 1696563360, "d": ["acmeair-booking-db", 2.58325]}, {"t": 1696563360, "d": ["acmeair-bookingservice", 1.069501]}, {"t": 1696563360, "d": ["acmeair-customerservice", 0.51175]}, {"t": 1696563360, "d": ["acmeair-authservice", 0.2925]}, {"t": 1696563360, "d": ["acmeair-customer-db", 3.48775]}, {"t": 1696563360, "d": ["acmeair-flight-db", 0.27275]}, {"t": 1696563360, "d": ["acmeair-flightservice", 7.12375]}, {"t": 1696563360, "d": ["acmeair-mainservice", 0.125]}, {"t": 1696563370, "d": ["acmeair-booking-db", 2.88375]}, {"t": 1696563370, "d": ["acmeair-bookingservice", 1.55875]}, {"t": 1696563370, "d": ["acmeair-customerservice", 0.88075]}, {"t": 1696563370, "d": ["acmeair-authservice", 0.33425]}, {"t": 1696563370, "d": ["acmeair-customer-db", 0.479251]}, {"t": 1696563370, "d": ["acmeair-flight-db", 0.26975]}, {"t": 1696563370, "d": ["acmeair-flightservice", 0.453]}, {"t": 1696563370, "d": ["acmeair-mainservice", 0.127]}, {"t": 1696563380, "d": ["acmeair-booking-db", 3.91325]}, {"t": 1696563380, "d": ["acmeair-bookingservice", 2.266]}, {"t": 1696563380, "d": ["acmeair-customerservice", 1.413]}, {"t": 1696563380, "d": ["acmeair-authservice", 0.38925]}, {"t": 1696563380, "d": ["acmeair-customer-db", 0.65175]}, {"t": 1696563380, "d": ["acmeair-flight-db", 0.2585]}, {"t": 1696563380, "d": ["acmeair-flightservice", 1.2845]}, {"t": 1696563380, "d": ["acmeair-mainservice", 0.12575]}, {"t": 1696563390, "d": ["acmeair-booking-db", 12.014]}, {"t": 1696563390, "d": ["acmeair-bookingservice", 6.50825]}, {"t": 1696563390, "d": ["acmeair-customerservice", 5.3775]}, {"t": 1696563390, "d": ["acmeair-authservice", 3.1365]}, {"t": 1696563390, "d": ["acmeair-customer-db", 0.8905]}, {"t": 1696563390, "d": ["acmeair-flight-db", 0.26925]}, {"t": 1696563390, "d": ["acmeair-flightservice", 1.6765]}, {"t": 1696563390, "d": ["acmeair-mainservice", 0.117501]}, {"t": 1696563400, "d": ["acmeair-booking-db", 25.52975]}, {"t": 1696563400, "d": ["acmeair-bookingservice", 13.58375]}, {"t": 1696563400, "d": ["acmeair-customerservice", 7.046]}, {"t": 1696563400, "d": ["acmeair-authservice", 1.76825]}, {"t": 1696563400, "d": ["acmeair-customer-db", 2.48525]}, {"t": 1696563400, "d": ["acmeair-flight-db", 0.267]}, {"t": 1696563400, "d": ["acmeair-flightservice", 6.902]}, {"t": 1696563400, "d": ["acmeair-mainservice", 0.11325]}, {"t": 1696563410, "d": ["acmeair-booking-db", 20.83175]}, {"t": 1696563410, "d": ["acmeair-bookingservice", 12.8725]}, {"t": 1696563410, "d": ["acmeair-customerservice", 5.989]}, {"t": 1696563410, "d": ["acmeair-authservice", 1.26475]}, {"t": 1696563410, "d": ["acmeair-customer-db", 3.6925]}, {"t": 1696563410, "d": ["acmeair-flight-db", 0.266]}, {"t": 1696563410, "d": ["acmeair-flightservice", 11.98525]}, {"t": 1696563410, "d": ["acmeair-mainservice", 0.117]}, {"t": 1696563420, "d": ["acmeair-booking-db", 9.63225]}, {"t": 1696563420, "d": ["acmeair-bookingservice", 6.556]}, {"t": 1696563420, "d": ["acmeair-customerservice", 3.807]}, {"t": 1696563420, "d": ["acmeair-authservice", 1.54825]}, {"t": 1696563420, "d": ["acmeair-customer-db", 3.26425]}, {"t": 1696563420, "d": ["acmeair-flight-db", 0.271]}, {"t": 1696563420, "d": ["acmeair-flightservice", 7.8675]}, {"t": 1696563420, "d": ["acmeair-mainservice", 0.12225]}, {"t": 1696563430, "d": ["acmeair-booking-db", 18.9705]}, {"t": 1696563430, "d": ["acmeair-bookingservice", 11.587251]}, {"t": 1696563430, "d": ["acmeair-customerservice", 5.9]}, {"t": 1696563430, "d": ["acmeair-authservice", 1.62175]}, {"t": 1696563430, "d": ["acmeair-customer-db", 2.039]}, {"t": 1696563430, "d": ["acmeair-flight-db", 0.2595]}, {"t": 1696563430, "d": ["acmeair-flightservice", 5.15125]}, {"t": 1696563430, "d": ["acmeair-mainservice", 0.124501]}, {"t": 1696563440, "d": ["acmeair-booking-db", 13.245]}, {"t": 1696563440, "d": ["acmeair-bookingservice", 7.73975]}, {"t": 1696563440, "d": ["acmeair-customerservice", 4.2465]}, {"t": 1696563440, "d": ["acmeair-authservice", 1.27725]}, {"t": 1696563440, "d": ["acmeair-customer-db", 3.28525]}, {"t": 1696563440, "d": ["acmeair-flight-db", 0.269]}, {"t": 1696563440, "d": ["acmeair-flightservice", 7.52625]}, {"t": 1696563440, "d": ["acmeair-mainservice", 0.113]}, {"t": 1696563450, "d": ["acmeair-booking-db", 14.5285]}, {"t": 1696563450, "d": ["acmeair-bookingservice", 7.487]}, {"t": 1696563450, "d": ["acmeair-customerservice", 4.1035]}, {"t": 1696563450, "d": ["acmeair-authservice", 1.2125]}, {"t": 1696563450, "d": ["acmeair-customer-db", 2.40325]}, {"t": 1696563450, "d": ["acmeair-flight-db", 0.174]}, {"t": 1696563450, "d": ["acmeair-flightservice", 5.563001]}, {"t": 1696563450, "d": ["acmeair-mainservice", 0.12225]}, {"t": 1696563460, "d": ["acmeair-booking-db", 26.15775]}, {"t": 1696563460, "d": ["acmeair-bookingservice", 14.27525]}, {"t": 1696563460, "d": ["acmeair-customerservice", 7.236]}, {"t": 1696563460, "d": ["acmeair-authservice", 2.22775]}, {"t": 1696563460, "d": ["acmeair-customer-db", 2.353751]}, {"t": 1696563460, "d": ["acmeair-flight-db", 0.1965]}, {"t": 1696563460, "d": ["acmeair-flightservice", 5.82175]}, {"t": 1696563460, "d": ["acmeair-mainservice", 0.110001]}, {"t": 1696563470, "d": ["acmeair-booking-db", 23.601]}, {"t": 1696563470, "d": ["acmeair-bookingservice", 14.41575]}, {"t": 1696563470, "d": ["acmeair-customerservice", 6.36425]}, {"t": 1696563470, "d": ["acmeair-authservice", 1.766]}, {"t": 1696563470, "d": ["acmeair-customer-db", 3.7205]}, {"t": 1696563470, "d": ["acmeair-flight-db", 0.303]}, {"t": 1696563470, "d": ["acmeair-flightservice", 12.72775]}, {"t": 1696563470, "d": ["acmeair-mainservice", 0.107001]}, {"t": 1696563480, "d": ["acmeair-booking-db", 12.3045]}, {"t": 1696563480, "d": ["acmeair-bookingservice", 7.728]}, {"t": 1696563480, "d": ["acmeair-customerservice", 4.552751]}, {"t": 1696563480, "d": ["acmeair-authservice", 1.76675]}, {"t": 1696563480, "d": ["acmeair-customer-db", 3.451]}, {"t": 1696563480, "d": ["acmeair-flight-db", 0.2705]}, {"t": 1696563480, "d": ["acmeair-flightservice", 9.39325]}, {"t": 1696563480, "d": ["acmeair-mainservice", 0.118251]}, {"t": 1696563490, "d": ["acmeair-booking-db", 13.608]}, {"t": 1696563490, "d": ["acmeair-bookingservice", 7.796]}, {"t": 1696563490, "d": ["acmeair-customerservice", 4.218]}, {"t": 1696563490, "d": ["acmeair-authservice", 1.18125]}, {"t": 1696563490, "d": ["acmeair-customer-db", 2.57575]}, {"t": 1696563490, "d": ["acmeair-flight-db", 0.25925]}, {"t": 1696563490, "d": ["acmeair-flightservice", 6.555751]}, {"t": 1696563490, "d": ["acmeair-mainservice", 0.114]}, {"t": 1696563500, "d": ["acmeair-booking-db", 12.80925]}, {"t": 1696563500, "d": ["acmeair-bookingservice", 6.863]}, {"t": 1696563500, "d": ["acmeair-customerservice", 3.862]}, {"t": 1696563500, "d": ["acmeair-authservice", 1.09775]}, {"t": 1696563500, "d": ["acmeair-customer-db", 2.31825]}, {"t": 1696563500, "d": ["acmeair-flight-db", 0.2805]}, {"t": 1696563500, "d": ["acmeair-flightservice", 5.2955]}, {"t": 1696563500, "d": ["acmeair-mainservice", 0.1135]}, {"t": 1696563510, "d": ["acmeair-booking-db", 12.386751]}, {"t": 1696563510, "d": ["acmeair-bookingservice", 6.858]}, {"t": 1696563510, "d": ["acmeair-customerservice", 3.713]}, {"t": 1696563510, "d": ["acmeair-authservice", 1.096]}, {"t": 1696563510, "d": ["acmeair-customer-db", 2.1945]}, {"t": 1696563510, "d": ["acmeair-flight-db", 0.2495]}, {"t": 1696563510, "d": ["acmeair-flightservice", 5.05725]}, {"t": 1696563510, "d": ["acmeair-mainservice", 0.11525]}, {"t": 1696563520, "d": ["acmeair-booking-db", 20.4205]}, {"t": 1696563520, "d": ["acmeair-bookingservice", 10.6605]}, {"t": 1696563520, "d": ["acmeair-customerservice", 5.8355]}, {"t": 1696563520, "d": ["acmeair-authservice", 1.8885]}, {"t": 1696563520, "d": ["acmeair-customer-db", 2.235001]}, {"t": 1696563520, "d": ["acmeair-flight-db", 0.28875]}, {"t": 1696563520, "d": ["acmeair-flightservice", 5.11325]}, {"t": 1696563520, "d": ["acmeair-mainservice", 0.10925]}, {"t": 1696563530, "d": ["acmeair-booking-db", 18.4885]}, {"t": 1696563530, "d": ["acmeair-bookingservice", 9.72975]}, {"t": 1696563530, "d": ["acmeair-customerservice", 6.34875]}, {"t": 1696563530, "d": ["acmeair-authservice", 1.356751]}, {"t": 1696563530, "d": ["acmeair-customer-db", 3.0495]}, {"t": 1696563530, "d": ["acmeair-flight-db", 0.2255]}, {"t": 1696563530, "d": ["acmeair-flightservice", 8.898]}, {"t": 1696563530, "d": ["acmeair-mainservice", 0.1335]}, {"t": 1696563540, "d": ["acmeair-booking-db", 16.14825]}, {"t": 1696563540, "d": ["acmeair-bookingservice", 9.47925]}, {"t": 1696563540, "d": ["acmeair-customerservice", 5.6495]}, {"t": 1696563540, "d": ["acmeair-authservice", 1.906]}, {"t": 1696563540, "d": ["acmeair-customer-db", 2.56725]}, {"t": 1696563540, "d": ["acmeair-flight-db", 0.288]}, {"t": 1696563540, "d": ["acmeair-flightservice", 8.47525]}, {"t": 1696563540, "d": ["acmeair-mainservice", 0.121501]}, {"t": 1696563550, "d": ["acmeair-booking-db", 22.477]}, {"t": 1696563550, "d": ["acmeair-bookingservice", 11.411]}, {"t": 1696563550, "d": ["acmeair-customerservice", 5.83575]}, {"t": 1696563550, "d": ["acmeair-authservice", 1.6775]}, {"t": 1696563550, "d": ["acmeair-customer-db", 3.07025]}, {"t": 1696563550, "d": ["acmeair-flight-db", 0.26325]}, {"t": 1696563550, "d": ["acmeair-flightservice", 8.2595]}, {"t": 1696563550, "d": ["acmeair-mainservice", 0.116]}, {"t": 1696563560, "d": ["acmeair-booking-db", 24.3345]}, {"t": 1696563560, "d": ["acmeair-bookingservice", 13.74]}, {"t": 1696563560, "d": ["acmeair-customerservice", 7.25475]}, {"t": 1696563560, "d": ["acmeair-authservice", 1.988]}, {"t": 1696563560, "d": ["acmeair-customer-db", 3.22125]}, {"t": 1696563560, "d": ["acmeair-flight-db", 0.26625]}, {"t": 1696563560, "d": ["acmeair-flightservice", 8.316501]}, {"t": 1696563560, "d": ["acmeair-mainservice", 0.12575]}, {"t": 1696563570, "d": ["acmeair-booking-db", 17.95075]}, {"t": 1696563570, "d": ["acmeair-bookingservice", 9.62025]}, {"t": 1696563570, "d": ["acmeair-customerservice", 5.2355]}, {"t": 1696563570, "d": ["acmeair-authservice", 1.489]}, {"t": 1696563570, "d": ["acmeair-customer-db", 4.12075]}, {"t": 1696563570, "d": ["acmeair-flight-db", 0.279]}, {"t": 1696563570, "d": ["acmeair-flightservice", 9.4005]}, {"t": 1696563570, "d": ["acmeair-mainservice", 0.11975]}, {"t": 1696563580, "d": ["acmeair-booking-db", 24.162]}, {"t": 1696563580, "d": ["acmeair-bookingservice", 12.9495]}, {"t": 1696563580, "d": ["acmeair-customerservice", 7.12225]}, {"t": 1696563580, "d": ["acmeair-authservice", 1.84225]}, {"t": 1696563580, "d": ["acmeair-customer-db", 2.946]}, {"t": 1696563580, "d": ["acmeair-flight-db", 0.276]}, {"t": 1696563580, "d": ["acmeair-flightservice", 7.343501]}, {"t": 1696563580, "d": ["acmeair-mainservice", 0.118251]}, {"t": 1696563590, "d": ["acmeair-booking-db", 27.52175]}, {"t": 1696563590, "d": ["acmeair-bookingservice", 16.0905]}, {"t": 1696563590, "d": ["acmeair-customerservice", 7.023001]}, {"t": 1696563590, "d": ["acmeair-authservice", 2.24525]}, {"t": 1696563590, "d": ["acmeair-customer-db", 3.59725]}, {"t": 1696563590, "d": ["acmeair-flight-db", 0.259751]}, {"t": 1696563590, "d": ["acmeair-flightservice", 10.39075]}, {"t": 1696563590, "d": ["acmeair-mainservice", 0.115]}, {"t": 1696563600, "d": ["acmeair-booking-db", 19.1735]}, {"t": 1696563600, "d": ["acmeair-bookingservice", 11.336]}, {"t": 1696563600, "d": ["acmeair-customerservice", 5.2955]}, {"t": 1696563600, "d": ["acmeair-authservice", 1.32125]}, {"t": 1696563600, "d": ["acmeair-customer-db", 3.74325]}, {"t": 1696563600, "d": ["acmeair-flight-db", 0.3]}, {"t": 1696563600, "d": ["acmeair-flightservice", 11.68]}, {"t": 1696563600, "d": ["acmeair-mainservice", 0.13525]}, {"t": 1696563610, "d": ["acmeair-booking-db", 11.593251]}, {"t": 1696563610, "d": ["acmeair-bookingservice", 6.71275]}, {"t": 1696563610, "d": ["acmeair-customerservice", 3.76275]}, {"t": 1696563610, "d": ["acmeair-authservice", 1.194501]}, {"t": 1696563610, "d": ["acmeair-customer-db", 3.15325]}, {"t": 1696563610, "d": ["acmeair-flight-db", 0.2775]}, {"t": 1696563610, "d": ["acmeair-flightservice", 6.648001]}, {"t": 1696563610, "d": ["acmeair-mainservice", 0.12375]}, {"t": 1696563620, "d": ["acmeair-booking-db", 13.7415]}, {"t": 1696563620, "d": ["acmeair-bookingservice", 6.9385]}, {"t": 1696563620, "d": ["acmeair-customerservice", 3.93925]}, {"t": 1696563620, "d": ["acmeair-authservice", 1.096]}, {"t": 1696563620, "d": ["acmeair-customer-db", 2.13925]}, {"t": 1696563620, "d": ["acmeair-flight-db", 0.359]}, {"t": 1696563620, "d": ["acmeair-flightservice", 5.333]}, {"t": 1696563620, "d": ["acmeair-mainservice", 0.11425]}, {"t": 1696563630, "d": ["acmeair-booking-db", 13.736251]}, {"t": 1696563630, "d": ["acmeair-bookingservice", 7.337001]}, {"t": 1696563630, "d": ["acmeair-customerservice", 3.8095]}, {"t": 1696563630, "d": ["acmeair-authservice", 0.914]}, {"t": 1696563630, "d": ["acmeair-customer-db", 2.38675]}, {"t": 1696563630, "d": ["acmeair-flight-db", 0.2875]}, {"t": 1696563630, "d": ["acmeair-flightservice", 5.3105]}, {"t": 1696563630, "d": ["acmeair-mainservice", 0.10825]}, {"t": 1696563640, "d": ["acmeair-booking-db", 11.67225]}, {"t": 1696563640, "d": ["acmeair-bookingservice", 6.04825]}, {"t": 1696563640, "d": ["acmeair-customerservice", 3.421751]}, {"t": 1696563640, "d": ["acmeair-authservice", 0.936]}, {"t": 1696563640, "d": ["acmeair-customer-db", 2.28625]}, {"t": 1696563640, "d": ["acmeair-flight-db", 0.404251]}, {"t": 1696563640, "d": ["acmeair-flightservice", 5.5505]}, {"t": 1696563640, "d": ["acmeair-mainservice", 0.11775]}, {"t": 1696563650, "d": ["acmeair-booking-db", 14.5005]}, {"t": 1696563650, "d": ["acmeair-bookingservice", 7.166501]}, {"t": 1696563650, "d": ["acmeair-customerservice", 3.7115]}, {"t": 1696563650, "d": ["acmeair-authservice", 1.2895]}, {"t": 1696563650, "d": ["acmeair-customer-db", 1.90325]}, {"t": 1696563650, "d": ["acmeair-flight-db", 0.24675]}, {"t": 1696563650, "d": ["acmeair-flightservice", 4.931]}, {"t": 1696563650, "d": ["acmeair-mainservice", 0.11525]}, {"t": 1696563660, "d": ["acmeair-booking-db", 26.710251]}, {"t": 1696563660, "d": ["acmeair-bookingservice", 13.49]}, {"t": 1696563660, "d": ["acmeair-customerservice", 7.171251]}, {"t": 1696563660, "d": ["acmeair-authservice", 2.0245]}, {"t": 1696563660, "d": ["acmeair-customer-db", 2.37725]}, {"t": 1696563660, "d": ["acmeair-flight-db", 0.2915]}, {"t": 1696563660, "d": ["acmeair-flightservice", 5.537]}, {"t": 1696563660, "d": ["acmeair-mainservice", 0.11475]}, {"t": 1696563670, "d": ["acmeair-booking-db", 23.242]}, {"t": 1696563670, "d": ["acmeair-bookingservice", 14.58275]}, {"t": 1696563670, "d": ["acmeair-customerservice", 6.98575]}, {"t": 1696563670, "d": ["acmeair-authservice", 1.93925]}, {"t": 1696563670, "d": ["acmeair-customer-db", 3.484251]}, {"t": 1696563670, "d": ["acmeair-flight-db", 0.30125]}, {"t": 1696563670, "d": ["acmeair-flightservice", 12.2415]}, {"t": 1696563670, "d": ["acmeair-mainservice", 0.09875]}, {"t": 1696563680, "d": ["acmeair-booking-db", 15.466]}, {"t": 1696563680, "d": ["acmeair-bookingservice", 7.08525]}, {"t": 1696563680, "d": ["acmeair-customerservice", 4.36425]}, {"t": 1696563680, "d": ["acmeair-authservice", 1.56725]}, {"t": 1696563680, "d": ["acmeair-customer-db", 4.071]}, {"t": 1696563680, "d": ["acmeair-flight-db", 0.232]}, {"t": 1696563680, "d": ["acmeair-flightservice", 9.18175]}, {"t": 1696563680, "d": ["acmeair-mainservice", 0.103001]}, {"t": 1696563690, "d": ["acmeair-booking-db", 9.80275]}, {"t": 1696563690, "d": ["acmeair-bookingservice", 4.37725]}, {"t": 1696563690, "d": ["acmeair-customerservice", 2.4115]}, {"t": 1696563690, "d": ["acmeair-authservice", 0.74575]}, {"t": 1696563690, "d": ["acmeair-customer-db", 2.45725]}, {"t": 1696563690, "d": ["acmeair-flight-db", 0.22325]}, {"t": 1696563690, "d": ["acmeair-flightservice", 6.801]}, {"t": 1696563690, "d": ["acmeair-mainservice", 0.099]}, {"t": 1696563700, "d": ["acmeair-booking-db", 10.73875]}, {"t": 1696563700, "d": ["acmeair-bookingservice", 5.310001]}, {"t": 1696563700, "d": ["acmeair-customerservice", 3.010001]}, {"t": 1696563700, "d": ["acmeair-authservice", 0.96725]}, {"t": 1696563700, "d": ["acmeair-customer-db", 1.58375]}, {"t": 1696563700, "d": ["acmeair-flight-db", 0.275]}, {"t": 1696563700, "d": ["acmeair-flightservice", 3.37825]}, {"t": 1696563700, "d": ["acmeair-mainservice", 0.128]}, {"t": 1696563710, "d": ["acmeair-booking-db", 9.274]}, {"t": 1696563710, "d": ["acmeair-bookingservice", 4.60575]}, {"t": 1696563710, "d": ["acmeair-customerservice", 2.501001]}, {"t": 1696563710, "d": ["acmeair-authservice", 0.73375]}, {"t": 1696563710, "d": ["acmeair-customer-db", 1.898251]}, {"t": 1696563710, "d": ["acmeair-flight-db", 0.27175]}, {"t": 1696563710, "d": ["acmeair-flightservice", 3.91725]}, {"t": 1696563710, "d": ["acmeair-mainservice", 0.120501]}, {"t": 1696563720, "d": ["acmeair-booking-db", 18.43925]}, {"t": 1696563720, "d": ["acmeair-bookingservice", 8.904251]}, {"t": 1696563720, "d": ["acmeair-customerservice", 5.05775]}, {"t": 1696563720, "d": ["acmeair-authservice", 1.17975]}, {"t": 1696563720, "d": ["acmeair-customer-db", 1.57625]}, {"t": 1696563720, "d": ["acmeair-flight-db", 0.248]}, {"t": 1696563720, "d": ["acmeair-flightservice", 3.388001]}, {"t": 1696563720, "d": ["acmeair-mainservice", 0.14025]}, {"t": 1696563730, "d": ["acmeair-booking-db", 39.933]}, {"t": 1696563730, "d": ["acmeair-bookingservice", 18.98875]}, {"t": 1696563730, "d": ["acmeair-customerservice", 9.74825]}, {"t": 1696563730, "d": ["acmeair-authservice", 2.34425]}, {"t": 1696563730, "d": ["acmeair-customer-db", 2.92525]}, {"t": 1696563730, "d": ["acmeair-flight-db", 0.253751]}, {"t": 1696563730, "d": ["acmeair-flightservice", 8.1865]}, {"t": 1696563730, "d": ["acmeair-mainservice", 0.121]}, {"t": 1696563740, "d": ["acmeair-booking-db", 39.6055]}, {"t": 1696563740, "d": ["acmeair-bookingservice", 19.5465]}, {"t": 1696563740, "d": ["acmeair-customerservice", 10.199]}, {"t": 1696563740, "d": ["acmeair-authservice", 2.45525]}, {"t": 1696563740, "d": ["acmeair-customer-db", 5.71975]}, {"t": 1696563740, "d": ["acmeair-flight-db", 0.2455]}, {"t": 1696563740, "d": ["acmeair-flightservice", 14.933251]}, {"t": 1696563740, "d": ["acmeair-mainservice", 0.119]}, {"t": 1696563750, "d": ["acmeair-booking-db", 33.897001]}, {"t": 1696563750, "d": ["acmeair-bookingservice", 15.652001]}, {"t": 1696563750, "d": ["acmeair-customerservice", 7.812251]}, {"t": 1696563750, "d": ["acmeair-authservice", 1.94775]}, {"t": 1696563750, "d": ["acmeair-customer-db", 5.9645]}, {"t": 1696563750, "d": ["acmeair-flight-db", 0.1825]}, {"t": 1696563750, "d": ["acmeair-flightservice", 15.442]}, {"t": 1696563750, "d": ["acmeair-mainservice", 0.1005]}, {"t": 1696563760, "d": ["acmeair-booking-db", 38.0315]}, {"t": 1696563760, "d": ["acmeair-bookingservice", 19.38675]}, {"t": 1696563760, "d": ["acmeair-customerservice", 8.97825]}, {"t": 1696563760, "d": ["acmeair-authservice", 2.0735]}, {"t": 1696563760, "d": ["acmeair-customer-db", 4.55425]}, {"t": 1696563760, "d": ["acmeair-flight-db", 0.30075]}, {"t": 1696563760, "d": ["acmeair-flightservice", 13.08225]}, {"t": 1696563760, "d": ["acmeair-mainservice", 0.13925]}, {"t": 1696563770, "d": ["acmeair-booking-db", 41.0525]}, {"t": 1696563770, "d": ["acmeair-bookingservice", 22.12975]}, {"t": 1696563770, "d": ["acmeair-customerservice", 11.246501]}, {"t": 1696563770, "d": ["acmeair-authservice", 2.50075]}, {"t": 1696563770, "d": ["acmeair-customer-db", 5.2755]}, {"t": 1696563770, "d": ["acmeair-flight-db", 0.26025]}, {"t": 1696563770, "d": ["acmeair-flightservice", 12.362]}, {"t": 1696563770, "d": ["acmeair-mainservice", 0.11425]}, {"t": 1696563780, "d": ["acmeair-booking-db", 44.891001]}, {"t": 1696563780, "d": ["acmeair-bookingservice", 21.1915]}, {"t": 1696563780, "d": ["acmeair-customerservice", 11.2835]}, {"t": 1696563780, "d": ["acmeair-authservice", 2.8195]}, {"t": 1696563780, "d": ["acmeair-customer-db", 6.47775]}, {"t": 1696563780, "d": ["acmeair-flight-db", 0.26]}, {"t": 1696563780, "d": ["acmeair-flightservice", 15.968251]}, {"t": 1696563780, "d": ["acmeair-mainservice", 0.1135]}, {"t": 1696563790, "d": ["acmeair-booking-db", 36.393]}, {"t": 1696563790, "d": ["acmeair-bookingservice", 20.78425]}, {"t": 1696563790, "d": ["acmeair-customerservice", 9.105]}, {"t": 1696563790, "d": ["acmeair-authservice", 2.2455]}, {"t": 1696563790, "d": ["acmeair-customer-db", 6.374001]}, {"t": 1696563790, "d": ["acmeair-flight-db", 0.257751]}, {"t": 1696563790, "d": ["acmeair-flightservice", 18.1735]}, {"t": 1696563790, "d": ["acmeair-mainservice", 0.11275]}], "start": 1696563190, "end": 1696563790}