{"data": [{"t": 1696563200, "d": ["acmeair-authservice", 0]}, {"t": 1696563200, "d": ["acmeair-bookingservice", 0]}, {"t": 1696563200, "d": ["acmeair-customerservice", 0]}, {"t": 1696563200, "d": ["acmeair-flightservice", 0]}, {"t": 1696563200, "d": ["acmeair-mainservice", 0]}, {"t": 1696563210, "d": ["acmeair-authservice", 0]}, {"t": 1696563210, "d": ["acmeair-bookingservice", 0]}, {"t": 1696563210, "d": ["acmeair-customerservice", 0]}, {"t": 1696563210, "d": ["acmeair-flightservice", 0]}, {"t": 1696563210, "d": ["acmeair-mainservice", 0]}, {"t": 1696563220, "d": ["acmeair-authservice", 0]}, {"t": 1696563220, "d": ["acmeair-bookingservice", 0]}, {"t": 1696563220, "d": ["acmeair-customerservice", 0]}, {"t": 1696563220, "d": ["acmeair-flightservice", 0]}, {"t": 1696563220, "d": ["acmeair-mainservice", 0]}, {"t": 1696563230, "d": ["acmeair-authservice", 0]}, {"t": 1696563230, "d": ["acmeair-bookingservice", 0]}, {"t": 1696563230, "d": ["acmeair-customerservice", 0]}, {"t": 1696563230, "d": ["acmeair-flightservice", 0]}, {"t": 1696563230, "d": ["acmeair-mainservice", 0]}, {"t": 1696563240, "d": ["acmeair-authservice", 0]}, {"t": 1696563240, "d": ["acmeair-bookingservice", 0]}, {"t": 1696563240, "d": ["acmeair-customerservice", 0]}, {"t": 1696563240, "d": ["acmeair-flightservice", 0]}, {"t": 1696563240, "d": ["acmeair-mainservice", 0]}, {"t": 1696563250, "d": ["acmeair-authservice", 0]}, {"t": 1696563250, "d": ["acmeair-bookingservice", 0]}, {"t": 1696563250, "d": ["acmeair-customerservice", 0]}, {"t": 1696563250, "d": ["acmeair-flightservice", 0]}, {"t": 1696563250, "d": ["acmeair-mainservice", 0]}, {"t": 1696563260, "d": ["acmeair-authservice", 0]}, {"t": 1696563260, "d": ["acmeair-bookingservice", 0]}, {"t": 1696563260, "d": ["acmeair-customerservice", 0]}, {"t": 1696563260, "d": ["acmeair-flightservice", 0]}, {"t": 1696563260, "d": ["acmeair-mainservice", 0]}, {"t": 1696563270, "d": ["acmeair-authservice", 0]}, {"t": 1696563270, "d": ["acmeair-bookingservice", 0]}, {"t": 1696563270, "d": ["acmeair-customerservice", 0]}, {"t": 1696563270, "d": ["acmeair-flightservice", 0]}, {"t": 1696563270, "d": ["acmeair-mainservice", 0]}, {"t": 1696563280, "d": ["acmeair-authservice", 0]}, {"t": 1696563280, "d": ["acmeair-bookingservice", 0]}, {"t": 1696563280, "d": ["acmeair-customerservice", 0]}, {"t": 1696563280, "d": ["acmeair-flightservice", 0]}, {"t": 1696563280, "d": ["acmeair-mainservice", 0]}, {"t": 1696563290, "d": ["acmeair-authservice", 0]}, {"t": 1696563290, "d": ["acmeair-bookingservice", 0]}, {"t": 1696563290, "d": ["acmeair-customerservice", 0]}, {"t": 1696563290, "d": ["acmeair-flightservice", 0]}, {"t": 1696563290, "d": ["acmeair-mainservice", 0]}, {"t": 1696563300, "d": ["acmeair-authservice", 0]}, {"t": 1696563300, "d": ["acmeair-bookingservice", 0]}, {"t": 1696563300, "d": ["acmeair-customerservice", 0]}, {"t": 1696563300, "d": ["acmeair-flightservice", 0]}, {"t": 1696563300, "d": ["acmeair-mainservice", 0]}, {"t": 1696563310, "d": ["acmeair-authservice", 0]}, {"t": 1696563310, "d": ["acmeair-bookingservice", 0]}, {"t": 1696563310, "d": ["acmeair-customerservice", 0]}, {"t": 1696563310, "d": ["acmeair-flightservice", 0]}, {"t": 1696563310, "d": ["acmeair-mainservice", 0]}, {"t": 1696563320, "d": ["acmeair-authservice", 0]}, {"t": 1696563320, "d": ["acmeair-bookingservice", 0]}, {"t": 1696563320, "d": ["acmeair-customerservice", 0]}, {"t": 1696563320, "d": ["acmeair-flightservice", 0]}, {"t": 1696563320, "d": ["acmeair-mainservice", 0]}, {"t": 1696563330, "d": ["acmeair-authservice", 0]}, {"t": 1696563330, "d": ["acmeair-bookingservice", 0]}, {"t": 1696563330, "d": ["acmeair-customerservice", 0]}, {"t": 1696563330, "d": ["acmeair-flightservice", 0]}, {"t": 1696563330, "d": ["acmeair-mainservice", 0]}, {"t": 1696563340, "d": ["acmeair-authservice", 0]}, {"t": 1696563340, "d": ["acmeair-bookingservice", 0]}, {"t": 1696563340, "d": ["acmeair-customerservice", 0]}, {"t": 1696563340, "d": ["acmeair-flightservice", 0]}, {"t": 1696563340, "d": ["acmeair-mainservice", 0]}, {"t": 1696563350, "d": ["acmeair-authservice", 0]}, {"t": 1696563350, "d": ["acmeair-bookingservice", 0]}, {"t": 1696563350, "d": ["acmeair-customerservice", 0]}, {"t": 1696563350, "d": ["acmeair-flightservice", 0]}, {"t": 1696563350, "d": ["acmeair-mainservice", 0]}, {"t": 1696563360, "d": ["acmeair-authservice", 0]}, {"t": 1696563360, "d": ["acmeair-bookingservice", 0]}, {"t": 1696563360, "d": ["acmeair-customerservice", 0]}, {"t": 1696563360, "d": ["acmeair-flightservice", 0]}, {"t": 1696563360, "d": ["acmeair-mainservice", 0]}, {"t": 1696563370, "d": ["acmeair-authservice", 0]}, {"t": 1696563370, "d": ["acmeair-bookingservice", 0]}, {"t": 1696563370, "d": ["acmeair-customerservice", 0]}, {"t": 1696563370, "d": ["acmeair-flightservice", 0]}, {"t": 1696563370, "d": ["acmeair-mainservice", 0]}, {"t": 1696563380, "d": ["acmeair-authservice", 0]}, {"t": 1696563380, "d": ["acmeair-bookingservice", 0]}, {"t": 1696563380, "d": ["acmeair-customerservice", 0]}, {"t": 1696563380, "d": ["acmeair-flightservice", 0]}, {"t": 1696563380, "d": ["acmeair-mainservice", 0]}, {"t": 1696563390, "d": ["acmeair-authservice", 0]}, {"t": 1696563390, "d": ["acmeair-bookingservice", 0]}, {"t": 1696563390, "d": ["acmeair-customerservice", 0]}, {"t": 1696563390, "d": ["acmeair-flightservice", 0]}, {"t": 1696563390, "d": ["acmeair-mainservice", 0]}, {"t": 1696563400, "d": ["acmeair-authservice", 0]}, {"t": 1696563400, "d": ["acmeair-bookingservice", 0]}, {"t": 1696563400, "d": ["acmeair-customerservice", 0]}, {"t": 1696563400, "d": ["acmeair-flightservice", 0]}, {"t": 1696563400, "d": ["acmeair-mainservice", 0]}, {"t": 1696563410, "d": ["acmeair-authservice", 0]}, {"t": 1696563410, "d": ["acmeair-bookingservice", 0]}, {"t": 1696563410, "d": ["acmeair-customerservice", 0]}, {"t": 1696563410, "d": ["acmeair-flightservice", 0]}, {"t": 1696563410, "d": ["acmeair-mainservice", 0]}, {"t": 1696563420, "d": ["acmeair-authservice", 0]}, {"t": 1696563420, "d": ["acmeair-bookingservice", 0]}, {"t": 1696563420, "d": ["acmeair-customerservice", 0]}, {"t": 1696563420, "d": ["acmeair-flightservice", 0]}, {"t": 1696563420, "d": ["acmeair-mainservice", 0]}, {"t": 1696563430, "d": ["acmeair-authservice", 0]}, {"t": 1696563430, "d": ["acmeair-bookingservice", 0]}, {"t": 1696563430, "d": ["acmeair-customerservice", 0]}, {"t": 1696563430, "d": ["acmeair-flightservice", 0]}, {"t": 1696563430, "d": ["acmeair-mainservice", 0]}, {"t": 1696563440, "d": ["acmeair-authservice", 0]}, {"t": 1696563440, "d": ["acmeair-bookingservice", 0]}, {"t": 1696563440, "d": ["acmeair-customerservice", 0]}, {"t": 1696563440, "d": ["acmeair-flightservice", 0]}, {"t": 1696563440, "d": ["acmeair-mainservice", 0]}, {"t": 1696563450, "d": ["acmeair-authservice", 0]}, {"t": 1696563450, "d": ["acmeair-bookingservice", 0]}, {"t": 1696563450, "d": ["acmeair-customerservice", 0]}, {"t": 1696563450, "d": ["acmeair-flightservice", 0]}, {"t": 1696563450, "d": ["acmeair-mainservice", 0]}, {"t": 1696563460, "d": ["acmeair-authservice", 0]}, {"t": 1696563460, "d": ["acmeair-bookingservice", 0]}, {"t": 1696563460, "d": ["acmeair-customerservice", 0]}, {"t": 1696563460, "d": ["acmeair-flightservice", 0]}, {"t": 1696563460, "d": ["acmeair-mainservice", 0]}, {"t": 1696563470, "d": ["acmeair-authservice", 0]}, {"t": 1696563470, "d": ["acmeair-bookingservice", 0]}, {"t": 1696563470, "d": ["acmeair-customerservice", 0]}, {"t": 1696563470, "d": ["acmeair-flightservice", 0]}, {"t": 1696563470, "d": ["acmeair-mainservice", 0]}, {"t": 1696563480, "d": ["acmeair-authservice", 0]}, {"t": 1696563480, "d": ["acmeair-bookingservice", 0]}, {"t": 1696563480, "d": ["acmeair-customerservice", 0]}, {"t": 1696563480, "d": ["acmeair-flightservice", 0]}, {"t": 1696563480, "d": ["acmeair-mainservice", 0]}, {"t": 1696563490, "d": ["acmeair-authservice", 0]}, {"t": 1696563490, "d": ["acmeair-bookingservice", 0]}, {"t": 1696563490, "d": ["acmeair-customerservice", 0]}, {"t": 1696563490, "d": ["acmeair-flightservice", 0]}, {"t": 1696563490, "d": ["acmeair-mainservice", 0]}, {"t": 1696563500, "d": ["acmeair-authservice", 0]}, {"t": 1696563500, "d": ["acmeair-bookingservice", 0]}, {"t": 1696563500, "d": ["acmeair-customerservice", 0]}, {"t": 1696563500, "d": ["acmeair-flightservice", 0]}, {"t": 1696563500, "d": ["acmeair-mainservice", 0]}, {"t": 1696563510, "d": ["acmeair-authservice", 0]}, {"t": 1696563510, "d": ["acmeair-bookingservice", 0]}, {"t": 1696563510, "d": ["acmeair-customerservice", 0]}, {"t": 1696563510, "d": ["acmeair-flightservice", 0]}, {"t": 1696563510, "d": ["acmeair-mainservice", 0]}, {"t": 1696563520, "d": ["acmeair-authservice", 0]}, {"t": 1696563520, "d": ["acmeair-bookingservice", 0]}, {"t": 1696563520, "d": ["acmeair-customerservice", 0]}, {"t": 1696563520, "d": ["acmeair-flightservice", 0]}, {"t": 1696563520, "d": ["acmeair-mainservice", 0]}, {"t": 1696563530, "d": ["acmeair-authservice", 0]}, {"t": 1696563530, "d": ["acmeair-bookingservice", 0]}, {"t": 1696563530, "d": ["acmeair-customerservice", 0]}, {"t": 1696563530, "d": ["acmeair-flightservice", 0]}, {"t": 1696563530, "d": ["acmeair-mainservice", 0]}, {"t": 1696563540, "d": ["acmeair-authservice", 0]}, {"t": 1696563540, "d": ["acmeair-bookingservice", 0]}, {"t": 1696563540, "d": ["acmeair-customerservice", 0]}, {"t": 1696563540, "d": ["acmeair-flightservice", 0]}, {"t": 1696563540, "d": ["acmeair-mainservice", 0]}, {"t": 1696563550, "d": ["acmeair-authservice", 0]}, {"t": 1696563550, "d": ["acmeair-bookingservice", 0]}, {"t": 1696563550, "d": ["acmeair-customerservice", 0]}, {"t": 1696563550, "d": ["acmeair-flightservice", 0]}, {"t": 1696563550, "d": ["acmeair-mainservice", 0]}, {"t": 1696563560, "d": ["acmeair-authservice", 0]}, {"t": 1696563560, "d": ["acmeair-bookingservice", 0]}, {"t": 1696563560, "d": ["acmeair-customerservice", 0]}, {"t": 1696563560, "d": ["acmeair-flightservice", 0]}, {"t": 1696563560, "d": ["acmeair-mainservice", 0]}, {"t": 1696563570, "d": ["acmeair-authservice", 0]}, {"t": 1696563570, "d": ["acmeair-bookingservice", 0]}, {"t": 1696563570, "d": ["acmeair-customerservice", 0]}, {"t": 1696563570, "d": ["acmeair-flightservice", 0]}, {"t": 1696563570, "d": ["acmeair-mainservice", 0]}, {"t": 1696563580, "d": ["acmeair-authservice", 0]}, {"t": 1696563580, "d": ["acmeair-bookingservice", 0]}, {"t": 1696563580, "d": ["acmeair-customerservice", 0]}, {"t": 1696563580, "d": ["acmeair-flightservice", 0]}, {"t": 1696563580, "d": ["acmeair-mainservice", 0]}, {"t": 1696563590, "d": ["acmeair-authservice", 0]}, {"t": 1696563590, "d": ["acmeair-bookingservice", 0]}, {"t": 1696563590, "d": ["acmeair-customerservice", 0]}, {"t": 1696563590, "d": ["acmeair-flightservice", 0]}, {"t": 1696563590, "d": ["acmeair-mainservice", 0]}, {"t": 1696563600, "d": ["acmeair-authservice", 0]}, {"t": 1696563600, "d": ["acmeair-bookingservice", 0]}, {"t": 1696563600, "d": ["acmeair-customerservice", 0]}, {"t": 1696563600, "d": ["acmeair-flightservice", 0]}, {"t": 1696563600, "d": ["acmeair-mainservice", 0]}, {"t": 1696563610, "d": ["acmeair-authservice", 0]}, {"t": 1696563610, "d": ["acmeair-bookingservice", 0]}, {"t": 1696563610, "d": ["acmeair-customerservice", 0]}, {"t": 1696563610, "d": ["acmeair-flightservice", 0]}, {"t": 1696563610, "d": ["acmeair-mainservice", 0]}, {"t": 1696563620, "d": ["acmeair-authservice", 0]}, {"t": 1696563620, "d": ["acmeair-bookingservice", 0]}, {"t": 1696563620, "d": ["acmeair-customerservice", 0]}, {"t": 1696563620, "d": ["acmeair-flightservice", 0]}, {"t": 1696563620, "d": ["acmeair-mainservice", 0]}, {"t": 1696563630, "d": ["acmeair-authservice", 0]}, {"t": 1696563630, "d": ["acmeair-bookingservice", 0]}, {"t": 1696563630, "d": ["acmeair-customerservice", 0]}, {"t": 1696563630, "d": ["acmeair-flightservice", 0]}, {"t": 1696563630, "d": ["acmeair-mainservice", 0]}, {"t": 1696563640, "d": ["acmeair-authservice", 0]}, {"t": 1696563640, "d": ["acmeair-bookingservice", 0]}, {"t": 1696563640, "d": ["acmeair-customerservice", 0]}, {"t": 1696563640, "d": ["acmeair-flightservice", 0]}, {"t": 1696563640, "d": ["acmeair-mainservice", 0]}, {"t": 1696563650, "d": ["acmeair-authservice", 0]}, {"t": 1696563650, "d": ["acmeair-bookingservice", 0]}, {"t": 1696563650, "d": ["acmeair-customerservice", 0]}, {"t": 1696563650, "d": ["acmeair-flightservice", 0]}, {"t": 1696563650, "d": ["acmeair-mainservice", 0]}, {"t": 1696563660, "d": ["acmeair-authservice", 0]}, {"t": 1696563660, "d": ["acmeair-bookingservice", 0]}, {"t": 1696563660, "d": ["acmeair-customerservice", 0]}, {"t": 1696563660, "d": ["acmeair-flightservice", 0]}, {"t": 1696563660, "d": ["acmeair-mainservice", 0]}, {"t": 1696563670, "d": ["acmeair-authservice", 0]}, {"t": 1696563670, "d": ["acmeair-bookingservice", 0]}, {"t": 1696563670, "d": ["acmeair-customerservice", 0]}, {"t": 1696563670, "d": ["acmeair-flightservice", 0]}, {"t": 1696563670, "d": ["acmeair-mainservice", 0]}, {"t": 1696563680, "d": ["acmeair-authservice", 0]}, {"t": 1696563680, "d": ["acmeair-bookingservice", 0]}, {"t": 1696563680, "d": ["acmeair-customerservice", 0]}, {"t": 1696563680, "d": ["acmeair-flightservice", 0]}, {"t": 1696563680, "d": ["acmeair-mainservice", 0]}, {"t": 1696563690, "d": ["acmeair-authservice", 0]}, {"t": 1696563690, "d": ["acmeair-bookingservice", 0]}, {"t": 1696563690, "d": ["acmeair-customerservice", 0]}, {"t": 1696563690, "d": ["acmeair-flightservice", 0]}, {"t": 1696563690, "d": ["acmeair-mainservice", 0]}, {"t": 1696563700, "d": ["acmeair-authservice", 0]}, {"t": 1696563700, "d": ["acmeair-bookingservice", 0]}, {"t": 1696563700, "d": ["acmeair-customerservice", 0]}, {"t": 1696563700, "d": ["acmeair-flightservice", 0]}, {"t": 1696563700, "d": ["acmeair-mainservice", 0]}, {"t": 1696563710, "d": ["acmeair-authservice", 0]}, {"t": 1696563710, "d": ["acmeair-bookingservice", 0]}, {"t": 1696563710, "d": ["acmeair-customerservice", 0]}, {"t": 1696563710, "d": ["acmeair-flightservice", 0]}, {"t": 1696563710, "d": ["acmeair-mainservice", 0]}, {"t": 1696563720, "d": ["acmeair-authservice", 0]}, {"t": 1696563720, "d": ["acmeair-bookingservice", 0]}, {"t": 1696563720, "d": ["acmeair-customerservice", 0]}, {"t": 1696563720, "d": ["acmeair-flightservice", 0]}, {"t": 1696563720, "d": ["acmeair-mainservice", 0]}, {"t": 1696563730, "d": ["acmeair-authservice", 0]}, {"t": 1696563730, "d": ["acmeair-bookingservice", 0]}, {"t": 1696563730, "d": ["acmeair-customerservice", 0]}, {"t": 1696563730, "d": ["acmeair-flightservice", 0]}, {"t": 1696563730, "d": ["acmeair-mainservice", 0]}, {"t": 1696563740, "d": ["acmeair-authservice", 0]}, {"t": 1696563740, "d": ["acmeair-bookingservice", 0]}, {"t": 1696563740, "d": ["acmeair-customerservice", 0]}, {"t": 1696563740, "d": ["acmeair-flightservice", 0]}, {"t": 1696563740, "d": ["acmeair-mainservice", 0]}, {"t": 1696563750, "d": ["acmeair-authservice", 0]}, {"t": 1696563750, "d": ["acmeair-bookingservice", 0]}, {"t": 1696563750, "d": ["acmeair-customerservice", 0]}, {"t": 1696563750, "d": ["acmeair-flightservice", 0]}, {"t": 1696563750, "d": ["acmeair-mainservice", 0]}, {"t": 1696563760, "d": ["acmeair-authservice", 0]}, {"t": 1696563760, "d": ["acmeair-bookingservice", 0]}, {"t": 1696563760, "d": ["acmeair-customerservice", 0]}, {"t": 1696563760, "d": ["acmeair-flightservice", 0]}, {"t": 1696563760, "d": ["acmeair-mainservice", 0]}, {"t": 1696563770, "d": ["acmeair-authservice", 0]}, {"t": 1696563770, "d": ["acmeair-bookingservice", 0]}, {"t": 1696563770, "d": ["acmeair-customerservice", 0]}, {"t": 1696563770, "d": ["acmeair-flightservice", 0]}, {"t": 1696563770, "d": ["acmeair-mainservice", 0]}, {"t": 1696563780, "d": ["acmeair-authservice", 0]}, {"t": 1696563780, "d": ["acmeair-bookingservice", 0]}, {"t": 1696563780, "d": ["acmeair-customerservice", 0]}, {"t": 1696563780, "d": ["acmeair-flightservice", 0]}, {"t": 1696563780, "d": ["acmeair-mainservice", 0]}, {"t": 1696563790, "d": ["acmeair-authservice", 0]}, {"t": 1696563790, "d": ["acmeair-bookingservice", 6900000]}, {"t": 1696563790, "d": ["acmeair-customerservice", 0]}, {"t": 1696563790, "d": ["acmeair-flightservice", 0]}, {"t": 1696563790, "d": ["acmeair-mainservice", 0]}], "start": 1696563190, "end": 1696563790}