{"data": [{"t": 1696563200, "d": ["acmeair-customerservice", 175028312]}, {"t": 1696563200, "d": ["acmeair-bookingservice", 172024556]}, {"t": 1696563200, "d": ["acmeair-authservice", 163737067.2]}, {"t": 1696563200, "d": ["acmeair-flightservice", 163231144]}, {"t": 1696563200, "d": ["acmeair-mainservice", 112129040]}, {"t": 1696563210, "d": ["acmeair-customerservice", 175028312]}, {"t": 1696563210, "d": ["acmeair-bookingservice", 172024556]}, {"t": 1696563210, "d": ["acmeair-authservice", 163744504]}, {"t": 1696563210, "d": ["acmeair-flightservice", 163231144]}, {"t": 1696563210, "d": ["acmeair-mainservice", 112129040]}, {"t": 1696563220, "d": ["acmeair-customerservice", 175028312]}, {"t": 1696563220, "d": ["acmeair-bookingservice", 172024556]}, {"t": 1696563220, "d": ["acmeair-authservice", 163744504]}, {"t": 1696563220, "d": ["acmeair-flightservice", 163231144]}, {"t": 1696563220, "d": ["acmeair-mainservice", 112129040]}, {"t": 1696563230, "d": ["acmeair-customerservice", 175030232]}, {"t": 1696563230, "d": ["acmeair-bookingservice", 172024556]}, {"t": 1696563230, "d": ["acmeair-authservice", 163744504]}, {"t": 1696563230, "d": ["acmeair-flightservice", 163231144]}, {"t": 1696563230, "d": ["acmeair-mainservice", 112129040]}, {"t": 1696563240, "d": ["acmeair-customerservice", 175030712]}, {"t": 1696563240, "d": ["acmeair-bookingservice", 172024556]}, {"t": 1696563240, "d": ["acmeair-authservice", 163745552]}, {"t": 1696563240, "d": ["acmeair-flightservice", 163231144]}, {"t": 1696563240, "d": ["acmeair-mainservice", 112129040]}, {"t": 1696563250, "d": ["acmeair-customerservice", 175030712]}, {"t": 1696563250, "d": ["acmeair-bookingservice", 172024556]}, {"t": 1696563250, "d": ["acmeair-authservice", 163746600]}, {"t": 1696563250, "d": ["acmeair-flightservice", 163231144]}, {"t": 1696563250, "d": ["acmeair-mainservice", 112129040]}, {"t": 1696563260, "d": ["acmeair-customerservice", 175032252.8]}, {"t": 1696563260, "d": ["acmeair-bookingservice", 172024556]}, {"t": 1696563260, "d": ["acmeair-authservice", 163746600]}, {"t": 1696563260, "d": ["acmeair-flightservice", 163231144]}, {"t": 1696563260, "d": ["acmeair-mainservice", 112129040]}, {"t": 1696563270, "d": ["acmeair-customerservice", 175058272]}, {"t": 1696563270, "d": ["acmeair-bookingservice", 172024556]}, {"t": 1696563270, "d": ["acmeair-authservice", 163746600]}, {"t": 1696563270, "d": ["acmeair-flightservice", 163231144]}, {"t": 1696563270, "d": ["acmeair-mainservice", 112129040]}, {"t": 1696563280, "d": ["acmeair-customerservice", 175071072]}, {"t": 1696563280, "d": ["acmeair-bookingservice", 172024556]}, {"t": 1696563280, "d": ["acmeair-authservice", 163746600]}, {"t": 1696563280, "d": ["acmeair-flightservice", 163231144]}, {"t": 1696563280, "d": ["acmeair-mainservice", 112129040]}, {"t": 1696563290, "d": ["acmeair-customerservice", 175071072]}, {"t": 1696563290, "d": ["acmeair-bookingservice", 172024556]}, {"t": 1696563290, "d": ["acmeair-authservice", 163746600]}, {"t": 1696563290, "d": ["acmeair-flightservice", 163231144]}, {"t": 1696563290, "d": ["acmeair-mainservice", 112129040]}, {"t": 1696563300, "d": ["acmeair-customerservice", 175071072]}, {"t": 1696563300, "d": ["acmeair-bookingservice", 172024556]}, {"t": 1696563300, "d": ["acmeair-authservice", 163746600]}, {"t": 1696563300, "d": ["acmeair-flightservice", 163231144]}, {"t": 1696563300, "d": ["acmeair-mainservice", 112129040]}, {"t": 1696563310, "d": ["acmeair-customerservice", 175071072]}, {"t": 1696563310, "d": ["acmeair-bookingservice", 172024556]}, {"t": 1696563310, "d": ["acmeair-authservice", 163746600]}, {"t": 1696563310, "d": ["acmeair-flightservice", 163231144]}, {"t": 1696563310, "d": ["acmeair-mainservice", 112129040]}, {"t": 1696563320, "d": ["acmeair-customerservice", 175070294.4]}, {"t": 1696563320, "d": ["acmeair-bookingservice", 172024556]}, {"t": 1696563320, "d": ["acmeair-authservice", 163746848]}, {"t": 1696563320, "d": ["acmeair-flightservice", 163231144]}, {"t": 1696563320, "d": ["acmeair-mainservice", 112129040]}, {"t": 1696563330, "d": ["acmeair-customerservice", 175069776]}, {"t": 1696563330, "d": ["acmeair-bookingservice", 172024556]}, {"t": 1696563330, "d": ["acmeair-authservice", 163748582.4]}, {"t": 1696563330, "d": ["acmeair-flightservice", 163232680]}, {"t": 1696563330, "d": ["acmeair-mainservice", 112129040]}, {"t": 1696563340, "d": ["acmeair-customerservice", 175069776]}, {"t": 1696563340, "d": ["acmeair-bookingservice", 172024556]}, {"t": 1696563340, "d": ["acmeair-authservice", 163749192]}, {"t": 1696563340, "d": ["acmeair-flightservice", 163233448]}, {"t": 1696563340, "d": ["acmeair-mainservice", 112129040]}, {"t": 1696563350, "d": ["acmeair-customerservice", 175069776]}, {"t": 1696563350, "d": ["acmeair-bookingservice", 172024556]}, {"t": 1696563350, "d": ["acmeair-authservice", 163749192]}, {"t": 1696563350, "d": ["acmeair-flightservice", 163233448]}, {"t": 1696563350, "d": ["acmeair-mainservice", 112129040]}, {"t": 1696563360, "d": ["acmeair-customerservice", 175069776]}, {"t": 1696563360, "d": ["acmeair-bookingservice", 172026053.6]}, {"t": 1696563360, "d": ["acmeair-authservice", 163749192]}, {"t": 1696563360, "d": ["acmeair-flightservice", 163234520]}, {"t": 1696563360, "d": ["acmeair-mainservice", 112129040]}, {"t": 1696563370, "d": ["acmeair-customerservice", 175069776]}, {"t": 1696563370, "d": ["acmeair-bookingservice", 172027580]}, {"t": 1696563370, "d": ["acmeair-authservice", 163749192]}, {"t": 1696563370, "d": ["acmeair-flightservice", 163236523.2]}, {"t": 1696563370, "d": ["acmeair-mainservice", 112129040]}, {"t": 1696563380, "d": ["acmeair-customerservice", 175069776]}, {"t": 1696563380, "d": ["acmeair-bookingservice", 172028156]}, {"t": 1696563380, "d": ["acmeair-authservice", 163749192]}, {"t": 1696563380, "d": ["acmeair-flightservice", 163236590.4]}, {"t": 1696563380, "d": ["acmeair-mainservice", 112129040]}, {"t": 1696563390, "d": ["acmeair-customerservice", 175074286.4]}, {"t": 1696563390, "d": ["acmeair-bookingservice", 172028156]}, {"t": 1696563390, "d": ["acmeair-authservice", 163749448]}, {"t": 1696563390, "d": ["acmeair-flightservice", 163236488]}, {"t": 1696563390, "d": ["acmeair-mainservice", 112129040]}, {"t": 1696563400, "d": ["acmeair-customerservice", 175092075.2]}, {"t": 1696563400, "d": ["acmeair-bookingservice", 172028472.8]}, {"t": 1696563400, "d": ["acmeair-authservice", 163751640]}, {"t": 1696563400, "d": ["acmeair-flightservice", 163236488]}, {"t": 1696563400, "d": ["acmeair-mainservice", 112129040]}, {"t": 1696563410, "d": ["acmeair-customerservice", 175094683.2]}, {"t": 1696563410, "d": ["acmeair-bookingservice", 172028684]}, {"t": 1696563410, "d": ["acmeair-authservice", 163752792]}, {"t": 1696563410, "d": ["acmeair-flightservice", 163236488]}, {"t": 1696563410, "d": ["acmeair-mainservice", 112129040]}, {"t": 1696563420, "d": ["acmeair-customerservice", 175098816]}, {"t": 1696563420, "d": ["acmeair-bookingservice", 172044784]}, {"t": 1696563420, "d": ["acmeair-authservice", 163763435.555556]}, {"t": 1696563420, "d": ["acmeair-flightservice", 163236488]}, {"t": 1696563420, "d": ["acmeair-mainservice", 112129040]}, {"t": 1696563430, "d": ["acmeair-customerservice", 175098816]}, {"t": 1696563430, "d": ["acmeair-bookingservice", 172054444]}, {"t": 1696563430, "d": ["acmeair-authservice", 163764296]}, {"t": 1696563430, "d": ["acmeair-flightservice", 163236488]}, {"t": 1696563430, "d": ["acmeair-mainservice", 112129040]}, {"t": 1696563440, "d": ["acmeair-customerservice", 175098816]}, {"t": 1696563440, "d": ["acmeair-bookingservice", 172054444]}, {"t": 1696563440, "d": ["acmeair-authservice", 163766712]}, {"t": 1696563440, "d": ["acmeair-flightservice", 163236488]}, {"t": 1696563440, "d": ["acmeair-mainservice", 112129040]}, {"t": 1696563450, "d": ["acmeair-customerservice", 175098816]}, {"t": 1696563450, "d": ["acmeair-bookingservice", 172054444]}, {"t": 1696563450, "d": ["acmeair-authservice", 163887894.4]}, {"t": 1696563450, "d": ["acmeair-flightservice", 163236488]}, {"t": 1696563450, "d": ["acmeair-mainservice", 112129040]}, {"t": 1696563460, "d": ["acmeair-customerservice", 175103273.6]}, {"t": 1696563460, "d": ["acmeair-bookingservice", 172248893.6]}, {"t": 1696563460, "d": ["acmeair-authservice", 163769608]}, {"t": 1696563460, "d": ["acmeair-flightservice", 163236488]}, {"t": 1696563460, "d": ["acmeair-mainservice", 112129040]}, {"t": 1696563470, "d": ["acmeair-customerservice", 175105632]}, {"t": 1696563470, "d": ["acmeair-bookingservice", 172070732]}, {"t": 1696563470, "d": ["acmeair-authservice", 163769608]}, {"t": 1696563470, "d": ["acmeair-flightservice", 163236488]}, {"t": 1696563470, "d": ["acmeair-mainservice", 112129040]}, {"t": 1696563480, "d": ["acmeair-customerservice", 175105632]}, {"t": 1696563480, "d": ["acmeair-bookingservice", 172070732]}, {"t": 1696563480, "d": ["acmeair-authservice", 163769608]}, {"t": 1696563480, "d": ["acmeair-flightservice", 163236488]}, {"t": 1696563480, "d": ["acmeair-mainservice", 112129040]}, {"t": 1696563490, "d": ["acmeair-customerservice", 175105632]}, {"t": 1696563490, "d": ["acmeair-bookingservice", 172070732]}, {"t": 1696563490, "d": ["acmeair-authservice", 163769848]}, {"t": 1696563490, "d": ["acmeair-flightservice", 163240105.6]}, {"t": 1696563490, "d": ["acmeair-mainservice", 112129040]}, {"t": 1696563500, "d": ["acmeair-customerservice", 175106534.4]}, {"t": 1696563500, "d": ["acmeair-bookingservice", 172070732]}, {"t": 1696563500, "d": ["acmeair-authservice", 163771542.4]}, {"t": 1696563500, "d": ["acmeair-flightservice", 163241656]}, {"t": 1696563500, "d": ["acmeair-mainservice", 112129040]}, {"t": 1696563510, "d": ["acmeair-customerservice", 175107888]}, {"t": 1696563510, "d": ["acmeair-bookingservice", 172070732]}, {"t": 1696563510, "d": ["acmeair-authservice", 163772688]}, {"t": 1696563510, "d": ["acmeair-flightservice", 163241656]}, {"t": 1696563510, "d": ["acmeair-mainservice", 112129040]}, {"t": 1696563520, "d": ["acmeair-customerservice", 175116729.6]}, {"t": 1696563520, "d": ["acmeair-bookingservice", 173661692]}, {"t": 1696563520, "d": ["acmeair-authservice", 163777080]}, {"t": 1696563520, "d": ["acmeair-flightservice", 163246264]}, {"t": 1696563520, "d": ["acmeair-mainservice", 112129040]}, {"t": 1696563530, "d": ["acmeair-customerservice", 176109657.6]}, {"t": 1696563530, "d": ["acmeair-bookingservice", 172094812]}, {"t": 1696563530, "d": ["acmeair-authservice", 163781985.6]}, {"t": 1696563530, "d": ["acmeair-flightservice", 163246264]}, {"t": 1696563530, "d": ["acmeair-mainservice", 112129040]}, {"t": 1696563540, "d": ["acmeair-customerservice", 175201756.8]}, {"t": 1696563540, "d": ["acmeair-bookingservice", 172094812]}, {"t": 1696563540, "d": ["acmeair-authservice", 163780020.8]}, {"t": 1696563540, "d": ["acmeair-flightservice", 163246264]}, {"t": 1696563540, "d": ["acmeair-mainservice", 112129040]}, {"t": 1696563550, "d": ["acmeair-customerservice", 175201312]}, {"t": 1696563550, "d": ["acmeair-bookingservice", 172094812]}, {"t": 1696563550, "d": ["acmeair-authservice", 163779432]}, {"t": 1696563550, "d": ["acmeair-flightservice", 163252835.2]}, {"t": 1696563550, "d": ["acmeair-mainservice", 112129040]}, {"t": 1696563560, "d": ["acmeair-customerservice", 175201312]}, {"t": 1696563560, "d": ["acmeair-bookingservice", 172094812]}, {"t": 1696563560, "d": ["acmeair-authservice", 163779628.8]}, {"t": 1696563560, "d": ["acmeair-flightservice", 163258792]}, {"t": 1696563560, "d": ["acmeair-mainservice", 112129040]}, {"t": 1696563570, "d": ["acmeair-customerservice", 175201312]}, {"t": 1696563570, "d": ["acmeair-bookingservice", 172094812]}, {"t": 1696563570, "d": ["acmeair-authservice", 163780088]}, {"t": 1696563570, "d": ["acmeair-flightservice", 163258792]}, {"t": 1696563570, "d": ["acmeair-mainservice", 112129040]}, {"t": 1696563580, "d": ["acmeair-customerservice", 175211020.8]}, {"t": 1696563580, "d": ["acmeair-bookingservice", 172094812]}, {"t": 1696563580, "d": ["acmeair-authservice", 163780088]}, {"t": 1696563580, "d": ["acmeair-flightservice", 163258792]}, {"t": 1696563580, "d": ["acmeair-mainservice", 112129040]}, {"t": 1696563590, "d": ["acmeair-customerservice", 175226595.2]}, {"t": 1696563590, "d": ["acmeair-bookingservice", 174866868]}, {"t": 1696563590, "d": ["acmeair-authservice", 163780088]}, {"t": 1696563590, "d": ["acmeair-flightservice", 163258792]}, {"t": 1696563590, "d": ["acmeair-mainservice", 112129040]}, {"t": 1696563600, "d": ["acmeair-customerservice", 175226864]}, {"t": 1696563600, "d": ["acmeair-bookingservice", 172135836]}, {"t": 1696563600, "d": ["acmeair-authservice", 163781777.6]}, {"t": 1696563600, "d": ["acmeair-flightservice", 163258792]}, {"t": 1696563600, "d": ["acmeair-mainservice", 112129040]}, {"t": 1696563610, "d": ["acmeair-customerservice", 175226864]}, {"t": 1696563610, "d": ["acmeair-bookingservice", 172135836]}, {"t": 1696563610, "d": ["acmeair-authservice", 163781432]}, {"t": 1696563610, "d": ["acmeair-flightservice", 163258792]}, {"t": 1696563610, "d": ["acmeair-mainservice", 112129040]}, {"t": 1696563620, "d": ["acmeair-customerservice", 175226864]}, {"t": 1696563620, "d": ["acmeair-bookingservice", 172214621.6]}, {"t": 1696563620, "d": ["acmeair-authservice", 163781432]}, {"t": 1696563620, "d": ["acmeair-flightservice", 163258792]}, {"t": 1696563620, "d": ["acmeair-mainservice", 112129040]}, {"t": 1696563630, "d": ["acmeair-customerservice", 175226864]}, {"t": 1696563630, "d": ["acmeair-bookingservice", 172136460]}, {"t": 1696563630, "d": ["acmeair-authservice", 163782152]}, {"t": 1696563630, "d": ["acmeair-flightservice", 163258792]}, {"t": 1696563630, "d": ["acmeair-mainservice", 112129040]}, {"t": 1696563640, "d": ["acmeair-customerservice", 175229140.8]}, {"t": 1696563640, "d": ["acmeair-bookingservice", 172136460]}, {"t": 1696563640, "d": ["acmeair-authservice", 163782632]}, {"t": 1696563640, "d": ["acmeair-flightservice", 163258792]}, {"t": 1696563640, "d": ["acmeair-mainservice", 112129040]}, {"t": 1696563650, "d": ["acmeair-customerservice", 175235728]}, {"t": 1696563650, "d": ["acmeair-bookingservice", 172136460]}, {"t": 1696563650, "d": ["acmeair-authservice", 163782632]}, {"t": 1696563650, "d": ["acmeair-flightservice", 163258792]}, {"t": 1696563650, "d": ["acmeair-mainservice", 112129040]}, {"t": 1696563660, "d": ["acmeair-customerservice", 175272934.4]}, {"t": 1696563660, "d": ["acmeair-bookingservice", 172136460]}, {"t": 1696563660, "d": ["acmeair-authservice", 163782801.6]}, {"t": 1696563660, "d": ["acmeair-flightservice", 163258792]}, {"t": 1696563660, "d": ["acmeair-mainservice", 112129040]}, {"t": 1696563670, "d": ["acmeair-customerservice", 175288448]}, {"t": 1696563670, "d": ["acmeair-bookingservice", 172140236]}, {"t": 1696563670, "d": ["acmeair-authservice", 163826424]}, {"t": 1696563670, "d": ["acmeair-flightservice", 163258792]}, {"t": 1696563670, "d": ["acmeair-mainservice", 112129040]}, {"t": 1696563680, "d": ["acmeair-customerservice", 175288448]}, {"t": 1696563680, "d": ["acmeair-bookingservice", 172141180]}, {"t": 1696563680, "d": ["acmeair-authservice", 163857729.6]}, {"t": 1696563680, "d": ["acmeair-flightservice", 163258792]}, {"t": 1696563680, "d": ["acmeair-mainservice", 112129040]}, {"t": 1696563690, "d": ["acmeair-customerservice", 175288448]}, {"t": 1696563690, "d": ["acmeair-bookingservice", 172141180]}, {"t": 1696563690, "d": ["acmeair-authservice", 163870110.4]}, {"t": 1696563690, "d": ["acmeair-flightservice", 163258792]}, {"t": 1696563690, "d": ["acmeair-mainservice", 112129040]}, {"t": 1696563700, "d": ["acmeair-customerservice", 175288448]}, {"t": 1696563700, "d": ["acmeair-bookingservice", 172319320.8]}, {"t": 1696563700, "d": ["acmeair-authservice", 163868744]}, {"t": 1696563700, "d": ["acmeair-flightservice", 163258792]}, {"t": 1696563700, "d": ["acmeair-mainservice", 112129432]}, {"t": 1696563710, "d": ["acmeair-customerservice", 175288448]}, {"t": 1696563710, "d": ["acmeair-bookingservice", 172144021.6]}, {"t": 1696563710, "d": ["acmeair-authservice", 163868744]}, {"t": 1696563710, "d": ["acmeair-flightservice", 163258792]}, {"t": 1696563710, "d": ["acmeair-mainservice", 112129600]}, {"t": 1696563720, "d": ["acmeair-customerservice", 175291105.6]}, {"t": 1696563720, "d": ["acmeair-bookingservice", 172144140]}, {"t": 1696563720, "d": ["acmeair-authservice", 163868744]}, {"t": 1696563720, "d": ["acmeair-flightservice", 163258792]}, {"t": 1696563720, "d": ["acmeair-mainservice", 112129600]}, {"t": 1696563730, "d": ["acmeair-customerservice", 175292416]}, {"t": 1696563730, "d": ["acmeair-bookingservice", 172144140]}, {"t": 1696563730, "d": ["acmeair-authservice", 163868744]}, {"t": 1696563730, "d": ["acmeair-flightservice", 163258792]}, {"t": 1696563730, "d": ["acmeair-mainservice", 112129600]}, {"t": 1696563740, "d": ["acmeair-customerservice", 175292416]}, {"t": 1696563740, "d": ["acmeair-bookingservice", 172144140]}, {"t": 1696563740, "d": ["acmeair-authservice", 163868744]}, {"t": 1696563740, "d": ["acmeair-flightservice", 163258792]}, {"t": 1696563740, "d": ["acmeair-mainservice", 112129600]}, {"t": 1696563750, "d": ["acmeair-customerservice", 175292416]}, {"t": 1696563750, "d": ["acmeair-bookingservice", 172145887.2]}, {"t": 1696563750, "d": ["acmeair-authservice", 163868744]}, {"t": 1696563750, "d": ["acmeair-flightservice", 163259049.6]}, {"t": 1696563750, "d": ["acmeair-mainservice", 112129600]}, {"t": 1696563760, "d": ["acmeair-customerservice", 175292416]}, {"t": 1696563760, "d": ["acmeair-bookingservice", 172146636]}, {"t": 1696563760, "d": ["acmeair-authservice", 163869099.2]}, {"t": 1696563760, "d": ["acmeair-flightservice", 163259160]}, {"t": 1696563760, "d": ["acmeair-mainservice", 112129600]}, {"t": 1696563770, "d": ["acmeair-customerservice", 175292416]}, {"t": 1696563770, "d": ["acmeair-bookingservice", 172146636]}, {"t": 1696563770, "d": ["acmeair-authservice", 163872113.6]}, {"t": 1696563770, "d": ["acmeair-flightservice", 163259160]}, {"t": 1696563770, "d": ["acmeair-mainservice", 112129600]}, {"t": 1696563780, "d": ["acmeair-customerservice", 175292416]}, {"t": 1696563780, "d": ["acmeair-bookingservice", 172147324]}, {"t": 1696563780, "d": ["acmeair-authservice", 163875720]}, {"t": 1696563780, "d": ["acmeair-flightservice", 163259160]}, {"t": 1696563780, "d": ["acmeair-mainservice", 112129600]}, {"t": 1696563790, "d": ["acmeair-customerservice", 175292416]}, {"t": 1696563790, "d": ["acmeair-bookingservice", 172147324]}, {"t": 1696563790, "d": ["acmeair-authservice", 163883336]}, {"t": 1696563790, "d": ["acmeair-flightservice", 163259160]}, {"t": 1696563790, "d": ["acmeair-mainservice", 112129600]}], "start": 1696563190, "end": 1696563790}