{"data": [{"t": 1696563200, "d": ["acmeair-bookingservice", 225196036]}, {"t": 1696563200, "d": ["acmeair-customerservice", 154235070.4]}, {"t": 1696563200, "d": ["acmeair-flightservice", 80844441.6]}, {"t": 1696563200, "d": ["acmeair-authservice", 71284983.2]}, {"t": 1696563200, "d": ["acmeair-mainservice", 39587064]}, {"t": 1696563210, "d": ["acmeair-bookingservice", 231776251.2]}, {"t": 1696563210, "d": ["acmeair-customerservice", 145043060]}, {"t": 1696563210, "d": ["acmeair-flightservice", 101032744]}, {"t": 1696563210, "d": ["acmeair-authservice", 73662379.2]}, {"t": 1696563210, "d": ["acmeair-mainservice", 40524228.8]}, {"t": 1696563220, "d": ["acmeair-bookingservice", 234971335.2]}, {"t": 1696563220, "d": ["acmeair-customerservice", 146735316.8]}, {"t": 1696563220, "d": ["acmeair-flightservice", 113561567.2]}, {"t": 1696563220, "d": ["acmeair-authservice", 74476606.4]}, {"t": 1696563220, "d": ["acmeair-mainservice", 41391352]}, {"t": 1696563230, "d": ["acmeair-bookingservice", 199458371.2]}, {"t": 1696563230, "d": ["acmeair-customerservice", 157663654.4]}, {"t": 1696563230, "d": ["acmeair-flightservice", 112391638.4]}, {"t": 1696563230, "d": ["acmeair-authservice", 68347360]}, {"t": 1696563230, "d": ["acmeair-mainservice", 42330564.8]}, {"t": 1696563240, "d": ["acmeair-bookingservice", 212246902.4]}, {"t": 1696563240, "d": ["acmeair-customerservice", 163475878.4]}, {"t": 1696563240, "d": ["acmeair-flightservice", 101799137.6]}, {"t": 1696563240, "d": ["acmeair-authservice", 70920057.6]}, {"t": 1696563240, "d": ["acmeair-mainservice", 43175160]}, {"t": 1696563250, "d": ["acmeair-bookingservice", 214928144]}, {"t": 1696563250, "d": ["acmeair-customerservice", 165417382.4]}, {"t": 1696563250, "d": ["acmeair-flightservice", 109194056]}, {"t": 1696563250, "d": ["acmeair-authservice", 72338092.8]}, {"t": 1696563250, "d": ["acmeair-mainservice", 44109867.2]}, {"t": 1696563260, "d": ["acmeair-bookingservice", 220446699.2]}, {"t": 1696563260, "d": ["acmeair-customerservice", 169350304]}, {"t": 1696563260, "d": ["acmeair-flightservice", 111004078.4]}, {"t": 1696563260, "d": ["acmeair-authservice", 74210374.4]}, {"t": 1696563260, "d": ["acmeair-mainservice", 44961835.2]}, {"t": 1696563270, "d": ["acmeair-bookingservice", 246834835.2]}, {"t": 1696563270, "d": ["acmeair-customerservice", 191822510.4]}, {"t": 1696563270, "d": ["acmeair-flightservice", 116634437.333334]}, {"t": 1696563270, "d": ["acmeair-authservice", 77421638.4]}, {"t": 1696563270, "d": ["acmeair-mainservice", 45923576]}, {"t": 1696563280, "d": ["acmeair-bookingservice", 256931884.8]}, {"t": 1696563280, "d": ["acmeair-customerservice", 201160251.2]}, {"t": 1696563280, "d": ["acmeair-flightservice", 94736921.6]}, {"t": 1696563280, "d": ["acmeair-authservice", 72576378.4]}, {"t": 1696563280, "d": ["acmeair-mainservice", 46770628.8]}, {"t": 1696563290, "d": ["acmeair-bookingservice", 260399968]}, {"t": 1696563290, "d": ["acmeair-customerservice", 203726395.2]}, {"t": 1696563290, "d": ["acmeair-flightservice", 109351964.8]}, {"t": 1696563290, "d": ["acmeair-authservice", 67317012.8]}, {"t": 1696563290, "d": ["acmeair-mainservice", 47678302.4]}, {"t": 1696563300, "d": ["acmeair-bookingservice", 261881081.6]}, {"t": 1696563300, "d": ["acmeair-customerservice", 205144840]}, {"t": 1696563300, "d": ["acmeair-flightservice", 115114035.555556]}, {"t": 1696563300, "d": ["acmeair-authservice", 68727265.6]}, {"t": 1696563300, "d": ["acmeair-mainservice", 48583928]}, {"t": 1696563310, "d": ["acmeair-bookingservice", 263326560]}, {"t": 1696563310, "d": ["acmeair-customerservice", 206603016]}, {"t": 1696563310, "d": ["acmeair-flightservice", 116582633.6]}, {"t": 1696563310, "d": ["acmeair-authservice", 70207969.6]}, {"t": 1696563310, "d": ["acmeair-mainservice", 49323256]}, {"t": 1696563320, "d": ["acmeair-bookingservice", 243989638.4]}, {"t": 1696563320, "d": ["acmeair-customerservice", 168401424]}, {"t": 1696563320, "d": ["acmeair-flightservice", 117962576]}, {"t": 1696563320, "d": ["acmeair-authservice", 71663850.4]}, {"t": 1696563320, "d": ["acmeair-mainservice", 50380433.6]}, {"t": 1696563330, "d": ["acmeair-bookingservice", 245219999.2]}, {"t": 1696563330, "d": ["acmeair-customerservice", 165266156.8]}, {"t": 1696563330, "d": ["acmeair-flightservice", 109400122.666667]}, {"t": 1696563330, "d": ["acmeair-authservice", 72552914.4]}, {"t": 1696563330, "d": ["acmeair-mainservice", 51185297.6]}, {"t": 1696563340, "d": ["acmeair-bookingservice", 245185291.2]}, {"t": 1696563340, "d": ["acmeair-customerservice", 156051252]}, {"t": 1696563340, "d": ["acmeair-flightservice", 101184853.6]}, {"t": 1696563340, "d": ["acmeair-authservice", 73166724.8]}, {"t": 1696563340, "d": ["acmeair-mainservice", 52153600]}, {"t": 1696563350, "d": ["acmeair-bookingservice", 253259935.2]}, {"t": 1696563350, "d": ["acmeair-customerservice", 161691112.8]}, {"t": 1696563350, "d": ["acmeair-flightservice", 114836243.2]}, {"t": 1696563350, "d": ["acmeair-authservice", 73775813]}, {"t": 1696563350, "d": ["acmeair-mainservice", 52936353.6]}, {"t": 1696563360, "d": ["acmeair-bookingservice", 267955603.2]}, {"t": 1696563360, "d": ["acmeair-customerservice", 179723280]}, {"t": 1696563360, "d": ["acmeair-flightservice", 117005180]}, {"t": 1696563360, "d": ["acmeair-authservice", 72981877.6]}, {"t": 1696563360, "d": ["acmeair-mainservice", 53996808]}, {"t": 1696563370, "d": ["acmeair-bookingservice", 220557566.4]}, {"t": 1696563370, "d": ["acmeair-customerservice", 192002684.8]}, {"t": 1696563370, "d": ["acmeair-flightservice", 136332352]}, {"t": 1696563370, "d": ["acmeair-authservice", 70159321.6]}, {"t": 1696563370, "d": ["acmeair-mainservice", 48985778]}, {"t": 1696563380, "d": ["acmeair-bookingservice", 250959438.4]}, {"t": 1696563380, "d": ["acmeair-customerservice", 145436405.6]}, {"t": 1696563380, "d": ["acmeair-flightservice", 117625764.8]}, {"t": 1696563380, "d": ["acmeair-authservice", 76933691.2]}, {"t": 1696563380, "d": ["acmeair-mainservice", 32582985.6]}, {"t": 1696563390, "d": ["acmeair-bookingservice", 246255609.6]}, {"t": 1696563390, "d": ["acmeair-customerservice", 150624648]}, {"t": 1696563390, "d": ["acmeair-flightservice", 113401370.4]}, {"t": 1696563390, "d": ["acmeair-authservice", 76650849.6]}, {"t": 1696563390, "d": ["acmeair-mainservice", 33441507.2]}, {"t": 1696563400, "d": ["acmeair-bookingservice", 245793660]}, {"t": 1696563400, "d": ["acmeair-customerservice", 147136487.2]}, {"t": 1696563400, "d": ["acmeair-flightservice", 118331984.8]}, {"t": 1696563400, "d": ["acmeair-authservice", 78136046.4]}, {"t": 1696563400, "d": ["acmeair-mainservice", 34340169.6]}, {"t": 1696563410, "d": ["acmeair-bookingservice", 249004370.4]}, {"t": 1696563410, "d": ["acmeair-customerservice", 160529576]}, {"t": 1696563410, "d": ["acmeair-flightservice", 104632344.8]}, {"t": 1696563410, "d": ["acmeair-authservice", 76728148]}, {"t": 1696563410, "d": ["acmeair-mainservice", 35251120]}, {"t": 1696563420, "d": ["acmeair-bookingservice", 264675170]}, {"t": 1696563420, "d": ["acmeair-customerservice", 154710523]}, {"t": 1696563420, "d": ["acmeair-flightservice", 117555104]}, {"t": 1696563420, "d": ["acmeair-authservice", 76578683.555556]}, {"t": 1696563420, "d": ["acmeair-mainservice", 36120291.2]}, {"t": 1696563430, "d": ["acmeair-bookingservice", 259205287.2]}, {"t": 1696563430, "d": ["acmeair-customerservice", 161897301.6]}, {"t": 1696563430, "d": ["acmeair-flightservice", 118604010.4]}, {"t": 1696563430, "d": ["acmeair-authservice", 77771339.555556]}, {"t": 1696563430, "d": ["acmeair-mainservice", 37040662.4]}, {"t": 1696563440, "d": ["acmeair-bookingservice", 263090182.4]}, {"t": 1696563440, "d": ["acmeair-customerservice", 169113019.2]}, {"t": 1696563440, "d": ["acmeair-flightservice", 109001981.6]}, {"t": 1696563440, "d": ["acmeair-authservice", 74358257.6]}, {"t": 1696563440, "d": ["acmeair-mainservice", 37971273.6]}, {"t": 1696563450, "d": ["acmeair-bookingservice", 268425731.2]}, {"t": 1696563450, "d": ["acmeair-customerservice", 168619974.4]}, {"t": 1696563450, "d": ["acmeair-flightservice", 104136016]}, {"t": 1696563450, "d": ["acmeair-authservice", 79431826.4]}, {"t": 1696563450, "d": ["acmeair-mainservice", 38813104]}, {"t": 1696563460, "d": ["acmeair-bookingservice", 250691498.4]}, {"t": 1696563460, "d": ["acmeair-customerservice", 163424042.4]}, {"t": 1696563460, "d": ["acmeair-flightservice", 117660012.8]}, {"t": 1696563460, "d": ["acmeair-authservice", 78353291.2]}, {"t": 1696563460, "d": ["acmeair-mainservice", 39702334.222223]}, {"t": 1696563470, "d": ["acmeair-bookingservice", 270710470.4]}, {"t": 1696563470, "d": ["acmeair-customerservice", 176381140]}, {"t": 1696563470, "d": ["acmeair-flightservice", 108071468]}, {"t": 1696563470, "d": ["acmeair-authservice", 76723524.8]}, {"t": 1696563470, "d": ["acmeair-mainservice", 40676681.6]}, {"t": 1696563480, "d": ["acmeair-bookingservice", 276495184]}, {"t": 1696563480, "d": ["acmeair-customerservice", 173965182.4]}, {"t": 1696563480, "d": ["acmeair-flightservice", 118394596]}, {"t": 1696563480, "d": ["acmeair-authservice", 76277060.8]}, {"t": 1696563480, "d": ["acmeair-mainservice", 41583126.4]}, {"t": 1696563490, "d": ["acmeair-bookingservice", 270271467.2]}, {"t": 1696563490, "d": ["acmeair-customerservice", 158966891.2]}, {"t": 1696563490, "d": ["acmeair-flightservice", 106011543.2]}, {"t": 1696563490, "d": ["acmeair-authservice", 77476879.2]}, {"t": 1696563490, "d": ["acmeair-mainservice", 42482198.4]}, {"t": 1696563500, "d": ["acmeair-bookingservice", 272879879.2]}, {"t": 1696563500, "d": ["acmeair-customerservice", 173475047.2]}, {"t": 1696563500, "d": ["acmeair-flightservice", 114784003.2]}, {"t": 1696563500, "d": ["acmeair-authservice", 77597507.2]}, {"t": 1696563500, "d": ["acmeair-mainservice", 43347683.2]}, {"t": 1696563510, "d": ["acmeair-bookingservice", 265734307.2]}, {"t": 1696563510, "d": ["acmeair-customerservice", 176777988.8]}, {"t": 1696563510, "d": ["acmeair-flightservice", 111932640]}, {"t": 1696563510, "d": ["acmeair-authservice", 75170438.4]}, {"t": 1696563510, "d": ["acmeair-mainservice", 44181628.8]}, {"t": 1696563520, "d": ["acmeair-bookingservice", 270664481.6]}, {"t": 1696563520, "d": ["acmeair-customerservice", 168914916.8]}, {"t": 1696563520, "d": ["acmeair-flightservice", 120540385.6]}, {"t": 1696563520, "d": ["acmeair-authservice", 79092209.6]}, {"t": 1696563520, "d": ["acmeair-mainservice", 45102819.2]}, {"t": 1696563530, "d": ["acmeair-bookingservice", 283743726.4]}, {"t": 1696563530, "d": ["acmeair-customerservice", 168998107.2]}, {"t": 1696563530, "d": ["acmeair-flightservice", 111195587.2]}, {"t": 1696563530, "d": ["acmeair-authservice", 76132812.8]}, {"t": 1696563530, "d": ["acmeair-mainservice", 46039984]}, {"t": 1696563540, "d": ["acmeair-bookingservice", 265614554.4]}, {"t": 1696563540, "d": ["acmeair-customerservice", 170367576]}, {"t": 1696563540, "d": ["acmeair-flightservice", 117477212.8]}, {"t": 1696563540, "d": ["acmeair-authservice", 75913489.6]}, {"t": 1696563540, "d": ["acmeair-mainservice", 46950524.8]}, {"t": 1696563550, "d": ["acmeair-bookingservice", 281252758.4]}, {"t": 1696563550, "d": ["acmeair-customerservice", 181234701.6]}, {"t": 1696563550, "d": ["acmeair-flightservice", 114641540]}, {"t": 1696563550, "d": ["acmeair-authservice", 79211144.8]}, {"t": 1696563550, "d": ["acmeair-mainservice", 47799216]}, {"t": 1696563560, "d": ["acmeair-bookingservice", 268017900]}, {"t": 1696563560, "d": ["acmeair-customerservice", 184845012.8]}, {"t": 1696563560, "d": ["acmeair-flightservice", 117705565.333334]}, {"t": 1696563560, "d": ["acmeair-authservice", 76326156]}, {"t": 1696563560, "d": ["acmeair-mainservice", 48760137.6]}, {"t": 1696563570, "d": ["acmeair-bookingservice", 267139450.4]}, {"t": 1696563570, "d": ["acmeair-customerservice", 177121378.4]}, {"t": 1696563570, "d": ["acmeair-flightservice", 117850388.444445]}, {"t": 1696563570, "d": ["acmeair-authservice", 78082901.6]}, {"t": 1696563570, "d": ["acmeair-mainservice", 49530595.2]}, {"t": 1696563580, "d": ["acmeair-bookingservice", 289758171.2]}, {"t": 1696563580, "d": ["acmeair-customerservice", 175201543.2]}, {"t": 1696563580, "d": ["acmeair-flightservice", 107360323.2]}, {"t": 1696563580, "d": ["acmeair-authservice", 77501561.6]}, {"t": 1696563580, "d": ["acmeair-mainservice", 50534115.2]}, {"t": 1696563590, "d": ["acmeair-bookingservice", 276806616]}, {"t": 1696563590, "d": ["acmeair-customerservice", 186637884.8]}, {"t": 1696563590, "d": ["acmeair-flightservice", 121927772.8]}, {"t": 1696563590, "d": ["acmeair-authservice", 78411967.2]}, {"t": 1696563590, "d": ["acmeair-mainservice", 51340617.6]}, {"t": 1696563600, "d": ["acmeair-bookingservice", 286391290.4]}, {"t": 1696563600, "d": ["acmeair-customerservice", 182411054.4]}, {"t": 1696563600, "d": ["acmeair-flightservice", 125163976]}, {"t": 1696563600, "d": ["acmeair-authservice", 78144121.6]}, {"t": 1696563600, "d": ["acmeair-mainservice", 52352739.2]}, {"t": 1696563610, "d": ["acmeair-bookingservice", 289992079.2]}, {"t": 1696563610, "d": ["acmeair-customerservice", 189669038.4]}, {"t": 1696563610, "d": ["acmeair-flightservice", 123410473.6]}, {"t": 1696563610, "d": ["acmeair-authservice", 78899278.4]}, {"t": 1696563610, "d": ["acmeair-mainservice", 53129750.4]}, {"t": 1696563620, "d": ["acmeair-bookingservice", 306998497.6]}, {"t": 1696563620, "d": ["acmeair-customerservice", 182982170.4]}, {"t": 1696563620, "d": ["acmeair-flightservice", 129367552.8]}, {"t": 1696563620, "d": ["acmeair-authservice", 77221307.555556]}, {"t": 1696563620, "d": ["acmeair-mainservice", 54069372.8]}, {"t": 1696563630, "d": ["acmeair-bookingservice", 303147713.6]}, {"t": 1696563630, "d": ["acmeair-customerservice", 191038200]}, {"t": 1696563630, "d": ["acmeair-flightservice", 124503010.4]}, {"t": 1696563630, "d": ["acmeair-authservice", 76766667.2]}, {"t": 1696563630, "d": ["acmeair-mainservice", 43432441.6]}, {"t": 1696563640, "d": ["acmeair-bookingservice", 310037584]}, {"t": 1696563640, "d": ["acmeair-customerservice", 183407528.8]}, {"t": 1696563640, "d": ["acmeair-flightservice", 123661958.4]}, {"t": 1696563640, "d": ["acmeair-authservice", 77118164.8]}, {"t": 1696563640, "d": ["acmeair-mainservice", 32779126.4]}, {"t": 1696563650, "d": ["acmeair-bookingservice", 298712116]}, {"t": 1696563650, "d": ["acmeair-customerservice", 195154949.6]}, {"t": 1696563650, "d": ["acmeair-flightservice", 109747334.4]}, {"t": 1696563650, "d": ["acmeair-authservice", 78288159.111112]}, {"t": 1696563650, "d": ["acmeair-mainservice", 33703593.6]}, {"t": 1696563660, "d": ["acmeair-bookingservice", 296687051.2]}, {"t": 1696563660, "d": ["acmeair-customerservice", 171574192]}, {"t": 1696563660, "d": ["acmeair-flightservice", 124843106.4]}, {"t": 1696563660, "d": ["acmeair-authservice", 77271280]}, {"t": 1696563660, "d": ["acmeair-mainservice", 34545731.2]}, {"t": 1696563670, "d": ["acmeair-bookingservice", 295286507.2]}, {"t": 1696563670, "d": ["acmeair-customerservice", 189021521.6]}, {"t": 1696563670, "d": ["acmeair-flightservice", 121976137.6]}, {"t": 1696563670, "d": ["acmeair-authservice", 81061362.4]}, {"t": 1696563670, "d": ["acmeair-mainservice", 35496822.4]}, {"t": 1696563680, "d": ["acmeair-bookingservice", 297006124.8]}, {"t": 1696563680, "d": ["acmeair-customerservice", 200518537.6]}, {"t": 1696563680, "d": ["acmeair-flightservice", 116117700]}, {"t": 1696563680, "d": ["acmeair-authservice", 76317950.4]}, {"t": 1696563680, "d": ["acmeair-mainservice", 36388521.6]}, {"t": 1696563690, "d": ["acmeair-bookingservice", 318706219.2]}, {"t": 1696563690, "d": ["acmeair-customerservice", 182578625.6]}, {"t": 1696563690, "d": ["acmeair-flightservice", 121626365.6]}, {"t": 1696563690, "d": ["acmeair-authservice", 79615018.4]}, {"t": 1696563690, "d": ["acmeair-mainservice", 37255326.222223]}, {"t": 1696563700, "d": ["acmeair-bookingservice", 331840376.8]}, {"t": 1696563700, "d": ["acmeair-customerservice", 213705902.4]}, {"t": 1696563700, "d": ["acmeair-flightservice", 121373005.6]}, {"t": 1696563700, "d": ["acmeair-authservice", 77252497.6]}, {"t": 1696563700, "d": ["acmeair-mainservice", 38099011.2]}, {"t": 1696563710, "d": ["acmeair-bookingservice", 313709162.4]}, {"t": 1696563710, "d": ["acmeair-customerservice", 179314860]}, {"t": 1696563710, "d": ["acmeair-flightservice", 135980586.4]}, {"t": 1696563710, "d": ["acmeair-authservice", 78320952]}, {"t": 1696563710, "d": ["acmeair-mainservice", 39039862.4]}, {"t": 1696563720, "d": ["acmeair-bookingservice", 299672517.6]}, {"t": 1696563720, "d": ["acmeair-customerservice", 194051700.8]}, {"t": 1696563720, "d": ["acmeair-flightservice", 124211116.8]}, {"t": 1696563720, "d": ["acmeair-authservice", 79950434.4]}, {"t": 1696563720, "d": ["acmeair-mainservice", 39879542.4]}, {"t": 1696563730, "d": ["acmeair-bookingservice", 303216143.2]}, {"t": 1696563730, "d": ["acmeair-customerservice", 206996906.4]}, {"t": 1696563730, "d": ["acmeair-flightservice", 126140293.6]}, {"t": 1696563730, "d": ["acmeair-authservice", 79391644]}, {"t": 1696563730, "d": ["acmeair-mainservice", 40853980.8]}, {"t": 1696563740, "d": ["acmeair-bookingservice", 313798220]}, {"t": 1696563740, "d": ["acmeair-customerservice", 196573683.2]}, {"t": 1696563740, "d": ["acmeair-flightservice", 123750587.2]}, {"t": 1696563740, "d": ["acmeair-authservice", 78023506.4]}, {"t": 1696563740, "d": ["acmeair-mainservice", 41704310.4]}, {"t": 1696563750, "d": ["acmeair-bookingservice", 345102275.2]}, {"t": 1696563750, "d": ["acmeair-customerservice", 202774471.2]}, {"t": 1696563750, "d": ["acmeair-flightservice", 129145668]}, {"t": 1696563750, "d": ["acmeair-authservice", 77267452]}, {"t": 1696563750, "d": ["acmeair-mainservice", 42568156.8]}, {"t": 1696563760, "d": ["acmeair-bookingservice", 318473388.8]}, {"t": 1696563760, "d": ["acmeair-customerservice", 209130748]}, {"t": 1696563760, "d": ["acmeair-flightservice", 118322802.4]}, {"t": 1696563760, "d": ["acmeair-authservice", 76309028]}, {"t": 1696563760, "d": ["acmeair-mainservice", 43528577.777778]}, {"t": 1696563770, "d": ["acmeair-bookingservice", 324532058.4]}, {"t": 1696563770, "d": ["acmeair-customerservice", 208069360]}, {"t": 1696563770, "d": ["acmeair-flightservice", 119513830.4]}, {"t": 1696563770, "d": ["acmeair-authservice", 79086008]}, {"t": 1696563770, "d": ["acmeair-mainservice", 44308547.2]}, {"t": 1696563780, "d": ["acmeair-bookingservice", 330720212]}, {"t": 1696563780, "d": ["acmeair-customerservice", 217153739.2]}, {"t": 1696563780, "d": ["acmeair-flightservice", 128538540.8]}, {"t": 1696563780, "d": ["acmeair-authservice", 79318968]}, {"t": 1696563780, "d": ["acmeair-mainservice", 45353027.2]}, {"t": 1696563790, "d": ["acmeair-bookingservice", 292452163.2]}, {"t": 1696563790, "d": ["acmeair-customerservice", 205460747.2]}, {"t": 1696563790, "d": ["acmeair-flightservice", 124374106.4]}, {"t": 1696563790, "d": ["acmeair-authservice", 79111680]}, {"t": 1696563790, "d": ["acmeair-mainservice", 46100137.6]}], "start": 1696563190, "end": 1696563790}