{"data": [{"t": 1696563200, "d": ["acmeair-bookingservice", 2.846812]}, {"t": 1696563200, "d": ["acmeair-customerservice", 2.297412]}, {"t": 1696563200, "d": ["acmeair-booking-db", 1.926486]}, {"t": 1696563200, "d": ["acmeair-flightservice", 1.770811]}, {"t": 1696563200, "d": ["acmeair-authservice", 1.462232]}, {"t": 1696563200, "d": ["acmeair-customer-db", 1.148885]}, {"t": 1696563200, "d": ["acmeair-flight-db", 1.074305]}, {"t": 1696563200, "d": ["acmeair-mainservice", 0.956388]}, {"t": 1696563210, "d": ["acmeair-bookingservice", 2.871741]}, {"t": 1696563210, "d": ["acmeair-customerservice", 2.30766]}, {"t": 1696563210, "d": ["acmeair-booking-db", 1.926364]}, {"t": 1696563210, "d": ["acmeair-flightservice", 1.772164]}, {"t": 1696563210, "d": ["acmeair-authservice", 1.475197]}, {"t": 1696563210, "d": ["acmeair-customer-db", 1.150251]}, {"t": 1696563210, "d": ["acmeair-flight-db", 1.074305]}, {"t": 1696563210, "d": ["acmeair-mainservice", 0.956388]}, {"t": 1696563220, "d": ["acmeair-bookingservice", 2.882909]}, {"t": 1696563220, "d": ["acmeair-customerservice", 2.317557]}, {"t": 1696563220, "d": ["acmeair-booking-db", 1.925828]}, {"t": 1696563220, "d": ["acmeair-flightservice", 1.774928]}, {"t": 1696563220, "d": ["acmeair-authservice", 1.475307]}, {"t": 1696563220, "d": ["acmeair-customer-db", 1.149902]}, {"t": 1696563220, "d": ["acmeair-flight-db", 1.0743]}, {"t": 1696563220, "d": ["acmeair-mainservice", 0.956388]}, {"t": 1696563230, "d": ["acmeair-bookingservice", 2.88188]}, {"t": 1696563230, "d": ["acmeair-customerservice", 2.318808]}, {"t": 1696563230, "d": ["acmeair-booking-db", 1.925384]}, {"t": 1696563230, "d": ["acmeair-flightservice", 1.77534]}, {"t": 1696563230, "d": ["acmeair-authservice", 1.475317]}, {"t": 1696563230, "d": ["acmeair-customer-db", 1.146739]}, {"t": 1696563230, "d": ["acmeair-flight-db", 1.074305]}, {"t": 1696563230, "d": ["acmeair-mainservice", 0.956388]}, {"t": 1696563240, "d": ["acmeair-bookingservice", 2.88177]}, {"t": 1696563240, "d": ["acmeair-customerservice", 2.318815]}, {"t": 1696563240, "d": ["acmeair-booking-db", 1.925428]}, {"t": 1696563240, "d": ["acmeair-flightservice", 1.775396]}, {"t": 1696563240, "d": ["acmeair-authservice", 1.475321]}, {"t": 1696563240, "d": ["acmeair-customer-db", 1.146739]}, {"t": 1696563240, "d": ["acmeair-flight-db", 1.074305]}, {"t": 1696563240, "d": ["acmeair-mainservice", 0.956388]}, {"t": 1696563250, "d": ["acmeair-bookingservice", 2.88177]}, {"t": 1696563250, "d": ["acmeair-customerservice", 2.318815]}, {"t": 1696563250, "d": ["acmeair-booking-db", 1.925433]}, {"t": 1696563250, "d": ["acmeair-flightservice", 1.77542]}, {"t": 1696563250, "d": ["acmeair-authservice", 1.475321]}, {"t": 1696563250, "d": ["acmeair-customer-db", 1.146739]}, {"t": 1696563250, "d": ["acmeair-flight-db", 1.074305]}, {"t": 1696563250, "d": ["acmeair-mainservice", 0.956388]}, {"t": 1696563260, "d": ["acmeair-bookingservice", 2.881802]}, {"t": 1696563260, "d": ["acmeair-customerservice", 2.322702]}, {"t": 1696563260, "d": ["acmeair-booking-db", 1.925433]}, {"t": 1696563260, "d": ["acmeair-flightservice", 1.77542]}, {"t": 1696563260, "d": ["acmeair-authservice", 1.475331]}, {"t": 1696563260, "d": ["acmeair-customer-db", 1.146739]}, {"t": 1696563260, "d": ["acmeair-flight-db", 1.074305]}, {"t": 1696563260, "d": ["acmeair-mainservice", 0.956388]}, {"t": 1696563270, "d": ["acmeair-bookingservice", 2.881892]}, {"t": 1696563270, "d": ["acmeair-customerservice", 2.318942]}, {"t": 1696563270, "d": ["acmeair-booking-db", 1.925133]}, {"t": 1696563270, "d": ["acmeair-flightservice", 1.77542]}, {"t": 1696563270, "d": ["acmeair-authservice", 1.47537]}, {"t": 1696563270, "d": ["acmeair-customer-db", 1.146739]}, {"t": 1696563270, "d": ["acmeair-flight-db", 1.074308]}, {"t": 1696563270, "d": ["acmeair-mainservice", 0.956388]}, {"t": 1696563280, "d": ["acmeair-bookingservice", 2.881892]}, {"t": 1696563280, "d": ["acmeair-customerservice", 2.318986]}, {"t": 1696563280, "d": ["acmeair-booking-db", 1.925091]}, {"t": 1696563280, "d": ["acmeair-flightservice", 1.775469]}, {"t": 1696563280, "d": ["acmeair-authservice", 1.47537]}, {"t": 1696563280, "d": ["acmeair-customer-db", 1.146739]}, {"t": 1696563280, "d": ["acmeair-flight-db", 1.074164]}, {"t": 1696563280, "d": ["acmeair-mainservice", 0.956388]}, {"t": 1696563290, "d": ["acmeair-bookingservice", 2.881892]}, {"t": 1696563290, "d": ["acmeair-customerservice", 2.318986]}, {"t": 1696563290, "d": ["acmeair-booking-db", 1.925091]}, {"t": 1696563290, "d": ["acmeair-flightservice", 1.775469]}, {"t": 1696563290, "d": ["acmeair-authservice", 1.47537]}, {"t": 1696563290, "d": ["acmeair-customer-db", 1.146739]}, {"t": 1696563290, "d": ["acmeair-flight-db", 1.074308]}, {"t": 1696563290, "d": ["acmeair-mainservice", 0.956388]}, {"t": 1696563300, "d": ["acmeair-bookingservice", 2.881892]}, {"t": 1696563300, "d": ["acmeair-customerservice", 2.318986]}, {"t": 1696563300, "d": ["acmeair-booking-db", 1.925113]}, {"t": 1696563300, "d": ["acmeair-flightservice", 1.775469]}, {"t": 1696563300, "d": ["acmeair-authservice", 1.47537]}, {"t": 1696563300, "d": ["acmeair-customer-db", 1.146739]}, {"t": 1696563300, "d": ["acmeair-flight-db", 1.074305]}, {"t": 1696563300, "d": ["acmeair-mainservice", 0.956388]}, {"t": 1696563310, "d": ["acmeair-bookingservice", 2.881892]}, {"t": 1696563310, "d": ["acmeair-customerservice", 2.318986]}, {"t": 1696563310, "d": ["acmeair-booking-db", 1.925135]}, {"t": 1696563310, "d": ["acmeair-flightservice", 1.775469]}, {"t": 1696563310, "d": ["acmeair-authservice", 1.47537]}, {"t": 1696563310, "d": ["acmeair-customer-db", 1.146739]}, {"t": 1696563310, "d": ["acmeair-flight-db", 1.074305]}, {"t": 1696563310, "d": ["acmeair-mainservice", 0.956388]}, {"t": 1696563320, "d": ["acmeair-bookingservice", 2.882804]}, {"t": 1696563320, "d": ["acmeair-customerservice", 2.323032]}, {"t": 1696563320, "d": ["acmeair-booking-db", 1.924694]}, {"t": 1696563320, "d": ["acmeair-flightservice", 1.775469]}, {"t": 1696563320, "d": ["acmeair-authservice", 1.475451]}, {"t": 1696563320, "d": ["acmeair-customer-db", 1.146739]}, {"t": 1696563320, "d": ["acmeair-flight-db", 1.074305]}, {"t": 1696563320, "d": ["acmeair-mainservice", 0.956388]}, {"t": 1696563330, "d": ["acmeair-bookingservice", 2.893423]}, {"t": 1696563330, "d": ["acmeair-customerservice", 2.326139]}, {"t": 1696563330, "d": ["acmeair-booking-db", 1.923752]}, {"t": 1696563330, "d": ["acmeair-flightservice", 1.776828]}, {"t": 1696563330, "d": ["acmeair-authservice", 1.4757]}, {"t": 1696563330, "d": ["acmeair-customer-db", 1.148007]}, {"t": 1696563330, "d": ["acmeair-flight-db", 1.074305]}, {"t": 1696563330, "d": ["acmeair-mainservice", 0.956388]}, {"t": 1696563340, "d": ["acmeair-bookingservice", 2.928169]}, {"t": 1696563340, "d": ["acmeair-customerservice", 2.349564]}, {"t": 1696563340, "d": ["acmeair-booking-db", 1.924355]}, {"t": 1696563340, "d": ["acmeair-flightservice", 1.780681]}, {"t": 1696563340, "d": ["acmeair-authservice", 1.475929]}, {"t": 1696563340, "d": ["acmeair-customer-db", 1.149109]}, {"t": 1696563340, "d": ["acmeair-flight-db", 1.074286]}, {"t": 1696563340, "d": ["acmeair-mainservice", 0.956388]}, {"t": 1696563350, "d": ["acmeair-bookingservice", 2.951494]}, {"t": 1696563350, "d": ["acmeair-customerservice", 2.362341]}, {"t": 1696563350, "d": ["acmeair-booking-db", 1.923599]}, {"t": 1696563350, "d": ["acmeair-flightservice", 1.793263]}, {"t": 1696563350, "d": ["acmeair-authservice", 1.476948]}, {"t": 1696563350, "d": ["acmeair-customer-db", 1.149109]}, {"t": 1696563350, "d": ["acmeair-flight-db", 1.074281]}, {"t": 1696563350, "d": ["acmeair-mainservice", 0.956388]}, {"t": 1696563360, "d": ["acmeair-bookingservice", 2.957676]}, {"t": 1696563360, "d": ["acmeair-customerservice", 2.363519]}, {"t": 1696563360, "d": ["acmeair-booking-db", 1.923396]}, {"t": 1696563360, "d": ["acmeair-flightservice", 1.803196]}, {"t": 1696563360, "d": ["acmeair-authservice", 1.477941]}, {"t": 1696563360, "d": ["acmeair-customer-db", 1.123084]}, {"t": 1696563360, "d": ["acmeair-flight-db", 1.074281]}, {"t": 1696563360, "d": ["acmeair-mainservice", 0.956388]}, {"t": 1696563370, "d": ["acmeair-bookingservice", 2.957644]}, {"t": 1696563370, "d": ["acmeair-customerservice", 2.363533]}, {"t": 1696563370, "d": ["acmeair-booking-db", 1.923252]}, {"t": 1696563370, "d": ["acmeair-flightservice", 1.801979]}, {"t": 1696563370, "d": ["acmeair-authservice", 1.47798]}, {"t": 1696563370, "d": ["acmeair-customer-db", 1.120882]}, {"t": 1696563370, "d": ["acmeair-flight-db", 1.069686]}, {"t": 1696563370, "d": ["acmeair-mainservice", 0.957434]}, {"t": 1696563380, "d": ["acmeair-bookingservice", 2.959413]}, {"t": 1696563380, "d": ["acmeair-customerservice", 2.363533]}, {"t": 1696563380, "d": ["acmeair-booking-db", 1.922628]}, {"t": 1696563380, "d": ["acmeair-flightservice", 1.80203]}, {"t": 1696563380, "d": ["acmeair-authservice", 1.47798]}, {"t": 1696563380, "d": ["acmeair-customer-db", 1.121004]}, {"t": 1696563380, "d": ["acmeair-flight-db", 1.051307]}, {"t": 1696563380, "d": ["acmeair-mainservice", 0.959875]}, {"t": 1696563390, "d": ["acmeair-bookingservice", 2.961834]}, {"t": 1696563390, "d": ["acmeair-customerservice", 2.373564]}, {"t": 1696563390, "d": ["acmeair-booking-db", 1.922643]}, {"t": 1696563390, "d": ["acmeair-flightservice", 1.802011]}, {"t": 1696563390, "d": ["acmeair-authservice", 1.504853]}, {"t": 1696563390, "d": ["acmeair-customer-db", 1.121687]}, {"t": 1696563390, "d": ["acmeair-flight-db", 1.051314]}, {"t": 1696563390, "d": ["acmeair-mainservice", 0.959875]}, {"t": 1696563400, "d": ["acmeair-bookingservice", 2.968602]}, {"t": 1696563400, "d": ["acmeair-customerservice", 2.365977]}, {"t": 1696563400, "d": ["acmeair-booking-db", 1.921667]}, {"t": 1696563400, "d": ["acmeair-flightservice", 1.80223]}, {"t": 1696563400, "d": ["acmeair-authservice", 1.513977]}, {"t": 1696563400, "d": ["acmeair-customer-db", 1.12267]}, {"t": 1696563400, "d": ["acmeair-flight-db", 1.05139]}, {"t": 1696563400, "d": ["acmeair-mainservice", 0.959875]}, {"t": 1696563410, "d": ["acmeair-bookingservice", 2.990373]}, {"t": 1696563410, "d": ["acmeair-customerservice", 2.374311]}, {"t": 1696563410, "d": ["acmeair-booking-db", 1.920653]}, {"t": 1696563410, "d": ["acmeair-flightservice", 1.803079]}, {"t": 1696563410, "d": ["acmeair-authservice", 1.51346]}, {"t": 1696563410, "d": ["acmeair-customer-db", 1.122692]}, {"t": 1696563410, "d": ["acmeair-flight-db", 1.051483]}, {"t": 1696563410, "d": ["acmeair-mainservice", 0.959875]}, {"t": 1696563420, "d": ["acmeair-bookingservice", 3.016584]}, {"t": 1696563420, "d": ["acmeair-customerservice", 2.375367]}, {"t": 1696563420, "d": ["acmeair-booking-db", 1.921155]}, {"t": 1696563420, "d": ["acmeair-flightservice", 1.804072]}, {"t": 1696563420, "d": ["acmeair-authservice", 1.516126]}, {"t": 1696563420, "d": ["acmeair-customer-db", 1.12276]}, {"t": 1696563420, "d": ["acmeair-flight-db", 1.051529]}, {"t": 1696563420, "d": ["acmeair-mainservice", 0.959875]}, {"t": 1696563430, "d": ["acmeair-bookingservice", 3.012499]}, {"t": 1696563430, "d": ["acmeair-customerservice", 2.392551]}, {"t": 1696563430, "d": ["acmeair-booking-db", 1.920979]}, {"t": 1696563430, "d": ["acmeair-flightservice", 1.805511]}, {"t": 1696563430, "d": ["acmeair-authservice", 1.514114]}, {"t": 1696563430, "d": ["acmeair-customer-db", 1.122787]}, {"t": 1696563430, "d": ["acmeair-flight-db", 1.051568]}, {"t": 1696563430, "d": ["acmeair-mainservice", 0.959875]}, {"t": 1696563440, "d": ["acmeair-bookingservice", 3.025419]}, {"t": 1696563440, "d": ["acmeair-customerservice", 2.404986]}, {"t": 1696563440, "d": ["acmeair-booking-db", 1.920504]}, {"t": 1696563440, "d": ["acmeair-flightservice", 1.807191]}, {"t": 1696563440, "d": ["acmeair-authservice", 1.514613]}, {"t": 1696563440, "d": ["acmeair-customer-db", 1.122767]}, {"t": 1696563440, "d": ["acmeair-flight-db", 1.051734]}, {"t": 1696563440, "d": ["acmeair-mainservice", 0.960124]}, {"t": 1696563450, "d": ["acmeair-bookingservice", 3.026634]}, {"t": 1696563450, "d": ["acmeair-customerservice", 2.411964]}, {"t": 1696563450, "d": ["acmeair-booking-db", 1.91937]}, {"t": 1696563450, "d": ["acmeair-flightservice", 1.808384]}, {"t": 1696563450, "d": ["acmeair-authservice", 1.51485]}, {"t": 1696563450, "d": ["acmeair-customer-db", 1.122877]}, {"t": 1696563450, "d": ["acmeair-flight-db", 1.051795]}, {"t": 1696563450, "d": ["acmeair-mainservice", 0.960705]}, {"t": 1696563460, "d": ["acmeair-bookingservice", 3.035921]}, {"t": 1696563460, "d": ["acmeair-customerservice", 2.41442]}, {"t": 1696563460, "d": ["acmeair-booking-db", 1.918792]}, {"t": 1696563460, "d": ["acmeair-flightservice", 1.808666]}, {"t": 1696563460, "d": ["acmeair-authservice", 1.515252]}, {"t": 1696563460, "d": ["acmeair-customer-db", 1.122892]}, {"t": 1696563460, "d": ["acmeair-flight-db", 1.051866]}, {"t": 1696563460, "d": ["acmeair-mainservice", 0.961517]}, {"t": 1696563470, "d": ["acmeair-bookingservice", 3.049644]}, {"t": 1696563470, "d": ["acmeair-customerservice", 2.415668]}, {"t": 1696563470, "d": ["acmeair-booking-db", 1.918367]}, {"t": 1696563470, "d": ["acmeair-flightservice", 1.808857]}, {"t": 1696563470, "d": ["acmeair-authservice", 1.515416]}, {"t": 1696563470, "d": ["acmeair-customer-db", 1.122887]}, {"t": 1696563470, "d": ["acmeair-flight-db", 1.051895]}, {"t": 1696563470, "d": ["acmeair-mainservice", 0.961607]}, {"t": 1696563480, "d": ["acmeair-bookingservice", 3.078149]}, {"t": 1696563480, "d": ["acmeair-customerservice", 2.420368]}, {"t": 1696563480, "d": ["acmeair-booking-db", 1.916868]}, {"t": 1696563480, "d": ["acmeair-flightservice", 1.809727]}, {"t": 1696563480, "d": ["acmeair-authservice", 1.515513]}, {"t": 1696563480, "d": ["acmeair-customer-db", 1.135069]}, {"t": 1696563480, "d": ["acmeair-flight-db", 1.051919]}, {"t": 1696563480, "d": ["acmeair-mainservice", 0.961607]}, {"t": 1696563490, "d": ["acmeair-bookingservice", 3.083661]}, {"t": 1696563490, "d": ["acmeair-customerservice", 2.430289]}, {"t": 1696563490, "d": ["acmeair-booking-db", 1.916919]}, {"t": 1696563490, "d": ["acmeair-flightservice", 1.81211]}, {"t": 1696563490, "d": ["acmeair-authservice", 1.515713]}, {"t": 1696563490, "d": ["acmeair-customer-db", 1.136886]}, {"t": 1696563490, "d": ["acmeair-flight-db", 1.051975]}, {"t": 1696563490, "d": ["acmeair-mainservice", 0.961607]}, {"t": 1696563500, "d": ["acmeair-bookingservice", 3.087239]}, {"t": 1696563500, "d": ["acmeair-customerservice", 2.437854]}, {"t": 1696563500, "d": ["acmeair-booking-db", 1.916331]}, {"t": 1696563500, "d": ["acmeair-flightservice", 1.8122]}, {"t": 1696563500, "d": ["acmeair-authservice", 1.515706]}, {"t": 1696563500, "d": ["acmeair-customer-db", 1.137698]}, {"t": 1696563500, "d": ["acmeair-flight-db", 1.063567]}, {"t": 1696563500, "d": ["acmeair-mainservice", 0.961607]}, {"t": 1696563510, "d": ["acmeair-bookingservice", 3.092075]}, {"t": 1696563510, "d": ["acmeair-customerservice", 2.447334]}, {"t": 1696563510, "d": ["acmeair-booking-db", 1.91536]}, {"t": 1696563510, "d": ["acmeair-flightservice", 1.810415]}, {"t": 1696563510, "d": ["acmeair-authservice", 1.515677]}, {"t": 1696563510, "d": ["acmeair-customer-db", 1.138744]}, {"t": 1696563510, "d": ["acmeair-flight-db", 1.065782]}, {"t": 1696563510, "d": ["acmeair-mainservice", 0.961607]}, {"t": 1696563520, "d": ["acmeair-bookingservice", 3.103781]}, {"t": 1696563520, "d": ["acmeair-customerservice", 2.456416]}, {"t": 1696563520, "d": ["acmeair-booking-db", 1.915187]}, {"t": 1696563520, "d": ["acmeair-flightservice", 1.809749]}, {"t": 1696563520, "d": ["acmeair-authservice", 1.518167]}, {"t": 1696563520, "d": ["acmeair-customer-db", 1.138739]}, {"t": 1696563520, "d": ["acmeair-flight-db", 1.065921]}, {"t": 1696563520, "d": ["acmeair-mainservice", 0.961607]}, {"t": 1696563530, "d": ["acmeair-bookingservice", 3.103891]}, {"t": 1696563530, "d": ["acmeair-customerservice", 2.470237]}, {"t": 1696563530, "d": ["acmeair-booking-db", 1.913539]}, {"t": 1696563530, "d": ["acmeair-flightservice", 1.811098]}, {"t": 1696563530, "d": ["acmeair-authservice", 1.517516]}, {"t": 1696563530, "d": ["acmeair-customer-db", 1.138749]}, {"t": 1696563530, "d": ["acmeair-flight-db", 1.065965]}, {"t": 1696563530, "d": ["acmeair-mainservice", 0.961607]}, {"t": 1696563540, "d": ["acmeair-bookingservice", 3.111778]}, {"t": 1696563540, "d": ["acmeair-customerservice", 2.455706]}, {"t": 1696563540, "d": ["acmeair-booking-db", 1.913534]}, {"t": 1696563540, "d": ["acmeair-flightservice", 1.812717]}, {"t": 1696563540, "d": ["acmeair-authservice", 1.516001]}, {"t": 1696563540, "d": ["acmeair-customer-db", 1.138739]}, {"t": 1696563540, "d": ["acmeair-flight-db", 1.065991]}, {"t": 1696563540, "d": ["acmeair-mainservice", 0.961607]}, {"t": 1696563550, "d": ["acmeair-bookingservice", 3.118161]}, {"t": 1696563550, "d": ["acmeair-customerservice", 2.458194]}, {"t": 1696563550, "d": ["acmeair-booking-db", 1.912351]}, {"t": 1696563550, "d": ["acmeair-flightservice", 1.814151]}, {"t": 1696563550, "d": ["acmeair-authservice", 1.516121]}, {"t": 1696563550, "d": ["acmeair-customer-db", 1.138742]}, {"t": 1696563550, "d": ["acmeair-flight-db", 1.066016]}, {"t": 1696563550, "d": ["acmeair-mainservice", 0.961607]}, {"t": 1696563560, "d": ["acmeair-bookingservice", 3.141066]}, {"t": 1696563560, "d": ["acmeair-customerservice", 2.469874]}, {"t": 1696563560, "d": ["acmeair-booking-db", 1.912102]}, {"t": 1696563560, "d": ["acmeair-flightservice", 1.816927]}, {"t": 1696563560, "d": ["acmeair-authservice", 1.516243]}, {"t": 1696563560, "d": ["acmeair-customer-db", 1.138744]}, {"t": 1696563560, "d": ["acmeair-flight-db", 1.06604]}, {"t": 1696563560, "d": ["acmeair-mainservice", 0.961607]}, {"t": 1696563570, "d": ["acmeair-bookingservice", 3.147605]}, {"t": 1696563570, "d": ["acmeair-customerservice", 2.476549]}, {"t": 1696563570, "d": ["acmeair-booking-db", 1.910388]}, {"t": 1696563570, "d": ["acmeair-flightservice", 1.822587]}, {"t": 1696563570, "d": ["acmeair-authservice", 1.517011]}, {"t": 1696563570, "d": ["acmeair-customer-db", 1.139405]}, {"t": 1696563570, "d": ["acmeair-flight-db", 1.066065]}, {"t": 1696563570, "d": ["acmeair-mainservice", 0.961607]}, {"t": 1696563580, "d": ["acmeair-bookingservice", 3.159448]}, {"t": 1696563580, "d": ["acmeair-customerservice", 2.482536]}, {"t": 1696563580, "d": ["acmeair-booking-db", 1.911349]}, {"t": 1696563580, "d": ["acmeair-flightservice", 1.837769]}, {"t": 1696563580, "d": ["acmeair-authservice", 1.517035]}, {"t": 1696563580, "d": ["acmeair-customer-db", 1.139403]}, {"t": 1696563580, "d": ["acmeair-flight-db", 1.066089]}, {"t": 1696563580, "d": ["acmeair-mainservice", 0.961607]}, {"t": 1696563590, "d": ["acmeair-bookingservice", 3.190216]}, {"t": 1696563590, "d": ["acmeair-customerservice", 2.491672]}, {"t": 1696563590, "d": ["acmeair-booking-db", 1.910619]}, {"t": 1696563590, "d": ["acmeair-flightservice", 1.838262]}, {"t": 1696563590, "d": ["acmeair-authservice", 1.517177]}, {"t": 1696563590, "d": ["acmeair-customer-db", 1.13941]}, {"t": 1696563590, "d": ["acmeair-flight-db", 1.066113]}, {"t": 1696563590, "d": ["acmeair-mainservice", 0.961607]}, {"t": 1696563600, "d": ["acmeair-bookingservice", 3.194233]}, {"t": 1696563600, "d": ["acmeair-customerservice", 2.493981]}, {"t": 1696563600, "d": ["acmeair-booking-db", 1.915504]}, {"t": 1696563600, "d": ["acmeair-flightservice", 1.840896]}, {"t": 1696563600, "d": ["acmeair-authservice", 1.517289]}, {"t": 1696563600, "d": ["acmeair-customer-db", 1.139898]}, {"t": 1696563600, "d": ["acmeair-flight-db", 1.06614]}, {"t": 1696563600, "d": ["acmeair-mainservice", 0.961607]}, {"t": 1696563610, "d": ["acmeair-bookingservice", 3.21938]}, {"t": 1696563610, "d": ["acmeair-customerservice", 2.501871]}, {"t": 1696563610, "d": ["acmeair-booking-db", 1.914243]}, {"t": 1696563610, "d": ["acmeair-flightservice", 1.844939]}, {"t": 1696563610, "d": ["acmeair-authservice", 1.516801]}, {"t": 1696563610, "d": ["acmeair-customer-db", 1.140105]}, {"t": 1696563610, "d": ["acmeair-flight-db", 1.066186]}, {"t": 1696563610, "d": ["acmeair-mainservice", 0.961607]}, {"t": 1696563620, "d": ["acmeair-bookingservice", 3.225947]}, {"t": 1696563620, "d": ["acmeair-customerservice", 2.507946]}, {"t": 1696563620, "d": ["acmeair-booking-db", 1.913343]}, {"t": 1696563620, "d": ["acmeair-flightservice", 1.845076]}, {"t": 1696563620, "d": ["acmeair-authservice", 1.515801]}, {"t": 1696563620, "d": ["acmeair-customer-db", 1.140105]}, {"t": 1696563620, "d": ["acmeair-flight-db", 1.066269]}, {"t": 1696563620, "d": ["acmeair-mainservice", 0.961607]}, {"t": 1696563630, "d": ["acmeair-bookingservice", 3.229535]}, {"t": 1696563630, "d": ["acmeair-customerservice", 2.511517]}, {"t": 1696563630, "d": ["acmeair-booking-db", 1.913341]}, {"t": 1696563630, "d": ["acmeair-flightservice", 1.846595]}, {"t": 1696563630, "d": ["acmeair-authservice", 1.516008]}, {"t": 1696563630, "d": ["acmeair-customer-db", 1.140495]}, {"t": 1696563630, "d": ["acmeair-flight-db", 1.067191]}, {"t": 1696563630, "d": ["acmeair-mainservice", 0.961607]}, {"t": 1696563640, "d": ["acmeair-bookingservice", 3.23241]}, {"t": 1696563640, "d": ["acmeair-customerservice", 2.518123]}, {"t": 1696563640, "d": ["acmeair-booking-db", 1.913336]}, {"t": 1696563640, "d": ["acmeair-flightservice", 1.847498]}, {"t": 1696563640, "d": ["acmeair-authservice", 1.516391]}, {"t": 1696563640, "d": ["acmeair-customer-db", 1.140832]}, {"t": 1696563640, "d": ["acmeair-flight-db", 1.067662]}, {"t": 1696563640, "d": ["acmeair-mainservice", 0.961607]}, {"t": 1696563650, "d": ["acmeair-bookingservice", 3.234195]}, {"t": 1696563650, "d": ["acmeair-customerservice", 2.518762]}, {"t": 1696563650, "d": ["acmeair-booking-db", 1.911288]}, {"t": 1696563650, "d": ["acmeair-flightservice", 1.848585]}, {"t": 1696563650, "d": ["acmeair-authservice", 1.516401]}, {"t": 1696563650, "d": ["acmeair-customer-db", 1.140783]}, {"t": 1696563650, "d": ["acmeair-flight-db", 1.067769]}, {"t": 1696563650, "d": ["acmeair-mainservice", 0.961607]}, {"t": 1696563660, "d": ["acmeair-bookingservice", 3.244351]}, {"t": 1696563660, "d": ["acmeair-customerservice", 2.535066]}, {"t": 1696563660, "d": ["acmeair-booking-db", 1.912514]}, {"t": 1696563660, "d": ["acmeair-flightservice", 1.848751]}, {"t": 1696563660, "d": ["acmeair-authservice", 1.51645]}, {"t": 1696563660, "d": ["acmeair-customer-db", 1.140766]}, {"t": 1696563660, "d": ["acmeair-flight-db", 1.067918]}, {"t": 1696563660, "d": ["acmeair-mainservice", 0.960278]}, {"t": 1696563670, "d": ["acmeair-bookingservice", 3.264508]}, {"t": 1696563670, "d": ["acmeair-customerservice", 2.53261]}, {"t": 1696563670, "d": ["acmeair-booking-db", 1.91131]}, {"t": 1696563670, "d": ["acmeair-flightservice", 1.849683]}, {"t": 1696563670, "d": ["acmeair-authservice", 1.51686]}, {"t": 1696563670, "d": ["acmeair-customer-db", 1.140249]}, {"t": 1696563670, "d": ["acmeair-flight-db", 1.067964]}, {"t": 1696563670, "d": ["acmeair-mainservice", 0.959539]}, {"t": 1696563680, "d": ["acmeair-bookingservice", 3.276585]}, {"t": 1696563680, "d": ["acmeair-customerservice", 2.543175]}, {"t": 1696563680, "d": ["acmeair-booking-db", 1.910363]}, {"t": 1696563680, "d": ["acmeair-flightservice", 1.851651]}, {"t": 1696563680, "d": ["acmeair-authservice", 1.521313]}, {"t": 1696563680, "d": ["acmeair-customer-db", 1.139217]}, {"t": 1696563680, "d": ["acmeair-flight-db", 1.067964]}, {"t": 1696563680, "d": ["acmeair-mainservice", 0.95929]}, {"t": 1696563690, "d": ["acmeair-bookingservice", 3.279148]}, {"t": 1696563690, "d": ["acmeair-customerservice", 2.550194]}, {"t": 1696563690, "d": ["acmeair-booking-db", 1.91091]}, {"t": 1696563690, "d": ["acmeair-flightservice", 1.852]}, {"t": 1696563690, "d": ["acmeair-authservice", 1.517099]}, {"t": 1696563690, "d": ["acmeair-customer-db", 1.138198]}, {"t": 1696563690, "d": ["acmeair-flight-db", 1.067964]}, {"t": 1696563690, "d": ["acmeair-mainservice", 0.958285]}, {"t": 1696563700, "d": ["acmeair-bookingservice", 3.281565]}, {"t": 1696563700, "d": ["acmeair-customerservice", 2.552791]}, {"t": 1696563700, "d": ["acmeair-booking-db", 1.911122]}, {"t": 1696563700, "d": ["acmeair-flightservice", 1.852909]}, {"t": 1696563700, "d": ["acmeair-authservice", 1.517106]}, {"t": 1696563700, "d": ["acmeair-customer-db", 1.139422]}, {"t": 1696563700, "d": ["acmeair-flight-db", 1.067964]}, {"t": 1696563700, "d": ["acmeair-mainservice", 0.956778]}, {"t": 1696563710, "d": ["acmeair-bookingservice", 3.287686]}, {"t": 1696563710, "d": ["acmeair-customerservice", 2.564773]}, {"t": 1696563710, "d": ["acmeair-booking-db", 1.911602]}, {"t": 1696563710, "d": ["acmeair-flightservice", 1.853185]}, {"t": 1696563710, "d": ["acmeair-authservice", 1.517138]}, {"t": 1696563710, "d": ["acmeair-customer-db", 1.139661]}, {"t": 1696563710, "d": ["acmeair-flight-db", 1.067964]}, {"t": 1696563710, "d": ["acmeair-mainservice", 0.956778]}, {"t": 1696563720, "d": ["acmeair-bookingservice", 3.290115]}, {"t": 1696563720, "d": ["acmeair-customerservice", 2.564837]}, {"t": 1696563720, "d": ["acmeair-booking-db", 1.911039]}, {"t": 1696563720, "d": ["acmeair-flightservice", 1.85227]}, {"t": 1696563720, "d": ["acmeair-authservice", 1.517157]}, {"t": 1696563720, "d": ["acmeair-customer-db", 1.139717]}, {"t": 1696563720, "d": ["acmeair-flight-db", 1.067964]}, {"t": 1696563720, "d": ["acmeair-mainservice", 0.956778]}, {"t": 1696563730, "d": ["acmeair-bookingservice", 3.303361]}, {"t": 1696563730, "d": ["acmeair-customerservice", 2.567734]}, {"t": 1696563730, "d": ["acmeair-booking-db", 1.909156]}, {"t": 1696563730, "d": ["acmeair-flightservice", 1.848568]}, {"t": 1696563730, "d": ["acmeair-authservice", 1.517389]}, {"t": 1696563730, "d": ["acmeair-customer-db", 1.134869]}, {"t": 1696563730, "d": ["acmeair-flight-db", 1.067964]}, {"t": 1696563730, "d": ["acmeair-mainservice", 0.956778]}, {"t": 1696563740, "d": ["acmeair-bookingservice", 3.326066]}, {"t": 1696563740, "d": ["acmeair-customerservice", 2.582638]}, {"t": 1696563740, "d": ["acmeair-booking-db", 1.907949]}, {"t": 1696563740, "d": ["acmeair-flightservice", 1.8493]}, {"t": 1696563740, "d": ["acmeair-authservice", 1.516665]}, {"t": 1696563740, "d": ["acmeair-customer-db", 1.123494]}, {"t": 1696563740, "d": ["acmeair-flight-db", 1.067964]}, {"t": 1696563740, "d": ["acmeair-mainservice", 0.956778]}, {"t": 1696563750, "d": ["acmeair-bookingservice", 3.35061]}, {"t": 1696563750, "d": ["acmeair-customerservice", 2.592717]}, {"t": 1696563750, "d": ["acmeair-booking-db", 1.90659]}, {"t": 1696563750, "d": ["acmeair-flightservice", 1.851875]}, {"t": 1696563750, "d": ["acmeair-authservice", 1.516372]}, {"t": 1696563750, "d": ["acmeair-customer-db", 1.123609]}, {"t": 1696563750, "d": ["acmeair-flight-db", 1.067967]}, {"t": 1696563750, "d": ["acmeair-mainservice", 0.956778]}, {"t": 1696563760, "d": ["acmeair-bookingservice", 3.379413]}, {"t": 1696563760, "d": ["acmeair-customerservice", 2.605138]}, {"t": 1696563760, "d": ["acmeair-booking-db", 1.905134]}, {"t": 1696563760, "d": ["acmeair-flightservice", 1.854965]}, {"t": 1696563760, "d": ["acmeair-authservice", 1.516891]}, {"t": 1696563760, "d": ["acmeair-customer-db", 1.12375]}, {"t": 1696563760, "d": ["acmeair-flight-db", 1.067964]}, {"t": 1696563760, "d": ["acmeair-mainservice", 0.956778]}, {"t": 1696563770, "d": ["acmeair-bookingservice", 3.405199]}, {"t": 1696563770, "d": ["acmeair-customerservice", 2.615345]}, {"t": 1696563770, "d": ["acmeair-booking-db", 1.904732]}, {"t": 1696563770, "d": ["acmeair-flightservice", 1.860092]}, {"t": 1696563770, "d": ["acmeair-authservice", 1.517101]}, {"t": 1696563770, "d": ["acmeair-customer-db", 1.123843]}, {"t": 1696563770, "d": ["acmeair-flight-db", 1.067964]}, {"t": 1696563770, "d": ["acmeair-mainservice", 0.956778]}, {"t": 1696563780, "d": ["acmeair-bookingservice", 3.414793]}, {"t": 1696563780, "d": ["acmeair-customerservice", 2.625629]}, {"t": 1696563780, "d": ["acmeair-booking-db", 1.902069]}, {"t": 1696563780, "d": ["acmeair-flightservice", 1.863111]}, {"t": 1696563780, "d": ["acmeair-authservice", 1.52015]}, {"t": 1696563780, "d": ["acmeair-customer-db", 1.12397]}, {"t": 1696563780, "d": ["acmeair-flight-db", 1.067964]}, {"t": 1696563780, "d": ["acmeair-mainservice", 0.956778]}, {"t": 1696563790, "d": ["acmeair-bookingservice", 3.437184]}, {"t": 1696563790, "d": ["acmeair-customerservice", 2.632566]}, {"t": 1696563790, "d": ["acmeair-booking-db", 1.903139]}, {"t": 1696563790, "d": ["acmeair-flightservice", 1.863625]}, {"t": 1696563790, "d": ["acmeair-authservice", 1.515769]}, {"t": 1696563790, "d": ["acmeair-customer-db", 1.124009]}, {"t": 1696563790, "d": ["acmeair-flight-db", 1.067964]}, {"t": 1696563790, "d": ["acmeair-mainservice", 0.956778]}], "start": 1696563190, "end": 1696563790}