{"data": [{"t": 1696563200, "d": ["acmeair-bookingservice", 478120345.6]}, {"t": 1696563200, "d": ["acmeair-customerservice", 385848934.4]}, {"t": 1696563200, "d": ["acmeair-booking-db", 323552051.2]}, {"t": 1696563200, "d": ["acmeair-flightservice", 297406464]}, {"t": 1696563200, "d": ["acmeair-authservice", 245581004.8]}, {"t": 1696563200, "d": ["acmeair-customer-db", 192954368]}, {"t": 1696563200, "d": ["acmeair-flight-db", 180428800]}, {"t": 1696563200, "d": ["acmeair-mainservice", 160624640]}, {"t": 1696563210, "d": ["acmeair-bookingservice", 482307276.8]}, {"t": 1696563210, "d": ["acmeair-customerservice", 387570073.6]}, {"t": 1696563210, "d": ["acmeair-booking-db", 323531571.2]}, {"t": 1696563210, "d": ["acmeair-flightservice", 297633792]}, {"t": 1696563210, "d": ["acmeair-authservice", 247758438.4]}, {"t": 1696563210, "d": ["acmeair-customer-db", 193183744]}, {"t": 1696563210, "d": ["acmeair-flight-db", 180428800]}, {"t": 1696563210, "d": ["acmeair-mainservice", 160624640]}, {"t": 1696563220, "d": ["acmeair-bookingservice", 484182835.2]}, {"t": 1696563220, "d": ["acmeair-customerservice", 389232230.4]}, {"t": 1696563220, "d": ["acmeair-booking-db", 323441459.2]}, {"t": 1696563220, "d": ["acmeair-flightservice", 298097868.8]}, {"t": 1696563220, "d": ["acmeair-authservice", 247776870.4]}, {"t": 1696563220, "d": ["acmeair-customer-db", 193125171.2]}, {"t": 1696563220, "d": ["acmeair-flight-db", 180427980.8]}, {"t": 1696563220, "d": ["acmeair-mainservice", 160624640]}, {"t": 1696563230, "d": ["acmeair-bookingservice", 484009984]}, {"t": 1696563230, "d": ["acmeair-customerservice", 389442355.2]}, {"t": 1696563230, "d": ["acmeair-booking-db", 323366912]}, {"t": 1696563230, "d": ["acmeair-flightservice", 298167091.2]}, {"t": 1696563230, "d": ["acmeair-authservice", 247778508.8]}, {"t": 1696563230, "d": ["acmeair-customer-db", 192593920]}, {"t": 1696563230, "d": ["acmeair-flight-db", 180428800]}, {"t": 1696563230, "d": ["acmeair-mainservice", 160624640]}, {"t": 1696563240, "d": ["acmeair-bookingservice", 483991552]}, {"t": 1696563240, "d": ["acmeair-customerservice", 389443584]}, {"t": 1696563240, "d": ["acmeair-booking-db", 323374284.8]}, {"t": 1696563240, "d": ["acmeair-flightservice", 298176512]}, {"t": 1696563240, "d": ["acmeair-authservice", 247779328]}, {"t": 1696563240, "d": ["acmeair-customer-db", 192593920]}, {"t": 1696563240, "d": ["acmeair-flight-db", 180428800]}, {"t": 1696563240, "d": ["acmeair-mainservice", 160624640]}, {"t": 1696563250, "d": ["acmeair-bookingservice", 483991552]}, {"t": 1696563250, "d": ["acmeair-customerservice", 389443584]}, {"t": 1696563250, "d": ["acmeair-booking-db", 323375104]}, {"t": 1696563250, "d": ["acmeair-flightservice", 298180608]}, {"t": 1696563250, "d": ["acmeair-authservice", 247779328]}, {"t": 1696563250, "d": ["acmeair-customer-db", 192593920]}, {"t": 1696563250, "d": ["acmeair-flight-db", 180428800]}, {"t": 1696563250, "d": ["acmeair-mainservice", 160624640]}, {"t": 1696563260, "d": ["acmeair-bookingservice", 483996876.8]}, {"t": 1696563260, "d": ["acmeair-customerservice", 390096486.4]}, {"t": 1696563260, "d": ["acmeair-booking-db", 323375104]}, {"t": 1696563260, "d": ["acmeair-flightservice", 298180608]}, {"t": 1696563260, "d": ["acmeair-authservice", 247780966.4]}, {"t": 1696563260, "d": ["acmeair-customer-db", 192593920]}, {"t": 1696563260, "d": ["acmeair-flight-db", 180428800]}, {"t": 1696563260, "d": ["acmeair-mainservice", 160624640]}, {"t": 1696563270, "d": ["acmeair-bookingservice", 484012032]}, {"t": 1696563270, "d": ["acmeair-customerservice", 389464883.2]}, {"t": 1696563270, "d": ["acmeair-booking-db", 323324723.2]}, {"t": 1696563270, "d": ["acmeair-flightservice", 298180608]}, {"t": 1696563270, "d": ["acmeair-authservice", 247787520]}, {"t": 1696563270, "d": ["acmeair-customer-db", 192593920]}, {"t": 1696563270, "d": ["acmeair-flight-db", 180429209.6]}, {"t": 1696563270, "d": ["acmeair-mainservice", 160624640]}, {"t": 1696563280, "d": ["acmeair-bookingservice", 484012032]}, {"t": 1696563280, "d": ["acmeair-customerservice", 389472256]}, {"t": 1696563280, "d": ["acmeair-booking-db", 323317760]}, {"t": 1696563280, "d": ["acmeair-flightservice", 298188800]}, {"t": 1696563280, "d": ["acmeair-authservice", 247787520]}, {"t": 1696563280, "d": ["acmeair-customer-db", 192593920]}, {"t": 1696563280, "d": ["acmeair-flight-db", 180405043.2]}, {"t": 1696563280, "d": ["acmeair-mainservice", 160624640]}, {"t": 1696563290, "d": ["acmeair-bookingservice", 484012032]}, {"t": 1696563290, "d": ["acmeair-customerservice", 389472256]}, {"t": 1696563290, "d": ["acmeair-booking-db", 323317760]}, {"t": 1696563290, "d": ["acmeair-flightservice", 298188800]}, {"t": 1696563290, "d": ["acmeair-authservice", 247787520]}, {"t": 1696563290, "d": ["acmeair-customer-db", 192593920]}, {"t": 1696563290, "d": ["acmeair-flight-db", 180429209.6]}, {"t": 1696563290, "d": ["acmeair-mainservice", 160624640]}, {"t": 1696563300, "d": ["acmeair-bookingservice", 484012032]}, {"t": 1696563300, "d": ["acmeair-customerservice", 389472256]}, {"t": 1696563300, "d": ["acmeair-booking-db", 323321446.4]}, {"t": 1696563300, "d": ["acmeair-flightservice", 298188800]}, {"t": 1696563300, "d": ["acmeair-authservice", 247787520]}, {"t": 1696563300, "d": ["acmeair-customer-db", 192593920]}, {"t": 1696563300, "d": ["acmeair-flight-db", 180428800]}, {"t": 1696563300, "d": ["acmeair-mainservice", 160624640]}, {"t": 1696563310, "d": ["acmeair-bookingservice", 484012032]}, {"t": 1696563310, "d": ["acmeair-customerservice", 389472256]}, {"t": 1696563310, "d": ["acmeair-booking-db", 323325132.8]}, {"t": 1696563310, "d": ["acmeair-flightservice", 298188800]}, {"t": 1696563310, "d": ["acmeair-authservice", 247787520]}, {"t": 1696563310, "d": ["acmeair-customer-db", 192593920]}, {"t": 1696563310, "d": ["acmeair-flight-db", 180428800]}, {"t": 1696563310, "d": ["acmeair-mainservice", 160624640]}, {"t": 1696563320, "d": ["acmeair-bookingservice", 484165222.4]}, {"t": 1696563320, "d": ["acmeair-customerservice", 390151782.4]}, {"t": 1696563320, "d": ["acmeair-booking-db", 323250995.2]}, {"t": 1696563320, "d": ["acmeair-flightservice", 298188800]}, {"t": 1696563320, "d": ["acmeair-authservice", 247801036.8]}, {"t": 1696563320, "d": ["acmeair-customer-db", 192593920]}, {"t": 1696563320, "d": ["acmeair-flight-db", 180428800]}, {"t": 1696563320, "d": ["acmeair-mainservice", 160624640]}, {"t": 1696563330, "d": ["acmeair-bookingservice", 485948620.8]}, {"t": 1696563330, "d": ["acmeair-customerservice", 390673612.8]}, {"t": 1696563330, "d": ["acmeair-booking-db", 323092889.6]}, {"t": 1696563330, "d": ["acmeair-flightservice", 298416947.2]}, {"t": 1696563330, "d": ["acmeair-authservice", 247842816]}, {"t": 1696563330, "d": ["acmeair-customer-db", 192806912]}, {"t": 1696563330, "d": ["acmeair-flight-db", 180428800]}, {"t": 1696563330, "d": ["acmeair-mainservice", 160624640]}, {"t": 1696563340, "d": ["acmeair-bookingservice", 491784192]}, {"t": 1696563340, "d": ["acmeair-customerservice", 394607820.8]}, {"t": 1696563340, "d": ["acmeair-booking-db", 323194060.8]}, {"t": 1696563340, "d": ["acmeair-flightservice", 299064115.2]}, {"t": 1696563340, "d": ["acmeair-authservice", 247881318.4]}, {"t": 1696563340, "d": ["acmeair-customer-db", 192992051.2]}, {"t": 1696563340, "d": ["acmeair-flight-db", 180425523.2]}, {"t": 1696563340, "d": ["acmeair-mainservice", 160624640]}, {"t": 1696563350, "d": ["acmeair-bookingservice", 495701606.4]}, {"t": 1696563350, "d": ["acmeair-customerservice", 396753715.2]}, {"t": 1696563350, "d": ["acmeair-booking-db", 323067084.8]}, {"t": 1696563350, "d": ["acmeair-flightservice", 301177241.6]}, {"t": 1696563350, "d": ["acmeair-authservice", 248052531.2]}, {"t": 1696563350, "d": ["acmeair-customer-db", 192992051.2]}, {"t": 1696563350, "d": ["acmeair-flight-db", 180424704]}, {"t": 1696563350, "d": ["acmeair-mainservice", 160624640]}, {"t": 1696563360, "d": ["acmeair-bookingservice", 496739942.4]}, {"t": 1696563360, "d": ["acmeair-customerservice", 396951552]}, {"t": 1696563360, "d": ["acmeair-booking-db", 323033088]}, {"t": 1696563360, "d": ["acmeair-flightservice", 302845542.4]}, {"t": 1696563360, "d": ["acmeair-authservice", 248219238.4]}, {"t": 1696563360, "d": ["acmeair-customer-db", 188621209.6]}, {"t": 1696563360, "d": ["acmeair-flight-db", 180424704]}, {"t": 1696563360, "d": ["acmeair-mainservice", 160624640]}, {"t": 1696563370, "d": ["acmeair-bookingservice", 496734617.6]}, {"t": 1696563370, "d": ["acmeair-customerservice", 396954009.6]}, {"t": 1696563370, "d": ["acmeair-booking-db", 323008921.6]}, {"t": 1696563370, "d": ["acmeair-flightservice", 302641152]}, {"t": 1696563370, "d": ["acmeair-authservice", 248225792]}, {"t": 1696563370, "d": ["acmeair-customer-db", 188251340.8]}, {"t": 1696563370, "d": ["acmeair-flight-db", 179653017.6]}, {"t": 1696563370, "d": ["acmeair-mainservice", 160800358.4]}, {"t": 1696563380, "d": ["acmeair-bookingservice", 497031577.6]}, {"t": 1696563380, "d": ["acmeair-customerservice", 396954009.6]}, {"t": 1696563380, "d": ["acmeair-booking-db", 322904064]}, {"t": 1696563380, "d": ["acmeair-flightservice", 302649753.6]}, {"t": 1696563380, "d": ["acmeair-authservice", 248225792]}, {"t": 1696563380, "d": ["acmeair-customer-db", 188271820.8]}, {"t": 1696563380, "d": ["acmeair-flight-db", 176566272]}, {"t": 1696563380, "d": ["acmeair-mainservice", 161210368]}, {"t": 1696563390, "d": ["acmeair-bookingservice", 497438310.4]}, {"t": 1696563390, "d": ["acmeair-customerservice", 398638694.4]}, {"t": 1696563390, "d": ["acmeair-booking-db", 322906521.6]}, {"t": 1696563390, "d": ["acmeair-flightservice", 302646476.8]}, {"t": 1696563390, "d": ["acmeair-authservice", 252739174.4]}, {"t": 1696563390, "d": ["acmeair-customer-db", 188386508.8]}, {"t": 1696563390, "d": ["acmeair-flight-db", 176567500.8]}, {"t": 1696563390, "d": ["acmeair-mainservice", 161210368]}, {"t": 1696563400, "d": ["acmeair-bookingservice", 498574950.4]}, {"t": 1696563400, "d": ["acmeair-customerservice", 397364428.8]}, {"t": 1696563400, "d": ["acmeair-booking-db", 322742681.6]}, {"t": 1696563400, "d": ["acmeair-flightservice", 302683340.8]}, {"t": 1696563400, "d": ["acmeair-authservice", 254271488]}, {"t": 1696563400, "d": ["acmeair-customer-db", 188551577.6]}, {"t": 1696563400, "d": ["acmeair-flight-db", 176580198.4]}, {"t": 1696563400, "d": ["acmeair-mainservice", 161210368]}, {"t": 1696563410, "d": ["acmeair-bookingservice", 502231449.6]}, {"t": 1696563410, "d": ["acmeair-customerservice", 398764032]}, {"t": 1696563410, "d": ["acmeair-booking-db", 322572288]}, {"t": 1696563410, "d": ["acmeair-flightservice", 302825881.6]}, {"t": 1696563410, "d": ["acmeair-authservice", 254184652.8]}, {"t": 1696563410, "d": ["acmeair-customer-db", 188555264]}, {"t": 1696563410, "d": ["acmeair-flight-db", 176595763.2]}, {"t": 1696563410, "d": ["acmeair-mainservice", 161210368]}, {"t": 1696563420, "d": ["acmeair-bookingservice", 506633420.8]}, {"t": 1696563420, "d": ["acmeair-customerservice", 398941388.8]}, {"t": 1696563420, "d": ["acmeair-booking-db", 322656665.6]}, {"t": 1696563420, "d": ["acmeair-flightservice", 302992588.8]}, {"t": 1696563420, "d": ["acmeair-authservice", 254632345.6]}, {"t": 1696563420, "d": ["acmeair-customer-db", 188566732.8]}, {"t": 1696563420, "d": ["acmeair-flight-db", 176603545.6]}, {"t": 1696563420, "d": ["acmeair-mainservice", 161210368]}, {"t": 1696563430, "d": ["acmeair-bookingservice", 505947340.8]}, {"t": 1696563430, "d": ["acmeair-customerservice", 401827430.4]}, {"t": 1696563430, "d": ["acmeair-booking-db", 322627174.4]}, {"t": 1696563430, "d": ["acmeair-flightservice", 303234252.8]}, {"t": 1696563430, "d": ["acmeair-authservice", 254294425.6]}, {"t": 1696563430, "d": ["acmeair-customer-db", 188571238.4]}, {"t": 1696563430, "d": ["acmeair-flight-db", 176610099.2]}, {"t": 1696563430, "d": ["acmeair-mainservice", 161210368]}, {"t": 1696563440, "d": ["acmeair-bookingservice", 508117401.6]}, {"t": 1696563440, "d": ["acmeair-customerservice", 403915980.8]}, {"t": 1696563440, "d": ["acmeair-booking-db", 322547302.4]}, {"t": 1696563440, "d": ["acmeair-flightservice", 303516467.2]}, {"t": 1696563440, "d": ["acmeair-authservice", 254378393.6]}, {"t": 1696563440, "d": ["acmeair-customer-db", 188567961.6]}, {"t": 1696563440, "d": ["acmeair-flight-db", 176637952]}, {"t": 1696563440, "d": ["acmeair-mainservice", 161252147.2]}, {"t": 1696563450, "d": ["acmeair-bookingservice", 508321382.4]}, {"t": 1696563450, "d": ["acmeair-customerservice", 405087846.4]}, {"t": 1696563450, "d": ["acmeair-booking-db", 322356838.4]}, {"t": 1696563450, "d": ["acmeair-flightservice", 303716761.6]}, {"t": 1696563450, "d": ["acmeair-authservice", 254418124.8]}, {"t": 1696563450, "d": ["acmeair-customer-db", 188586393.6]}, {"t": 1696563450, "d": ["acmeair-flight-db", 176648192]}, {"t": 1696563450, "d": ["acmeair-mainservice", 161349632]}, {"t": 1696563460, "d": ["acmeair-bookingservice", 509881139.2]}, {"t": 1696563460, "d": ["acmeair-customerservice", 405500313.6]}, {"t": 1696563460, "d": ["acmeair-booking-db", 322259763.2]}, {"t": 1696563460, "d": ["acmeair-flightservice", 303764275.2]}, {"t": 1696563460, "d": ["acmeair-authservice", 254485708.8]}, {"t": 1696563460, "d": ["acmeair-customer-db", 188588851.2]}, {"t": 1696563460, "d": ["acmeair-flight-db", 176660070.4]}, {"t": 1696563460, "d": ["acmeair-mainservice", 161486028.8]}, {"t": 1696563470, "d": ["acmeair-bookingservice", 512185958.4]}, {"t": 1696563470, "d": ["acmeair-customerservice", 405710028.8]}, {"t": 1696563470, "d": ["acmeair-booking-db", 322188492.8]}, {"t": 1696563470, "d": ["acmeair-flightservice", 303796224]}, {"t": 1696563470, "d": ["acmeair-authservice", 254513152]}, {"t": 1696563470, "d": ["acmeair-customer-db", 188588032]}, {"t": 1696563470, "d": ["acmeair-flight-db", 176664985.6]}, {"t": 1696563470, "d": ["acmeair-mainservice", 161501184]}, {"t": 1696563480, "d": ["acmeair-bookingservice", 516973363.2]}, {"t": 1696563480, "d": ["acmeair-customerservice", 406499328]}, {"t": 1696563480, "d": ["acmeair-booking-db", 321936588.8]}, {"t": 1696563480, "d": ["acmeair-flightservice", 303942451.2]}, {"t": 1696563480, "d": ["acmeair-authservice", 254529536]}, {"t": 1696563480, "d": ["acmeair-customer-db", 190633984]}, {"t": 1696563480, "d": ["acmeair-flight-db", 176669081.6]}, {"t": 1696563480, "d": ["acmeair-mainservice", 161501184]}, {"t": 1696563490, "d": ["acmeair-bookingservice", 517899059.2]}, {"t": 1696563490, "d": ["acmeair-customerservice", 408165580.8]}, {"t": 1696563490, "d": ["acmeair-booking-db", 321945190.4]}, {"t": 1696563490, "d": ["acmeair-flightservice", 304342630.4]}, {"t": 1696563490, "d": ["acmeair-authservice", 254563123.2]}, {"t": 1696563490, "d": ["acmeair-customer-db", 190939136]}, {"t": 1696563490, "d": ["acmeair-flight-db", 176678502.4]}, {"t": 1696563490, "d": ["acmeair-mainservice", 161501184]}, {"t": 1696563500, "d": ["acmeair-bookingservice", 518499942.4]}, {"t": 1696563500, "d": ["acmeair-customerservice", 409436160]}, {"t": 1696563500, "d": ["acmeair-booking-db", 321846476.8]}, {"t": 1696563500, "d": ["acmeair-flightservice", 304357785.6]}, {"t": 1696563500, "d": ["acmeair-authservice", 254561894.4]}, {"t": 1696563500, "d": ["acmeair-customer-db", 191075532.8]}, {"t": 1696563500, "d": ["acmeair-flight-db", 178625331.2]}, {"t": 1696563500, "d": ["acmeair-mainservice", 161501184]}, {"t": 1696563510, "d": ["acmeair-bookingservice", 519312179.2]}, {"t": 1696563510, "d": ["acmeair-customerservice", 411028275.2]}, {"t": 1696563510, "d": ["acmeair-booking-db", 321683456]}, {"t": 1696563510, "d": ["acmeair-flightservice", 304057958.4]}, {"t": 1696563510, "d": ["acmeair-authservice", 254556979.2]}, {"t": 1696563510, "d": ["acmeair-customer-db", 191251251.2]}, {"t": 1696563510, "d": ["acmeair-flight-db", 178997248]}, {"t": 1696563510, "d": ["acmeair-mainservice", 161501184]}, {"t": 1696563520, "d": ["acmeair-bookingservice", 521278259.2]}, {"t": 1696563520, "d": ["acmeair-customerservice", 412553625.6]}, {"t": 1696563520, "d": ["acmeair-booking-db", 321654374.4]}, {"t": 1696563520, "d": ["acmeair-flightservice", 303946137.6]}, {"t": 1696563520, "d": ["acmeair-authservice", 254975180.8]}, {"t": 1696563520, "d": ["acmeair-customer-db", 191250432]}, {"t": 1696563520, "d": ["acmeair-flight-db", 179020595.2]}, {"t": 1696563520, "d": ["acmeair-mainservice", 161501184]}, {"t": 1696563530, "d": ["acmeair-bookingservice", 521296691.2]}, {"t": 1696563530, "d": ["acmeair-customerservice", 414874828.8]}, {"t": 1696563530, "d": ["acmeair-booking-db", 321377484.8]}, {"t": 1696563530, "d": ["acmeair-flightservice", 304172646.4]}, {"t": 1696563530, "d": ["acmeair-authservice", 254865817.6]}, {"t": 1696563530, "d": ["acmeair-customer-db", 191252070.4]}, {"t": 1696563530, "d": ["acmeair-flight-db", 179027968]}, {"t": 1696563530, "d": ["acmeair-mainservice", 161501184]}, {"t": 1696563540, "d": ["acmeair-bookingservice", 522621337.6]}, {"t": 1696563540, "d": ["acmeair-customerservice", 412434432]}, {"t": 1696563540, "d": ["acmeair-booking-db", 321376665.6]}, {"t": 1696563540, "d": ["acmeair-flightservice", 304444620.8]}, {"t": 1696563540, "d": ["acmeair-authservice", 254611456]}, {"t": 1696563540, "d": ["acmeair-customer-db", 191250432]}, {"t": 1696563540, "d": ["acmeair-flight-db", 179032473.6]}, {"t": 1696563540, "d": ["acmeair-mainservice", 161501184]}, {"t": 1696563550, "d": ["acmeair-bookingservice", 523693260.8]}, {"t": 1696563550, "d": ["acmeair-customerservice", 412852224]}, {"t": 1696563550, "d": ["acmeair-booking-db", 321178009.6]}, {"t": 1696563550, "d": ["acmeair-flightservice", 304685465.6]}, {"t": 1696563550, "d": ["acmeair-authservice", 254631526.4]}, {"t": 1696563550, "d": ["acmeair-customer-db", 191250841.6]}, {"t": 1696563550, "d": ["acmeair-flight-db", 179036569.6]}, {"t": 1696563550, "d": ["acmeair-mainservice", 161501184]}, {"t": 1696563560, "d": ["acmeair-bookingservice", 527540224]}, {"t": 1696563560, "d": ["acmeair-customerservice", 414813798.4]}, {"t": 1696563560, "d": ["acmeair-booking-db", 321136230.4]}, {"t": 1696563560, "d": ["acmeair-flightservice", 305151590.4]}, {"t": 1696563560, "d": ["acmeair-authservice", 254652006.4]}, {"t": 1696563560, "d": ["acmeair-customer-db", 191251251.2]}, {"t": 1696563560, "d": ["acmeair-flight-db", 179040665.6]}, {"t": 1696563560, "d": ["acmeair-mainservice", 161501184]}, {"t": 1696563570, "d": ["acmeair-bookingservice", 528638361.6]}, {"t": 1696563570, "d": ["acmeair-customerservice", 415934873.6]}, {"t": 1696563570, "d": ["acmeair-booking-db", 320848281.6]}, {"t": 1696563570, "d": ["acmeair-flightservice", 306102272]}, {"t": 1696563570, "d": ["acmeair-authservice", 254781030.4]}, {"t": 1696563570, "d": ["acmeair-customer-db", 191362252.8]}, {"t": 1696563570, "d": ["acmeair-flight-db", 179044761.6]}, {"t": 1696563570, "d": ["acmeair-mainservice", 161501184]}, {"t": 1696563580, "d": ["acmeair-bookingservice", 530627379.2]}, {"t": 1696563580, "d": ["acmeair-customerservice", 416940441.6]}, {"t": 1696563580, "d": ["acmeair-booking-db", 321009664]}, {"t": 1696563580, "d": ["acmeair-flightservice", 308652032]}, {"t": 1696563580, "d": ["acmeair-authservice", 254785126.4]}, {"t": 1696563580, "d": ["acmeair-customer-db", 191361843.2]}, {"t": 1696563580, "d": ["acmeair-flight-db", 179048857.6]}, {"t": 1696563580, "d": ["acmeair-mainservice", 161501184]}, {"t": 1696563590, "d": ["acmeair-bookingservice", 535794892.8]}, {"t": 1696563590, "d": ["acmeair-customerservice", 418474803.2]}, {"t": 1696563590, "d": ["acmeair-booking-db", 320887193.6]}, {"t": 1696563590, "d": ["acmeair-flightservice", 308734771.2]}, {"t": 1696563590, "d": ["acmeair-authservice", 254808883.2]}, {"t": 1696563590, "d": ["acmeair-customer-db", 191363072]}, {"t": 1696563590, "d": ["acmeair-flight-db", 179052953.6]}, {"t": 1696563590, "d": ["acmeair-mainservice", 161501184]}, {"t": 1696563600, "d": ["acmeair-bookingservice", 536469504]}, {"t": 1696563600, "d": ["acmeair-customerservice", 418862694.4]}, {"t": 1696563600, "d": ["acmeair-booking-db", 321707622.4]}, {"t": 1696563600, "d": ["acmeair-flightservice", 309177139.2]}, {"t": 1696563600, "d": ["acmeair-authservice", 254827724.8]}, {"t": 1696563600, "d": ["acmeair-customer-db", 191444992]}, {"t": 1696563600, "d": ["acmeair-flight-db", 179057459.2]}, {"t": 1696563600, "d": ["acmeair-mainservice", 161501184]}, {"t": 1696563610, "d": ["acmeair-bookingservice", 540692889.6]}, {"t": 1696563610, "d": ["acmeair-customerservice", 420187750.4]}, {"t": 1696563610, "d": ["acmeair-booking-db", 321495859.2]}, {"t": 1696563610, "d": ["acmeair-flightservice", 309856256]}, {"t": 1696563610, "d": ["acmeair-authservice", 254745804.8]}, {"t": 1696563610, "d": ["acmeair-customer-db", 191479808]}, {"t": 1696563610, "d": ["acmeair-flight-db", 179065241.6]}, {"t": 1696563610, "d": ["acmeair-mainservice", 161501184]}, {"t": 1696563620, "d": ["acmeair-bookingservice", 541795942.4]}, {"t": 1696563620, "d": ["acmeair-customerservice", 421208064]}, {"t": 1696563620, "d": ["acmeair-booking-db", 321344716.8]}, {"t": 1696563620, "d": ["acmeair-flightservice", 309879193.6]}, {"t": 1696563620, "d": ["acmeair-authservice", 254577868.8]}, {"t": 1696563620, "d": ["acmeair-customer-db", 191479808]}, {"t": 1696563620, "d": ["acmeair-flight-db", 179079168]}, {"t": 1696563620, "d": ["acmeair-mainservice", 161501184]}, {"t": 1696563630, "d": ["acmeair-bookingservice", 542398464]}, {"t": 1696563630, "d": ["acmeair-customerservice", 421807718.4]}, {"t": 1696563630, "d": ["acmeair-booking-db", 321344307.2]}, {"t": 1696563630, "d": ["acmeair-flightservice", 310134374.4]}, {"t": 1696563630, "d": ["acmeair-authservice", 254612684.8]}, {"t": 1696563630, "d": ["acmeair-customer-db", 191545344]}, {"t": 1696563630, "d": ["acmeair-flight-db", 179233996.8]}, {"t": 1696563630, "d": ["acmeair-mainservice", 161501184]}, {"t": 1696563640, "d": ["acmeair-bookingservice", 542881382.4]}, {"t": 1696563640, "d": ["acmeair-customerservice", 422917324.8]}, {"t": 1696563640, "d": ["acmeair-booking-db", 321343488]}, {"t": 1696563640, "d": ["acmeair-flightservice", 310285926.4]}, {"t": 1696563640, "d": ["acmeair-authservice", 254676992]}, {"t": 1696563640, "d": ["acmeair-customer-db", 191601868.8]}, {"t": 1696563640, "d": ["acmeair-flight-db", 179313049.6]}, {"t": 1696563640, "d": ["acmeair-mainservice", 161501184]}, {"t": 1696563650, "d": ["acmeair-bookingservice", 543181209.6]}, {"t": 1696563650, "d": ["acmeair-customerservice", 423024640]}, {"t": 1696563650, "d": ["acmeair-booking-db", 320999424]}, {"t": 1696563650, "d": ["acmeair-flightservice", 310468608]}, {"t": 1696563650, "d": ["acmeair-authservice", 254678630.4]}, {"t": 1696563650, "d": ["acmeair-customer-db", 191593676.8]}, {"t": 1696563650, "d": ["acmeair-flight-db", 179331072]}, {"t": 1696563650, "d": ["acmeair-mainservice", 161501184]}, {"t": 1696563660, "d": ["acmeair-bookingservice", 544886784]}, {"t": 1696563660, "d": ["acmeair-customerservice", 425762816]}, {"t": 1696563660, "d": ["acmeair-booking-db", 321205452.8]}, {"t": 1696563660, "d": ["acmeair-flightservice", 310496460.8]}, {"t": 1696563660, "d": ["acmeair-authservice", 254686822.4]}, {"t": 1696563660, "d": ["acmeair-customer-db", 191590809.6]}, {"t": 1696563660, "d": ["acmeair-flight-db", 179356057.6]}, {"t": 1696563660, "d": ["acmeair-mainservice", 161277952]}, {"t": 1696563670, "d": ["acmeair-bookingservice", 548272128]}, {"t": 1696563670, "d": ["acmeair-customerservice", 425350348.8]}, {"t": 1696563670, "d": ["acmeair-booking-db", 321003110.4]}, {"t": 1696563670, "d": ["acmeair-flightservice", 310652928]}, {"t": 1696563670, "d": ["acmeair-authservice", 254755635.2]}, {"t": 1696563670, "d": ["acmeair-customer-db", 191503974.4]}, {"t": 1696563670, "d": ["acmeair-flight-db", 179363840]}, {"t": 1696563670, "d": ["acmeair-mainservice", 161153843.2]}, {"t": 1696563680, "d": ["acmeair-bookingservice", 550300467.2]}, {"t": 1696563680, "d": ["acmeair-customerservice", 427124736]}, {"t": 1696563680, "d": ["acmeair-booking-db", 320844185.6]}, {"t": 1696563680, "d": ["acmeair-flightservice", 310983475.2]}, {"t": 1696563680, "d": ["acmeair-authservice", 255503564.8]}, {"t": 1696563680, "d": ["acmeair-customer-db", 191330713.6]}, {"t": 1696563680, "d": ["acmeair-flight-db", 179363840]}, {"t": 1696563680, "d": ["acmeair-mainservice", 161112064]}, {"t": 1696563690, "d": ["acmeair-bookingservice", 550730956.8]}, {"t": 1696563690, "d": ["acmeair-customerservice", 428303564.8]}, {"t": 1696563690, "d": ["acmeair-booking-db", 320935936]}, {"t": 1696563690, "d": ["acmeair-flightservice", 311042048]}, {"t": 1696563690, "d": ["acmeair-authservice", 254795776]}, {"t": 1696563690, "d": ["acmeair-customer-db", 191159500.8]}, {"t": 1696563690, "d": ["acmeair-flight-db", 179363840]}, {"t": 1696563690, "d": ["acmeair-mainservice", 160943308.8]}, {"t": 1696563700, "d": ["acmeair-bookingservice", 551136870.4]}, {"t": 1696563700, "d": ["acmeair-customerservice", 428739788.8]}, {"t": 1696563700, "d": ["acmeair-booking-db", 320971571.2]}, {"t": 1696563700, "d": ["acmeair-flightservice", 311194828.8]}, {"t": 1696563700, "d": ["acmeair-authservice", 254797004.8]}, {"t": 1696563700, "d": ["acmeair-customer-db", 191365120]}, {"t": 1696563700, "d": ["acmeair-flight-db", 179363840]}, {"t": 1696563700, "d": ["acmeair-mainservice", 160690176]}, {"t": 1696563710, "d": ["acmeair-bookingservice", 552164966.4]}, {"t": 1696563710, "d": ["acmeair-customerservice", 430752153.6]}, {"t": 1696563710, "d": ["acmeair-booking-db", 321052262.4]}, {"t": 1696563710, "d": ["acmeair-flightservice", 311241113.6]}, {"t": 1696563710, "d": ["acmeair-authservice", 254802329.6]}, {"t": 1696563710, "d": ["acmeair-customer-db", 191405260.8]}, {"t": 1696563710, "d": ["acmeair-flight-db", 179363840]}, {"t": 1696563710, "d": ["acmeair-mainservice", 160690176]}, {"t": 1696563720, "d": ["acmeair-bookingservice", 552572928]}, {"t": 1696563720, "d": ["acmeair-customerservice", 430762803.2]}, {"t": 1696563720, "d": ["acmeair-booking-db", 320957644.8]}, {"t": 1696563720, "d": ["acmeair-flightservice", 311087513.6]}, {"t": 1696563720, "d": ["acmeair-authservice", 254805606.4]}, {"t": 1696563720, "d": ["acmeair-customer-db", 191414681.6]}, {"t": 1696563720, "d": ["acmeair-flight-db", 179363840]}, {"t": 1696563720, "d": ["acmeair-mainservice", 160690176]}, {"t": 1696563730, "d": ["acmeair-bookingservice", 554797465.6]}, {"t": 1696563730, "d": ["acmeair-customerservice", 431249408]}, {"t": 1696563730, "d": ["acmeair-booking-db", 320641433.6]}, {"t": 1696563730, "d": ["acmeair-flightservice", 310465740.8]}, {"t": 1696563730, "d": ["acmeair-authservice", 254844518.4]}, {"t": 1696563730, "d": ["acmeair-customer-db", 190600396.8]}, {"t": 1696563730, "d": ["acmeair-flight-db", 179363840]}, {"t": 1696563730, "d": ["acmeair-mainservice", 160690176]}, {"t": 1696563740, "d": ["acmeair-bookingservice", 558610841.6]}, {"t": 1696563740, "d": ["acmeair-customerservice", 433752473.6]}, {"t": 1696563740, "d": ["acmeair-booking-db", 320438681.6]}, {"t": 1696563740, "d": ["acmeair-flightservice", 310588620.8]}, {"t": 1696563740, "d": ["acmeair-authservice", 254722867.2]}, {"t": 1696563740, "d": ["acmeair-customer-db", 188690022.4]}, {"t": 1696563740, "d": ["acmeair-flight-db", 179363840]}, {"t": 1696563740, "d": ["acmeair-mainservice", 160690176]}, {"t": 1696563750, "d": ["acmeair-bookingservice", 562733056]}, {"t": 1696563750, "d": ["acmeair-customerservice", 435445350.4]}, {"t": 1696563750, "d": ["acmeair-booking-db", 320210534.4]}, {"t": 1696563750, "d": ["acmeair-flightservice", 311021158.4]}, {"t": 1696563750, "d": ["acmeair-authservice", 254673715.2]}, {"t": 1696563750, "d": ["acmeair-customer-db", 188709273.6]}, {"t": 1696563750, "d": ["acmeair-flight-db", 179364249.6]}, {"t": 1696563750, "d": ["acmeair-mainservice", 160690176]}, {"t": 1696563760, "d": ["acmeair-bookingservice", 567570432]}, {"t": 1696563760, "d": ["acmeair-customerservice", 437531443.2]}, {"t": 1696563760, "d": ["acmeair-booking-db", 319966003.2]}, {"t": 1696563760, "d": ["acmeair-flightservice", 311540121.6]}, {"t": 1696563760, "d": ["acmeair-authservice", 254760960]}, {"t": 1696563760, "d": ["acmeair-customer-db", 188733030.4]}, {"t": 1696563760, "d": ["acmeair-flight-db", 179363840]}, {"t": 1696563760, "d": ["acmeair-mainservice", 160690176]}, {"t": 1696563770, "d": ["acmeair-bookingservice", 571901132.8]}, {"t": 1696563770, "d": ["acmeair-customerservice", 439245619.2]}, {"t": 1696563770, "d": ["acmeair-booking-db", 319898419.2]}, {"t": 1696563770, "d": ["acmeair-flightservice", 312401100.8]}, {"t": 1696563770, "d": ["acmeair-authservice", 254796185.6]}, {"t": 1696563770, "d": ["acmeair-customer-db", 188748595.2]}, {"t": 1696563770, "d": ["acmeair-flight-db", 179363840]}, {"t": 1696563770, "d": ["acmeair-mainservice", 160690176]}, {"t": 1696563780, "d": ["acmeair-bookingservice", 573512499.2]}, {"t": 1696563780, "d": ["acmeair-customerservice", 440972902.4]}, {"t": 1696563780, "d": ["acmeair-booking-db", 319451136]}, {"t": 1696563780, "d": ["acmeair-flightservice", 312908185.6]}, {"t": 1696563780, "d": ["acmeair-authservice", 255308185.6]}, {"t": 1696563780, "d": ["acmeair-customer-db", 188769894.4]}, {"t": 1696563780, "d": ["acmeair-flight-db", 179363840]}, {"t": 1696563780, "d": ["acmeair-mainservice", 160690176]}, {"t": 1696563790, "d": ["acmeair-bookingservice", 577273036.8]}, {"t": 1696563790, "d": ["acmeair-customerservice", 442137804.8]}, {"t": 1696563790, "d": ["acmeair-booking-db", 319630950.4]}, {"t": 1696563790, "d": ["acmeair-flightservice", 312994611.2]}, {"t": 1696563790, "d": ["acmeair-authservice", 254572544]}, {"t": 1696563790, "d": ["acmeair-customer-db", 188776448]}, {"t": 1696563790, "d": ["acmeair-flight-db", 179363840]}, {"t": 1696563790, "d": ["acmeair-mainservice", 160690176]}], "start": 1696563190, "end": 1696563790}