{"data": [{"t": 1696563200, "d": ["acmeair-bookingservice", 375]}, {"t": 1696563200, "d": ["acmeair-authservice", 100]}, {"t": 1696563200, "d": ["acmeair-customerservice", 94]}, {"t": 1696563210, "d": ["acmeair-bookingservice", 749]}, {"t": 1696563210, "d": ["acmeair-authservice", 108]}, {"t": 1696563210, "d": ["acmeair-customerservice", 130]}, {"t": 1696563220, "d": ["acmeair-bookingservice", 786]}, {"t": 1696563220, "d": ["acmeair-authservice", 120]}, {"t": 1696563220, "d": ["acmeair-customerservice", 130]}, {"t": 1696563230, "d": ["acmeair-bookingservice", 232]}, {"t": 1696563230, "d": ["acmeair-authservice", 0]}, {"t": 1696563230, "d": ["acmeair-customerservice", 117]}, {"t": 1696563240, "d": ["acmeair-bookingservice", 0]}, {"t": 1696563240, "d": ["acmeair-authservice", 0]}, {"t": 1696563240, "d": ["acmeair-customerservice", 0]}, {"t": 1696563250, "d": ["acmeair-bookingservice", 0]}, {"t": 1696563250, "d": ["acmeair-authservice", 0]}, {"t": 1696563250, "d": ["acmeair-customerservice", 0]}, {"t": 1696563260, "d": ["acmeair-bookingservice", 0]}, {"t": 1696563260, "d": ["acmeair-authservice", 0]}, {"t": 1696563260, "d": ["acmeair-customerservice", 0]}, {"t": 1696563270, "d": ["acmeair-bookingservice", 0]}, {"t": 1696563270, "d": ["acmeair-authservice", 0]}, {"t": 1696563270, "d": ["acmeair-customerservice", 0]}, {"t": 1696563280, "d": ["acmeair-bookingservice", 174]}, {"t": 1696563280, "d": ["acmeair-authservice", 0]}, {"t": 1696563280, "d": ["acmeair-customerservice", 78]}, {"t": 1696563290, "d": ["acmeair-bookingservice", 0]}, {"t": 1696563290, "d": ["acmeair-authservice", 0]}, {"t": 1696563290, "d": ["acmeair-customerservice", 0]}, {"t": 1696563300, "d": ["acmeair-bookingservice", 0]}, {"t": 1696563300, "d": ["acmeair-authservice", 0]}, {"t": 1696563300, "d": ["acmeair-customerservice", 0]}, {"t": 1696563310, "d": ["acmeair-bookingservice", 0]}, {"t": 1696563310, "d": ["acmeair-authservice", 0]}, {"t": 1696563310, "d": ["acmeair-customerservice", 0]}, {"t": 1696563320, "d": ["acmeair-bookingservice", 398]}, {"t": 1696563320, "d": ["acmeair-authservice", 51]}, {"t": 1696563320, "d": ["acmeair-customerservice", 104]}, {"t": 1696563330, "d": ["acmeair-bookingservice", 604]}, {"t": 1696563330, "d": ["acmeair-authservice", 80]}, {"t": 1696563330, "d": ["acmeair-customerservice", 130]}, {"t": 1696563340, "d": ["acmeair-bookingservice", 591]}, {"t": 1696563340, "d": ["acmeair-authservice", 80]}, {"t": 1696563340, "d": ["acmeair-customerservice", 130]}, {"t": 1696563350, "d": ["acmeair-bookingservice", 610]}, {"t": 1696563350, "d": ["acmeair-authservice", 80]}, {"t": 1696563350, "d": ["acmeair-customerservice", 130]}, {"t": 1696563360, "d": ["acmeair-bookingservice", 390]}, {"t": 1696563360, "d": ["acmeair-authservice", 0]}, {"t": 1696563360, "d": ["acmeair-customerservice", 130]}, {"t": 1696563370, "d": ["acmeair-bookingservice", 509]}, {"t": 1696563370, "d": ["acmeair-authservice", 0]}, {"t": 1696563370, "d": ["acmeair-customerservice", 117]}, {"t": 1696563380, "d": ["acmeair-bookingservice", 610]}, {"t": 1696563380, "d": ["acmeair-authservice", 0]}, {"t": 1696563380, "d": ["acmeair-customerservice", 130]}, {"t": 1696563390, "d": ["acmeair-bookingservice", 539]}, {"t": 1696563390, "d": ["acmeair-authservice", 118]}, {"t": 1696563390, "d": ["acmeair-customerservice", 130]}, {"t": 1696563400, "d": ["acmeair-bookingservice", 486]}, {"t": 1696563400, "d": ["acmeair-authservice", 120]}, {"t": 1696563400, "d": ["acmeair-customerservice", 130]}, {"t": 1696563410, "d": ["acmeair-bookingservice", 625]}, {"t": 1696563410, "d": ["acmeair-authservice", 120]}, {"t": 1696563410, "d": ["acmeair-customerservice", 130]}, {"t": 1696563420, "d": ["acmeair-bookingservice", 610]}, {"t": 1696563420, "d": ["acmeair-authservice", 120]}, {"t": 1696563420, "d": ["acmeair-customerservice", 130]}, {"t": 1696563430, "d": ["acmeair-bookingservice", 650]}, {"t": 1696563430, "d": ["acmeair-authservice", 120]}, {"t": 1696563430, "d": ["acmeair-customerservice", 133]}, {"t": 1696563440, "d": ["acmeair-bookingservice", 650]}, {"t": 1696563440, "d": ["acmeair-authservice", 120]}, {"t": 1696563440, "d": ["acmeair-customerservice", 140]}, {"t": 1696563450, "d": ["acmeair-bookingservice", 650]}, {"t": 1696563450, "d": ["acmeair-authservice", 120]}, {"t": 1696563450, "d": ["acmeair-customerservice", 140]}, {"t": 1696563460, "d": ["acmeair-bookingservice", 654]}, {"t": 1696563460, "d": ["acmeair-authservice", 120]}, {"t": 1696563460, "d": ["acmeair-customerservice", 140]}, {"t": 1696563470, "d": ["acmeair-bookingservice", 744]}, {"t": 1696563470, "d": ["acmeair-authservice", 120]}, {"t": 1696563470, "d": ["acmeair-customerservice", 140]}, {"t": 1696563480, "d": ["acmeair-bookingservice", 734]}, {"t": 1696563480, "d": ["acmeair-authservice", 120]}, {"t": 1696563480, "d": ["acmeair-customerservice", 140]}, {"t": 1696563490, "d": ["acmeair-bookingservice", 880]}, {"t": 1696563490, "d": ["acmeair-authservice", 120]}, {"t": 1696563490, "d": ["acmeair-customerservice", 140]}, {"t": 1696563500, "d": ["acmeair-bookingservice", 880]}, {"t": 1696563500, "d": ["acmeair-authservice", 108]}, {"t": 1696563500, "d": ["acmeair-customerservice", 140]}, {"t": 1696563510, "d": ["acmeair-bookingservice", 880]}, {"t": 1696563510, "d": ["acmeair-authservice", 85]}, {"t": 1696563510, "d": ["acmeair-customerservice", 140]}, {"t": 1696563520, "d": ["acmeair-bookingservice", 880]}, {"t": 1696563520, "d": ["acmeair-authservice", 77]}, {"t": 1696563520, "d": ["acmeair-customerservice", 140]}, {"t": 1696563530, "d": ["acmeair-bookingservice", 880]}, {"t": 1696563530, "d": ["acmeair-authservice", 80]}, {"t": 1696563530, "d": ["acmeair-customerservice", 140]}, {"t": 1696563540, "d": ["acmeair-bookingservice", 702]}, {"t": 1696563540, "d": ["acmeair-authservice", 80]}, {"t": 1696563540, "d": ["acmeair-customerservice", 138]}, {"t": 1696563550, "d": ["acmeair-bookingservice", 576]}, {"t": 1696563550, "d": ["acmeair-authservice", 80]}, {"t": 1696563550, "d": ["acmeair-customerservice", 130]}, {"t": 1696563560, "d": ["acmeair-bookingservice", 700]}, {"t": 1696563560, "d": ["acmeair-authservice", 89]}, {"t": 1696563560, "d": ["acmeair-customerservice", 130]}, {"t": 1696563570, "d": ["acmeair-bookingservice", 702]}, {"t": 1696563570, "d": ["acmeair-authservice", 110]}, {"t": 1696563570, "d": ["acmeair-customerservice", 130]}, {"t": 1696563580, "d": ["acmeair-bookingservice", 630]}, {"t": 1696563580, "d": ["acmeair-authservice", 110]}, {"t": 1696563580, "d": ["acmeair-customerservice", 130]}, {"t": 1696563590, "d": ["acmeair-bookingservice", 831]}, {"t": 1696563590, "d": ["acmeair-authservice", 110]}, {"t": 1696563590, "d": ["acmeair-customerservice", 130]}, {"t": 1696563600, "d": ["acmeair-bookingservice", 923]}, {"t": 1696563600, "d": ["acmeair-authservice", 110]}, {"t": 1696563600, "d": ["acmeair-customerservice", 130]}, {"t": 1696563610, "d": ["acmeair-bookingservice", 842]}, {"t": 1696563610, "d": ["acmeair-authservice", 110]}, {"t": 1696563610, "d": ["acmeair-customerservice", 130]}, {"t": 1696563620, "d": ["acmeair-bookingservice", 960]}, {"t": 1696563620, "d": ["acmeair-authservice", 110]}, {"t": 1696563620, "d": ["acmeair-customerservice", 130]}, {"t": 1696563630, "d": ["acmeair-bookingservice", 960]}, {"t": 1696563630, "d": ["acmeair-authservice", 110]}, {"t": 1696563630, "d": ["acmeair-customerservice", 130]}, {"t": 1696563640, "d": ["acmeair-bookingservice", 960]}, {"t": 1696563640, "d": ["acmeair-authservice", 110]}, {"t": 1696563640, "d": ["acmeair-customerservice", 130]}, {"t": 1696563650, "d": ["acmeair-bookingservice", 918]}, {"t": 1696563650, "d": ["acmeair-authservice", 107]}, {"t": 1696563650, "d": ["acmeair-customerservice", 130]}, {"t": 1696563660, "d": ["acmeair-bookingservice", 746]}, {"t": 1696563660, "d": ["acmeair-authservice", 80]}, {"t": 1696563660, "d": ["acmeair-customerservice", 130]}, {"t": 1696563670, "d": ["acmeair-bookingservice", 721]}, {"t": 1696563670, "d": ["acmeair-authservice", 82]}, {"t": 1696563670, "d": ["acmeair-customerservice", 103]}, {"t": 1696563680, "d": ["acmeair-bookingservice", 810]}, {"t": 1696563680, "d": ["acmeair-authservice", 80]}, {"t": 1696563680, "d": ["acmeair-customerservice", 119]}, {"t": 1696563690, "d": ["acmeair-bookingservice", 920]}, {"t": 1696563690, "d": ["acmeair-authservice", 80]}, {"t": 1696563690, "d": ["acmeair-customerservice", 130]}, {"t": 1696563700, "d": ["acmeair-bookingservice", 828]}, {"t": 1696563700, "d": ["acmeair-authservice", 64]}, {"t": 1696563700, "d": ["acmeair-customerservice", 117]}, {"t": 1696563710, "d": ["acmeair-bookingservice", 920]}, {"t": 1696563710, "d": ["acmeair-authservice", 80]}, {"t": 1696563710, "d": ["acmeair-customerservice", 130]}, {"t": 1696563720, "d": ["acmeair-bookingservice", 920]}, {"t": 1696563720, "d": ["acmeair-authservice", 80]}, {"t": 1696563720, "d": ["acmeair-customerservice", 130]}, {"t": 1696563730, "d": ["acmeair-bookingservice", 845]}, {"t": 1696563730, "d": ["acmeair-authservice", 78]}, {"t": 1696563730, "d": ["acmeair-customerservice", 130]}, {"t": 1696563740, "d": ["acmeair-bookingservice", 805]}, {"t": 1696563740, "d": ["acmeair-authservice", 80]}, {"t": 1696563740, "d": ["acmeair-customerservice", 130]}, {"t": 1696563750, "d": ["acmeair-bookingservice", 860]}, {"t": 1696563750, "d": ["acmeair-authservice", 80]}, {"t": 1696563750, "d": ["acmeair-customerservice", 130]}, {"t": 1696563760, "d": ["acmeair-bookingservice", 860]}, {"t": 1696563760, "d": ["acmeair-authservice", 80]}, {"t": 1696563760, "d": ["acmeair-customerservice", 130]}, {"t": 1696563770, "d": ["acmeair-bookingservice", 866]}, {"t": 1696563770, "d": ["acmeair-authservice", 80]}, {"t": 1696563770, "d": ["acmeair-customerservice", 157]}, {"t": 1696563780, "d": ["acmeair-bookingservice", 880]}, {"t": 1696563780, "d": ["acmeair-authservice", 80]}, {"t": 1696563780, "d": ["acmeair-customerservice", 160]}, {"t": 1696563790, "d": ["acmeair-bookingservice", 824]}, {"t": 1696563790, "d": ["acmeair-authservice", 80]}, {"t": 1696563790, "d": ["acmeair-customerservice", 160]}], "start": 1696563190, "end": 1696563790}