{"data": [{"t": 1696563200, "d": ["acmeair-customerservice", 2840]}, {"t": 1696563200, "d": ["acmeair-booking-db", 2782]}, {"t": 1696563200, "d": ["acmeair-bookingservice", 2341]}, {"t": 1696563200, "d": ["acmeair-authservice", 186]}, {"t": 1696563200, "d": ["acmeair-customer-db", 140]}, {"t": 1696563200, "d": ["acmeair-flight-db", 140]}, {"t": 1696563200, "d": ["acmeair-flightservice", 2]}, {"t": 1696563200, "d": ["acmeair-mainservice", 0]}, {"t": 1696563210, "d": ["acmeair-customerservice", 2661]}, {"t": 1696563210, "d": ["acmeair-booking-db", 3055]}, {"t": 1696563210, "d": ["acmeair-bookingservice", 1346]}, {"t": 1696563210, "d": ["acmeair-authservice", 119]}, {"t": 1696563210, "d": ["acmeair-customer-db", 5106]}, {"t": 1696563210, "d": ["acmeair-flight-db", 140]}, {"t": 1696563210, "d": ["acmeair-flightservice", 9288]}, {"t": 1696563210, "d": ["acmeair-mainservice", 0]}, {"t": 1696563220, "d": ["acmeair-customerservice", 2035]}, {"t": 1696563220, "d": ["acmeair-booking-db", 2085]}, {"t": 1696563220, "d": ["acmeair-bookingservice", 2186]}, {"t": 1696563220, "d": ["acmeair-authservice", 148]}, {"t": 1696563220, "d": ["acmeair-customer-db", 5197]}, {"t": 1696563220, "d": ["acmeair-flight-db", 140]}, {"t": 1696563220, "d": ["acmeair-flightservice", 8994]}, {"t": 1696563220, "d": ["acmeair-mainservice", 0]}, {"t": 1696563230, "d": ["acmeair-customerservice", 48]}, {"t": 1696563230, "d": ["acmeair-booking-db", 235]}, {"t": 1696563230, "d": ["acmeair-bookingservice", 86]}, {"t": 1696563230, "d": ["acmeair-authservice", 11]}, {"t": 1696563230, "d": ["acmeair-customer-db", 4113]}, {"t": 1696563230, "d": ["acmeair-flight-db", 140]}, {"t": 1696563230, "d": ["acmeair-flightservice", 6038]}, {"t": 1696563230, "d": ["acmeair-mainservice", 0]}, {"t": 1696563240, "d": ["acmeair-customerservice", 18]}, {"t": 1696563240, "d": ["acmeair-booking-db", 159]}, {"t": 1696563240, "d": ["acmeair-bookingservice", 31]}, {"t": 1696563240, "d": ["acmeair-authservice", 4]}, {"t": 1696563240, "d": ["acmeair-customer-db", 233]}, {"t": 1696563240, "d": ["acmeair-flight-db", 140]}, {"t": 1696563240, "d": ["acmeair-flightservice", 96]}, {"t": 1696563240, "d": ["acmeair-mainservice", 0]}, {"t": 1696563250, "d": ["acmeair-customerservice", 2]}, {"t": 1696563250, "d": ["acmeair-booking-db", 140]}, {"t": 1696563250, "d": ["acmeair-bookingservice", 2]}, {"t": 1696563250, "d": ["acmeair-authservice", 3]}, {"t": 1696563250, "d": ["acmeair-customer-db", 179]}, {"t": 1696563250, "d": ["acmeair-flight-db", 140]}, {"t": 1696563250, "d": ["acmeair-flightservice", 34]}, {"t": 1696563250, "d": ["acmeair-mainservice", 0]}, {"t": 1696563260, "d": ["acmeair-customerservice", 94]}, {"t": 1696563260, "d": ["acmeair-booking-db", 240]}, {"t": 1696563260, "d": ["acmeair-bookingservice", 121]}, {"t": 1696563260, "d": ["acmeair-authservice", 9]}, {"t": 1696563260, "d": ["acmeair-customer-db", 140]}, {"t": 1696563260, "d": ["acmeair-flight-db", 140]}, {"t": 1696563260, "d": ["acmeair-flightservice", 2]}, {"t": 1696563260, "d": ["acmeair-mainservice", 0]}, {"t": 1696563270, "d": ["acmeair-customerservice", 45]}, {"t": 1696563270, "d": ["acmeair-booking-db", 140]}, {"t": 1696563270, "d": ["acmeair-bookingservice", 79]}, {"t": 1696563270, "d": ["acmeair-authservice", 5]}, {"t": 1696563270, "d": ["acmeair-customer-db", 296]}, {"t": 1696563270, "d": ["acmeair-flight-db", 140]}, {"t": 1696563270, "d": ["acmeair-flightservice", 321]}, {"t": 1696563270, "d": ["acmeair-mainservice", 0]}, {"t": 1696563280, "d": ["acmeair-customerservice", 16]}, {"t": 1696563280, "d": ["acmeair-booking-db", 140]}, {"t": 1696563280, "d": ["acmeair-bookingservice", 25]}, {"t": 1696563280, "d": ["acmeair-authservice", 5]}, {"t": 1696563280, "d": ["acmeair-customer-db", 182]}, {"t": 1696563280, "d": ["acmeair-flight-db", 126]}, {"t": 1696563280, "d": ["acmeair-flightservice", 284]}, {"t": 1696563280, "d": ["acmeair-mainservice", 0]}, {"t": 1696563290, "d": ["acmeair-customerservice", 3]}, {"t": 1696563290, "d": ["acmeair-booking-db", 140]}, {"t": 1696563290, "d": ["acmeair-bookingservice", 3]}, {"t": 1696563290, "d": ["acmeair-authservice", 2]}, {"t": 1696563290, "d": ["acmeair-customer-db", 176]}, {"t": 1696563290, "d": ["acmeair-flight-db", 154]}, {"t": 1696563290, "d": ["acmeair-flightservice", 132]}, {"t": 1696563290, "d": ["acmeair-mainservice", 0]}, {"t": 1696563300, "d": ["acmeair-customerservice", 3]}, {"t": 1696563300, "d": ["acmeair-booking-db", 140]}, {"t": 1696563300, "d": ["acmeair-bookingservice", 3]}, {"t": 1696563300, "d": ["acmeair-authservice", 3]}, {"t": 1696563300, "d": ["acmeair-customer-db", 140]}, {"t": 1696563300, "d": ["acmeair-flight-db", 140]}, {"t": 1696563300, "d": ["acmeair-flightservice", 3]}, {"t": 1696563300, "d": ["acmeair-mainservice", 0]}, {"t": 1696563310, "d": ["acmeair-customerservice", 2]}, {"t": 1696563310, "d": ["acmeair-booking-db", 140]}, {"t": 1696563310, "d": ["acmeair-bookingservice", 2]}, {"t": 1696563310, "d": ["acmeair-authservice", 3]}, {"t": 1696563310, "d": ["acmeair-customer-db", 140]}, {"t": 1696563310, "d": ["acmeair-flight-db", 140]}, {"t": 1696563310, "d": ["acmeair-flightservice", 3]}, {"t": 1696563310, "d": ["acmeair-mainservice", 0]}, {"t": 1696563320, "d": ["acmeair-customerservice", 1808]}, {"t": 1696563320, "d": ["acmeair-booking-db", 2146]}, {"t": 1696563320, "d": ["acmeair-bookingservice", 1312]}, {"t": 1696563320, "d": ["acmeair-authservice", 128]}, {"t": 1696563320, "d": ["acmeair-customer-db", 140]}, {"t": 1696563320, "d": ["acmeair-flight-db", 140]}, {"t": 1696563320, "d": ["acmeair-flightservice", 2]}, {"t": 1696563320, "d": ["acmeair-mainservice", 0]}, {"t": 1696563330, "d": ["acmeair-customerservice", 2166]}, {"t": 1696563330, "d": ["acmeair-booking-db", 2858]}, {"t": 1696563330, "d": ["acmeair-bookingservice", 171]}, {"t": 1696563330, "d": ["acmeair-authservice", 148]}, {"t": 1696563330, "d": ["acmeair-customer-db", 3138]}, {"t": 1696563330, "d": ["acmeair-flight-db", 140]}, {"t": 1696563330, "d": ["acmeair-flightservice", 6345]}, {"t": 1696563330, "d": ["acmeair-mainservice", 0]}, {"t": 1696563340, "d": ["acmeair-customerservice", 3117]}, {"t": 1696563340, "d": ["acmeair-booking-db", 3959]}, {"t": 1696563340, "d": ["acmeair-bookingservice", 542]}, {"t": 1696563340, "d": ["acmeair-authservice", 237]}, {"t": 1696563340, "d": ["acmeair-customer-db", 4000]}, {"t": 1696563340, "d": ["acmeair-flight-db", 140]}, {"t": 1696563340, "d": ["acmeair-flightservice", 6782]}, {"t": 1696563340, "d": ["acmeair-mainservice", 0]}, {"t": 1696563350, "d": ["acmeair-customerservice", 2256]}, {"t": 1696563350, "d": ["acmeair-booking-db", 2422]}, {"t": 1696563350, "d": ["acmeair-bookingservice", 1217]}, {"t": 1696563350, "d": ["acmeair-authservice", 146]}, {"t": 1696563350, "d": ["acmeair-customer-db", 5748]}, {"t": 1696563350, "d": ["acmeair-flight-db", 140]}, {"t": 1696563350, "d": ["acmeair-flightservice", 9532]}, {"t": 1696563350, "d": ["acmeair-mainservice", 0]}, {"t": 1696563360, "d": ["acmeair-customerservice", 71]}, {"t": 1696563360, "d": ["acmeair-booking-db", 246]}, {"t": 1696563360, "d": ["acmeair-bookingservice", 147]}, {"t": 1696563360, "d": ["acmeair-authservice", 17]}, {"t": 1696563360, "d": ["acmeair-customer-db", 4198]}, {"t": 1696563360, "d": ["acmeair-flight-db", 140]}, {"t": 1696563360, "d": ["acmeair-flightservice", 6296]}, {"t": 1696563360, "d": ["acmeair-mainservice", 0]}, {"t": 1696563370, "d": ["acmeair-customerservice", 193]}, {"t": 1696563370, "d": ["acmeair-booking-db", 334]}, {"t": 1696563370, "d": ["acmeair-bookingservice", 241]}, {"t": 1696563370, "d": ["acmeair-authservice", 11]}, {"t": 1696563370, "d": ["acmeair-customer-db", 212]}, {"t": 1696563370, "d": ["acmeair-flight-db", 126]}, {"t": 1696563370, "d": ["acmeair-flightservice", 94]}, {"t": 1696563370, "d": ["acmeair-mainservice", 0]}, {"t": 1696563380, "d": ["acmeair-customerservice", 330]}, {"t": 1696563380, "d": ["acmeair-booking-db", 515]}, {"t": 1696563380, "d": ["acmeair-bookingservice", 388]}, {"t": 1696563380, "d": ["acmeair-authservice", 9]}, {"t": 1696563380, "d": ["acmeair-customer-db", 370]}, {"t": 1696563380, "d": ["acmeair-flight-db", 140]}, {"t": 1696563380, "d": ["acmeair-flightservice", 687]}, {"t": 1696563380, "d": ["acmeair-mainservice", 0]}, {"t": 1696563390, "d": ["acmeair-customerservice", 1797]}, {"t": 1696563390, "d": ["acmeair-booking-db", 1407]}, {"t": 1696563390, "d": ["acmeair-bookingservice", 1464]}, {"t": 1696563390, "d": ["acmeair-authservice", 42]}, {"t": 1696563390, "d": ["acmeair-customer-db", 604]}, {"t": 1696563390, "d": ["acmeair-flight-db", 140]}, {"t": 1696563390, "d": ["acmeair-flightservice", 970]}, {"t": 1696563390, "d": ["acmeair-mainservice", 0]}, {"t": 1696563400, "d": ["acmeair-customerservice", 2630]}, {"t": 1696563400, "d": ["acmeair-booking-db", 2660]}, {"t": 1696563400, "d": ["acmeair-bookingservice", 1736]}, {"t": 1696563400, "d": ["acmeair-authservice", 234]}, {"t": 1696563400, "d": ["acmeair-customer-db", 2866]}, {"t": 1696563400, "d": ["acmeair-flight-db", 140]}, {"t": 1696563400, "d": ["acmeair-flightservice", 5833]}, {"t": 1696563400, "d": ["acmeair-mainservice", 0]}, {"t": 1696563410, "d": ["acmeair-customerservice", 2164]}, {"t": 1696563410, "d": ["acmeair-booking-db", 2637]}, {"t": 1696563410, "d": ["acmeair-bookingservice", 89]}, {"t": 1696563410, "d": ["acmeair-authservice", 103]}, {"t": 1696563410, "d": ["acmeair-customer-db", 4743]}, {"t": 1696563410, "d": ["acmeair-flight-db", 140]}, {"t": 1696563410, "d": ["acmeair-flightservice", 10648]}, {"t": 1696563410, "d": ["acmeair-mainservice", 0]}, {"t": 1696563420, "d": ["acmeair-customerservice", 1270]}, {"t": 1696563420, "d": ["acmeair-booking-db", 1787]}, {"t": 1696563420, "d": ["acmeair-bookingservice", 1163]}, {"t": 1696563420, "d": ["acmeair-authservice", 146]}, {"t": 1696563420, "d": ["acmeair-customer-db", 4296]}, {"t": 1696563420, "d": ["acmeair-flight-db", 140]}, {"t": 1696563420, "d": ["acmeair-flightservice", 6913]}, {"t": 1696563420, "d": ["acmeair-mainservice", 0]}, {"t": 1696563430, "d": ["acmeair-customerservice", 2241]}, {"t": 1696563430, "d": ["acmeair-booking-db", 3584]}, {"t": 1696563430, "d": ["acmeair-bookingservice", 349]}, {"t": 1696563430, "d": ["acmeair-authservice", 126]}, {"t": 1696563430, "d": ["acmeair-customer-db", 2725]}, {"t": 1696563430, "d": ["acmeair-flight-db", 140]}, {"t": 1696563430, "d": ["acmeair-flightservice", 4017]}, {"t": 1696563430, "d": ["acmeair-mainservice", 0]}, {"t": 1696563440, "d": ["acmeair-customerservice", 1504]}, {"t": 1696563440, "d": ["acmeair-booking-db", 2146]}, {"t": 1696563440, "d": ["acmeair-bookingservice", 346]}, {"t": 1696563440, "d": ["acmeair-authservice", 97]}, {"t": 1696563440, "d": ["acmeair-customer-db", 4262]}, {"t": 1696563440, "d": ["acmeair-flight-db", 140]}, {"t": 1696563440, "d": ["acmeair-flightservice", 6517]}, {"t": 1696563440, "d": ["acmeair-mainservice", 0]}, {"t": 1696563450, "d": ["acmeair-customerservice", 1445]}, {"t": 1696563450, "d": ["acmeair-booking-db", 2040]}, {"t": 1696563450, "d": ["acmeair-bookingservice", 1149]}, {"t": 1696563450, "d": ["acmeair-authservice", 104]}, {"t": 1696563450, "d": ["acmeair-customer-db", 2810]}, {"t": 1696563450, "d": ["acmeair-flight-db", 56]}, {"t": 1696563450, "d": ["acmeair-flightservice", 4532]}, {"t": 1696563450, "d": ["acmeair-mainservice", 0]}, {"t": 1696563460, "d": ["acmeair-customerservice", 2729]}, {"t": 1696563460, "d": ["acmeair-booking-db", 3783]}, {"t": 1696563460, "d": ["acmeair-bookingservice", 1671]}, {"t": 1696563460, "d": ["acmeair-authservice", 240]}, {"t": 1696563460, "d": ["acmeair-customer-db", 2565]}, {"t": 1696563460, "d": ["acmeair-flight-db", 56]}, {"t": 1696563460, "d": ["acmeair-flightservice", 4873]}, {"t": 1696563460, "d": ["acmeair-mainservice", 0]}, {"t": 1696563470, "d": ["acmeair-customerservice", 2404]}, {"t": 1696563470, "d": ["acmeair-booking-db", 2891]}, {"t": 1696563470, "d": ["acmeair-bookingservice", 145]}, {"t": 1696563470, "d": ["acmeair-authservice", 166]}, {"t": 1696563470, "d": ["acmeair-customer-db", 4727]}, {"t": 1696563470, "d": ["acmeair-flight-db", 154]}, {"t": 1696563470, "d": ["acmeair-flightservice", 11135]}, {"t": 1696563470, "d": ["acmeair-mainservice", 0]}, {"t": 1696563480, "d": ["acmeair-customerservice", 1697]}, {"t": 1696563480, "d": ["acmeair-booking-db", 1322]}, {"t": 1696563480, "d": ["acmeair-bookingservice", 393]}, {"t": 1696563480, "d": ["acmeair-authservice", 183]}, {"t": 1696563480, "d": ["acmeair-customer-db", 4419]}, {"t": 1696563480, "d": ["acmeair-flight-db", 140]}, {"t": 1696563480, "d": ["acmeair-flightservice", 8119]}, {"t": 1696563480, "d": ["acmeair-mainservice", 0]}, {"t": 1696563490, "d": ["acmeair-customerservice", 1463]}, {"t": 1696563490, "d": ["acmeair-booking-db", 1928]}, {"t": 1696563490, "d": ["acmeair-bookingservice", 1653]}, {"t": 1696563490, "d": ["acmeair-authservice", 84]}, {"t": 1696563490, "d": ["acmeair-customer-db", 3233]}, {"t": 1696563490, "d": ["acmeair-flight-db", 140]}, {"t": 1696563490, "d": ["acmeair-flightservice", 5303]}, {"t": 1696563490, "d": ["acmeair-mainservice", 0]}, {"t": 1696563500, "d": ["acmeair-customerservice", 1377]}, {"t": 1696563500, "d": ["acmeair-booking-db", 1752]}, {"t": 1696563500, "d": ["acmeair-bookingservice", 1233]}, {"t": 1696563500, "d": ["acmeair-authservice", 81]}, {"t": 1696563500, "d": ["acmeair-customer-db", 2643]}, {"t": 1696563500, "d": ["acmeair-flight-db", 140]}, {"t": 1696563500, "d": ["acmeair-flightservice", 4170]}, {"t": 1696563500, "d": ["acmeair-mainservice", 0]}, {"t": 1696563510, "d": ["acmeair-customerservice", 1351]}, {"t": 1696563510, "d": ["acmeair-booking-db", 1855]}, {"t": 1696563510, "d": ["acmeair-bookingservice", 1257]}, {"t": 1696563510, "d": ["acmeair-authservice", 106]}, {"t": 1696563510, "d": ["acmeair-customer-db", 2698]}, {"t": 1696563510, "d": ["acmeair-flight-db", 140]}, {"t": 1696563510, "d": ["acmeair-flightservice", 4023]}, {"t": 1696563510, "d": ["acmeair-mainservice", 0]}, {"t": 1696563520, "d": ["acmeair-customerservice", 2167]}, {"t": 1696563520, "d": ["acmeair-booking-db", 2767]}, {"t": 1696563520, "d": ["acmeair-bookingservice", 1650]}, {"t": 1696563520, "d": ["acmeair-authservice", 179]}, {"t": 1696563520, "d": ["acmeair-customer-db", 2482]}, {"t": 1696563520, "d": ["acmeair-flight-db", 140]}, {"t": 1696563520, "d": ["acmeair-flightservice", 3778]}, {"t": 1696563520, "d": ["acmeair-mainservice", 0]}, {"t": 1696563530, "d": ["acmeair-customerservice", 1774]}, {"t": 1696563530, "d": ["acmeair-booking-db", 2542]}, {"t": 1696563530, "d": ["acmeair-bookingservice", 84]}, {"t": 1696563530, "d": ["acmeair-authservice", 123]}, {"t": 1696563530, "d": ["acmeair-customer-db", 3908]}, {"t": 1696563530, "d": ["acmeair-flight-db", 112]}, {"t": 1696563530, "d": ["acmeair-flightservice", 7848]}, {"t": 1696563530, "d": ["acmeair-mainservice", 0]}, {"t": 1696563540, "d": ["acmeair-customerservice", 2116]}, {"t": 1696563540, "d": ["acmeair-booking-db", 1795]}, {"t": 1696563540, "d": ["acmeair-bookingservice", 713]}, {"t": 1696563540, "d": ["acmeair-authservice", 214]}, {"t": 1696563540, "d": ["acmeair-customer-db", 3252]}, {"t": 1696563540, "d": ["acmeair-flight-db", 126]}, {"t": 1696563540, "d": ["acmeair-flightservice", 7299]}, {"t": 1696563540, "d": ["acmeair-mainservice", 0]}, {"t": 1696563550, "d": ["acmeair-customerservice", 2146]}, {"t": 1696563550, "d": ["acmeair-booking-db", 2625]}, {"t": 1696563550, "d": ["acmeair-bookingservice", 684]}, {"t": 1696563550, "d": ["acmeair-authservice", 146]}, {"t": 1696563550, "d": ["acmeair-customer-db", 3725]}, {"t": 1696563550, "d": ["acmeair-flight-db", 140]}, {"t": 1696563550, "d": ["acmeair-flightservice", 6840]}, {"t": 1696563550, "d": ["acmeair-mainservice", 0]}, {"t": 1696563560, "d": ["acmeair-customerservice", 2923]}, {"t": 1696563560, "d": ["acmeair-booking-db", 3656]}, {"t": 1696563560, "d": ["acmeair-bookingservice", 873]}, {"t": 1696563560, "d": ["acmeair-authservice", 205]}, {"t": 1696563560, "d": ["acmeair-customer-db", 4204]}, {"t": 1696563560, "d": ["acmeair-flight-db", 140]}, {"t": 1696563560, "d": ["acmeair-flightservice", 7174]}, {"t": 1696563560, "d": ["acmeair-mainservice", 0]}, {"t": 1696563570, "d": ["acmeair-customerservice", 1871]}, {"t": 1696563570, "d": ["acmeair-booking-db", 2733]}, {"t": 1696563570, "d": ["acmeair-bookingservice", 447]}, {"t": 1696563570, "d": ["acmeair-authservice", 76]}, {"t": 1696563570, "d": ["acmeair-customer-db", 6148]}, {"t": 1696563570, "d": ["acmeair-flight-db", 140]}, {"t": 1696563570, "d": ["acmeair-flightservice", 8366]}, {"t": 1696563570, "d": ["acmeair-mainservice", 0]}, {"t": 1696563580, "d": ["acmeair-customerservice", 2604]}, {"t": 1696563580, "d": ["acmeair-booking-db", 3572]}, {"t": 1696563580, "d": ["acmeair-bookingservice", 1275]}, {"t": 1696563580, "d": ["acmeair-authservice", 212]}, {"t": 1696563580, "d": ["acmeair-customer-db", 4057]}, {"t": 1696563580, "d": ["acmeair-flight-db", 140]}, {"t": 1696563580, "d": ["acmeair-flightservice", 5527]}, {"t": 1696563580, "d": ["acmeair-mainservice", 0]}, {"t": 1696563590, "d": ["acmeair-customerservice", 2668]}, {"t": 1696563590, "d": ["acmeair-booking-db", 4016]}, {"t": 1696563590, "d": ["acmeair-bookingservice", 401]}, {"t": 1696563590, "d": ["acmeair-authservice", 179]}, {"t": 1696563590, "d": ["acmeair-customer-db", 5181]}, {"t": 1696563590, "d": ["acmeair-flight-db", 140]}, {"t": 1696563590, "d": ["acmeair-flightservice", 8692]}, {"t": 1696563590, "d": ["acmeair-mainservice", 0]}, {"t": 1696563600, "d": ["acmeair-customerservice", 1959]}, {"t": 1696563600, "d": ["acmeair-booking-db", 2601]}, {"t": 1696563600, "d": ["acmeair-bookingservice", 108]}, {"t": 1696563600, "d": ["acmeair-authservice", 92]}, {"t": 1696563600, "d": ["acmeair-customer-db", 5413]}, {"t": 1696563600, "d": ["acmeair-flight-db", 140]}, {"t": 1696563600, "d": ["acmeair-flightservice", 9262]}, {"t": 1696563600, "d": ["acmeair-mainservice", 0]}, {"t": 1696563610, "d": ["acmeair-customerservice", 1324]}, {"t": 1696563610, "d": ["acmeair-booking-db", 1545]}, {"t": 1696563610, "d": ["acmeair-bookingservice", 1263]}, {"t": 1696563610, "d": ["acmeair-authservice", 122]}, {"t": 1696563610, "d": ["acmeair-customer-db", 4215]}, {"t": 1696563610, "d": ["acmeair-flight-db", 140]}, {"t": 1696563610, "d": ["acmeair-flightservice", 5452]}, {"t": 1696563610, "d": ["acmeair-mainservice", 0]}, {"t": 1696563620, "d": ["acmeair-customerservice", 1473]}, {"t": 1696563620, "d": ["acmeair-booking-db", 1650]}, {"t": 1696563620, "d": ["acmeair-bookingservice", 1444]}, {"t": 1696563620, "d": ["acmeair-authservice", 128]}, {"t": 1696563620, "d": ["acmeair-customer-db", 2829]}, {"t": 1696563620, "d": ["acmeair-flight-db", 140]}, {"t": 1696563620, "d": ["acmeair-flightservice", 4135]}, {"t": 1696563620, "d": ["acmeair-mainservice", 0]}, {"t": 1696563630, "d": ["acmeair-customerservice", 1364]}, {"t": 1696563630, "d": ["acmeair-booking-db", 1781]}, {"t": 1696563630, "d": ["acmeair-bookingservice", 1458]}, {"t": 1696563630, "d": ["acmeair-authservice", 71]}, {"t": 1696563630, "d": ["acmeair-customer-db", 3119]}, {"t": 1696563630, "d": ["acmeair-flight-db", 140]}, {"t": 1696563630, "d": ["acmeair-flightservice", 4174]}, {"t": 1696563630, "d": ["acmeair-mainservice", 0]}, {"t": 1696563640, "d": ["acmeair-customerservice", 1186]}, {"t": 1696563640, "d": ["acmeair-booking-db", 1414]}, {"t": 1696563640, "d": ["acmeair-bookingservice", 1440]}, {"t": 1696563640, "d": ["acmeair-authservice", 97]}, {"t": 1696563640, "d": ["acmeair-customer-db", 2990]}, {"t": 1696563640, "d": ["acmeair-flight-db", 126]}, {"t": 1696563640, "d": ["acmeair-flightservice", 4120]}, {"t": 1696563640, "d": ["acmeair-mainservice", 0]}, {"t": 1696563650, "d": ["acmeair-customerservice", 1388]}, {"t": 1696563650, "d": ["acmeair-booking-db", 1572]}, {"t": 1696563650, "d": ["acmeair-bookingservice", 1522]}, {"t": 1696563650, "d": ["acmeair-authservice", 137]}, {"t": 1696563650, "d": ["acmeair-customer-db", 2521]}, {"t": 1696563650, "d": ["acmeair-flight-db", 112]}, {"t": 1696563650, "d": ["acmeair-flightservice", 3813]}, {"t": 1696563650, "d": ["acmeair-mainservice", 0]}, {"t": 1696563660, "d": ["acmeair-customerservice", 2598]}, {"t": 1696563660, "d": ["acmeair-booking-db", 3207]}, {"t": 1696563660, "d": ["acmeair-bookingservice", 908]}, {"t": 1696563660, "d": ["acmeair-authservice", 256]}, {"t": 1696563660, "d": ["acmeair-customer-db", 2933]}, {"t": 1696563660, "d": ["acmeair-flight-db", 126]}, {"t": 1696563660, "d": ["acmeair-flightservice", 4448]}, {"t": 1696563660, "d": ["acmeair-mainservice", 0]}, {"t": 1696563670, "d": ["acmeair-customerservice", 2892]}, {"t": 1696563670, "d": ["acmeair-booking-db", 3597]}, {"t": 1696563670, "d": ["acmeair-bookingservice", 478]}, {"t": 1696563670, "d": ["acmeair-authservice", 236]}, {"t": 1696563670, "d": ["acmeair-customer-db", 4953]}, {"t": 1696563670, "d": ["acmeair-flight-db", 154]}, {"t": 1696563670, "d": ["acmeair-flightservice", 11023]}, {"t": 1696563670, "d": ["acmeair-mainservice", 0]}, {"t": 1696563680, "d": ["acmeair-customerservice", 1558]}, {"t": 1696563680, "d": ["acmeair-booking-db", 1995]}, {"t": 1696563680, "d": ["acmeair-bookingservice", 1540]}, {"t": 1696563680, "d": ["acmeair-authservice", 174]}, {"t": 1696563680, "d": ["acmeair-customer-db", 5889]}, {"t": 1696563680, "d": ["acmeair-flight-db", 126]}, {"t": 1696563680, "d": ["acmeair-flightservice", 8133]}, {"t": 1696563680, "d": ["acmeair-mainservice", 0]}, {"t": 1696563690, "d": ["acmeair-customerservice", 786]}, {"t": 1696563690, "d": ["acmeair-booking-db", 1396]}, {"t": 1696563690, "d": ["acmeair-bookingservice", 373]}, {"t": 1696563690, "d": ["acmeair-authservice", 40]}, {"t": 1696563690, "d": ["acmeair-customer-db", 3272]}, {"t": 1696563690, "d": ["acmeair-flight-db", 84]}, {"t": 1696563690, "d": ["acmeair-flightservice", 5624]}, {"t": 1696563690, "d": ["acmeair-mainservice", 0]}, {"t": 1696563700, "d": ["acmeair-customerservice", 1067]}, {"t": 1696563700, "d": ["acmeair-booking-db", 1613]}, {"t": 1696563700, "d": ["acmeair-bookingservice", 1034]}, {"t": 1696563700, "d": ["acmeair-authservice", 71]}, {"t": 1696563700, "d": ["acmeair-customer-db", 1859]}, {"t": 1696563700, "d": ["acmeair-flight-db", 140]}, {"t": 1696563700, "d": ["acmeair-flightservice", 2541]}, {"t": 1696563700, "d": ["acmeair-mainservice", 0]}, {"t": 1696563710, "d": ["acmeair-customerservice", 800]}, {"t": 1696563710, "d": ["acmeair-booking-db", 1150]}, {"t": 1696563710, "d": ["acmeair-bookingservice", 798]}, {"t": 1696563710, "d": ["acmeair-authservice", 59]}, {"t": 1696563710, "d": ["acmeair-customer-db", 2313]}, {"t": 1696563710, "d": ["acmeair-flight-db", 154]}, {"t": 1696563710, "d": ["acmeair-flightservice", 3252]}, {"t": 1696563710, "d": ["acmeair-mainservice", 0]}, {"t": 1696563720, "d": ["acmeair-customerservice", 2169]}, {"t": 1696563720, "d": ["acmeair-booking-db", 2661]}, {"t": 1696563720, "d": ["acmeair-bookingservice", 2393]}, {"t": 1696563720, "d": ["acmeair-authservice", 176]}, {"t": 1696563720, "d": ["acmeair-customer-db", 1834]}, {"t": 1696563720, "d": ["acmeair-flight-db", 140]}, {"t": 1696563720, "d": ["acmeair-flightservice", 2534]}, {"t": 1696563720, "d": ["acmeair-mainservice", 0]}, {"t": 1696563730, "d": ["acmeair-customerservice", 4550]}, {"t": 1696563730, "d": ["acmeair-booking-db", 5852]}, {"t": 1696563730, "d": ["acmeair-bookingservice", 2876]}, {"t": 1696563730, "d": ["acmeair-authservice", 393]}, {"t": 1696563730, "d": ["acmeair-customer-db", 4196]}, {"t": 1696563730, "d": ["acmeair-flight-db", 140]}, {"t": 1696563730, "d": ["acmeair-flightservice", 7390]}, {"t": 1696563730, "d": ["acmeair-mainservice", 0]}, {"t": 1696563740, "d": ["acmeair-customerservice", 4664]}, {"t": 1696563740, "d": ["acmeair-booking-db", 6202]}, {"t": 1696563740, "d": ["acmeair-bookingservice", 2560]}, {"t": 1696563740, "d": ["acmeair-authservice", 362]}, {"t": 1696563740, "d": ["acmeair-customer-db", 8873]}, {"t": 1696563740, "d": ["acmeair-flight-db", 140]}, {"t": 1696563740, "d": ["acmeair-flightservice", 14389]}, {"t": 1696563740, "d": ["acmeair-mainservice", 0]}, {"t": 1696563750, "d": ["acmeair-customerservice", 3395]}, {"t": 1696563750, "d": ["acmeair-booking-db", 4624]}, {"t": 1696563750, "d": ["acmeair-bookingservice", 793]}, {"t": 1696563750, "d": ["acmeair-authservice", 267]}, {"t": 1696563750, "d": ["acmeair-customer-db", 9286]}, {"t": 1696563750, "d": ["acmeair-flight-db", 42]}, {"t": 1696563750, "d": ["acmeair-flightservice", 14755]}, {"t": 1696563750, "d": ["acmeair-mainservice", 0]}, {"t": 1696563760, "d": ["acmeair-customerservice", 4078]}, {"t": 1696563760, "d": ["acmeair-booking-db", 5111]}, {"t": 1696563760, "d": ["acmeair-bookingservice", 105]}, {"t": 1696563760, "d": ["acmeair-authservice", 311]}, {"t": 1696563760, "d": ["acmeair-customer-db", 6863]}, {"t": 1696563760, "d": ["acmeair-flight-db", 154]}, {"t": 1696563760, "d": ["acmeair-flightservice", 12208]}, {"t": 1696563760, "d": ["acmeair-mainservice", 0]}, {"t": 1696563770, "d": ["acmeair-customerservice", 5076]}, {"t": 1696563770, "d": ["acmeair-booking-db", 6550]}, {"t": 1696563770, "d": ["acmeair-bookingservice", 1702]}, {"t": 1696563770, "d": ["acmeair-authservice", 426]}, {"t": 1696563770, "d": ["acmeair-customer-db", 8123]}, {"t": 1696563770, "d": ["acmeair-flight-db", 140]}, {"t": 1696563770, "d": ["acmeair-flightservice", 11702]}, {"t": 1696563770, "d": ["acmeair-mainservice", 0]}, {"t": 1696563780, "d": ["acmeair-customerservice", 4981]}, {"t": 1696563780, "d": ["acmeair-booking-db", 6402]}, {"t": 1696563780, "d": ["acmeair-bookingservice", 2529]}, {"t": 1696563780, "d": ["acmeair-authservice", 497]}, {"t": 1696563780, "d": ["acmeair-customer-db", 10128]}, {"t": 1696563780, "d": ["acmeair-flight-db", 140]}, {"t": 1696563780, "d": ["acmeair-flightservice", 15364]}, {"t": 1696563780, "d": ["acmeair-mainservice", 0]}, {"t": 1696563790, "d": ["acmeair-customerservice", 3833]}, {"t": 1696563790, "d": ["acmeair-booking-db", 5470]}, {"t": 1696563790, "d": ["acmeair-bookingservice", 112]}, {"t": 1696563790, "d": ["acmeair-authservice", 352]}, {"t": 1696563790, "d": ["acmeair-customer-db", 9930]}, {"t": 1696563790, "d": ["acmeair-flight-db", 140]}, {"t": 1696563790, "d": ["acmeair-flightservice", 17365]}, {"t": 1696563790, "d": ["acmeair-mainservice", 0]}], "start": 1696563190, "end": 1696563790}