{"data": [{"t": 1696563200, "d": ["acmeair-authservice", 323557460]}, {"t": 1696563200, "d": ["acmeair-bookingservice", 304515080]}, {"t": 1696563200, "d": ["acmeair-customerservice", 96973898]}, {"t": 1696563200, "d": ["acmeair-flightservice", 7940872]}, {"t": 1696563200, "d": ["acmeair-mainservice", 720567]}, {"t": 1696563210, "d": ["acmeair-authservice", 224925975]}, {"t": 1696563210, "d": ["acmeair-bookingservice", 742684223]}, {"t": 1696563210, "d": ["acmeair-customerservice", 232386538]}, {"t": 1696563210, "d": ["acmeair-flightservice", 97893788]}, {"t": 1696563210, "d": ["acmeair-mainservice", 798546]}, {"t": 1696563220, "d": ["acmeair-authservice", 232488454]}, {"t": 1696563220, "d": ["acmeair-bookingservice", 1250621938]}, {"t": 1696563220, "d": ["acmeair-customerservice", 217140376]}, {"t": 1696563220, "d": ["acmeair-flightservice", 198516327]}, {"t": 1696563220, "d": ["acmeair-mainservice", 2138356]}, {"t": 1696563230, "d": ["acmeair-authservice", 76704747]}, {"t": 1696563230, "d": ["acmeair-bookingservice", 62885612]}, {"t": 1696563230, "d": ["acmeair-customerservice", 60913548]}, {"t": 1696563230, "d": ["acmeair-flightservice", 172627373]}, {"t": 1696563230, "d": ["acmeair-mainservice", 587619]}, {"t": 1696563240, "d": ["acmeair-authservice", 72395553]}, {"t": 1696563240, "d": ["acmeair-bookingservice", 79838484]}, {"t": 1696563240, "d": ["acmeair-customerservice", 75833293]}, {"t": 1696563240, "d": ["acmeair-flightservice", 26061728]}, {"t": 1696563240, "d": ["acmeair-mainservice", 849279]}, {"t": 1696563250, "d": ["acmeair-authservice", 3318050]}, {"t": 1696563250, "d": ["acmeair-bookingservice", 38873799]}, {"t": 1696563250, "d": ["acmeair-customerservice", 31496998]}, {"t": 1696563250, "d": ["acmeair-flightservice", 6270988]}, {"t": 1696563250, "d": ["acmeair-mainservice", 466894]}, {"t": 1696563260, "d": ["acmeair-authservice", 151994318]}, {"t": 1696563260, "d": ["acmeair-bookingservice", 137585728]}, {"t": 1696563260, "d": ["acmeair-customerservice", 94023815]}, {"t": 1696563260, "d": ["acmeair-flightservice", 65673653]}, {"t": 1696563260, "d": ["acmeair-mainservice", 973468]}, {"t": 1696563270, "d": ["acmeair-authservice", 10973407]}, {"t": 1696563270, "d": ["acmeair-bookingservice", 60196032]}, {"t": 1696563270, "d": ["acmeair-customerservice", 85575283]}, {"t": 1696563270, "d": ["acmeair-flightservice", 37468686]}, {"t": 1696563270, "d": ["acmeair-mainservice", 4337627]}, {"t": 1696563280, "d": ["acmeair-authservice", 35961729]}, {"t": 1696563280, "d": ["acmeair-bookingservice", 67715236]}, {"t": 1696563280, "d": ["acmeair-customerservice", 44659299]}, {"t": 1696563280, "d": ["acmeair-flightservice", 23944688]}, {"t": 1696563280, "d": ["acmeair-mainservice", 1002937]}, {"t": 1696563290, "d": ["acmeair-authservice", 93493657]}, {"t": 1696563290, "d": ["acmeair-bookingservice", 43135363]}, {"t": 1696563290, "d": ["acmeair-customerservice", 22799978]}, {"t": 1696563290, "d": ["acmeair-flightservice", 213814665]}, {"t": 1696563290, "d": ["acmeair-mainservice", 2474763]}, {"t": 1696563300, "d": ["acmeair-authservice", 9716510]}, {"t": 1696563300, "d": ["acmeair-bookingservice", 41608978]}, {"t": 1696563300, "d": ["acmeair-customerservice", 49380224]}, {"t": 1696563300, "d": ["acmeair-flightservice", 89738397]}, {"t": 1696563300, "d": ["acmeair-mainservice", 714388]}, {"t": 1696563310, "d": ["acmeair-authservice", 2294081]}, {"t": 1696563310, "d": ["acmeair-bookingservice", 27904385]}, {"t": 1696563310, "d": ["acmeair-customerservice", 18662846]}, {"t": 1696563310, "d": ["acmeair-flightservice", 8427268]}, {"t": 1696563310, "d": ["acmeair-mainservice", 495518]}, {"t": 1696563320, "d": ["acmeair-authservice", 377671260]}, {"t": 1696563320, "d": ["acmeair-bookingservice", 223204789]}, {"t": 1696563320, "d": ["acmeair-customerservice", 145362464]}, {"t": 1696563320, "d": ["acmeair-flightservice", 5465607]}, {"t": 1696563320, "d": ["acmeair-mainservice", 450985]}, {"t": 1696563330, "d": ["acmeair-authservice", 163695691]}, {"t": 1696563330, "d": ["acmeair-bookingservice", 546236328]}, {"t": 1696563330, "d": ["acmeair-customerservice", 169634115]}, {"t": 1696563330, "d": ["acmeair-flightservice", 86859416]}, {"t": 1696563330, "d": ["acmeair-mainservice", 383463]}, {"t": 1696563340, "d": ["acmeair-authservice", 220954941]}, {"t": 1696563340, "d": ["acmeair-bookingservice", 710509118]}, {"t": 1696563340, "d": ["acmeair-customerservice", 146302906]}, {"t": 1696563340, "d": ["acmeair-flightservice", 119560003]}, {"t": 1696563340, "d": ["acmeair-mainservice", 1387846]}, {"t": 1696563350, "d": ["acmeair-authservice", 153784837]}, {"t": 1696563350, "d": ["acmeair-bookingservice", 514497568]}, {"t": 1696563350, "d": ["acmeair-customerservice", 180596276]}, {"t": 1696563350, "d": ["acmeair-flightservice", 99068216]}, {"t": 1696563350, "d": ["acmeair-mainservice", 396060]}, {"t": 1696563360, "d": ["acmeair-authservice", 70383170]}, {"t": 1696563360, "d": ["acmeair-bookingservice", 74280082]}, {"t": 1696563360, "d": ["acmeair-customerservice", 77451584]}, {"t": 1696563360, "d": ["acmeair-flightservice", 222591207]}, {"t": 1696563360, "d": ["acmeair-mainservice", 381845]}, {"t": 1696563370, "d": ["acmeair-authservice", 74738412]}, {"t": 1696563370, "d": ["acmeair-bookingservice", 182572316]}, {"t": 1696563370, "d": ["acmeair-customerservice", 86049391]}, {"t": 1696563370, "d": ["acmeair-flightservice", 6857937]}, {"t": 1696563370, "d": ["acmeair-mainservice", 369095]}, {"t": 1696563380, "d": ["acmeair-authservice", 34585765]}, {"t": 1696563380, "d": ["acmeair-bookingservice", 109340792]}, {"t": 1696563380, "d": ["acmeair-customerservice", 206279195]}, {"t": 1696563380, "d": ["acmeair-flightservice", 53116365]}, {"t": 1696563380, "d": ["acmeair-mainservice", 591701]}, {"t": 1696563390, "d": ["acmeair-authservice", 409705188]}, {"t": 1696563390, "d": ["acmeair-bookingservice", 278307727]}, {"t": 1696563390, "d": ["acmeair-customerservice", 99966555]}, {"t": 1696563390, "d": ["acmeair-flightservice", 56113959]}, {"t": 1696563390, "d": ["acmeair-mainservice", 3252177]}, {"t": 1696563400, "d": ["acmeair-authservice", 219670834]}, {"t": 1696563400, "d": ["acmeair-bookingservice", 341611656]}, {"t": 1696563400, "d": ["acmeair-customerservice", 437094587]}, {"t": 1696563400, "d": ["acmeair-flightservice", 75888635]}, {"t": 1696563400, "d": ["acmeair-mainservice", 460810]}, {"t": 1696563410, "d": ["acmeair-authservice", 213313985]}, {"t": 1696563410, "d": ["acmeair-bookingservice", 591720236]}, {"t": 1696563410, "d": ["acmeair-customerservice", 299344431]}, {"t": 1696563410, "d": ["acmeair-flightservice", 68901315]}, {"t": 1696563410, "d": ["acmeair-mainservice", 362218]}, {"t": 1696563420, "d": ["acmeair-authservice", 221777499]}, {"t": 1696563420, "d": ["acmeair-bookingservice", 234458339]}, {"t": 1696563420, "d": ["acmeair-customerservice", 145869561]}, {"t": 1696563420, "d": ["acmeair-flightservice", 69252263]}, {"t": 1696563420, "d": ["acmeair-mainservice", 422733]}, {"t": 1696563430, "d": ["acmeair-authservice", 142259794]}, {"t": 1696563430, "d": ["acmeair-bookingservice", 203658617]}, {"t": 1696563430, "d": ["acmeair-customerservice", 169851838]}, {"t": 1696563430, "d": ["acmeair-flightservice", 66856188]}, {"t": 1696563430, "d": ["acmeair-mainservice", 1198536]}, {"t": 1696563440, "d": ["acmeair-authservice", 214091540]}, {"t": 1696563440, "d": ["acmeair-bookingservice", 507019403]}, {"t": 1696563440, "d": ["acmeair-customerservice", 104616036]}, {"t": 1696563440, "d": ["acmeair-flightservice", 129602195]}, {"t": 1696563440, "d": ["acmeair-mainservice", 5113988]}, {"t": 1696563450, "d": ["acmeair-authservice", 467149207]}, {"t": 1696563450, "d": ["acmeair-bookingservice", 513529601]}, {"t": 1696563450, "d": ["acmeair-customerservice", 95484876]}, {"t": 1696563450, "d": ["acmeair-flightservice", 86422980]}, {"t": 1696563450, "d": ["acmeair-mainservice", 1104374]}, {"t": 1696563460, "d": ["acmeair-authservice", 155219851]}, {"t": 1696563460, "d": ["acmeair-bookingservice", 316281771]}, {"t": 1696563460, "d": ["acmeair-customerservice", 163540356]}, {"t": 1696563460, "d": ["acmeair-flightservice", 70380922]}, {"t": 1696563460, "d": ["acmeair-mainservice", 1734944]}, {"t": 1696563470, "d": ["acmeair-authservice", 348694010]}, {"t": 1696563470, "d": ["acmeair-bookingservice", 767601738]}, {"t": 1696563470, "d": ["acmeair-customerservice", 448013371]}, {"t": 1696563470, "d": ["acmeair-flightservice", 199747436]}, {"t": 1696563470, "d": ["acmeair-mainservice", 361108]}, {"t": 1696563480, "d": ["acmeair-authservice", 282390597]}, {"t": 1696563480, "d": ["acmeair-bookingservice", 403581963]}, {"t": 1696563480, "d": ["acmeair-customerservice", 239193762]}, {"t": 1696563480, "d": ["acmeair-flightservice", 171213556]}, {"t": 1696563480, "d": ["acmeair-mainservice", 1732387]}, {"t": 1696563490, "d": ["acmeair-authservice", 197722908]}, {"t": 1696563490, "d": ["acmeair-bookingservice", 723081949]}, {"t": 1696563490, "d": ["acmeair-customerservice", 107413579]}, {"t": 1696563490, "d": ["acmeair-flightservice", 134148479]}, {"t": 1696563490, "d": ["acmeair-mainservice", 596559]}, {"t": 1696563500, "d": ["acmeair-authservice", 137092392]}, {"t": 1696563500, "d": ["acmeair-bookingservice", 753519184]}, {"t": 1696563500, "d": ["acmeair-customerservice", 150961553]}, {"t": 1696563500, "d": ["acmeair-flightservice", 37206966]}, {"t": 1696563500, "d": ["acmeair-mainservice", 415983]}, {"t": 1696563510, "d": ["acmeair-authservice", 193508065]}, {"t": 1696563510, "d": ["acmeair-bookingservice", 145371762]}, {"t": 1696563510, "d": ["acmeair-customerservice", 144795794]}, {"t": 1696563510, "d": ["acmeair-flightservice", 63643899]}, {"t": 1696563510, "d": ["acmeair-mainservice", 644404]}, {"t": 1696563520, "d": ["acmeair-authservice", 334531429]}, {"t": 1696563520, "d": ["acmeair-bookingservice", 264656188]}, {"t": 1696563520, "d": ["acmeair-customerservice", 137610856]}, {"t": 1696563520, "d": ["acmeair-flightservice", 128950369]}, {"t": 1696563520, "d": ["acmeair-mainservice", 530225]}, {"t": 1696563530, "d": ["acmeair-authservice", 183555293]}, {"t": 1696563530, "d": ["acmeair-bookingservice", 580374390]}, {"t": 1696563530, "d": ["acmeair-customerservice", 292608887]}, {"t": 1696563530, "d": ["acmeair-flightservice", 56354961]}, {"t": 1696563530, "d": ["acmeair-mainservice", 392073]}, {"t": 1696563540, "d": ["acmeair-authservice", 124941851]}, {"t": 1696563540, "d": ["acmeair-bookingservice", 416637171]}, {"t": 1696563540, "d": ["acmeair-customerservice", 203035477]}, {"t": 1696563540, "d": ["acmeair-flightservice", 150446069]}, {"t": 1696563540, "d": ["acmeair-mainservice", 2297128]}, {"t": 1696563550, "d": ["acmeair-authservice", 187408615]}, {"t": 1696563550, "d": ["acmeair-bookingservice", 286193524]}, {"t": 1696563550, "d": ["acmeair-customerservice", 161063596]}, {"t": 1696563550, "d": ["acmeair-flightservice", 114405066]}, {"t": 1696563550, "d": ["acmeair-mainservice", 534266]}, {"t": 1696563560, "d": ["acmeair-authservice", 270733470]}, {"t": 1696563560, "d": ["acmeair-bookingservice", 322367919]}, {"t": 1696563560, "d": ["acmeair-customerservice", 281944488]}, {"t": 1696563560, "d": ["acmeair-flightservice", 80479038]}, {"t": 1696563560, "d": ["acmeair-mainservice", 383206]}, {"t": 1696563570, "d": ["acmeair-authservice", 129219733]}, {"t": 1696563570, "d": ["acmeair-bookingservice", 263119061]}, {"t": 1696563570, "d": ["acmeair-customerservice", 159351835]}, {"t": 1696563570, "d": ["acmeair-flightservice", 299697606]}, {"t": 1696563570, "d": ["acmeair-mainservice", 906534]}, {"t": 1696563580, "d": ["acmeair-authservice", 345487981]}, {"t": 1696563580, "d": ["acmeair-bookingservice", 311509536]}, {"t": 1696563580, "d": ["acmeair-customerservice", 213514004]}, {"t": 1696563580, "d": ["acmeair-flightservice", 145038562]}, {"t": 1696563580, "d": ["acmeair-mainservice", 774296]}, {"t": 1696563590, "d": ["acmeair-authservice", 309941335]}, {"t": 1696563590, "d": ["acmeair-bookingservice", 730293279]}, {"t": 1696563590, "d": ["acmeair-customerservice", 319327558]}, {"t": 1696563590, "d": ["acmeair-flightservice", 161573188]}, {"t": 1696563590, "d": ["acmeair-mainservice", 853714]}, {"t": 1696563600, "d": ["acmeair-authservice", 196574121]}, {"t": 1696563600, "d": ["acmeair-bookingservice", 1313052615]}, {"t": 1696563600, "d": ["acmeair-customerservice", 184694740]}, {"t": 1696563600, "d": ["acmeair-flightservice", 302968405]}, {"t": 1696563600, "d": ["acmeair-mainservice", 496063]}, {"t": 1696563610, "d": ["acmeair-authservice", 133636108]}, {"t": 1696563610, "d": ["acmeair-bookingservice", 259060026]}, {"t": 1696563610, "d": ["acmeair-customerservice", 86132764]}, {"t": 1696563610, "d": ["acmeair-flightservice", 237464996]}, {"t": 1696563610, "d": ["acmeair-mainservice", 364714]}, {"t": 1696563620, "d": ["acmeair-authservice", 253423984]}, {"t": 1696563620, "d": ["acmeair-bookingservice", 242359988]}, {"t": 1696563620, "d": ["acmeair-customerservice", 310858673]}, {"t": 1696563620, "d": ["acmeair-flightservice", 67141397]}, {"t": 1696563620, "d": ["acmeair-mainservice", 548909]}, {"t": 1696563630, "d": ["acmeair-authservice", 113391326]}, {"t": 1696563630, "d": ["acmeair-bookingservice", 348163678]}, {"t": 1696563630, "d": ["acmeair-customerservice", 116944145]}, {"t": 1696563630, "d": ["acmeair-flightservice", 292272821]}, {"t": 1696563630, "d": ["acmeair-mainservice", 495923]}, {"t": 1696563640, "d": ["acmeair-authservice", 68776659]}, {"t": 1696563640, "d": ["acmeair-bookingservice", 209719547]}, {"t": 1696563640, "d": ["acmeair-customerservice", 111677596]}, {"t": 1696563640, "d": ["acmeair-flightservice", 80886684]}, {"t": 1696563640, "d": ["acmeair-mainservice", 457413]}, {"t": 1696563650, "d": ["acmeair-authservice", 203331765]}, {"t": 1696563650, "d": ["acmeair-bookingservice", 235027008]}, {"t": 1696563650, "d": ["acmeair-customerservice", 173857270]}, {"t": 1696563650, "d": ["acmeair-flightservice", 110117726]}, {"t": 1696563650, "d": ["acmeair-mainservice", 461858]}, {"t": 1696563660, "d": ["acmeair-authservice", 185011535]}, {"t": 1696563660, "d": ["acmeair-bookingservice", 400438152]}, {"t": 1696563660, "d": ["acmeair-customerservice", 179213335]}, {"t": 1696563660, "d": ["acmeair-flightservice", 71747500]}, {"t": 1696563660, "d": ["acmeair-mainservice", 102299195]}, {"t": 1696563670, "d": ["acmeair-authservice", 180785594]}, {"t": 1696563670, "d": ["acmeair-bookingservice", 523962717]}, {"t": 1696563670, "d": ["acmeair-customerservice", 445174571]}, {"t": 1696563670, "d": ["acmeair-flightservice", 137075347]}, {"t": 1696563670, "d": ["acmeair-mainservice", 426546]}, {"t": 1696563680, "d": ["acmeair-authservice", 215178504]}, {"t": 1696563680, "d": ["acmeair-bookingservice", 673686993]}, {"t": 1696563680, "d": ["acmeair-customerservice", 184186492]}, {"t": 1696563680, "d": ["acmeair-flightservice", 79723400]}, {"t": 1696563680, "d": ["acmeair-mainservice", 350671]}, {"t": 1696563690, "d": ["acmeair-authservice", 93000986]}, {"t": 1696563690, "d": ["acmeair-bookingservice", 1378019386]}, {"t": 1696563690, "d": ["acmeair-customerservice", 76290622]}, {"t": 1696563690, "d": ["acmeair-flightservice", 69089270]}, {"t": 1696563690, "d": ["acmeair-mainservice", 1182947]}, {"t": 1696563700, "d": ["acmeair-authservice", 214989439]}, {"t": 1696563700, "d": ["acmeair-bookingservice", 251905753]}, {"t": 1696563700, "d": ["acmeair-customerservice", 229469503]}, {"t": 1696563700, "d": ["acmeair-flightservice", 35032660]}, {"t": 1696563700, "d": ["acmeair-mainservice", 405490]}, {"t": 1696563710, "d": ["acmeair-authservice", 173723864]}, {"t": 1696563710, "d": ["acmeair-bookingservice", 341241184]}, {"t": 1696563710, "d": ["acmeair-customerservice", 403742761]}, {"t": 1696563710, "d": ["acmeair-flightservice", 245373651]}, {"t": 1696563710, "d": ["acmeair-mainservice", 626361]}, {"t": 1696563720, "d": ["acmeair-authservice", 210796807]}, {"t": 1696563720, "d": ["acmeair-bookingservice", 243323279]}, {"t": 1696563720, "d": ["acmeair-customerservice", 331242589]}, {"t": 1696563720, "d": ["acmeair-flightservice", 310767327]}, {"t": 1696563720, "d": ["acmeair-mainservice", 629476]}, {"t": 1696563730, "d": ["acmeair-authservice", 37984679]}, {"t": 1696563730, "d": ["acmeair-bookingservice", 234279208]}, {"t": 1696563730, "d": ["acmeair-customerservice", 438994720]}, {"t": 1696563730, "d": ["acmeair-flightservice", 343205630]}, {"t": 1696563730, "d": ["acmeair-mainservice", 437492]}, {"t": 1696563740, "d": ["acmeair-authservice", 101781012]}, {"t": 1696563740, "d": ["acmeair-bookingservice", 463990715]}, {"t": 1696563740, "d": ["acmeair-customerservice", 120177457]}, {"t": 1696563740, "d": ["acmeair-flightservice", 42004036]}, {"t": 1696563740, "d": ["acmeair-mainservice", 422935]}, {"t": 1696563750, "d": ["acmeair-authservice", 100749576]}, {"t": 1696563750, "d": ["acmeair-bookingservice", 1017449065]}, {"t": 1696563750, "d": ["acmeair-customerservice", 114172342]}, {"t": 1696563750, "d": ["acmeair-flightservice", 80652799]}, {"t": 1696563750, "d": ["acmeair-mainservice", 3604090]}, {"t": 1696563760, "d": ["acmeair-authservice", 77556444]}, {"t": 1696563760, "d": ["acmeair-bookingservice", 718223268]}, {"t": 1696563760, "d": ["acmeair-customerservice", 143488770]}, {"t": 1696563760, "d": ["acmeair-flightservice", 94613081]}, {"t": 1696563760, "d": ["acmeair-mainservice", 445163]}, {"t": 1696563770, "d": ["acmeair-authservice", 103982055]}, {"t": 1696563770, "d": ["acmeair-bookingservice", 497936705]}, {"t": 1696563770, "d": ["acmeair-customerservice", 107565306]}, {"t": 1696563770, "d": ["acmeair-flightservice", 71979212]}, {"t": 1696563770, "d": ["acmeair-mainservice", 358537]}, {"t": 1696563780, "d": ["acmeair-authservice", 79197160]}, {"t": 1696563780, "d": ["acmeair-bookingservice", 557807788]}, {"t": 1696563780, "d": ["acmeair-customerservice", 108405072]}, {"t": 1696563780, "d": ["acmeair-flightservice", 78285689]}, {"t": 1696563780, "d": ["acmeair-mainservice", 4524947]}, {"t": 1696563790, "d": ["acmeair-authservice", 86363817]}, {"t": 1696563790, "d": ["acmeair-bookingservice", 1097233908]}, {"t": 1696563790, "d": ["acmeair-customerservice", 348476922]}, {"t": 1696563790, "d": ["acmeair-flightservice", 96444336]}, {"t": 1696563790, "d": ["acmeair-mainservice", 522594]}], "start": 1696563190, "end": 1696563790}