{"data": [{"t": 1699149500, "d": ["acmeair-bookingservice", 100.196]}, {"t": 1699149500, "d": ["acmeair-flightservice", 33.909667]}, {"t": 1699149500, "d": ["acmeair-customerservice", 18.715334]}, {"t": 1699149500, "d": ["acmeair-authservice", 16.277]}, {"t": 1699149500, "d": ["acmeair-mainservice", 1.04]}, {"t": 1699149510, "d": ["acmeair-bookingservice", 93.550667]}, {"t": 1699149510, "d": ["acmeair-flightservice", 37.085938]}, {"t": 1699149510, "d": ["acmeair-customerservice", 27.834243]}, {"t": 1699149510, "d": ["acmeair-authservice", 11.822]}, {"t": 1699149510, "d": ["acmeair-mainservice", 1.061]}, {"t": 1699149520, "d": ["acmeair-bookingservice", 87.4025]}, {"t": 1699149520, "d": ["acmeair-flightservice", 56.288334]}, {"t": 1699149520, "d": ["acmeair-customerservice", 41.2]}, {"t": 1699149520, "d": ["acmeair-authservice", 15.345]}, {"t": 1699149520, "d": ["acmeair-mainservice", 1.237]}, {"t": 1699149530, "d": ["acmeair-bookingservice", 75.818001]}, {"t": 1699149530, "d": ["acmeair-flightservice", 56.875334]}, {"t": 1699149530, "d": ["acmeair-customerservice", 48.862]}, {"t": 1699149530, "d": ["acmeair-authservice", 14.433001]}, {"t": 1699149530, "d": ["acmeair-mainservice", 1.127]}, {"t": 1699149540, "d": ["acmeair-bookingservice", 80.1]}, {"t": 1699149540, "d": ["acmeair-flightservice", 47.998667]}, {"t": 1699149540, "d": ["acmeair-customerservice", 53.26125]}, {"t": 1699149540, "d": ["acmeair-authservice", 6.369]}, {"t": 1699149540, "d": ["acmeair-mainservice", 1.143]}, {"t": 1699149550, "d": ["acmeair-bookingservice", 73.819]}, {"t": 1699149550, "d": ["acmeair-flightservice", 35.663847]}, {"t": 1699149550, "d": ["acmeair-customerservice", 54.9825]}, {"t": 1699149550, "d": ["acmeair-authservice", 1.708]}, {"t": 1699149550, "d": ["acmeair-mainservice", 1.197]}, {"t": 1699149560, "d": ["acmeair-bookingservice", 10.572858]}, {"t": 1699149560, "d": ["acmeair-flightservice", 36.923236]}, {"t": 1699149560, "d": ["acmeair-customerservice", 22.197]}, {"t": 1699149560, "d": ["acmeair-authservice", 1.099]}, {"t": 1699149560, "d": ["acmeair-mainservice", 1.092]}, {"t": 1699149570, "d": ["acmeair-bookingservice", 31.37]}, {"t": 1699149570, "d": ["acmeair-flightservice", 16.522]}, {"t": 1699149570, "d": ["acmeair-customerservice", 24.64]}, {"t": 1699149570, "d": ["acmeair-authservice", 1.237]}, {"t": 1699149570, "d": ["acmeair-mainservice", 1.024]}, {"t": 1699149580, "d": ["acmeair-bookingservice", 14.813]}, {"t": 1699149580, "d": ["acmeair-flightservice", 15.215334]}, {"t": 1699149580, "d": ["acmeair-customerservice", 20.491]}, {"t": 1699149580, "d": ["acmeair-authservice", 1.436]}, {"t": 1699149580, "d": ["acmeair-mainservice", 1.011]}, {"t": 1699149590, "d": ["acmeair-bookingservice", 7.245]}, {"t": 1699149590, "d": ["acmeair-flightservice", 10.244334]}, {"t": 1699149590, "d": ["acmeair-customerservice", 13.66]}, {"t": 1699149590, "d": ["acmeair-authservice", 1.303]}, {"t": 1699149590, "d": ["acmeair-mainservice", 1.109]}, {"t": 1699149600, "d": ["acmeair-bookingservice", 7.932]}, {"t": 1699149600, "d": ["acmeair-flightservice", 13.442693]}, {"t": 1699149600, "d": ["acmeair-customerservice", 9.486]}, {"t": 1699149600, "d": ["acmeair-authservice", 1.389]}, {"t": 1699149600, "d": ["acmeair-mainservice", 1.075]}, {"t": 1699149610, "d": ["acmeair-bookingservice", 9.832]}, {"t": 1699149610, "d": ["acmeair-flightservice", 9.1955]}, {"t": 1699149610, "d": ["acmeair-customerservice", 11.206]}, {"t": 1699149610, "d": ["acmeair-authservice", 1.389]}, {"t": 1699149610, "d": ["acmeair-mainservice", 1.101]}, {"t": 1699149620, "d": ["acmeair-bookingservice", 6.999]}, {"t": 1699149620, "d": ["acmeair-flightservice", 12.407]}, {"t": 1699149620, "d": ["acmeair-customerservice", 7.429]}, {"t": 1699149620, "d": ["acmeair-authservice", 1.354]}, {"t": 1699149620, "d": ["acmeair-mainservice", 1.041]}, {"t": 1699149630, "d": ["acmeair-bookingservice", 7.795]}, {"t": 1699149630, "d": ["acmeair-flightservice", 8.3045]}, {"t": 1699149630, "d": ["acmeair-customerservice", 7.18]}, {"t": 1699149630, "d": ["acmeair-authservice", 1.278]}, {"t": 1699149630, "d": ["acmeair-mainservice", 1.055001]}, {"t": 1699149640, "d": ["acmeair-bookingservice", 5.499001]}, {"t": 1699149640, "d": ["acmeair-flightservice", 6.178]}, {"t": 1699149640, "d": ["acmeair-customerservice", 8.007]}, {"t": 1699149640, "d": ["acmeair-authservice", 1.373]}, {"t": 1699149640, "d": ["acmeair-mainservice", 1.168]}, {"t": 1699149650, "d": ["acmeair-bookingservice", 3.623]}, {"t": 1699149650, "d": ["acmeair-flightservice", 9.038]}, {"t": 1699149650, "d": ["acmeair-customerservice", 6.074]}, {"t": 1699149650, "d": ["acmeair-authservice", 1.553]}, {"t": 1699149650, "d": ["acmeair-mainservice", 1.125]}, {"t": 1699149660, "d": ["acmeair-bookingservice", 5.431]}, {"t": 1699149660, "d": ["acmeair-flightservice", 5.8615]}, {"t": 1699149660, "d": ["acmeair-customerservice", 6.781001]}, {"t": 1699149660, "d": ["acmeair-authservice", 1.481]}, {"t": 1699149660, "d": ["acmeair-mainservice", 1.105]}, {"t": 1699149670, "d": ["acmeair-bookingservice", 5.606]}, {"t": 1699149670, "d": ["acmeair-flightservice", 5.2775]}, {"t": 1699149670, "d": ["acmeair-customerservice", 5.892]}, {"t": 1699149670, "d": ["acmeair-authservice", 1.414001]}, {"t": 1699149670, "d": ["acmeair-mainservice", 0.987]}, {"t": 1699149680, "d": ["acmeair-bookingservice", 3.999]}, {"t": 1699149680, "d": ["acmeair-flightservice", 6.751]}, {"t": 1699149680, "d": ["acmeair-customerservice", 10.749]}, {"t": 1699149680, "d": ["acmeair-authservice", 1.513001]}, {"t": 1699149680, "d": ["acmeair-mainservice", 0.975]}, {"t": 1699149690, "d": ["acmeair-bookingservice", 6.701001]}, {"t": 1699149690, "d": ["acmeair-flightservice", 5.4545]}, {"t": 1699149690, "d": ["acmeair-customerservice", 7.601001]}, {"t": 1699149690, "d": ["acmeair-authservice", 1.279]}, {"t": 1699149690, "d": ["acmeair-mainservice", 1.057]}, {"t": 1699149700, "d": ["acmeair-bookingservice", 6.588]}, {"t": 1699149700, "d": ["acmeair-flightservice", 5.9015]}, {"t": 1699149700, "d": ["acmeair-customerservice", 9.581]}, {"t": 1699149700, "d": ["acmeair-authservice", 1.124]}, {"t": 1699149700, "d": ["acmeair-mainservice", 1.178]}, {"t": 1699149710, "d": ["acmeair-bookingservice", 4.486]}, {"t": 1699149710, "d": ["acmeair-flightservice", 7.024501]}, {"t": 1699149710, "d": ["acmeair-customerservice", 7.736]}, {"t": 1699149710, "d": ["acmeair-authservice", 1.474]}, {"t": 1699149710, "d": ["acmeair-mainservice", 1.019]}, {"t": 1699149720, "d": ["acmeair-bookingservice", 13.329]}, {"t": 1699149720, "d": ["acmeair-flightservice", 8.8545]}, {"t": 1699149720, "d": ["acmeair-customerservice", 9.919]}, {"t": 1699149720, "d": ["acmeair-authservice", 1.422001]}, {"t": 1699149720, "d": ["acmeair-mainservice", 1.022]}, {"t": 1699149730, "d": ["acmeair-bookingservice", 4.663]}, {"t": 1699149730, "d": ["acmeair-flightservice", 7.88]}, {"t": 1699149730, "d": ["acmeair-customerservice", 8.437001]}, {"t": 1699149730, "d": ["acmeair-authservice", 1.297001]}, {"t": 1699149730, "d": ["acmeair-mainservice", 0.977]}, {"t": 1699149740, "d": ["acmeair-bookingservice", 5.574]}, {"t": 1699149740, "d": ["acmeair-flightservice", 5.5465]}, {"t": 1699149740, "d": ["acmeair-customerservice", 9.983]}, {"t": 1699149740, "d": ["acmeair-authservice", 1.396001]}, {"t": 1699149740, "d": ["acmeair-mainservice", 1.077]}, {"t": 1699149750, "d": ["acmeair-bookingservice", 6.701001]}, {"t": 1699149750, "d": ["acmeair-flightservice", 8.246]}, {"t": 1699149750, "d": ["acmeair-customerservice", 10.665001]}, {"t": 1699149750, "d": ["acmeair-authservice", 1.288]}, {"t": 1699149750, "d": ["acmeair-mainservice", 1.043]}, {"t": 1699149760, "d": ["acmeair-bookingservice", 3.183]}, {"t": 1699149760, "d": ["acmeair-flightservice", 5.747501]}, {"t": 1699149760, "d": ["acmeair-customerservice", 5.625]}, {"t": 1699149760, "d": ["acmeair-authservice", 1.325]}, {"t": 1699149760, "d": ["acmeair-mainservice", 1.073]}, {"t": 1699149770, "d": ["acmeair-bookingservice", 4.608]}, {"t": 1699149770, "d": ["acmeair-flightservice", 5.946]}, {"t": 1699149770, "d": ["acmeair-customerservice", 6.32]}, {"t": 1699149770, "d": ["acmeair-authservice", 1.309]}, {"t": 1699149770, "d": ["acmeair-mainservice", 1.109]}, {"t": 1699149780, "d": ["acmeair-bookingservice", 3.360001]}, {"t": 1699149780, "d": ["acmeair-flightservice", 6.424]}, {"t": 1699149780, "d": ["acmeair-customerservice", 3.729]}, {"t": 1699149780, "d": ["acmeair-authservice", 1.299]}, {"t": 1699149780, "d": ["acmeair-mainservice", 1.146001]}, {"t": 1699149790, "d": ["acmeair-bookingservice", 3.331001]}, {"t": 1699149790, "d": ["acmeair-flightservice", 4.0635]}, {"t": 1699149790, "d": ["acmeair-customerservice", 5.895001]}, {"t": 1699149790, "d": ["acmeair-authservice", 1.191]}, {"t": 1699149790, "d": ["acmeair-mainservice", 1.056]}], "start": 1699149490, "end": 1699149790}