{"data": [{"t": 1699149500, "d": ["acmeair-bookingservice", 167135428]}, {"t": 1699149500, "d": ["acmeair-customerservice", 166743704]}, {"t": 1699149500, "d": ["acmeair-flightservice", 159580201.333334]}, {"t": 1699149500, "d": ["acmeair-authservice", 156722196]}, {"t": 1699149500, "d": ["acmeair-mainservice", 104824940]}, {"t": 1699149500, "d": ["jmeter", 67446835.2]}, {"t": 1699149510, "d": ["acmeair-bookingservice", 167135428]}, {"t": 1699149510, "d": ["acmeair-customerservice", 167409598.857143]}, {"t": 1699149510, "d": ["acmeair-flightservice", 160959550.571429]}, {"t": 1699149510, "d": ["acmeair-authservice", 156722196]}, {"t": 1699149510, "d": ["acmeair-mainservice", 104824940]}, {"t": 1699149510, "d": ["jmeter", 67447392]}, {"t": 1699149520, "d": ["acmeair-bookingservice", 143377717.066667]}, {"t": 1699149520, "d": ["acmeair-customerservice", 158527625.043479]}, {"t": 1699149520, "d": ["acmeair-flightservice", 150377845.391305]}, {"t": 1699149520, "d": ["acmeair-authservice", 156722196]}, {"t": 1699149520, "d": ["acmeair-mainservice", 104824940]}, {"t": 1699149520, "d": ["jmeter", 67626652]}, {"t": 1699149530, "d": ["acmeair-bookingservice", 136673437.200001]}, {"t": 1699149530, "d": ["acmeair-customerservice", 146413639.466667]}, {"t": 1699149530, "d": ["acmeair-flightservice", 139712281.066667]}, {"t": 1699149530, "d": ["acmeair-authservice", 156722196]}, {"t": 1699149530, "d": ["acmeair-mainservice", 104824940]}, {"t": 1699149530, "d": ["jmeter", 67755476.8]}, {"t": 1699149540, "d": ["acmeair-bookingservice", 148246373.6]}, {"t": 1699149540, "d": ["acmeair-customerservice", 147694906]}, {"t": 1699149540, "d": ["acmeair-flightservice", 147627092]}, {"t": 1699149540, "d": ["acmeair-authservice", 156722196]}, {"t": 1699149540, "d": ["acmeair-mainservice", 104824940]}, {"t": 1699149540, "d": ["jmeter", 67794574.4]}, {"t": 1699149550, "d": ["acmeair-bookingservice", 152151832.4]}, {"t": 1699149550, "d": ["acmeair-customerservice", 149335221.6]}, {"t": 1699149550, "d": ["acmeair-flightservice", 147026422.933334]}, {"t": 1699149550, "d": ["acmeair-authservice", 156722196]}, {"t": 1699149550, "d": ["acmeair-mainservice", 104824940]}, {"t": 1699149550, "d": ["jmeter", 67804784]}, {"t": 1699149560, "d": ["acmeair-bookingservice", 144034740]}, {"t": 1699149560, "d": ["acmeair-customerservice", 128115902.4]}, {"t": 1699149560, "d": ["acmeair-flightservice", 132910525.032259]}, {"t": 1699149560, "d": ["acmeair-authservice", 156722196]}, {"t": 1699149560, "d": ["acmeair-mainservice", 104824940]}, {"t": 1699149560, "d": ["jmeter", 67833433.6]}, {"t": 1699149570, "d": ["acmeair-bookingservice", 134916568.8]}, {"t": 1699149570, "d": ["acmeair-customerservice", 129005236.8]}, {"t": 1699149570, "d": ["acmeair-flightservice", 133691454.4]}, {"t": 1699149570, "d": ["acmeair-authservice", 156722196]}, {"t": 1699149570, "d": ["acmeair-mainservice", 104824940]}, {"t": 1699149570, "d": ["jmeter", 67704568]}, {"t": 1699149580, "d": ["acmeair-bookingservice", 135756594.4]}, {"t": 1699149580, "d": ["acmeair-customerservice", 129322118.4]}, {"t": 1699149580, "d": ["acmeair-flightservice", 136311570.133334]}, {"t": 1699149580, "d": ["acmeair-authservice", 156722196]}, {"t": 1699149580, "d": ["acmeair-mainservice", 104824940]}, {"t": 1699149580, "d": ["jmeter", 0]}, {"t": 1699149590, "d": ["acmeair-bookingservice", 135047692]}, {"t": 1699149590, "d": ["acmeair-customerservice", 128482430.4]}, {"t": 1699149590, "d": ["acmeair-flightservice", 136225697.333334]}, {"t": 1699149590, "d": ["acmeair-authservice", 156722196]}, {"t": 1699149590, "d": ["acmeair-mainservice", 104824940]}, {"t": 1699149590, "d": ["jmeter", 0]}, {"t": 1699149600, "d": ["acmeair-bookingservice", 135186736.8]}, {"t": 1699149600, "d": ["acmeair-customerservice", 128199035.2]}, {"t": 1699149600, "d": ["acmeair-flightservice", 133131947.384616]}, {"t": 1699149600, "d": ["acmeair-authservice", 156722196]}, {"t": 1699149600, "d": ["acmeair-mainservice", 104824940]}, {"t": 1699149600, "d": ["jmeter", 0]}, {"t": 1699149610, "d": ["acmeair-bookingservice", 135273789.6]}, {"t": 1699149610, "d": ["acmeair-customerservice", 128752832.8]}, {"t": 1699149610, "d": ["acmeair-flightservice", 125169707.2]}, {"t": 1699149610, "d": ["acmeair-authservice", 156722196]}, {"t": 1699149610, "d": ["acmeair-mainservice", 104824940]}, {"t": 1699149610, "d": ["jmeter", 0]}, {"t": 1699149620, "d": ["acmeair-bookingservice", 135261442.4]}, {"t": 1699149620, "d": ["acmeair-customerservice", 129035892.8]}, {"t": 1699149620, "d": ["acmeair-flightservice", 124709658.4]}, {"t": 1699149620, "d": ["acmeair-authservice", 156722196]}, {"t": 1699149620, "d": ["acmeair-mainservice", 104824940]}, {"t": 1699149620, "d": ["jmeter", 0]}, {"t": 1699149630, "d": ["acmeair-bookingservice", 135801999.2]}, {"t": 1699149630, "d": ["acmeair-customerservice", 128539982.4]}, {"t": 1699149630, "d": ["acmeair-flightservice", 124576289.6]}, {"t": 1699149630, "d": ["acmeair-authservice", 156722196]}, {"t": 1699149630, "d": ["acmeair-mainservice", 104824940]}, {"t": 1699149630, "d": ["jmeter", 0]}, {"t": 1699149640, "d": ["acmeair-bookingservice", 135596821.6]}, {"t": 1699149640, "d": ["acmeair-customerservice", 129345225.6]}, {"t": 1699149640, "d": ["acmeair-flightservice", 124602670.4]}, {"t": 1699149640, "d": ["acmeair-authservice", 156722196]}, {"t": 1699149640, "d": ["acmeair-mainservice", 104824940]}, {"t": 1699149640, "d": ["jmeter", 0]}, {"t": 1699149650, "d": ["acmeair-bookingservice", 135332735.2]}, {"t": 1699149650, "d": ["acmeair-customerservice", 128678891.2]}, {"t": 1699149650, "d": ["acmeair-flightservice", 125127095.2]}, {"t": 1699149650, "d": ["acmeair-authservice", 156722196]}, {"t": 1699149650, "d": ["acmeair-mainservice", 104824940]}, {"t": 1699149650, "d": ["jmeter", 0]}, {"t": 1699149660, "d": ["acmeair-bookingservice", 135499648.8]}, {"t": 1699149660, "d": ["acmeair-customerservice", 128616992]}, {"t": 1699149660, "d": ["acmeair-flightservice", 124756956]}, {"t": 1699149660, "d": ["acmeair-authservice", 156722196]}, {"t": 1699149660, "d": ["acmeair-mainservice", 104824940]}, {"t": 1699149660, "d": ["jmeter", 0]}, {"t": 1699149670, "d": ["acmeair-bookingservice", 135443088.8]}, {"t": 1699149670, "d": ["acmeair-customerservice", 128472310.4]}, {"t": 1699149670, "d": ["acmeair-flightservice", 124666661.6]}, {"t": 1699149670, "d": ["acmeair-authservice", 156722196]}, {"t": 1699149670, "d": ["acmeair-mainservice", 104824940]}, {"t": 1699149670, "d": ["jmeter", 0]}, {"t": 1699149680, "d": ["acmeair-bookingservice", 135825428]}, {"t": 1699149680, "d": ["acmeair-customerservice", 128522673.6]}, {"t": 1699149680, "d": ["acmeair-flightservice", 125275223.2]}, {"t": 1699149680, "d": ["acmeair-authservice", 156722196]}, {"t": 1699149680, "d": ["acmeair-mainservice", 104824940]}, {"t": 1699149680, "d": ["jmeter", 0]}, {"t": 1699149690, "d": ["acmeair-bookingservice", 135576111.2]}, {"t": 1699149690, "d": ["acmeair-customerservice", 128971576]}, {"t": 1699149690, "d": ["acmeair-flightservice", 124734893.6]}, {"t": 1699149690, "d": ["acmeair-authservice", 156722196]}, {"t": 1699149690, "d": ["acmeair-mainservice", 104824940]}, {"t": 1699149690, "d": ["jmeter", 0]}, {"t": 1699149700, "d": ["acmeair-bookingservice", 135766319.2]}, {"t": 1699149700, "d": ["acmeair-customerservice", 128708182.4]}, {"t": 1699149700, "d": ["acmeair-flightservice", 124691217.2]}, {"t": 1699149700, "d": ["acmeair-authservice", 156722196]}, {"t": 1699149700, "d": ["acmeair-mainservice", 104824940]}, {"t": 1699149700, "d": ["jmeter", 0]}, {"t": 1699149710, "d": ["acmeair-bookingservice", 135154280.8]}, {"t": 1699149710, "d": ["acmeair-customerservice", 128874604.8]}, {"t": 1699149710, "d": ["acmeair-flightservice", 124633241.6]}, {"t": 1699149710, "d": ["acmeair-authservice", 156722196]}, {"t": 1699149710, "d": ["acmeair-mainservice", 104824940]}, {"t": 1699149710, "d": ["jmeter", 0]}, {"t": 1699149720, "d": ["acmeair-bookingservice", 135275223.2]}, {"t": 1699149720, "d": ["acmeair-customerservice", 128957452.8]}, {"t": 1699149720, "d": ["acmeair-flightservice", 124818163.2]}, {"t": 1699149720, "d": ["acmeair-authservice", 156722196]}, {"t": 1699149720, "d": ["acmeair-mainservice", 104824940]}, {"t": 1699149720, "d": ["jmeter", 0]}, {"t": 1699149730, "d": ["acmeair-bookingservice", 135234770.4]}, {"t": 1699149730, "d": ["acmeair-customerservice", 128900275.2]}, {"t": 1699149730, "d": ["acmeair-flightservice", 125917564]}, {"t": 1699149730, "d": ["acmeair-authservice", 156722196]}, {"t": 1699149730, "d": ["acmeair-mainservice", 104824940]}, {"t": 1699149730, "d": ["jmeter", 0]}, {"t": 1699149740, "d": ["acmeair-bookingservice", 135149703.2]}, {"t": 1699149740, "d": ["acmeair-customerservice", 129367707.2]}, {"t": 1699149740, "d": ["acmeair-flightservice", 124783792.800001]}, {"t": 1699149740, "d": ["acmeair-authservice", 156722196]}, {"t": 1699149740, "d": ["acmeair-mainservice", 104824940]}, {"t": 1699149740, "d": ["jmeter", 0]}, {"t": 1699149750, "d": ["acmeair-bookingservice", 135163154.4]}, {"t": 1699149750, "d": ["acmeair-customerservice", 128939809.6]}, {"t": 1699149750, "d": ["acmeair-flightservice", 124984785.6]}, {"t": 1699149750, "d": ["acmeair-authservice", 156722196]}, {"t": 1699149750, "d": ["acmeair-mainservice", 104824940]}, {"t": 1699149750, "d": ["jmeter", 0]}, {"t": 1699149760, "d": ["acmeair-bookingservice", 135388834.4]}, {"t": 1699149760, "d": ["acmeair-customerservice", 129184723.2]}, {"t": 1699149760, "d": ["acmeair-flightservice", 125033556]}, {"t": 1699149760, "d": ["acmeair-authservice", 156722196]}, {"t": 1699149760, "d": ["acmeair-mainservice", 104824940]}, {"t": 1699149760, "d": ["jmeter", 0]}, {"t": 1699149770, "d": ["acmeair-bookingservice", 135309216.8]}, {"t": 1699149770, "d": ["acmeair-customerservice", 129337494.4]}, {"t": 1699149770, "d": ["acmeair-flightservice", 125155079.2]}, {"t": 1699149770, "d": ["acmeair-authservice", 156722196]}, {"t": 1699149770, "d": ["acmeair-mainservice", 104824940]}, {"t": 1699149770, "d": ["jmeter", 0]}, {"t": 1699149780, "d": ["acmeair-bookingservice", 135279976.8]}, {"t": 1699149780, "d": ["acmeair-customerservice", 129075739.2]}, {"t": 1699149780, "d": ["acmeair-flightservice", 125094432.800001]}, {"t": 1699149780, "d": ["acmeair-authservice", 156722196]}, {"t": 1699149780, "d": ["acmeair-mainservice", 104824940]}, {"t": 1699149780, "d": ["jmeter", 0]}, {"t": 1699149790, "d": ["acmeair-bookingservice", 135616746.4]}, {"t": 1699149790, "d": ["acmeair-customerservice", 129271979.2]}, {"t": 1699149790, "d": ["acmeair-flightservice", 124831924]}, {"t": 1699149790, "d": ["acmeair-authservice", 156722196]}, {"t": 1699149790, "d": ["acmeair-mainservice", 104824940]}, {"t": 1699149790, "d": ["jmeter", 0]}], "start": 1699149490, "end": 1699149790}