{"data": [{"t": 1699149500, "d": ["jmeter", 336248101.6]}, {"t": 1699149500, "d": ["acmeair-bookingservice", 268224116.8]}, {"t": 1699149500, "d": ["acmeair-customerservice", 146581217.6]}, {"t": 1699149500, "d": ["acmeair-authservice", 144124760.8]}, {"t": 1699149500, "d": ["acmeair-flightservice", 91057728.266667]}, {"t": 1699149500, "d": ["acmeair-mainservice", 39167179.2]}, {"t": 1699149510, "d": ["jmeter", 365021220.8]}, {"t": 1699149510, "d": ["acmeair-bookingservice", 264003562.4]}, {"t": 1699149510, "d": ["acmeair-customerservice", 148930473.428572]}, {"t": 1699149510, "d": ["acmeair-authservice", 144345372]}, {"t": 1699149510, "d": ["acmeair-flightservice", 90286427.142858]}, {"t": 1699149510, "d": ["acmeair-mainservice", 40106801.6]}, {"t": 1699149520, "d": ["jmeter", 405060996]}, {"t": 1699149520, "d": ["acmeair-bookingservice", 200605377.6]}, {"t": 1699149520, "d": ["acmeair-customerservice", 136512173.217392]}, {"t": 1699149520, "d": ["acmeair-authservice", 144995100]}, {"t": 1699149520, "d": ["acmeair-flightservice", 90629359.652174]}, {"t": 1699149520, "d": ["acmeair-mainservice", 40475656]}, {"t": 1699149530, "d": ["jmeter", 314054614.4]}, {"t": 1699149530, "d": ["acmeair-bookingservice", 161917475.2]}, {"t": 1699149530, "d": ["acmeair-customerservice", 121292136]}, {"t": 1699149530, "d": ["acmeair-authservice", 144822550.4]}, {"t": 1699149530, "d": ["acmeair-flightservice", 78569513.066667]}, {"t": 1699149530, "d": ["acmeair-mainservice", 36603833.6]}, {"t": 1699149540, "d": ["jmeter", 370393712.8]}, {"t": 1699149540, "d": ["acmeair-bookingservice", 163025428]}, {"t": 1699149540, "d": ["acmeair-customerservice", 132405278]}, {"t": 1699149540, "d": ["acmeair-authservice", 145513718.4]}, {"t": 1699149540, "d": ["acmeair-flightservice", 76346004.533334]}, {"t": 1699149540, "d": ["acmeair-mainservice", 37520928]}, {"t": 1699149550, "d": ["jmeter", 300261662.4]}, {"t": 1699149550, "d": ["acmeair-bookingservice", 186855563.2]}, {"t": 1699149550, "d": ["acmeair-customerservice", 101340468.800001]}, {"t": 1699149550, "d": ["acmeair-authservice", 145876118.4]}, {"t": 1699149550, "d": ["acmeair-flightservice", 81856944]}, {"t": 1699149550, "d": ["acmeair-mainservice", 38482668.8]}, {"t": 1699149560, "d": ["jmeter", 409732996.8]}, {"t": 1699149560, "d": ["acmeair-bookingservice", 102699430.153847]}, {"t": 1699149560, "d": ["acmeair-customerservice", 72595819.2]}, {"t": 1699149560, "d": ["acmeair-authservice", 145397124.8]}, {"t": 1699149560, "d": ["acmeair-flightservice", 70747643.612904]}, {"t": 1699149560, "d": ["acmeair-mainservice", 39400582.4]}, {"t": 1699149570, "d": ["jmeter", 413612728]}, {"t": 1699149570, "d": ["acmeair-bookingservice", 65686346.4]}, {"t": 1699149570, "d": ["acmeair-customerservice", 74264939.2]}, {"t": 1699149570, "d": ["acmeair-authservice", 146800004.8]}, {"t": 1699149570, "d": ["acmeair-flightservice", 74865479.2]}, {"t": 1699149570, "d": ["acmeair-mainservice", 40317267.2]}, {"t": 1699149580, "d": ["jmeter", 0]}, {"t": 1699149580, "d": ["acmeair-bookingservice", 72270742.4]}, {"t": 1699149580, "d": ["acmeair-customerservice", 75666685.6]}, {"t": 1699149580, "d": ["acmeair-authservice", 147803752]}, {"t": 1699149580, "d": ["acmeair-flightservice", 72325645.866667]}, {"t": 1699149580, "d": ["acmeair-mainservice", 40166862.4]}, {"t": 1699149590, "d": ["jmeter", 0]}, {"t": 1699149590, "d": ["acmeair-bookingservice", 73768240]}, {"t": 1699149590, "d": ["acmeair-customerservice", 77128179.2]}, {"t": 1699149590, "d": ["acmeair-authservice", 144510510.4]}, {"t": 1699149590, "d": ["acmeair-flightservice", 74658303.733334]}, {"t": 1699149590, "d": ["acmeair-mainservice", 36726296]}, {"t": 1699149600, "d": ["jmeter", 0]}, {"t": 1699149600, "d": ["acmeair-bookingservice", 75151621.6]}, {"t": 1699149600, "d": ["acmeair-customerservice", 78495014.4]}, {"t": 1699149600, "d": ["acmeair-authservice", 145960904]}, {"t": 1699149600, "d": ["acmeair-flightservice", 75247627.076924]}, {"t": 1699149600, "d": ["acmeair-mainservice", 37629464]}, {"t": 1699149610, "d": ["jmeter", 0]}, {"t": 1699149610, "d": ["acmeair-bookingservice", 76663620.8]}, {"t": 1699149610, "d": ["acmeair-customerservice", 79868205.6]}, {"t": 1699149610, "d": ["acmeair-authservice", 147507144]}, {"t": 1699149610, "d": ["acmeair-flightservice", 75510824]}, {"t": 1699149610, "d": ["acmeair-mainservice", 38575236.8]}, {"t": 1699149620, "d": ["jmeter", 0]}, {"t": 1699149620, "d": ["acmeair-bookingservice", 77999918.4]}, {"t": 1699149620, "d": ["acmeair-customerservice", 81270564.8]}, {"t": 1699149620, "d": ["acmeair-authservice", 146380732]}, {"t": 1699149620, "d": ["acmeair-flightservice", 76942658]}, {"t": 1699149620, "d": ["acmeair-mainservice", 39566084.8]}, {"t": 1699149630, "d": ["jmeter", 0]}, {"t": 1699149630, "d": ["acmeair-bookingservice", 79504788.8]}, {"t": 1699149630, "d": ["acmeair-customerservice", 82658699.2]}, {"t": 1699149630, "d": ["acmeair-authservice", 145219438.4]}, {"t": 1699149630, "d": ["acmeair-flightservice", 78370989.6]}, {"t": 1699149630, "d": ["acmeair-mainservice", 40504444.8]}, {"t": 1699149640, "d": ["jmeter", 0]}, {"t": 1699149640, "d": ["acmeair-bookingservice", 80798305.6]}, {"t": 1699149640, "d": ["acmeair-customerservice", 84059940.8]}, {"t": 1699149640, "d": ["acmeair-authservice", 146764859.2]}, {"t": 1699149640, "d": ["acmeair-flightservice", 79702685.2]}, {"t": 1699149640, "d": ["acmeair-mainservice", 39741791.2]}, {"t": 1699149650, "d": ["jmeter", 0]}, {"t": 1699149650, "d": ["acmeair-bookingservice", 82383867.2]}, {"t": 1699149650, "d": ["acmeair-customerservice", 71086314.4]}, {"t": 1699149650, "d": ["acmeair-authservice", 148169316]}, {"t": 1699149650, "d": ["acmeair-flightservice", 81203051.2]}, {"t": 1699149650, "d": ["acmeair-mainservice", 36786891.2]}, {"t": 1699149660, "d": ["jmeter", 0]}, {"t": 1699149660, "d": ["acmeair-bookingservice", 83995643.2]}, {"t": 1699149660, "d": ["acmeair-customerservice", 58093004.8]}, {"t": 1699149660, "d": ["acmeair-authservice", 144378112]}, {"t": 1699149660, "d": ["acmeair-flightservice", 82688068]}, {"t": 1699149660, "d": ["acmeair-mainservice", 37737572.8]}, {"t": 1699149670, "d": ["jmeter", 0]}, {"t": 1699149670, "d": ["acmeair-bookingservice", 85509151.2]}, {"t": 1699149670, "d": ["acmeair-customerservice", 59600836.8]}, {"t": 1699149670, "d": ["acmeair-authservice", 145930905.6]}, {"t": 1699149670, "d": ["acmeair-flightservice", 84120845.6]}, {"t": 1699149670, "d": ["acmeair-mainservice", 38654257.6]}, {"t": 1699149680, "d": ["jmeter", 0]}, {"t": 1699149680, "d": ["acmeair-bookingservice", 87170870.4]}, {"t": 1699149680, "d": ["acmeair-customerservice", 61243710.4]}, {"t": 1699149680, "d": ["acmeair-authservice", 147298787.555556]}, {"t": 1699149680, "d": ["acmeair-flightservice", 85784581.2]}, {"t": 1699149680, "d": ["acmeair-mainservice", 39577496]}, {"t": 1699149690, "d": ["jmeter", 0]}, {"t": 1699149690, "d": ["acmeair-bookingservice", 88703278.4]}, {"t": 1699149690, "d": ["acmeair-customerservice", 62779710.4]}, {"t": 1699149690, "d": ["acmeair-authservice", 146123377.6]}, {"t": 1699149690, "d": ["acmeair-flightservice", 76920436.4]}, {"t": 1699149690, "d": ["acmeair-mainservice", 40495409.6]}, {"t": 1699149700, "d": ["jmeter", 0]}, {"t": 1699149700, "d": ["acmeair-bookingservice", 86784556.8]}, {"t": 1699149700, "d": ["acmeair-customerservice", 64225598.4]}, {"t": 1699149700, "d": ["acmeair-authservice", 145018300.8]}, {"t": 1699149700, "d": ["acmeair-flightservice", 68252316.4]}, {"t": 1699149700, "d": ["acmeair-mainservice", 39816504]}, {"t": 1699149710, "d": ["jmeter", 0]}, {"t": 1699149710, "d": ["acmeair-bookingservice", 58330232]}, {"t": 1699149710, "d": ["acmeair-customerservice", 65937316.8]}, {"t": 1699149710, "d": ["acmeair-authservice", 146516208]}, {"t": 1699149710, "d": ["acmeair-flightservice", 69758580.8]}, {"t": 1699149710, "d": ["acmeair-mainservice", 36994414.4]}, {"t": 1699149720, "d": ["jmeter", 0]}, {"t": 1699149720, "d": ["acmeair-bookingservice", 59903915.2]}, {"t": 1699149720, "d": ["acmeair-customerservice", 67438910.4]}, {"t": 1699149720, "d": ["acmeair-authservice", 147930147.2]}, {"t": 1699149720, "d": ["acmeair-flightservice", 71291304]}, {"t": 1699149720, "d": ["acmeair-mainservice", 37914376]}, {"t": 1699149730, "d": ["jmeter", 0]}, {"t": 1699149730, "d": ["acmeair-bookingservice", 61546411.2]}, {"t": 1699149730, "d": ["acmeair-customerservice", 68882750.4]}, {"t": 1699149730, "d": ["acmeair-authservice", 144206900.8]}, {"t": 1699149730, "d": ["acmeair-flightservice", 72811944]}, {"t": 1699149730, "d": ["acmeair-mainservice", 38811809.6]}, {"t": 1699149740, "d": ["jmeter", 0]}, {"t": 1699149740, "d": ["acmeair-bookingservice", 63105758.4]}, {"t": 1699149740, "d": ["acmeair-customerservice", 70477732.8]}, {"t": 1699149740, "d": ["acmeair-authservice", 145639272]}, {"t": 1699149740, "d": ["acmeair-flightservice", 74387265.6]}, {"t": 1699149740, "d": ["acmeair-mainservice", 39747745.6]}, {"t": 1699149750, "d": ["jmeter", 0]}, {"t": 1699149750, "d": ["acmeair-bookingservice", 64695006.4]}, {"t": 1699149750, "d": ["acmeair-customerservice", 71964171.2]}, {"t": 1699149750, "d": ["acmeair-authservice", 147089256]}, {"t": 1699149750, "d": ["acmeair-flightservice", 75856705.6]}, {"t": 1699149750, "d": ["acmeair-mainservice", 40669731.2]}, {"t": 1699149760, "d": ["jmeter", 0]}, {"t": 1699149760, "d": ["acmeair-bookingservice", 66231006.4]}, {"t": 1699149760, "d": ["acmeair-customerservice", 73488702.4]}, {"t": 1699149760, "d": ["acmeair-authservice", 148036216]}, {"t": 1699149760, "d": ["acmeair-flightservice", 77387585.6]}, {"t": 1699149760, "d": ["acmeair-mainservice", 38917051.2]}, {"t": 1699149770, "d": ["jmeter", 0]}, {"t": 1699149770, "d": ["acmeair-bookingservice", 67853022.4]}, {"t": 1699149770, "d": ["acmeair-customerservice", 75087780.8]}, {"t": 1699149770, "d": ["acmeair-authservice", 144639848]}, {"t": 1699149770, "d": ["acmeair-flightservice", 78961064]}, {"t": 1699149770, "d": ["acmeair-mainservice", 37188684.8]}, {"t": 1699149780, "d": ["jmeter", 0]}, {"t": 1699149780, "d": ["acmeair-bookingservice", 69352977.6]}, {"t": 1699149780, "d": ["acmeair-customerservice", 76603710.4]}, {"t": 1699149780, "d": ["acmeair-authservice", 146103758.4]}, {"t": 1699149780, "d": ["acmeair-flightservice", 61763824.400001]}, {"t": 1699149780, "d": ["acmeair-mainservice", 38111923.2]}, {"t": 1699149790, "d": ["jmeter", 0]}, {"t": 1699149790, "d": ["acmeair-bookingservice", 71002436.8]}, {"t": 1699149790, "d": ["acmeair-customerservice", 78119640]}, {"t": 1699149790, "d": ["acmeair-authservice", 147668840]}, {"t": 1699149790, "d": ["acmeair-flightservice", 61272079.2]}, {"t": 1699149790, "d": ["acmeair-mainservice", 39019187.2]}], "start": 1699149490, "end": 1699149790}