{"data": [{"t": 1699149500, "d": ["acmeair-flightservice", 3233333.333334]}, {"t": 1699149500, "d": ["acmeair-authservice", 0]}, {"t": 1699149500, "d": ["acmeair-bookingservice", 0]}, {"t": 1699149500, "d": ["acmeair-customerservice", 0]}, {"t": 1699149500, "d": ["acmeair-mainservice", 0]}, {"t": 1699149510, "d": ["acmeair-flightservice", 0]}, {"t": 1699149510, "d": ["acmeair-authservice", 0]}, {"t": 1699149510, "d": ["acmeair-bookingservice", 0]}, {"t": 1699149510, "d": ["acmeair-customerservice", 0]}, {"t": 1699149510, "d": ["acmeair-mainservice", 0]}, {"t": 1699149520, "d": ["acmeair-flightservice", 4363636.363637]}, {"t": 1699149520, "d": ["acmeair-authservice", 0]}, {"t": 1699149520, "d": ["acmeair-bookingservice", 14285714.285715]}, {"t": 1699149520, "d": ["acmeair-customerservice", 4636363.636364]}, {"t": 1699149520, "d": ["acmeair-mainservice", 0]}, {"t": 1699149530, "d": ["acmeair-flightservice", 15833333.333334]}, {"t": 1699149530, "d": ["acmeair-authservice", 0]}, {"t": 1699149530, "d": ["acmeair-bookingservice", 5800000]}, {"t": 1699149530, "d": ["acmeair-customerservice", 7966666.666667]}, {"t": 1699149530, "d": ["acmeair-mainservice", 0]}, {"t": 1699149540, "d": ["acmeair-flightservice", 0]}, {"t": 1699149540, "d": ["acmeair-authservice", 0]}, {"t": 1699149540, "d": ["acmeair-bookingservice", 9750000]}, {"t": 1699149540, "d": ["acmeair-customerservice", 4875000]}, {"t": 1699149540, "d": ["acmeair-mainservice", 0]}, {"t": 1699149550, "d": ["acmeair-flightservice", 0]}, {"t": 1699149550, "d": ["acmeair-authservice", 0]}, {"t": 1699149550, "d": ["acmeair-bookingservice", 0]}, {"t": 1699149550, "d": ["acmeair-customerservice", 1950000]}, {"t": 1699149550, "d": ["acmeair-mainservice", 0]}, {"t": 1699149560, "d": ["acmeair-flightservice", 7833333.333334]}, {"t": 1699149560, "d": ["acmeair-authservice", 0]}, {"t": 1699149560, "d": ["acmeair-bookingservice", 7923076.923077]}, {"t": 1699149560, "d": ["acmeair-customerservice", 0]}, {"t": 1699149560, "d": ["acmeair-mainservice", 0]}, {"t": 1699149570, "d": ["acmeair-flightservice", 3533333.333334]}, {"t": 1699149570, "d": ["acmeair-authservice", 0]}, {"t": 1699149570, "d": ["acmeair-bookingservice", 0]}, {"t": 1699149570, "d": ["acmeair-customerservice", 0]}, {"t": 1699149570, "d": ["acmeair-mainservice", 0]}, {"t": 1699149580, "d": ["acmeair-flightservice", 0]}, {"t": 1699149580, "d": ["acmeair-authservice", 0]}, {"t": 1699149580, "d": ["acmeair-bookingservice", 0]}, {"t": 1699149580, "d": ["acmeair-customerservice", 0]}, {"t": 1699149580, "d": ["acmeair-mainservice", 0]}, {"t": 1699149590, "d": ["acmeair-flightservice", 0]}, {"t": 1699149590, "d": ["acmeair-authservice", 0]}, {"t": 1699149590, "d": ["acmeair-bookingservice", 0]}, {"t": 1699149590, "d": ["acmeair-customerservice", 0]}, {"t": 1699149590, "d": ["acmeair-mainservice", 0]}, {"t": 1699149600, "d": ["acmeair-flightservice", 0]}, {"t": 1699149600, "d": ["acmeair-authservice", 0]}, {"t": 1699149600, "d": ["acmeair-bookingservice", 0]}, {"t": 1699149600, "d": ["acmeair-customerservice", 0]}, {"t": 1699149600, "d": ["acmeair-mainservice", 0]}, {"t": 1699149610, "d": ["acmeair-flightservice", 0]}, {"t": 1699149610, "d": ["acmeair-authservice", 0]}, {"t": 1699149610, "d": ["acmeair-bookingservice", 0]}, {"t": 1699149610, "d": ["acmeair-customerservice", 0]}, {"t": 1699149610, "d": ["acmeair-mainservice", 0]}, {"t": 1699149620, "d": ["acmeair-flightservice", 0]}, {"t": 1699149620, "d": ["acmeair-authservice", 0]}, {"t": 1699149620, "d": ["acmeair-bookingservice", 0]}, {"t": 1699149620, "d": ["acmeair-customerservice", 0]}, {"t": 1699149620, "d": ["acmeair-mainservice", 0]}, {"t": 1699149630, "d": ["acmeair-flightservice", 0]}, {"t": 1699149630, "d": ["acmeair-authservice", 0]}, {"t": 1699149630, "d": ["acmeair-bookingservice", 0]}, {"t": 1699149630, "d": ["acmeair-customerservice", 0]}, {"t": 1699149630, "d": ["acmeair-mainservice", 0]}, {"t": 1699149640, "d": ["acmeair-flightservice", 0]}, {"t": 1699149640, "d": ["acmeair-authservice", 0]}, {"t": 1699149640, "d": ["acmeair-bookingservice", 0]}, {"t": 1699149640, "d": ["acmeair-customerservice", 0]}, {"t": 1699149640, "d": ["acmeair-mainservice", 0]}, {"t": 1699149650, "d": ["acmeair-flightservice", 0]}, {"t": 1699149650, "d": ["acmeair-authservice", 0]}, {"t": 1699149650, "d": ["acmeair-bookingservice", 0]}, {"t": 1699149650, "d": ["acmeair-customerservice", 0]}, {"t": 1699149650, "d": ["acmeair-mainservice", 0]}, {"t": 1699149660, "d": ["acmeair-flightservice", 0]}, {"t": 1699149660, "d": ["acmeair-authservice", 0]}, {"t": 1699149660, "d": ["acmeair-bookingservice", 0]}, {"t": 1699149660, "d": ["acmeair-customerservice", 0]}, {"t": 1699149660, "d": ["acmeair-mainservice", 0]}, {"t": 1699149670, "d": ["acmeair-flightservice", 0]}, {"t": 1699149670, "d": ["acmeair-authservice", 0]}, {"t": 1699149670, "d": ["acmeair-bookingservice", 0]}, {"t": 1699149670, "d": ["acmeair-customerservice", 0]}, {"t": 1699149670, "d": ["acmeair-mainservice", 0]}, {"t": 1699149680, "d": ["acmeair-flightservice", 0]}, {"t": 1699149680, "d": ["acmeair-authservice", 0]}, {"t": 1699149680, "d": ["acmeair-bookingservice", 0]}, {"t": 1699149680, "d": ["acmeair-customerservice", 0]}, {"t": 1699149680, "d": ["acmeair-mainservice", 0]}, {"t": 1699149690, "d": ["acmeair-flightservice", 0]}, {"t": 1699149690, "d": ["acmeair-authservice", 0]}, {"t": 1699149690, "d": ["acmeair-bookingservice", 0]}, {"t": 1699149690, "d": ["acmeair-customerservice", 0]}, {"t": 1699149690, "d": ["acmeair-mainservice", 0]}, {"t": 1699149700, "d": ["acmeair-flightservice", 0]}, {"t": 1699149700, "d": ["acmeair-authservice", 0]}, {"t": 1699149700, "d": ["acmeair-bookingservice", 0]}, {"t": 1699149700, "d": ["acmeair-customerservice", 0]}, {"t": 1699149700, "d": ["acmeair-mainservice", 0]}, {"t": 1699149710, "d": ["acmeair-flightservice", 0]}, {"t": 1699149710, "d": ["acmeair-authservice", 0]}, {"t": 1699149710, "d": ["acmeair-bookingservice", 0]}, {"t": 1699149710, "d": ["acmeair-customerservice", 0]}, {"t": 1699149710, "d": ["acmeair-mainservice", 0]}, {"t": 1699149720, "d": ["acmeair-flightservice", 0]}, {"t": 1699149720, "d": ["acmeair-authservice", 0]}, {"t": 1699149720, "d": ["acmeair-bookingservice", 0]}, {"t": 1699149720, "d": ["acmeair-customerservice", 0]}, {"t": 1699149720, "d": ["acmeair-mainservice", 0]}, {"t": 1699149730, "d": ["acmeair-flightservice", 0]}, {"t": 1699149730, "d": ["acmeair-authservice", 0]}, {"t": 1699149730, "d": ["acmeair-bookingservice", 0]}, {"t": 1699149730, "d": ["acmeair-customerservice", 0]}, {"t": 1699149730, "d": ["acmeair-mainservice", 0]}, {"t": 1699149740, "d": ["acmeair-flightservice", 0]}, {"t": 1699149740, "d": ["acmeair-authservice", 0]}, {"t": 1699149740, "d": ["acmeair-bookingservice", 0]}, {"t": 1699149740, "d": ["acmeair-customerservice", 0]}, {"t": 1699149740, "d": ["acmeair-mainservice", 0]}, {"t": 1699149750, "d": ["acmeair-flightservice", 0]}, {"t": 1699149750, "d": ["acmeair-authservice", 0]}, {"t": 1699149750, "d": ["acmeair-bookingservice", 0]}, {"t": 1699149750, "d": ["acmeair-customerservice", 0]}, {"t": 1699149750, "d": ["acmeair-mainservice", 0]}, {"t": 1699149760, "d": ["acmeair-flightservice", 0]}, {"t": 1699149760, "d": ["acmeair-authservice", 0]}, {"t": 1699149760, "d": ["acmeair-bookingservice", 0]}, {"t": 1699149760, "d": ["acmeair-customerservice", 0]}, {"t": 1699149760, "d": ["acmeair-mainservice", 0]}, {"t": 1699149770, "d": ["acmeair-flightservice", 0]}, {"t": 1699149770, "d": ["acmeair-authservice", 0]}, {"t": 1699149770, "d": ["acmeair-bookingservice", 0]}, {"t": 1699149770, "d": ["acmeair-customerservice", 0]}, {"t": 1699149770, "d": ["acmeair-mainservice", 0]}, {"t": 1699149780, "d": ["acmeair-flightservice", 0]}, {"t": 1699149780, "d": ["acmeair-authservice", 0]}, {"t": 1699149780, "d": ["acmeair-bookingservice", 0]}, {"t": 1699149780, "d": ["acmeair-customerservice", 0]}, {"t": 1699149780, "d": ["acmeair-mainservice", 0]}, {"t": 1699149790, "d": ["acmeair-flightservice", 0]}, {"t": 1699149790, "d": ["acmeair-authservice", 0]}, {"t": 1699149790, "d": ["acmeair-bookingservice", 0]}, {"t": 1699149790, "d": ["acmeair-customerservice", 0]}, {"t": 1699149790, "d": ["acmeair-mainservice", 0]}], "start": 1699149490, "end": 1699149790}