{"data": [{"t": 1699149500, "d": ["acmeair-bookingservice", 67.6]}, {"t": 1699149500, "d": ["jmeter", 64]}, {"t": 1699149500, "d": ["acmeair-customerservice", 59]}, {"t": 1699149500, "d": ["acmeair-flightservice", 58]}, {"t": 1699149500, "d": ["acmeair-authservice", 57]}, {"t": 1699149500, "d": ["acmeair-mainservice", 53]}, {"t": 1699149510, "d": ["acmeair-bookingservice", 69.4]}, {"t": 1699149510, "d": ["jmeter", 64]}, {"t": 1699149510, "d": ["acmeair-customerservice", 59.5]}, {"t": 1699149510, "d": ["acmeair-flightservice", 58.178572]}, {"t": 1699149510, "d": ["acmeair-authservice", 57]}, {"t": 1699149510, "d": ["acmeair-mainservice", 53]}, {"t": 1699149520, "d": ["acmeair-bookingservice", 65.466667]}, {"t": 1699149520, "d": ["jmeter", 64]}, {"t": 1699149520, "d": ["acmeair-customerservice", 58.826087]}, {"t": 1699149520, "d": ["acmeair-flightservice", 57.608696]}, {"t": 1699149520, "d": ["acmeair-authservice", 57]}, {"t": 1699149520, "d": ["acmeair-mainservice", 53]}, {"t": 1699149530, "d": ["acmeair-bookingservice", 63.85]}, {"t": 1699149530, "d": ["jmeter", 64]}, {"t": 1699149530, "d": ["acmeair-customerservice", 59.1]}, {"t": 1699149530, "d": ["acmeair-flightservice", 58]}, {"t": 1699149530, "d": ["acmeair-authservice", 57]}, {"t": 1699149530, "d": ["acmeair-mainservice", 53]}, {"t": 1699149540, "d": ["acmeair-bookingservice", 65.1]}, {"t": 1699149540, "d": ["jmeter", 64]}, {"t": 1699149540, "d": ["acmeair-customerservice", 60]}, {"t": 1699149540, "d": ["acmeair-flightservice", 58.166667]}, {"t": 1699149540, "d": ["acmeair-authservice", 57.1]}, {"t": 1699149540, "d": ["acmeair-mainservice", 53]}, {"t": 1699149550, "d": ["acmeair-bookingservice", 67.6]}, {"t": 1699149550, "d": ["jmeter", 64]}, {"t": 1699149550, "d": ["acmeair-customerservice", 60.25]}, {"t": 1699149550, "d": ["acmeair-flightservice", 58.366667]}, {"t": 1699149550, "d": ["acmeair-authservice", 57.1]}, {"t": 1699149550, "d": ["acmeair-mainservice", 53]}, {"t": 1699149560, "d": ["acmeair-bookingservice", 66.538462]}, {"t": 1699149560, "d": ["jmeter", 45.3]}, {"t": 1699149560, "d": ["acmeair-customerservice", 62]}, {"t": 1699149560, "d": ["acmeair-flightservice", 58.580646]}, {"t": 1699149560, "d": ["acmeair-authservice", 57]}, {"t": 1699149560, "d": ["acmeair-mainservice", 53]}, {"t": 1699149570, "d": ["acmeair-bookingservice", 64]}, {"t": 1699149570, "d": ["jmeter", 15.166667]}, {"t": 1699149570, "d": ["acmeair-customerservice", 62]}, {"t": 1699149570, "d": ["acmeair-flightservice", 59.633334]}, {"t": 1699149570, "d": ["acmeair-authservice", 57]}, {"t": 1699149570, "d": ["acmeair-mainservice", 53]}, {"t": 1699149580, "d": ["acmeair-bookingservice", 63.9]}, {"t": 1699149580, "d": ["jmeter", 0]}, {"t": 1699149580, "d": ["acmeair-customerservice", 62]}, {"t": 1699149580, "d": ["acmeair-flightservice", 59.833334]}, {"t": 1699149580, "d": ["acmeair-authservice", 57]}, {"t": 1699149580, "d": ["acmeair-mainservice", 53]}, {"t": 1699149590, "d": ["acmeair-bookingservice", 63]}, {"t": 1699149590, "d": ["jmeter", 0]}, {"t": 1699149590, "d": ["acmeair-customerservice", 61.1]}, {"t": 1699149590, "d": ["acmeair-flightservice", 59.4]}, {"t": 1699149590, "d": ["acmeair-authservice", 57]}, {"t": 1699149590, "d": ["acmeair-mainservice", 53]}, {"t": 1699149600, "d": ["acmeair-bookingservice", 63]}, {"t": 1699149600, "d": ["jmeter", 0]}, {"t": 1699149600, "d": ["acmeair-customerservice", 61]}, {"t": 1699149600, "d": ["acmeair-flightservice", 59.384616]}, {"t": 1699149600, "d": ["acmeair-authservice", 57]}, {"t": 1699149600, "d": ["acmeair-mainservice", 53]}, {"t": 1699149610, "d": ["acmeair-bookingservice", 62]}, {"t": 1699149610, "d": ["jmeter", 0]}, {"t": 1699149610, "d": ["acmeair-customerservice", 60.2]}, {"t": 1699149610, "d": ["acmeair-flightservice", 59.15]}, {"t": 1699149610, "d": ["acmeair-authservice", 57]}, {"t": 1699149610, "d": ["acmeair-mainservice", 53]}, {"t": 1699149620, "d": ["acmeair-bookingservice", 61.6]}, {"t": 1699149620, "d": ["jmeter", 0]}, {"t": 1699149620, "d": ["acmeair-customerservice", 59.8]}, {"t": 1699149620, "d": ["acmeair-flightservice", 58.8]}, {"t": 1699149620, "d": ["acmeair-authservice", 56]}, {"t": 1699149620, "d": ["acmeair-mainservice", 53]}, {"t": 1699149630, "d": ["acmeair-bookingservice", 60.6]}, {"t": 1699149630, "d": ["jmeter", 0]}, {"t": 1699149630, "d": ["acmeair-customerservice", 58.8]}, {"t": 1699149630, "d": ["acmeair-flightservice", 58]}, {"t": 1699149630, "d": ["acmeair-authservice", 55]}, {"t": 1699149630, "d": ["acmeair-mainservice", 53]}, {"t": 1699149640, "d": ["acmeair-bookingservice", 60]}, {"t": 1699149640, "d": ["jmeter", 0]}, {"t": 1699149640, "d": ["acmeair-customerservice", 58]}, {"t": 1699149640, "d": ["acmeair-flightservice", 57.35]}, {"t": 1699149640, "d": ["acmeair-authservice", 55]}, {"t": 1699149640, "d": ["acmeair-mainservice", 53]}, {"t": 1699149650, "d": ["acmeair-bookingservice", 60]}, {"t": 1699149650, "d": ["jmeter", 0]}, {"t": 1699149650, "d": ["acmeair-customerservice", 58]}, {"t": 1699149650, "d": ["acmeair-flightservice", 57]}, {"t": 1699149650, "d": ["acmeair-authservice", 55]}, {"t": 1699149650, "d": ["acmeair-mainservice", 53]}, {"t": 1699149660, "d": ["acmeair-bookingservice", 60]}, {"t": 1699149660, "d": ["jmeter", 0]}, {"t": 1699149660, "d": ["acmeair-customerservice", 58]}, {"t": 1699149660, "d": ["acmeair-flightservice", 57]}, {"t": 1699149660, "d": ["acmeair-authservice", 55]}, {"t": 1699149660, "d": ["acmeair-mainservice", 53]}, {"t": 1699149670, "d": ["acmeair-bookingservice", 60.1]}, {"t": 1699149670, "d": ["jmeter", 0]}, {"t": 1699149670, "d": ["acmeair-customerservice", 58]}, {"t": 1699149670, "d": ["acmeair-flightservice", 57]}, {"t": 1699149670, "d": ["acmeair-authservice", 55]}, {"t": 1699149670, "d": ["acmeair-mainservice", 53]}, {"t": 1699149680, "d": ["acmeair-bookingservice", 60]}, {"t": 1699149680, "d": ["jmeter", 0]}, {"t": 1699149680, "d": ["acmeair-customerservice", 58]}, {"t": 1699149680, "d": ["acmeair-flightservice", 57]}, {"t": 1699149680, "d": ["acmeair-authservice", 55]}, {"t": 1699149680, "d": ["acmeair-mainservice", 53]}, {"t": 1699149690, "d": ["acmeair-bookingservice", 60]}, {"t": 1699149690, "d": ["jmeter", 0]}, {"t": 1699149690, "d": ["acmeair-customerservice", 58]}, {"t": 1699149690, "d": ["acmeair-flightservice", 57]}, {"t": 1699149690, "d": ["acmeair-authservice", 55]}, {"t": 1699149690, "d": ["acmeair-mainservice", 53]}, {"t": 1699149700, "d": ["acmeair-bookingservice", 60.5]}, {"t": 1699149700, "d": ["jmeter", 0]}, {"t": 1699149700, "d": ["acmeair-customerservice", 58]}, {"t": 1699149700, "d": ["acmeair-flightservice", 57]}, {"t": 1699149700, "d": ["acmeair-authservice", 55]}, {"t": 1699149700, "d": ["acmeair-mainservice", 53]}, {"t": 1699149710, "d": ["acmeair-bookingservice", 61]}, {"t": 1699149710, "d": ["jmeter", 0]}, {"t": 1699149710, "d": ["acmeair-customerservice", 58]}, {"t": 1699149710, "d": ["acmeair-flightservice", 57]}, {"t": 1699149710, "d": ["acmeair-authservice", 55]}, {"t": 1699149710, "d": ["acmeair-mainservice", 53]}, {"t": 1699149720, "d": ["acmeair-bookingservice", 61]}, {"t": 1699149720, "d": ["jmeter", 0]}, {"t": 1699149720, "d": ["acmeair-customerservice", 58]}, {"t": 1699149720, "d": ["acmeair-flightservice", 57]}, {"t": 1699149720, "d": ["acmeair-authservice", 55]}, {"t": 1699149720, "d": ["acmeair-mainservice", 53]}, {"t": 1699149730, "d": ["acmeair-bookingservice", 61.2]}, {"t": 1699149730, "d": ["jmeter", 0]}, {"t": 1699149730, "d": ["acmeair-customerservice", 58]}, {"t": 1699149730, "d": ["acmeair-flightservice", 57]}, {"t": 1699149730, "d": ["acmeair-authservice", 55]}, {"t": 1699149730, "d": ["acmeair-mainservice", 53]}, {"t": 1699149740, "d": ["acmeair-bookingservice", 61]}, {"t": 1699149740, "d": ["jmeter", 0]}, {"t": 1699149740, "d": ["acmeair-customerservice", 58]}, {"t": 1699149740, "d": ["acmeair-flightservice", 57]}, {"t": 1699149740, "d": ["acmeair-authservice", 55]}, {"t": 1699149740, "d": ["acmeair-mainservice", 53]}, {"t": 1699149750, "d": ["acmeair-bookingservice", 61]}, {"t": 1699149750, "d": ["jmeter", 0]}, {"t": 1699149750, "d": ["acmeair-customerservice", 58]}, {"t": 1699149750, "d": ["acmeair-flightservice", 57]}, {"t": 1699149750, "d": ["acmeair-authservice", 55]}, {"t": 1699149750, "d": ["acmeair-mainservice", 53]}, {"t": 1699149760, "d": ["acmeair-bookingservice", 60.9]}, {"t": 1699149760, "d": ["jmeter", 0]}, {"t": 1699149760, "d": ["acmeair-customerservice", 58]}, {"t": 1699149760, "d": ["acmeair-flightservice", 57]}, {"t": 1699149760, "d": ["acmeair-authservice", 55]}, {"t": 1699149760, "d": ["acmeair-mainservice", 53]}, {"t": 1699149770, "d": ["acmeair-bookingservice", 60]}, {"t": 1699149770, "d": ["jmeter", 0]}, {"t": 1699149770, "d": ["acmeair-customerservice", 58]}, {"t": 1699149770, "d": ["acmeair-flightservice", 57]}, {"t": 1699149770, "d": ["acmeair-authservice", 55]}, {"t": 1699149770, "d": ["acmeair-mainservice", 53]}, {"t": 1699149780, "d": ["acmeair-bookingservice", 60]}, {"t": 1699149780, "d": ["jmeter", 0]}, {"t": 1699149780, "d": ["acmeair-customerservice", 58]}, {"t": 1699149780, "d": ["acmeair-flightservice", 57]}, {"t": 1699149780, "d": ["acmeair-authservice", 55]}, {"t": 1699149780, "d": ["acmeair-mainservice", 53]}, {"t": 1699149790, "d": ["acmeair-bookingservice", 60]}, {"t": 1699149790, "d": ["jmeter", 0]}, {"t": 1699149790, "d": ["acmeair-customerservice", 58]}, {"t": 1699149790, "d": ["acmeair-flightservice", 57]}, {"t": 1699149790, "d": ["acmeair-authservice", 55]}, {"t": 1699149790, "d": ["acmeair-mainservice", 53]}], "start": 1699149490, "end": 1699149790}