{"data": [{"t": 1699149500, "d": ["acmeair-bookingservice", 16303]}, {"t": 1699149500, "d": ["acmeair-customerservice", 15742.666667]}, {"t": 1699149500, "d": ["acmeair-authservice", 15372]}, {"t": 1699149500, "d": ["acmeair-flightservice", 15366]}, {"t": 1699149500, "d": ["acmeair-mainservice", 10557]}, {"t": 1699149500, "d": ["jmeter", 5872]}, {"t": 1699149510, "d": ["acmeair-bookingservice", 16303]}, {"t": 1699149510, "d": ["acmeair-customerservice", 15753.642858]}, {"t": 1699149510, "d": ["acmeair-authservice", 15372]}, {"t": 1699149510, "d": ["acmeair-flightservice", 15372]}, {"t": 1699149510, "d": ["acmeair-mainservice", 10557]}, {"t": 1699149510, "d": ["jmeter", 5872]}, {"t": 1699149520, "d": ["acmeair-bookingservice", 13615.933334]}, {"t": 1699149520, "d": ["acmeair-customerservice", 14572.478261]}, {"t": 1699149520, "d": ["acmeair-authservice", 15372]}, {"t": 1699149520, "d": ["acmeair-flightservice", 14247.956522]}, {"t": 1699149520, "d": ["acmeair-mainservice", 10557]}, {"t": 1699149520, "d": ["jmeter", 5872]}, {"t": 1699149530, "d": ["acmeair-bookingservice", 13970.95]}, {"t": 1699149530, "d": ["acmeair-customerservice", 13857.133334]}, {"t": 1699149530, "d": ["acmeair-authservice", 15372]}, {"t": 1699149530, "d": ["acmeair-flightservice", 13714.233334]}, {"t": 1699149530, "d": ["acmeair-mainservice", 10557]}, {"t": 1699149530, "d": ["jmeter", 5872]}, {"t": 1699149540, "d": ["acmeair-bookingservice", 15186.25]}, {"t": 1699149540, "d": ["acmeair-customerservice", 15258.25]}, {"t": 1699149540, "d": ["acmeair-authservice", 15372]}, {"t": 1699149540, "d": ["acmeair-flightservice", 14779.766667]}, {"t": 1699149540, "d": ["acmeair-mainservice", 10557]}, {"t": 1699149540, "d": ["jmeter", 5872]}, {"t": 1699149550, "d": ["acmeair-bookingservice", 15972.55]}, {"t": 1699149550, "d": ["acmeair-customerservice", 15761.2]}, {"t": 1699149550, "d": ["acmeair-authservice", 15372]}, {"t": 1699149550, "d": ["acmeair-flightservice", 15098.266667]}, {"t": 1699149550, "d": ["acmeair-mainservice", 10557]}, {"t": 1699149550, "d": ["jmeter", 5872]}, {"t": 1699149560, "d": ["acmeair-bookingservice", 16385.384616]}, {"t": 1699149560, "d": ["acmeair-customerservice", 15738]}, {"t": 1699149560, "d": ["acmeair-authservice", 15372]}, {"t": 1699149560, "d": ["acmeair-flightservice", 13792.096775]}, {"t": 1699149560, "d": ["acmeair-mainservice", 10557]}, {"t": 1699149560, "d": ["jmeter", 5872.7]}, {"t": 1699149570, "d": ["acmeair-bookingservice", 16408]}, {"t": 1699149570, "d": ["acmeair-customerservice", 15738]}, {"t": 1699149570, "d": ["acmeair-authservice", 15372]}, {"t": 1699149570, "d": ["acmeair-flightservice", 14740.300001]}, {"t": 1699149570, "d": ["acmeair-mainservice", 10557]}, {"t": 1699149570, "d": ["jmeter", 5873.333334]}, {"t": 1699149580, "d": ["acmeair-bookingservice", 16408]}, {"t": 1699149580, "d": ["acmeair-customerservice", 15738]}, {"t": 1699149580, "d": ["acmeair-authservice", 15372]}, {"t": 1699149580, "d": ["acmeair-flightservice", 15065.7]}, {"t": 1699149580, "d": ["acmeair-mainservice", 10557]}, {"t": 1699149580, "d": ["jmeter", 0]}, {"t": 1699149590, "d": ["acmeair-bookingservice", 16408]}, {"t": 1699149590, "d": ["acmeair-customerservice", 15738]}, {"t": 1699149590, "d": ["acmeair-authservice", 15372]}, {"t": 1699149590, "d": ["acmeair-flightservice", 15066.333334]}, {"t": 1699149590, "d": ["acmeair-mainservice", 10557]}, {"t": 1699149590, "d": ["jmeter", 0]}, {"t": 1699149600, "d": ["acmeair-bookingservice", 16408.7]}, {"t": 1699149600, "d": ["acmeair-customerservice", 15738]}, {"t": 1699149600, "d": ["acmeair-authservice", 15372]}, {"t": 1699149600, "d": ["acmeair-flightservice", 15016.384616]}, {"t": 1699149600, "d": ["acmeair-mainservice", 10557]}, {"t": 1699149600, "d": ["jmeter", 0]}, {"t": 1699149610, "d": ["acmeair-bookingservice", 16411.2]}, {"t": 1699149610, "d": ["acmeair-customerservice", 15740.7]}, {"t": 1699149610, "d": ["acmeair-authservice", 15372]}, {"t": 1699149610, "d": ["acmeair-flightservice", 14905.25]}, {"t": 1699149610, "d": ["acmeair-mainservice", 10557]}, {"t": 1699149610, "d": ["jmeter", 0]}, {"t": 1699149620, "d": ["acmeair-bookingservice", 16412]}, {"t": 1699149620, "d": ["acmeair-customerservice", 15742]}, {"t": 1699149620, "d": ["acmeair-authservice", 15372]}, {"t": 1699149620, "d": ["acmeair-flightservice", 14906]}, {"t": 1699149620, "d": ["acmeair-mainservice", 10557]}, {"t": 1699149620, "d": ["jmeter", 0]}, {"t": 1699149630, "d": ["acmeair-bookingservice", 16412]}, {"t": 1699149630, "d": ["acmeair-customerservice", 15742]}, {"t": 1699149630, "d": ["acmeair-authservice", 15372]}, {"t": 1699149630, "d": ["acmeair-flightservice", 14906]}, {"t": 1699149630, "d": ["acmeair-mainservice", 10557]}, {"t": 1699149630, "d": ["jmeter", 0]}, {"t": 1699149640, "d": ["acmeair-bookingservice", 16412]}, {"t": 1699149640, "d": ["acmeair-customerservice", 15742]}, {"t": 1699149640, "d": ["acmeair-authservice", 15372]}, {"t": 1699149640, "d": ["acmeair-flightservice", 14907.05]}, {"t": 1699149640, "d": ["acmeair-mainservice", 10557]}, {"t": 1699149640, "d": ["jmeter", 0]}, {"t": 1699149650, "d": ["acmeair-bookingservice", 16412]}, {"t": 1699149650, "d": ["acmeair-customerservice", 15742]}, {"t": 1699149650, "d": ["acmeair-authservice", 15372]}, {"t": 1699149650, "d": ["acmeair-flightservice", 14908]}, {"t": 1699149650, "d": ["acmeair-mainservice", 10557]}, {"t": 1699149650, "d": ["jmeter", 0]}, {"t": 1699149660, "d": ["acmeair-bookingservice", 16412]}, {"t": 1699149660, "d": ["acmeair-customerservice", 15742]}, {"t": 1699149660, "d": ["acmeair-authservice", 15372]}, {"t": 1699149660, "d": ["acmeair-flightservice", 14908]}, {"t": 1699149660, "d": ["acmeair-mainservice", 10557]}, {"t": 1699149660, "d": ["jmeter", 0]}, {"t": 1699149670, "d": ["acmeair-bookingservice", 16412]}, {"t": 1699149670, "d": ["acmeair-customerservice", 15742.4]}, {"t": 1699149670, "d": ["acmeair-authservice", 15372]}, {"t": 1699149670, "d": ["acmeair-flightservice", 14908]}, {"t": 1699149670, "d": ["acmeair-mainservice", 10557]}, {"t": 1699149670, "d": ["jmeter", 0]}, {"t": 1699149680, "d": ["acmeair-bookingservice", 16413.6]}, {"t": 1699149680, "d": ["acmeair-customerservice", 15744]}, {"t": 1699149680, "d": ["acmeair-authservice", 15372]}, {"t": 1699149680, "d": ["acmeair-flightservice", 14908.5]}, {"t": 1699149680, "d": ["acmeair-mainservice", 10557]}, {"t": 1699149680, "d": ["jmeter", 0]}, {"t": 1699149690, "d": ["acmeair-bookingservice", 16414]}, {"t": 1699149690, "d": ["acmeair-customerservice", 15744]}, {"t": 1699149690, "d": ["acmeair-authservice", 15372]}, {"t": 1699149690, "d": ["acmeair-flightservice", 14909.1]}, {"t": 1699149690, "d": ["acmeair-mainservice", 10557]}, {"t": 1699149690, "d": ["jmeter", 0]}, {"t": 1699149700, "d": ["acmeair-bookingservice", 16414]}, {"t": 1699149700, "d": ["acmeair-customerservice", 15744]}, {"t": 1699149700, "d": ["acmeair-authservice", 15372]}, {"t": 1699149700, "d": ["acmeair-flightservice", 14909.8]}, {"t": 1699149700, "d": ["acmeair-mainservice", 10557]}, {"t": 1699149700, "d": ["jmeter", 0]}, {"t": 1699149710, "d": ["acmeair-bookingservice", 16414]}, {"t": 1699149710, "d": ["acmeair-customerservice", 15744]}, {"t": 1699149710, "d": ["acmeair-authservice", 15372]}, {"t": 1699149710, "d": ["acmeair-flightservice", 14910.5]}, {"t": 1699149710, "d": ["acmeair-mainservice", 10557]}, {"t": 1699149710, "d": ["jmeter", 0]}, {"t": 1699149720, "d": ["acmeair-bookingservice", 16414]}, {"t": 1699149720, "d": ["acmeair-customerservice", 15744]}, {"t": 1699149720, "d": ["acmeair-authservice", 15372]}, {"t": 1699149720, "d": ["acmeair-flightservice", 14910.5]}, {"t": 1699149720, "d": ["acmeair-mainservice", 10557]}, {"t": 1699149720, "d": ["jmeter", 0]}, {"t": 1699149730, "d": ["acmeair-bookingservice", 16414]}, {"t": 1699149730, "d": ["acmeair-customerservice", 15744]}, {"t": 1699149730, "d": ["acmeair-authservice", 15372]}, {"t": 1699149730, "d": ["acmeair-flightservice", 14910.5]}, {"t": 1699149730, "d": ["acmeair-mainservice", 10557]}, {"t": 1699149730, "d": ["jmeter", 0]}, {"t": 1699149740, "d": ["acmeair-bookingservice", 16414]}, {"t": 1699149740, "d": ["acmeair-customerservice", 15744]}, {"t": 1699149740, "d": ["acmeair-authservice", 15372]}, {"t": 1699149740, "d": ["acmeair-flightservice", 14910.5]}, {"t": 1699149740, "d": ["acmeair-mainservice", 10557]}, {"t": 1699149740, "d": ["jmeter", 0]}, {"t": 1699149750, "d": ["acmeair-bookingservice", 16414]}, {"t": 1699149750, "d": ["acmeair-customerservice", 15744]}, {"t": 1699149750, "d": ["acmeair-authservice", 15372]}, {"t": 1699149750, "d": ["acmeair-flightservice", 14910.5]}, {"t": 1699149750, "d": ["acmeair-mainservice", 10557]}, {"t": 1699149750, "d": ["jmeter", 0]}, {"t": 1699149760, "d": ["acmeair-bookingservice", 16414]}, {"t": 1699149760, "d": ["acmeair-customerservice", 15744]}, {"t": 1699149760, "d": ["acmeair-authservice", 15372]}, {"t": 1699149760, "d": ["acmeair-flightservice", 14910.5]}, {"t": 1699149760, "d": ["acmeair-mainservice", 10557]}, {"t": 1699149760, "d": ["jmeter", 0]}, {"t": 1699149770, "d": ["acmeair-bookingservice", 16414]}, {"t": 1699149770, "d": ["acmeair-customerservice", 15744]}, {"t": 1699149770, "d": ["acmeair-authservice", 15372]}, {"t": 1699149770, "d": ["acmeair-flightservice", 14910.5]}, {"t": 1699149770, "d": ["acmeair-mainservice", 10557]}, {"t": 1699149770, "d": ["jmeter", 0]}, {"t": 1699149780, "d": ["acmeair-bookingservice", 16414]}, {"t": 1699149780, "d": ["acmeair-customerservice", 15744]}, {"t": 1699149780, "d": ["acmeair-authservice", 15372]}, {"t": 1699149780, "d": ["acmeair-flightservice", 14910.5]}, {"t": 1699149780, "d": ["acmeair-mainservice", 10557]}, {"t": 1699149780, "d": ["jmeter", 0]}, {"t": 1699149790, "d": ["acmeair-bookingservice", 16414]}, {"t": 1699149790, "d": ["acmeair-customerservice", 15744]}, {"t": 1699149790, "d": ["acmeair-authservice", 15372]}, {"t": 1699149790, "d": ["acmeair-flightservice", 14910.5]}, {"t": 1699149790, "d": ["acmeair-mainservice", 10557]}, {"t": 1699149790, "d": ["jmeter", 0]}], "start": 1699149490, "end": 1699149790}