{"data": [{"t": 1699149500, "d": ["jmeter", 873406873.6]}, {"t": 1699149500, "d": ["acmeair-bookingservice", 515238297.6]}, {"t": 1699149500, "d": ["acmeair-customerservice", 394316458.666667]}, {"t": 1699149500, "d": ["acmeair-booking-db", 353355776]}, {"t": 1699149500, "d": ["acmeair-authservice", 351420416]}, {"t": 1699149500, "d": ["acmeair-flightservice", 277159936]}, {"t": 1699149500, "d": ["acmeair-flight-db", 257395370.666667]}, {"t": 1699149500, "d": ["acmeair-customer-db", 256734139.733334]}, {"t": 1699149500, "d": ["acmeair-mainservice", 174051328]}, {"t": 1699149510, "d": ["jmeter", 873395814.4]}, {"t": 1699149510, "d": ["acmeair-bookingservice", 358670609.066667]}, {"t": 1699149510, "d": ["acmeair-customerservice", 327406685.09091]}, {"t": 1699149510, "d": ["acmeair-booking-db", 353698201.6]}, {"t": 1699149510, "d": ["acmeair-authservice", 351420416]}, {"t": 1699149510, "d": ["acmeair-flightservice", 238945792]}, {"t": 1699149510, "d": ["acmeair-flight-db", 263685898.24]}, {"t": 1699149510, "d": ["acmeair-customer-db", 276981436.631579]}, {"t": 1699149510, "d": ["acmeair-mainservice", 174051328]}, {"t": 1699149520, "d": ["jmeter", 873602662.4]}, {"t": 1699149520, "d": ["acmeair-bookingservice", 316721971.2]}, {"t": 1699149520, "d": ["acmeair-customerservice", 289469644.8]}, {"t": 1699149520, "d": ["acmeair-booking-db", 353791180.8]}, {"t": 1699149520, "d": ["acmeair-authservice", 351420416]}, {"t": 1699149520, "d": ["acmeair-flightservice", 214934050.133334]}, {"t": 1699149520, "d": ["acmeair-flight-db", 279604633.6]}, {"t": 1699149520, "d": ["acmeair-customer-db", 346016153.6]}, {"t": 1699149520, "d": ["acmeair-mainservice", 174051328]}, {"t": 1699149530, "d": ["jmeter", 874241638.4]}, {"t": 1699149530, "d": ["acmeair-bookingservice", 346378649.6]}, {"t": 1699149530, "d": ["acmeair-customerservice", 312141277.866667]}, {"t": 1699149530, "d": ["acmeair-booking-db", 354076262.4]}, {"t": 1699149530, "d": ["acmeair-authservice", 351420416]}, {"t": 1699149530, "d": ["acmeair-flightservice", 241909077.333334]}, {"t": 1699149530, "d": ["acmeair-flight-db", 279562854.4]}, {"t": 1699149530, "d": ["acmeair-customer-db", 346008371.2]}, {"t": 1699149530, "d": ["acmeair-mainservice", 174051328]}, {"t": 1699149540, "d": ["jmeter", 874614374.4]}, {"t": 1699149540, "d": ["acmeair-bookingservice", 364677734.4]}, {"t": 1699149540, "d": ["acmeair-customerservice", 308719445.333334]}, {"t": 1699149540, "d": ["acmeair-booking-db", 354120908.8]}, {"t": 1699149540, "d": ["acmeair-authservice", 351413862.4]}, {"t": 1699149540, "d": ["acmeair-flightservice", 262911863.466667]}, {"t": 1699149540, "d": ["acmeair-flight-db", 279520051.2]}, {"t": 1699149540, "d": ["acmeair-customer-db", 345926860.8]}, {"t": 1699149540, "d": ["acmeair-mainservice", 174051328]}, {"t": 1699149550, "d": ["jmeter", 874623385.6]}, {"t": 1699149550, "d": ["acmeair-bookingservice", 373841100.8]}, {"t": 1699149550, "d": ["acmeair-customerservice", 287591014.4]}, {"t": 1699149550, "d": ["acmeair-booking-db", 353837056]}, {"t": 1699149550, "d": ["acmeair-authservice", 351413862.4]}, {"t": 1699149550, "d": ["acmeair-flightservice", 213438779.076924]}, {"t": 1699149550, "d": ["acmeair-flight-db", 279520665.6]}, {"t": 1699149550, "d": ["acmeair-customer-db", 345882214.4]}, {"t": 1699149550, "d": ["acmeair-mainservice", 174051328]}, {"t": 1699149560, "d": ["jmeter", 871648051.2]}, {"t": 1699149560, "d": ["acmeair-bookingservice", 272750299.428572]}, {"t": 1699149560, "d": ["acmeair-customerservice", 211682099.2]}, {"t": 1699149560, "d": ["acmeair-booking-db", 353712537.6]}, {"t": 1699149560, "d": ["acmeair-authservice", 351416320]}, {"t": 1699149560, "d": ["acmeair-flightservice", 219099738.352942]}, {"t": 1699149560, "d": ["acmeair-flight-db", 279519846.4]}, {"t": 1699149560, "d": ["acmeair-customer-db", 346015744]}, {"t": 1699149560, "d": ["acmeair-mainservice", 174051328]}, {"t": 1699149570, "d": ["jmeter", 538846003.2]}, {"t": 1699149570, "d": ["acmeair-bookingservice", 230457344]}, {"t": 1699149570, "d": ["acmeair-customerservice", 212189593.6]}, {"t": 1699149570, "d": ["acmeair-booking-db", 353820672]}, {"t": 1699149570, "d": ["acmeair-authservice", 351416320]}, {"t": 1699149570, "d": ["acmeair-flightservice", 235823377.066667]}, {"t": 1699149570, "d": ["acmeair-flight-db", 279520870.400001]}, {"t": 1699149570, "d": ["acmeair-customer-db", 346148864]}, {"t": 1699149570, "d": ["acmeair-mainservice", 174051328]}, {"t": 1699149580, "d": ["jmeter", 44707840]}, {"t": 1699149580, "d": ["acmeair-bookingservice", 227361996.8]}, {"t": 1699149580, "d": ["acmeair-customerservice", 213576908.8]}, {"t": 1699149580, "d": ["acmeair-booking-db", 353820672]}, {"t": 1699149580, "d": ["acmeair-authservice", 351416320]}, {"t": 1699149580, "d": ["acmeair-flightservice", 238519500.8]}, {"t": 1699149580, "d": ["acmeair-flight-db", 279521280]}, {"t": 1699149580, "d": ["acmeair-customer-db", 346148864]}, {"t": 1699149580, "d": ["acmeair-mainservice", 174051328]}, {"t": 1699149590, "d": ["jmeter", 44707840]}, {"t": 1699149590, "d": ["acmeair-bookingservice", 227014656]}, {"t": 1699149590, "d": ["acmeair-customerservice", 213324185.6]}, {"t": 1699149590, "d": ["acmeair-booking-db", 354086912]}, {"t": 1699149590, "d": ["acmeair-authservice", 351416320]}, {"t": 1699149590, "d": ["acmeair-flightservice", 238962005.333334]}, {"t": 1699149590, "d": ["acmeair-flight-db", 279521280]}, {"t": 1699149590, "d": ["acmeair-customer-db", 346148864]}, {"t": 1699149590, "d": ["acmeair-mainservice", 174051328]}, {"t": 1699149600, "d": ["jmeter", 44707840]}, {"t": 1699149600, "d": ["acmeair-bookingservice", 227053977.6]}, {"t": 1699149600, "d": ["acmeair-customerservice", 212332953.6]}, {"t": 1699149600, "d": ["acmeair-booking-db", 354086912]}, {"t": 1699149600, "d": ["acmeair-authservice", 351692800]}, {"t": 1699149600, "d": ["acmeair-flightservice", 220007030.153847]}, {"t": 1699149600, "d": ["acmeair-flight-db", 279520256]}, {"t": 1699149600, "d": ["acmeair-customer-db", 346149683.2]}, {"t": 1699149600, "d": ["acmeair-mainservice", 174051328]}, {"t": 1699149610, "d": ["jmeter", 44707840]}, {"t": 1699149610, "d": ["acmeair-bookingservice", 227732275.2]}, {"t": 1699149610, "d": ["acmeair-customerservice", 212157235.2]}, {"t": 1699149610, "d": ["acmeair-booking-db", 354120499.2]}, {"t": 1699149610, "d": ["acmeair-authservice", 351969280]}, {"t": 1699149610, "d": ["acmeair-flightservice", 213669888]}, {"t": 1699149610, "d": ["acmeair-flight-db", 279519232]}, {"t": 1699149610, "d": ["acmeair-customer-db", 346165248]}, {"t": 1699149610, "d": ["acmeair-mainservice", 174051328]}, {"t": 1699149620, "d": ["jmeter", 44707840]}, {"t": 1699149620, "d": ["acmeair-bookingservice", 227144908.8]}, {"t": 1699149620, "d": ["acmeair-customerservice", 212023705.6]}, {"t": 1699149620, "d": ["acmeair-booking-db", 354261811.2]}, {"t": 1699149620, "d": ["acmeair-authservice", 351969280]}, {"t": 1699149620, "d": ["acmeair-flightservice", 214791372.8]}, {"t": 1699149620, "d": ["acmeair-flight-db", 279517184]}, {"t": 1699149620, "d": ["acmeair-customer-db", 346179174.4]}, {"t": 1699149620, "d": ["acmeair-mainservice", 174051328]}, {"t": 1699149630, "d": ["jmeter", 44707840]}, {"t": 1699149630, "d": ["acmeair-bookingservice", 227607756.8]}, {"t": 1699149630, "d": ["acmeair-customerservice", 212093337.6]}, {"t": 1699149630, "d": ["acmeair-booking-db", 354320384]}, {"t": 1699149630, "d": ["acmeair-authservice", 351969280]}, {"t": 1699149630, "d": ["acmeair-flightservice", 214194176]}, {"t": 1699149630, "d": ["acmeair-flight-db", 279517184]}, {"t": 1699149630, "d": ["acmeair-customer-db", 346195968]}, {"t": 1699149630, "d": ["acmeair-mainservice", 174051328]}, {"t": 1699149640, "d": ["jmeter", 44707840]}, {"t": 1699149640, "d": ["acmeair-bookingservice", 227199385.6]}, {"t": 1699149640, "d": ["acmeair-customerservice", 212390297.6]}, {"t": 1699149640, "d": ["acmeair-booking-db", 354405990.4]}, {"t": 1699149640, "d": ["acmeair-authservice", 351969280]}, {"t": 1699149640, "d": ["acmeair-flightservice", 213910732.8]}, {"t": 1699149640, "d": ["acmeair-flight-db", 279517184]}, {"t": 1699149640, "d": ["acmeair-customer-db", 346216857.6]}, {"t": 1699149640, "d": ["acmeair-mainservice", 174051328]}, {"t": 1699149650, "d": ["jmeter", 44707840]}, {"t": 1699149650, "d": ["acmeair-bookingservice", 227219456]}, {"t": 1699149650, "d": ["acmeair-customerservice", 214111846.4]}, {"t": 1699149650, "d": ["acmeair-booking-db", 354518220.8]}, {"t": 1699149650, "d": ["acmeair-authservice", 351969280]}, {"t": 1699149650, "d": ["acmeair-flightservice", 213744230.4]}, {"t": 1699149650, "d": ["acmeair-flight-db", 279517184]}, {"t": 1699149650, "d": ["acmeair-customer-db", 346238976]}, {"t": 1699149650, "d": ["acmeair-mainservice", 174051328]}, {"t": 1699149660, "d": ["jmeter", 44707840]}, {"t": 1699149660, "d": ["acmeair-bookingservice", 227460710.4]}, {"t": 1699149660, "d": ["acmeair-customerservice", 215595827.2]}, {"t": 1699149660, "d": ["acmeair-booking-db", 354603008]}, {"t": 1699149660, "d": ["acmeair-authservice", 351969280]}, {"t": 1699149660, "d": ["acmeair-flightservice", 213605785.6]}, {"t": 1699149660, "d": ["acmeair-flight-db", 279519232]}, {"t": 1699149660, "d": ["acmeair-customer-db", 346238976]}, {"t": 1699149660, "d": ["acmeair-mainservice", 174051328]}, {"t": 1699149670, "d": ["jmeter", 44707840]}, {"t": 1699149670, "d": ["acmeair-bookingservice", 227477913.6]}, {"t": 1699149670, "d": ["acmeair-customerservice", 215652352]}, {"t": 1699149670, "d": ["acmeair-booking-db", 354729984]}, {"t": 1699149670, "d": ["acmeair-authservice", 351969280]}, {"t": 1699149670, "d": ["acmeair-flightservice", 213898854.4]}, {"t": 1699149670, "d": ["acmeair-flight-db", 279519232]}, {"t": 1699149670, "d": ["acmeair-customer-db", 346238976]}, {"t": 1699149670, "d": ["acmeair-mainservice", 174051328]}, {"t": 1699149680, "d": ["jmeter", 44707840]}, {"t": 1699149680, "d": ["acmeair-bookingservice", 227738828.8]}, {"t": 1699149680, "d": ["acmeair-customerservice", 215724441.6]}, {"t": 1699149680, "d": ["acmeair-booking-db", 354897920]}, {"t": 1699149680, "d": ["acmeair-authservice", 351969280]}, {"t": 1699149680, "d": ["acmeair-flightservice", 214181068.8]}, {"t": 1699149680, "d": ["acmeair-flight-db", 279519232]}, {"t": 1699149680, "d": ["acmeair-customer-db", 346238976]}, {"t": 1699149680, "d": ["acmeair-mainservice", 174051328]}, {"t": 1699149690, "d": ["jmeter", 44707840]}, {"t": 1699149690, "d": ["acmeair-bookingservice", 229002035.2]}, {"t": 1699149690, "d": ["acmeair-customerservice", 215623680]}, {"t": 1699149690, "d": ["acmeair-booking-db", 355065856]}, {"t": 1699149690, "d": ["acmeair-authservice", 351969280]}, {"t": 1699149690, "d": ["acmeair-flightservice", 213828812.8]}, {"t": 1699149690, "d": ["acmeair-flight-db", 279520256]}, {"t": 1699149690, "d": ["acmeair-customer-db", 346238976]}, {"t": 1699149690, "d": ["acmeair-mainservice", 174051328]}, {"t": 1699149700, "d": ["jmeter", 44707840]}, {"t": 1699149700, "d": ["acmeair-bookingservice", 227374284.8]}, {"t": 1699149700, "d": ["acmeair-customerservice", 216052121.6]}, {"t": 1699149700, "d": ["acmeair-booking-db", 355424256]}, {"t": 1699149700, "d": ["acmeair-authservice", 351969280]}, {"t": 1699149700, "d": ["acmeair-flightservice", 214291660.8]}, {"t": 1699149700, "d": ["acmeair-flight-db", 279521280]}, {"t": 1699149700, "d": ["acmeair-customer-db", 346238976]}, {"t": 1699149700, "d": ["acmeair-mainservice", 174051328]}, {"t": 1699149710, "d": ["jmeter", 44707840]}, {"t": 1699149710, "d": ["acmeair-bookingservice", 228073881.6]}, {"t": 1699149710, "d": ["acmeair-customerservice", 216188928]}, {"t": 1699149710, "d": ["acmeair-booking-db", 356098867.2]}, {"t": 1699149710, "d": ["acmeair-authservice", 351969280]}, {"t": 1699149710, "d": ["acmeair-flightservice", 215897497.6]}, {"t": 1699149710, "d": ["acmeair-flight-db", 279521280]}, {"t": 1699149710, "d": ["acmeair-customer-db", 346238976]}, {"t": 1699149710, "d": ["acmeair-mainservice", 174051328]}, {"t": 1699149720, "d": ["jmeter", 44707840]}, {"t": 1699149720, "d": ["acmeair-bookingservice", 227897344]}, {"t": 1699149720, "d": ["acmeair-customerservice", 216274534.4]}, {"t": 1699149720, "d": ["acmeair-booking-db", 358521241.6]}, {"t": 1699149720, "d": ["acmeair-authservice", 351969280]}, {"t": 1699149720, "d": ["acmeair-flightservice", 215342489.600001]}, {"t": 1699149720, "d": ["acmeair-flight-db", 279521280]}, {"t": 1699149720, "d": ["acmeair-customer-db", 346238976]}, {"t": 1699149720, "d": ["acmeair-mainservice", 174051328]}, {"t": 1699149730, "d": ["jmeter", 44707840]}, {"t": 1699149730, "d": ["acmeair-bookingservice", 227488972.8]}, {"t": 1699149730, "d": ["acmeair-customerservice", 216155750.4]}, {"t": 1699149730, "d": ["acmeair-booking-db", 359263846.4]}, {"t": 1699149730, "d": ["acmeair-authservice", 351969280]}, {"t": 1699149730, "d": ["acmeair-flightservice", 216895488]}, {"t": 1699149730, "d": ["acmeair-flight-db", 279521280]}, {"t": 1699149730, "d": ["acmeair-customer-db", 346238976]}, {"t": 1699149730, "d": ["acmeair-mainservice", 174051328]}, {"t": 1699149740, "d": ["jmeter", 44707840]}, {"t": 1699149740, "d": ["acmeair-bookingservice", 227523379.2]}, {"t": 1699149740, "d": ["acmeair-customerservice", 216467456]}, {"t": 1699149740, "d": ["acmeair-booking-db", 359829913.6]}, {"t": 1699149740, "d": ["acmeair-authservice", 351969280]}, {"t": 1699149740, "d": ["acmeair-flightservice", 215787110.4]}, {"t": 1699149740, "d": ["acmeair-flight-db", 279521280]}, {"t": 1699149740, "d": ["acmeair-customer-db", 346238976]}, {"t": 1699149740, "d": ["acmeair-mainservice", 174051328]}, {"t": 1699149750, "d": ["jmeter", 44707840]}, {"t": 1699149750, "d": ["acmeair-bookingservice", 227552460.8]}, {"t": 1699149750, "d": ["acmeair-customerservice", 216102502.4]}, {"t": 1699149750, "d": ["acmeair-booking-db", 362389504]}, {"t": 1699149750, "d": ["acmeair-authservice", 351969280]}, {"t": 1699149750, "d": ["acmeair-flightservice", 217122406.4]}, {"t": 1699149750, "d": ["acmeair-flight-db", 279521280]}, {"t": 1699149750, "d": ["acmeair-customer-db", 346301644.8]}, {"t": 1699149750, "d": ["acmeair-mainservice", 174051328]}, {"t": 1699149760, "d": ["jmeter", 44707840]}, {"t": 1699149760, "d": ["acmeair-bookingservice", 227590963.2]}, {"t": 1699149760, "d": ["acmeair-customerservice", 216429363.2]}, {"t": 1699149760, "d": ["acmeair-booking-db", 366458470.4]}, {"t": 1699149760, "d": ["acmeair-authservice", 351969280]}, {"t": 1699149760, "d": ["acmeair-flightservice", 216122368]}, {"t": 1699149760, "d": ["acmeair-flight-db", 279521280]}, {"t": 1699149760, "d": ["acmeair-customer-db", 346308608]}, {"t": 1699149760, "d": ["acmeair-mainservice", 174051328]}, {"t": 1699149770, "d": ["jmeter", 44707840]}, {"t": 1699149770, "d": ["acmeair-bookingservice", 227583590.4]}, {"t": 1699149770, "d": ["acmeair-customerservice", 216268800]}, {"t": 1699149770, "d": ["acmeair-booking-db", 367321088]}, {"t": 1699149770, "d": ["acmeair-authservice", 351969280]}, {"t": 1699149770, "d": ["acmeair-flightservice", 215444070.4]}, {"t": 1699149770, "d": ["acmeair-flight-db", 279521280]}, {"t": 1699149770, "d": ["acmeair-customer-db", 346308608]}, {"t": 1699149770, "d": ["acmeair-mainservice", 174051328]}, {"t": 1699149780, "d": ["jmeter", 44707840]}, {"t": 1699149780, "d": ["acmeair-bookingservice", 228023500.8]}, {"t": 1699149780, "d": ["acmeair-customerservice", 216326144]}, {"t": 1699149780, "d": ["acmeair-booking-db", 367321088]}, {"t": 1699149780, "d": ["acmeair-authservice", 351969280]}, {"t": 1699149780, "d": ["acmeair-flightservice", 217993830.4]}, {"t": 1699149780, "d": ["acmeair-flight-db", 279521280]}, {"t": 1699149780, "d": ["acmeair-customer-db", 346308608]}, {"t": 1699149780, "d": ["acmeair-mainservice", 174051328]}, {"t": 1699149790, "d": ["jmeter", 44707840]}, {"t": 1699149790, "d": ["acmeair-bookingservice", 227597926.4]}, {"t": 1699149790, "d": ["acmeair-customerservice", 216315494.4]}, {"t": 1699149790, "d": ["acmeair-booking-db", 367321088]}, {"t": 1699149790, "d": ["acmeair-authservice", 351969280]}, {"t": 1699149790, "d": ["acmeair-flightservice", 216253440]}, {"t": 1699149790, "d": ["acmeair-flight-db", 279521280]}, {"t": 1699149790, "d": ["acmeair-customer-db", 346316800]}, {"t": 1699149790, "d": ["acmeair-mainservice", 174051328]}], "start": 1699149490, "end": 1699149790}