{"data": [{"t": 1699149500, "d": ["acmeair-bookingservice", 95.970612]}, {"t": 1699149500, "d": ["acmeair-authservice", 65.457154]}, {"t": 1699149500, "d": ["acmeair-customerservice", 36.723582]}, {"t": 1699149500, "d": ["acmeair-mainservice", 32.419587]}, {"t": 1699149500, "d": ["acmeair-flightservice", 25.812531]}, {"t": 1699149510, "d": ["acmeair-bookingservice", 65.866513]}, {"t": 1699149510, "d": ["acmeair-authservice", 65.457154]}, {"t": 1699149510, "d": ["acmeair-customerservice", 30.638323]}, {"t": 1699149510, "d": ["acmeair-mainservice", 32.419587]}, {"t": 1699149510, "d": ["acmeair-flightservice", 22.575689]}, {"t": 1699149520, "d": ["acmeair-bookingservice", 55.325827]}, {"t": 1699149520, "d": ["acmeair-authservice", 65.457154]}, {"t": 1699149520, "d": ["acmeair-customerservice", 27.904371]}, {"t": 1699149520, "d": ["acmeair-mainservice", 32.419587]}, {"t": 1699149520, "d": ["acmeair-flightservice", 22.782148]}, {"t": 1699149530, "d": ["acmeair-bookingservice", 59.009387]}, {"t": 1699149530, "d": ["acmeair-authservice", 65.457154]}, {"t": 1699149530, "d": ["acmeair-customerservice", 30.721305]}, {"t": 1699149530, "d": ["acmeair-mainservice", 32.419587]}, {"t": 1699149530, "d": ["acmeair-flightservice", 27.803307]}, {"t": 1699149540, "d": ["acmeair-bookingservice", 61.281866]}, {"t": 1699149540, "d": ["acmeair-authservice", 65.455933]}, {"t": 1699149540, "d": ["acmeair-customerservice", 31.305462]}, {"t": 1699149540, "d": ["acmeair-mainservice", 32.419587]}, {"t": 1699149540, "d": ["acmeair-flightservice", 31.712316]}, {"t": 1699149550, "d": ["acmeair-bookingservice", 62.420795]}, {"t": 1699149550, "d": ["acmeair-authservice", 65.455933]}, {"t": 1699149550, "d": ["acmeair-customerservice", 30.047112]}, {"t": 1699149550, "d": ["acmeair-mainservice", 32.419587]}, {"t": 1699149550, "d": ["acmeair-flightservice", 26.480044]}, {"t": 1699149560, "d": ["acmeair-bookingservice", 40.736208]}, {"t": 1699149560, "d": ["acmeair-authservice", 65.456391]}, {"t": 1699149560, "d": ["acmeair-customerservice", 26.28591]}, {"t": 1699149560, "d": ["acmeair-mainservice", 32.419587]}, {"t": 1699149560, "d": ["acmeair-flightservice", 30.686042]}, {"t": 1699149570, "d": ["acmeair-bookingservice", 28.617351]}, {"t": 1699149570, "d": ["acmeair-authservice", 65.456391]}, {"t": 1699149570, "d": ["acmeair-customerservice", 26.348928]}, {"t": 1699149570, "d": ["acmeair-mainservice", 32.419587]}, {"t": 1699149570, "d": ["acmeair-flightservice", 35.040093]}, {"t": 1699149580, "d": ["acmeair-bookingservice", 28.232982]}, {"t": 1699149580, "d": ["acmeair-authservice", 65.456391]}, {"t": 1699149580, "d": ["acmeair-customerservice", 26.5212]}, {"t": 1699149580, "d": ["acmeair-mainservice", 32.419587]}, {"t": 1699149580, "d": ["acmeair-flightservice", 35.542806]}, {"t": 1699149590, "d": ["acmeair-bookingservice", 28.18985]}, {"t": 1699149590, "d": ["acmeair-authservice", 65.456391]}, {"t": 1699149590, "d": ["acmeair-customerservice", 26.489818]}, {"t": 1699149590, "d": ["acmeair-mainservice", 32.419587]}, {"t": 1699149590, "d": ["acmeair-flightservice", 35.63207]}, {"t": 1699149600, "d": ["acmeair-bookingservice", 28.194733]}, {"t": 1699149600, "d": ["acmeair-authservice", 65.507889]}, {"t": 1699149600, "d": ["acmeair-customerservice", 26.36673]}, {"t": 1699149600, "d": ["acmeair-mainservice", 32.419587]}, {"t": 1699149600, "d": ["acmeair-flightservice", 35.850657]}, {"t": 1699149610, "d": ["acmeair-bookingservice", 28.278962]}, {"t": 1699149610, "d": ["acmeair-authservice", 65.559388]}, {"t": 1699149610, "d": ["acmeair-customerservice", 26.34491]}, {"t": 1699149610, "d": ["acmeair-mainservice", 32.419587]}, {"t": 1699149610, "d": ["acmeair-flightservice", 39.799119]}, {"t": 1699149620, "d": ["acmeair-bookingservice", 28.206025]}, {"t": 1699149620, "d": ["acmeair-authservice", 65.559388]}, {"t": 1699149620, "d": ["acmeair-customerservice", 26.328329]}, {"t": 1699149620, "d": ["acmeair-mainservice", 32.419587]}, {"t": 1699149620, "d": ["acmeair-flightservice", 40.008011]}, {"t": 1699149630, "d": ["acmeair-bookingservice", 28.263499]}, {"t": 1699149630, "d": ["acmeair-authservice", 65.559388]}, {"t": 1699149630, "d": ["acmeair-customerservice", 26.336976]}, {"t": 1699149630, "d": ["acmeair-mainservice", 32.419587]}, {"t": 1699149630, "d": ["acmeair-flightservice", 39.896775]}, {"t": 1699149640, "d": ["acmeair-bookingservice", 28.212789]}, {"t": 1699149640, "d": ["acmeair-authservice", 65.559388]}, {"t": 1699149640, "d": ["acmeair-customerservice", 26.373851]}, {"t": 1699149640, "d": ["acmeair-mainservice", 32.419587]}, {"t": 1699149640, "d": ["acmeair-flightservice", 39.843979]}, {"t": 1699149650, "d": ["acmeair-bookingservice", 28.215282]}, {"t": 1699149650, "d": ["acmeair-authservice", 65.559388]}, {"t": 1699149650, "d": ["acmeair-customerservice", 26.587627]}, {"t": 1699149650, "d": ["acmeair-mainservice", 32.419587]}, {"t": 1699149650, "d": ["acmeair-flightservice", 39.812966]}, {"t": 1699149660, "d": ["acmeair-bookingservice", 28.24524]}, {"t": 1699149660, "d": ["acmeair-authservice", 65.559388]}, {"t": 1699149660, "d": ["acmeair-customerservice", 26.771902]}, {"t": 1699149660, "d": ["acmeair-mainservice", 32.419587]}, {"t": 1699149660, "d": ["acmeair-flightservice", 39.787179]}, {"t": 1699149670, "d": ["acmeair-bookingservice", 28.247376]}, {"t": 1699149670, "d": ["acmeair-authservice", 65.559388]}, {"t": 1699149670, "d": ["acmeair-customerservice", 26.778921]}, {"t": 1699149670, "d": ["acmeair-mainservice", 32.419587]}, {"t": 1699149670, "d": ["acmeair-flightservice", 39.841767]}, {"t": 1699149680, "d": ["acmeair-bookingservice", 28.279775]}, {"t": 1699149680, "d": ["acmeair-authservice", 65.559388]}, {"t": 1699149680, "d": ["acmeair-customerservice", 26.787873]}, {"t": 1699149680, "d": ["acmeair-mainservice", 32.419587]}, {"t": 1699149680, "d": ["acmeair-flightservice", 39.894333]}, {"t": 1699149690, "d": ["acmeair-bookingservice", 28.436636]}, {"t": 1699149690, "d": ["acmeair-authservice", 65.559388]}, {"t": 1699149690, "d": ["acmeair-customerservice", 26.775361]}, {"t": 1699149690, "d": ["acmeair-mainservice", 32.419587]}, {"t": 1699149690, "d": ["acmeair-flightservice", 39.828721]}, {"t": 1699149700, "d": ["acmeair-bookingservice", 28.234508]}, {"t": 1699149700, "d": ["acmeair-authservice", 65.559388]}, {"t": 1699149700, "d": ["acmeair-customerservice", 26.828563]}, {"t": 1699149700, "d": ["acmeair-mainservice", 32.419587]}, {"t": 1699149700, "d": ["acmeair-flightservice", 39.914933]}, {"t": 1699149710, "d": ["acmeair-bookingservice", 28.321381]}, {"t": 1699149710, "d": ["acmeair-authservice", 65.559388]}, {"t": 1699149710, "d": ["acmeair-customerservice", 26.845551]}, {"t": 1699149710, "d": ["acmeair-mainservice", 32.419587]}, {"t": 1699149710, "d": ["acmeair-flightservice", 40.214043]}, {"t": 1699149720, "d": ["acmeair-bookingservice", 28.299459]}, {"t": 1699149720, "d": ["acmeair-authservice", 65.559388]}, {"t": 1699149720, "d": ["acmeair-customerservice", 26.856181]}, {"t": 1699149720, "d": ["acmeair-mainservice", 32.419587]}, {"t": 1699149720, "d": ["acmeair-flightservice", 40.110665]}, {"t": 1699149730, "d": ["acmeair-bookingservice", 28.248749]}, {"t": 1699149730, "d": ["acmeair-authservice", 65.559388]}, {"t": 1699149730, "d": ["acmeair-customerservice", 26.841431]}, {"t": 1699149730, "d": ["acmeair-mainservice", 32.419587]}, {"t": 1699149730, "d": ["acmeair-flightservice", 40.399933]}, {"t": 1699149740, "d": ["acmeair-bookingservice", 28.253022]}, {"t": 1699149740, "d": ["acmeair-authservice", 65.559388]}, {"t": 1699149740, "d": ["acmeair-customerservice", 26.880138]}, {"t": 1699149740, "d": ["acmeair-mainservice", 32.419587]}, {"t": 1699149740, "d": ["acmeair-flightservice", 40.193482]}, {"t": 1699149750, "d": ["acmeair-bookingservice", 28.256633]}, {"t": 1699149750, "d": ["acmeair-authservice", 65.559388]}, {"t": 1699149750, "d": ["acmeair-customerservice", 26.834819]}, {"t": 1699149750, "d": ["acmeair-mainservice", 32.419587]}, {"t": 1699149750, "d": ["acmeair-flightservice", 40.4422]}, {"t": 1699149760, "d": ["acmeair-bookingservice", 28.261414]}, {"t": 1699149760, "d": ["acmeair-authservice", 65.559388]}, {"t": 1699149760, "d": ["acmeair-customerservice", 26.875407]}, {"t": 1699149760, "d": ["acmeair-mainservice", 32.419587]}, {"t": 1699149760, "d": ["acmeair-flightservice", 40.255929]}, {"t": 1699149770, "d": ["acmeair-bookingservice", 28.260499]}, {"t": 1699149770, "d": ["acmeair-authservice", 65.559388]}, {"t": 1699149770, "d": ["acmeair-customerservice", 26.855469]}, {"t": 1699149770, "d": ["acmeair-mainservice", 32.419587]}, {"t": 1699149770, "d": ["acmeair-flightservice", 40.129586]}, {"t": 1699149780, "d": ["acmeair-bookingservice", 28.315125]}, {"t": 1699149780, "d": ["acmeair-authservice", 65.559388]}, {"t": 1699149780, "d": ["acmeair-customerservice", 26.86259]}, {"t": 1699149780, "d": ["acmeair-mainservice", 32.419587]}, {"t": 1699149780, "d": ["acmeair-flightservice", 40.604516]}, {"t": 1699149790, "d": ["acmeair-bookingservice", 28.262279]}, {"t": 1699149790, "d": ["acmeair-authservice", 65.559388]}, {"t": 1699149790, "d": ["acmeair-customerservice", 26.861268]}, {"t": 1699149790, "d": ["acmeair-mainservice", 32.419587]}, {"t": 1699149790, "d": ["acmeair-flightservice", 40.280343]}], "start": 1699149490, "end": 1699149790}