{"data": [{"t": 1699149500, "d": ["acmeair-booking-db", 0]}, {"t": 1699149500, "d": ["acmeair-customer-db", 11]}, {"t": 1699149500, "d": ["acmeair-flight-db", 8.666667]}, {"t": 1699149510, "d": ["acmeair-booking-db", 0]}, {"t": 1699149510, "d": ["acmeair-customer-db", 11.157895]}, {"t": 1699149510, "d": ["acmeair-flight-db", 8.28]}, {"t": 1699149520, "d": ["acmeair-booking-db", 18]}, {"t": 1699149520, "d": ["acmeair-customer-db", 12]}, {"t": 1699149520, "d": ["acmeair-flight-db", 6.35]}, {"t": 1699149530, "d": ["acmeair-booking-db", 0]}, {"t": 1699149530, "d": ["acmeair-customer-db", 12]}, {"t": 1699149530, "d": ["acmeair-flight-db", 6.05]}, {"t": 1699149540, "d": ["acmeair-booking-db", 0]}, {"t": 1699149540, "d": ["acmeair-customer-db", 12.2]}, {"t": 1699149540, "d": ["acmeair-flight-db", 5.1]}, {"t": 1699149550, "d": ["acmeair-booking-db", 0]}, {"t": 1699149550, "d": ["acmeair-customer-db", 6.8]}, {"t": 1699149550, "d": ["acmeair-flight-db", 5.25]}, {"t": 1699149560, "d": ["acmeair-booking-db", 0]}, {"t": 1699149560, "d": ["acmeair-customer-db", 7]}, {"t": 1699149560, "d": ["acmeair-flight-db", 5.2]}, {"t": 1699149570, "d": ["acmeair-booking-db", 0]}, {"t": 1699149570, "d": ["acmeair-customer-db", 7]}, {"t": 1699149570, "d": ["acmeair-flight-db", 6.1]}, {"t": 1699149580, "d": ["acmeair-booking-db", 0]}, {"t": 1699149580, "d": ["acmeair-customer-db", 7]}, {"t": 1699149580, "d": ["acmeair-flight-db", 6.5]}, {"t": 1699149590, "d": ["acmeair-booking-db", 0]}, {"t": 1699149590, "d": ["acmeair-customer-db", 7]}, {"t": 1699149590, "d": ["acmeair-flight-db", 6.5]}, {"t": 1699149600, "d": ["acmeair-booking-db", 0]}, {"t": 1699149600, "d": ["acmeair-customer-db", 7]}, {"t": 1699149600, "d": ["acmeair-flight-db", 6.2]}, {"t": 1699149610, "d": ["acmeair-booking-db", 0]}, {"t": 1699149610, "d": ["acmeair-customer-db", 7]}, {"t": 1699149610, "d": ["acmeair-flight-db", 5.35]}, {"t": 1699149620, "d": ["acmeair-booking-db", 0]}, {"t": 1699149620, "d": ["acmeair-customer-db", 7]}, {"t": 1699149620, "d": ["acmeair-flight-db", 5]}, {"t": 1699149630, "d": ["acmeair-booking-db", 0]}, {"t": 1699149630, "d": ["acmeair-customer-db", 7]}, {"t": 1699149630, "d": ["acmeair-flight-db", 5]}, {"t": 1699149640, "d": ["acmeair-booking-db", 0]}, {"t": 1699149640, "d": ["acmeair-customer-db", 7]}, {"t": 1699149640, "d": ["acmeair-flight-db", 5]}, {"t": 1699149650, "d": ["acmeair-booking-db", 0]}, {"t": 1699149650, "d": ["acmeair-customer-db", 7]}, {"t": 1699149650, "d": ["acmeair-flight-db", 5]}, {"t": 1699149660, "d": ["acmeair-booking-db", 0]}, {"t": 1699149660, "d": ["acmeair-customer-db", 7]}, {"t": 1699149660, "d": ["acmeair-flight-db", 5]}, {"t": 1699149670, "d": ["acmeair-booking-db", 0]}, {"t": 1699149670, "d": ["acmeair-customer-db", 7]}, {"t": 1699149670, "d": ["acmeair-flight-db", 5]}, {"t": 1699149680, "d": ["acmeair-booking-db", 0]}, {"t": 1699149680, "d": ["acmeair-customer-db", 7]}, {"t": 1699149680, "d": ["acmeair-flight-db", 5]}, {"t": 1699149690, "d": ["acmeair-booking-db", 0]}, {"t": 1699149690, "d": ["acmeair-customer-db", 7]}, {"t": 1699149690, "d": ["acmeair-flight-db", 5.15]}, {"t": 1699149700, "d": ["acmeair-booking-db", 0]}, {"t": 1699149700, "d": ["acmeair-customer-db", 7]}, {"t": 1699149700, "d": ["acmeair-flight-db", 5.5]}, {"t": 1699149710, "d": ["acmeair-booking-db", 7]}, {"t": 1699149710, "d": ["acmeair-customer-db", 7]}, {"t": 1699149710, "d": ["acmeair-flight-db", 5.5]}, {"t": 1699149720, "d": ["acmeair-booking-db", 0]}, {"t": 1699149720, "d": ["acmeair-customer-db", 7]}, {"t": 1699149720, "d": ["acmeair-flight-db", 5.5]}, {"t": 1699149730, "d": ["acmeair-booking-db", 0]}, {"t": 1699149730, "d": ["acmeair-customer-db", 7]}, {"t": 1699149730, "d": ["acmeair-flight-db", 5.5]}, {"t": 1699149740, "d": ["acmeair-booking-db", 0]}, {"t": 1699149740, "d": ["acmeair-customer-db", 7]}, {"t": 1699149740, "d": ["acmeair-flight-db", 5.5]}, {"t": 1699149750, "d": ["acmeair-booking-db", 0]}, {"t": 1699149750, "d": ["acmeair-customer-db", 7]}, {"t": 1699149750, "d": ["acmeair-flight-db", 5.5]}, {"t": 1699149760, "d": ["acmeair-booking-db", 0]}, {"t": 1699149760, "d": ["acmeair-customer-db", 7]}, {"t": 1699149760, "d": ["acmeair-flight-db", 5.5]}, {"t": 1699149770, "d": ["acmeair-booking-db", 0]}, {"t": 1699149770, "d": ["acmeair-customer-db", 7]}, {"t": 1699149770, "d": ["acmeair-flight-db", 5.5]}, {"t": 1699149780, "d": ["acmeair-booking-db", 0]}, {"t": 1699149780, "d": ["acmeair-customer-db", 7]}, {"t": 1699149780, "d": ["acmeair-flight-db", 5.5]}, {"t": 1699149790, "d": ["acmeair-booking-db", 0]}, {"t": 1699149790, "d": ["acmeair-customer-db", 7]}, {"t": 1699149790, "d": ["acmeair-flight-db", 5.5]}], "start": 1699149490, "end": 1699149790}