{"data": [{"t": 1699149500, "d": ["jmeter", 500]}, {"t": 1699149500, "d": ["acmeair-bookingservice", 274]}, {"t": 1699149500, "d": ["acmeair-customerservice", 50]}, {"t": 1699149500, "d": ["acmeair-authservice", 40]}, {"t": 1699149500, "d": ["acmeair-flightservice", 0]}, {"t": 1699149510, "d": ["jmeter", 500]}, {"t": 1699149510, "d": ["acmeair-bookingservice", 302]}, {"t": 1699149510, "d": ["acmeair-customerservice", 33.157895]}, {"t": 1699149510, "d": ["acmeair-authservice", 33]}, {"t": 1699149510, "d": ["acmeair-flightservice", 0]}, {"t": 1699149520, "d": ["jmeter", 587]}, {"t": 1699149520, "d": ["acmeair-bookingservice", 265]}, {"t": 1699149520, "d": ["acmeair-customerservice", 47]}, {"t": 1699149520, "d": ["acmeair-authservice", 40]}, {"t": 1699149520, "d": ["acmeair-flightservice", 11]}, {"t": 1699149530, "d": ["jmeter", 519]}, {"t": 1699149530, "d": ["acmeair-bookingservice", 357]}, {"t": 1699149530, "d": ["acmeair-customerservice", 60]}, {"t": 1699149530, "d": ["acmeair-authservice", 40]}, {"t": 1699149530, "d": ["acmeair-flightservice", 0]}, {"t": 1699149540, "d": ["jmeter", 500]}, {"t": 1699149540, "d": ["acmeair-bookingservice", 360]}, {"t": 1699149540, "d": ["acmeair-customerservice", 45.666667]}, {"t": 1699149540, "d": ["acmeair-authservice", 22]}, {"t": 1699149540, "d": ["acmeair-flightservice", 0]}, {"t": 1699149550, "d": ["jmeter", 392]}, {"t": 1699149550, "d": ["acmeair-bookingservice", 119.923077]}, {"t": 1699149550, "d": ["acmeair-customerservice", 35.461539]}, {"t": 1699149550, "d": ["acmeair-authservice", 0]}, {"t": 1699149550, "d": ["acmeair-flightservice", 0]}, {"t": 1699149560, "d": ["jmeter", 335]}, {"t": 1699149560, "d": ["acmeair-bookingservice", 28]}, {"t": 1699149560, "d": ["acmeair-customerservice", 0]}, {"t": 1699149560, "d": ["acmeair-authservice", 0]}, {"t": 1699149560, "d": ["acmeair-flightservice", 0]}, {"t": 1699149570, "d": ["jmeter", 0]}, {"t": 1699149570, "d": ["acmeair-bookingservice", 0]}, {"t": 1699149570, "d": ["acmeair-customerservice", 0]}, {"t": 1699149570, "d": ["acmeair-authservice", 0]}, {"t": 1699149570, "d": ["acmeair-flightservice", 0]}, {"t": 1699149580, "d": ["jmeter", 0]}, {"t": 1699149580, "d": ["acmeair-bookingservice", 0]}, {"t": 1699149580, "d": ["acmeair-customerservice", 0]}, {"t": 1699149580, "d": ["acmeair-authservice", 0]}, {"t": 1699149580, "d": ["acmeair-flightservice", 0]}, {"t": 1699149590, "d": ["jmeter", 0]}, {"t": 1699149590, "d": ["acmeair-bookingservice", 0]}, {"t": 1699149590, "d": ["acmeair-customerservice", 0]}, {"t": 1699149590, "d": ["acmeair-authservice", 0]}, {"t": 1699149590, "d": ["acmeair-flightservice", 0]}, {"t": 1699149600, "d": ["jmeter", 0]}, {"t": 1699149600, "d": ["acmeair-bookingservice", 0]}, {"t": 1699149600, "d": ["acmeair-customerservice", 0]}, {"t": 1699149600, "d": ["acmeair-authservice", 0]}, {"t": 1699149600, "d": ["acmeair-flightservice", 0]}, {"t": 1699149610, "d": ["jmeter", 0]}, {"t": 1699149610, "d": ["acmeair-bookingservice", 0]}, {"t": 1699149610, "d": ["acmeair-customerservice", 0]}, {"t": 1699149610, "d": ["acmeair-authservice", 0]}, {"t": 1699149610, "d": ["acmeair-flightservice", 0]}, {"t": 1699149620, "d": ["jmeter", 0]}, {"t": 1699149620, "d": ["acmeair-bookingservice", 0]}, {"t": 1699149620, "d": ["acmeair-customerservice", 0]}, {"t": 1699149620, "d": ["acmeair-authservice", 0]}, {"t": 1699149620, "d": ["acmeair-flightservice", 0]}, {"t": 1699149630, "d": ["jmeter", 0]}, {"t": 1699149630, "d": ["acmeair-bookingservice", 0]}, {"t": 1699149630, "d": ["acmeair-customerservice", 0]}, {"t": 1699149630, "d": ["acmeair-authservice", 0]}, {"t": 1699149630, "d": ["acmeair-flightservice", 0]}, {"t": 1699149640, "d": ["jmeter", 0]}, {"t": 1699149640, "d": ["acmeair-bookingservice", 0]}, {"t": 1699149640, "d": ["acmeair-customerservice", 0]}, {"t": 1699149640, "d": ["acmeair-authservice", 0]}, {"t": 1699149640, "d": ["acmeair-flightservice", 0]}, {"t": 1699149650, "d": ["jmeter", 0]}, {"t": 1699149650, "d": ["acmeair-bookingservice", 0]}, {"t": 1699149650, "d": ["acmeair-customerservice", 0]}, {"t": 1699149650, "d": ["acmeair-authservice", 0]}, {"t": 1699149650, "d": ["acmeair-flightservice", 0]}, {"t": 1699149660, "d": ["jmeter", 0]}, {"t": 1699149660, "d": ["acmeair-bookingservice", 0]}, {"t": 1699149660, "d": ["acmeair-customerservice", 0]}, {"t": 1699149660, "d": ["acmeair-authservice", 0]}, {"t": 1699149660, "d": ["acmeair-flightservice", 0]}, {"t": 1699149670, "d": ["jmeter", 0]}, {"t": 1699149670, "d": ["acmeair-bookingservice", 0]}, {"t": 1699149670, "d": ["acmeair-customerservice", 0]}, {"t": 1699149670, "d": ["acmeair-authservice", 0]}, {"t": 1699149670, "d": ["acmeair-flightservice", 0]}, {"t": 1699149680, "d": ["jmeter", 0]}, {"t": 1699149680, "d": ["acmeair-bookingservice", 0]}, {"t": 1699149680, "d": ["acmeair-customerservice", 0]}, {"t": 1699149680, "d": ["acmeair-authservice", 0]}, {"t": 1699149680, "d": ["acmeair-flightservice", 0]}, {"t": 1699149690, "d": ["jmeter", 0]}, {"t": 1699149690, "d": ["acmeair-bookingservice", 0]}, {"t": 1699149690, "d": ["acmeair-customerservice", 0]}, {"t": 1699149690, "d": ["acmeair-authservice", 0]}, {"t": 1699149690, "d": ["acmeair-flightservice", 0]}, {"t": 1699149700, "d": ["jmeter", 0]}, {"t": 1699149700, "d": ["acmeair-bookingservice", 0]}, {"t": 1699149700, "d": ["acmeair-customerservice", 0]}, {"t": 1699149700, "d": ["acmeair-authservice", 0]}, {"t": 1699149700, "d": ["acmeair-flightservice", 0]}, {"t": 1699149710, "d": ["jmeter", 0]}, {"t": 1699149710, "d": ["acmeair-bookingservice", 0]}, {"t": 1699149710, "d": ["acmeair-customerservice", 0]}, {"t": 1699149710, "d": ["acmeair-authservice", 0]}, {"t": 1699149710, "d": ["acmeair-flightservice", 0]}, {"t": 1699149720, "d": ["jmeter", 0]}, {"t": 1699149720, "d": ["acmeair-bookingservice", 0]}, {"t": 1699149720, "d": ["acmeair-customerservice", 0]}, {"t": 1699149720, "d": ["acmeair-authservice", 0]}, {"t": 1699149720, "d": ["acmeair-flightservice", 0]}, {"t": 1699149730, "d": ["jmeter", 0]}, {"t": 1699149730, "d": ["acmeair-bookingservice", 0]}, {"t": 1699149730, "d": ["acmeair-customerservice", 0]}, {"t": 1699149730, "d": ["acmeair-authservice", 0]}, {"t": 1699149730, "d": ["acmeair-flightservice", 0]}, {"t": 1699149740, "d": ["jmeter", 0]}, {"t": 1699149740, "d": ["acmeair-bookingservice", 0]}, {"t": 1699149740, "d": ["acmeair-customerservice", 0]}, {"t": 1699149740, "d": ["acmeair-authservice", 0]}, {"t": 1699149740, "d": ["acmeair-flightservice", 0]}, {"t": 1699149750, "d": ["jmeter", 0]}, {"t": 1699149750, "d": ["acmeair-bookingservice", 0]}, {"t": 1699149750, "d": ["acmeair-customerservice", 0]}, {"t": 1699149750, "d": ["acmeair-authservice", 0]}, {"t": 1699149750, "d": ["acmeair-flightservice", 0]}, {"t": 1699149760, "d": ["jmeter", 0]}, {"t": 1699149760, "d": ["acmeair-bookingservice", 0]}, {"t": 1699149760, "d": ["acmeair-customerservice", 0]}, {"t": 1699149760, "d": ["acmeair-authservice", 0]}, {"t": 1699149760, "d": ["acmeair-flightservice", 0]}, {"t": 1699149770, "d": ["jmeter", 0]}, {"t": 1699149770, "d": ["acmeair-bookingservice", 0]}, {"t": 1699149770, "d": ["acmeair-customerservice", 0]}, {"t": 1699149770, "d": ["acmeair-authservice", 0]}, {"t": 1699149770, "d": ["acmeair-flightservice", 0]}, {"t": 1699149780, "d": ["jmeter", 0]}, {"t": 1699149780, "d": ["acmeair-bookingservice", 0]}, {"t": 1699149780, "d": ["acmeair-customerservice", 0]}, {"t": 1699149780, "d": ["acmeair-authservice", 0]}, {"t": 1699149780, "d": ["acmeair-flightservice", 0]}, {"t": 1699149790, "d": ["jmeter", 0]}, {"t": 1699149790, "d": ["acmeair-bookingservice", 0]}, {"t": 1699149790, "d": ["acmeair-customerservice", 0]}, {"t": 1699149790, "d": ["acmeair-authservice", 0]}, {"t": 1699149790, "d": ["acmeair-flightservice", 0]}], "start": 1699149490, "end": 1699149790}