{"data": [{"t": 1699149500, "d": ["jmeter", 460212035]}, {"t": 1699149500, "d": ["acmeair-bookingservice", 369636639]}, {"t": 1699149500, "d": ["acmeair-customerservice", 65507761]}, {"t": 1699149500, "d": ["acmeair-flightservice", 40407837.333334]}, {"t": 1699149500, "d": ["acmeair-authservice", 32421618]}, {"t": 1699149500, "d": ["acmeair-mainservice", 300888]}, {"t": 1699149510, "d": ["jmeter", 279755417]}, {"t": 1699149510, "d": ["acmeair-bookingservice", 189904185]}, {"t": 1699149510, "d": ["acmeair-customerservice", 57363487]}, {"t": 1699149510, "d": ["acmeair-flightservice", 15827162]}, {"t": 1699149510, "d": ["acmeair-authservice", 26683086]}, {"t": 1699149510, "d": ["acmeair-mainservice", 328510]}, {"t": 1699149520, "d": ["jmeter", 2818303012]}, {"t": 1699149520, "d": ["acmeair-bookingservice", 164321573]}, {"t": 1699149520, "d": ["acmeair-customerservice", 30057590]}, {"t": 1699149520, "d": ["acmeair-flightservice", 54420927.5]}, {"t": 1699149520, "d": ["acmeair-authservice", 22908412]}, {"t": 1699149520, "d": ["acmeair-mainservice", 359650]}, {"t": 1699149530, "d": ["jmeter", 7033106406]}, {"t": 1699149530, "d": ["acmeair-bookingservice", 206019279]}, {"t": 1699149530, "d": ["acmeair-customerservice", 22931671]}, {"t": 1699149530, "d": ["acmeair-flightservice", 266344915.5]}, {"t": 1699149530, "d": ["acmeair-authservice", 28706755]}, {"t": 1699149530, "d": ["acmeair-mainservice", 343588]}, {"t": 1699149540, "d": ["jmeter", 705403685]}, {"t": 1699149540, "d": ["acmeair-bookingservice", 3208899008]}, {"t": 1699149540, "d": ["acmeair-customerservice", 1830844934.5]}, {"t": 1699149540, "d": ["acmeair-flightservice", 2245119330.666667]}, {"t": 1699149540, "d": ["acmeair-authservice", 2091664208]}, {"t": 1699149540, "d": ["acmeair-mainservice", 416678]}, {"t": 1699149550, "d": ["jmeter", 5765366068]}, {"t": 1699149550, "d": ["acmeair-bookingservice", 1551592482]}, {"t": 1699149550, "d": ["acmeair-customerservice", 411824219]}, {"t": 1699149550, "d": ["acmeair-flightservice", 46972781]}, {"t": 1699149550, "d": ["acmeair-authservice", 10675702912]}, {"t": 1699149550, "d": ["acmeair-mainservice", 333045]}, {"t": 1699149560, "d": ["jmeter", 10681106334]}, {"t": 1699149560, "d": ["acmeair-bookingservice", 1646107482.5]}, {"t": 1699149560, "d": ["acmeair-customerservice", 83525802]}, {"t": 1699149560, "d": ["acmeair-flightservice", 841022650]}, {"t": 1699149560, "d": ["acmeair-authservice", 1400195]}, {"t": 1699149560, "d": ["acmeair-mainservice", 374202]}, {"t": 1699149570, "d": ["jmeter", 11007886128]}, {"t": 1699149570, "d": ["acmeair-bookingservice", 111714726]}, {"t": 1699149570, "d": ["acmeair-customerservice", 95849794]}, {"t": 1699149570, "d": ["acmeair-flightservice", 832806826.666667]}, {"t": 1699149570, "d": ["acmeair-authservice", 1428896]}, {"t": 1699149570, "d": ["acmeair-mainservice", 322642]}, {"t": 1699149580, "d": ["jmeter", 0]}, {"t": 1699149580, "d": ["acmeair-bookingservice", 27406172]}, {"t": 1699149580, "d": ["acmeair-customerservice", 83520202]}, {"t": 1699149580, "d": ["acmeair-flightservice", 43249024.5]}, {"t": 1699149580, "d": ["acmeair-authservice", 1590921]}, {"t": 1699149580, "d": ["acmeair-mainservice", 445172]}, {"t": 1699149590, "d": ["jmeter", 0]}, {"t": 1699149590, "d": ["acmeair-bookingservice", 27500126]}, {"t": 1699149590, "d": ["acmeair-customerservice", 35845137]}, {"t": 1699149590, "d": ["acmeair-flightservice", 31855269.5]}, {"t": 1699149590, "d": ["acmeair-authservice", 1582225]}, {"t": 1699149590, "d": ["acmeair-mainservice", 523035]}, {"t": 1699149600, "d": ["jmeter", 0]}, {"t": 1699149600, "d": ["acmeair-bookingservice", 27965332]}, {"t": 1699149600, "d": ["acmeair-customerservice", 31070429]}, {"t": 1699149600, "d": ["acmeair-flightservice", 28330949]}, {"t": 1699149600, "d": ["acmeair-authservice", 1375280]}, {"t": 1699149600, "d": ["acmeair-mainservice", 311552]}, {"t": 1699149610, "d": ["jmeter", 0]}, {"t": 1699149610, "d": ["acmeair-bookingservice", 26528285]}, {"t": 1699149610, "d": ["acmeair-customerservice", 34631384]}, {"t": 1699149610, "d": ["acmeair-flightservice", 43002441]}, {"t": 1699149610, "d": ["acmeair-authservice", 1803674]}, {"t": 1699149610, "d": ["acmeair-mainservice", 302046]}, {"t": 1699149620, "d": ["jmeter", 0]}, {"t": 1699149620, "d": ["acmeair-bookingservice", 33279665]}, {"t": 1699149620, "d": ["acmeair-customerservice", 36463275]}, {"t": 1699149620, "d": ["acmeair-flightservice", 32162936.5]}, {"t": 1699149620, "d": ["acmeair-authservice", 4301197]}, {"t": 1699149620, "d": ["acmeair-mainservice", 347101]}, {"t": 1699149630, "d": ["jmeter", 0]}, {"t": 1699149630, "d": ["acmeair-bookingservice", 25230547]}, {"t": 1699149630, "d": ["acmeair-customerservice", 34633207]}, {"t": 1699149630, "d": ["acmeair-flightservice", 26768229]}, {"t": 1699149630, "d": ["acmeair-authservice", 1632515]}, {"t": 1699149630, "d": ["acmeair-mainservice", 408668]}, {"t": 1699149640, "d": ["jmeter", 0]}, {"t": 1699149640, "d": ["acmeair-bookingservice", 24064363]}, {"t": 1699149640, "d": ["acmeair-customerservice", 87954819]}, {"t": 1699149640, "d": ["acmeair-flightservice", 42134233]}, {"t": 1699149640, "d": ["acmeair-authservice", 1280005]}, {"t": 1699149640, "d": ["acmeair-mainservice", 416876]}, {"t": 1699149650, "d": ["jmeter", 0]}, {"t": 1699149650, "d": ["acmeair-bookingservice", 24676778]}, {"t": 1699149650, "d": ["acmeair-customerservice", 100464175]}, {"t": 1699149650, "d": ["acmeair-flightservice", 26677009.5]}, {"t": 1699149650, "d": ["acmeair-authservice", 1481483]}, {"t": 1699149650, "d": ["acmeair-mainservice", 344823]}, {"t": 1699149660, "d": ["jmeter", 0]}, {"t": 1699149660, "d": ["acmeair-bookingservice", 58270645]}, {"t": 1699149660, "d": ["acmeair-customerservice", 88225076]}, {"t": 1699149660, "d": ["acmeair-flightservice", 26945135.5]}, {"t": 1699149660, "d": ["acmeair-authservice", 1695330]}, {"t": 1699149660, "d": ["acmeair-mainservice", 304421]}, {"t": 1699149670, "d": ["jmeter", 0]}, {"t": 1699149670, "d": ["acmeair-bookingservice", 22850706]}, {"t": 1699149670, "d": ["acmeair-customerservice", 29920446]}, {"t": 1699149670, "d": ["acmeair-flightservice", 28458999.5]}, {"t": 1699149670, "d": ["acmeair-authservice", 1305639]}, {"t": 1699149670, "d": ["acmeair-mainservice", 430433]}, {"t": 1699149680, "d": ["jmeter", 0]}, {"t": 1699149680, "d": ["acmeair-bookingservice", 22958367]}, {"t": 1699149680, "d": ["acmeair-customerservice", 27735258]}, {"t": 1699149680, "d": ["acmeair-flightservice", 36719287.5]}, {"t": 1699149680, "d": ["acmeair-authservice", 2277137]}, {"t": 1699149680, "d": ["acmeair-mainservice", 347098]}, {"t": 1699149690, "d": ["jmeter", 0]}, {"t": 1699149690, "d": ["acmeair-bookingservice", 57146411]}, {"t": 1699149690, "d": ["acmeair-customerservice", 82552544]}, {"t": 1699149690, "d": ["acmeair-flightservice", 76505076.5]}, {"t": 1699149690, "d": ["acmeair-authservice", 1601405]}, {"t": 1699149690, "d": ["acmeair-mainservice", 484483]}, {"t": 1699149700, "d": ["jmeter", 0]}, {"t": 1699149700, "d": ["acmeair-bookingservice", 79343685]}, {"t": 1699149700, "d": ["acmeair-customerservice", 33201649]}, {"t": 1699149700, "d": ["acmeair-flightservice", 28180630]}, {"t": 1699149700, "d": ["acmeair-authservice", 1623601]}, {"t": 1699149700, "d": ["acmeair-mainservice", 481264]}, {"t": 1699149710, "d": ["jmeter", 0]}, {"t": 1699149710, "d": ["acmeair-bookingservice", 21410841]}, {"t": 1699149710, "d": ["acmeair-customerservice", 38487060]}, {"t": 1699149710, "d": ["acmeair-flightservice", 27239400]}, {"t": 1699149710, "d": ["acmeair-authservice", 1545275]}, {"t": 1699149710, "d": ["acmeair-mainservice", 345717]}, {"t": 1699149720, "d": ["jmeter", 0]}, {"t": 1699149720, "d": ["acmeair-bookingservice", 21175368]}, {"t": 1699149720, "d": ["acmeair-customerservice", 84575358]}, {"t": 1699149720, "d": ["acmeair-flightservice", 29085098]}, {"t": 1699149720, "d": ["acmeair-authservice", 4878914]}, {"t": 1699149720, "d": ["acmeair-mainservice", 362772]}, {"t": 1699149730, "d": ["jmeter", 0]}, {"t": 1699149730, "d": ["acmeair-bookingservice", 24828617]}, {"t": 1699149730, "d": ["acmeair-customerservice", 38111813]}, {"t": 1699149730, "d": ["acmeair-flightservice", 22762457]}, {"t": 1699149730, "d": ["acmeair-authservice", 1951015]}, {"t": 1699149730, "d": ["acmeair-mainservice", 302698]}, {"t": 1699149740, "d": ["jmeter", 0]}, {"t": 1699149740, "d": ["acmeair-bookingservice", 30376935]}, {"t": 1699149740, "d": ["acmeair-customerservice", 28338551]}, {"t": 1699149740, "d": ["acmeair-flightservice", 35176308.5]}, {"t": 1699149740, "d": ["acmeair-authservice", 1378036]}, {"t": 1699149740, "d": ["acmeair-mainservice", 395599]}, {"t": 1699149750, "d": ["jmeter", 0]}, {"t": 1699149750, "d": ["acmeair-bookingservice", 21504032]}, {"t": 1699149750, "d": ["acmeair-customerservice", 85115485]}, {"t": 1699149750, "d": ["acmeair-flightservice", 22928421]}, {"t": 1699149750, "d": ["acmeair-authservice", 1588493]}, {"t": 1699149750, "d": ["acmeair-mainservice", 355698]}, {"t": 1699149760, "d": ["jmeter", 0]}, {"t": 1699149760, "d": ["acmeair-bookingservice", 20097610]}, {"t": 1699149760, "d": ["acmeair-customerservice", 84493447]}, {"t": 1699149760, "d": ["acmeair-flightservice", 25533682.5]}, {"t": 1699149760, "d": ["acmeair-authservice", 1764477]}, {"t": 1699149760, "d": ["acmeair-mainservice", 410269]}, {"t": 1699149770, "d": ["jmeter", 0]}, {"t": 1699149770, "d": ["acmeair-bookingservice", 24991298]}, {"t": 1699149770, "d": ["acmeair-customerservice", 40040687]}, {"t": 1699149770, "d": ["acmeair-flightservice", 25836228]}, {"t": 1699149770, "d": ["acmeair-authservice", 1663078]}, {"t": 1699149770, "d": ["acmeair-mainservice", 503644]}, {"t": 1699149780, "d": ["jmeter", 0]}, {"t": 1699149780, "d": ["acmeair-bookingservice", 21064185]}, {"t": 1699149780, "d": ["acmeair-customerservice", 33635767]}, {"t": 1699149780, "d": ["acmeair-flightservice", 48495997]}, {"t": 1699149780, "d": ["acmeair-authservice", 1509928]}, {"t": 1699149780, "d": ["acmeair-mainservice", 491860]}, {"t": 1699149790, "d": ["jmeter", 0]}, {"t": 1699149790, "d": ["acmeair-bookingservice", 25021727]}, {"t": 1699149790, "d": ["acmeair-customerservice", 34288640]}, {"t": 1699149790, "d": ["acmeair-flightservice", 22700594.5]}, {"t": 1699149790, "d": ["acmeair-authservice", 1459707]}, {"t": 1699149790, "d": ["acmeair-mainservice", 380181]}], "start": 1699149490, "end": 1699149790}