{"data": [{"t": 1699149500, "d": ["acmeair-booking-db", 4647]}, {"t": 1699149500, "d": ["acmeair-bookingservice", 3417]}, {"t": 1699149500, "d": ["acmeair-flightservice", 3104.333334]}, {"t": 1699149500, "d": ["acmeair-customer-db", 1930.333334]}, {"t": 1699149500, "d": ["acmeair-customerservice", 981.333334]}, {"t": 1699149500, "d": ["acmeair-authservice", 280]}, {"t": 1699149500, "d": ["acmeair-flight-db", 140]}, {"t": 1699149500, "d": ["acmeair-mainservice", 0]}, {"t": 1699149500, "d": ["jmeter", 0]}, {"t": 1699149510, "d": ["acmeair-booking-db", 3348]}, {"t": 1699149510, "d": ["acmeair-bookingservice", 2322]}, {"t": 1699149510, "d": ["acmeair-flightservice", 2037.4375]}, {"t": 1699149510, "d": ["acmeair-customer-db", 1864.105264]}, {"t": 1699149510, "d": ["acmeair-customerservice", 359.151516]}, {"t": 1699149510, "d": ["acmeair-authservice", 189]}, {"t": 1699149510, "d": ["acmeair-flight-db", 126]}, {"t": 1699149510, "d": ["acmeair-mainservice", 0]}, {"t": 1699149510, "d": ["jmeter", 0]}, {"t": 1699149520, "d": ["acmeair-booking-db", 4458]}, {"t": 1699149520, "d": ["acmeair-bookingservice", 1195.5]}, {"t": 1699149520, "d": ["acmeair-flightservice", 2193.666667]}, {"t": 1699149520, "d": ["acmeair-customer-db", 5674]}, {"t": 1699149520, "d": ["acmeair-customerservice", 367.666667]}, {"t": 1699149520, "d": ["acmeair-authservice", 252]}, {"t": 1699149520, "d": ["acmeair-flight-db", 144]}, {"t": 1699149520, "d": ["acmeair-mainservice", 0]}, {"t": 1699149520, "d": ["jmeter", 0]}, {"t": 1699149530, "d": ["acmeair-booking-db", 4437]}, {"t": 1699149530, "d": ["acmeair-bookingservice", 1656.5]}, {"t": 1699149530, "d": ["acmeair-flightservice", 3027.333334]}, {"t": 1699149530, "d": ["acmeair-customer-db", 5732]}, {"t": 1699149530, "d": ["acmeair-customerservice", 946.333334]}, {"t": 1699149530, "d": ["acmeair-authservice", 229]}, {"t": 1699149530, "d": ["acmeair-flight-db", 142]}, {"t": 1699149530, "d": ["acmeair-mainservice", 0]}, {"t": 1699149530, "d": ["jmeter", 0]}, {"t": 1699149540, "d": ["acmeair-booking-db", 1785]}, {"t": 1699149540, "d": ["acmeair-bookingservice", 1639]}, {"t": 1699149540, "d": ["acmeair-flightservice", 2250.666667]}, {"t": 1699149540, "d": ["acmeair-customer-db", 2237]}, {"t": 1699149540, "d": ["acmeair-customerservice", 1192.5]}, {"t": 1699149540, "d": ["acmeair-authservice", 87]}, {"t": 1699149540, "d": ["acmeair-flight-db", 141]}, {"t": 1699149540, "d": ["acmeair-mainservice", 0]}, {"t": 1699149540, "d": ["jmeter", 0]}, {"t": 1699149550, "d": ["acmeair-booking-db", 246]}, {"t": 1699149550, "d": ["acmeair-bookingservice", 591.5]}, {"t": 1699149550, "d": ["acmeair-flightservice", 459.23077]}, {"t": 1699149550, "d": ["acmeair-customer-db", 268]}, {"t": 1699149550, "d": ["acmeair-customerservice", 555]}, {"t": 1699149550, "d": ["acmeair-authservice", 6]}, {"t": 1699149550, "d": ["acmeair-flight-db", 142]}, {"t": 1699149550, "d": ["acmeair-mainservice", 0]}, {"t": 1699149550, "d": ["jmeter", 0]}, {"t": 1699149560, "d": ["acmeair-booking-db", 140]}, {"t": 1699149560, "d": ["acmeair-bookingservice", 6]}, {"t": 1699149560, "d": ["acmeair-flightservice", 2.352942]}, {"t": 1699149560, "d": ["acmeair-customer-db", 144]}, {"t": 1699149560, "d": ["acmeair-customerservice", 2]}, {"t": 1699149560, "d": ["acmeair-authservice", 3]}, {"t": 1699149560, "d": ["acmeair-flight-db", 141]}, {"t": 1699149560, "d": ["acmeair-mainservice", 0]}, {"t": 1699149560, "d": ["jmeter", 0]}, {"t": 1699149570, "d": ["acmeair-booking-db", 140]}, {"t": 1699149570, "d": ["acmeair-bookingservice", 2]}, {"t": 1699149570, "d": ["acmeair-flightservice", 2]}, {"t": 1699149570, "d": ["acmeair-customer-db", 140]}, {"t": 1699149570, "d": ["acmeair-customerservice", 2]}, {"t": 1699149570, "d": ["acmeair-authservice", 3]}, {"t": 1699149570, "d": ["acmeair-flight-db", 142]}, {"t": 1699149570, "d": ["acmeair-mainservice", 0]}, {"t": 1699149570, "d": ["jmeter", 0]}, {"t": 1699149580, "d": ["acmeair-booking-db", 140]}, {"t": 1699149580, "d": ["acmeair-bookingservice", 2]}, {"t": 1699149580, "d": ["acmeair-flightservice", 1.333334]}, {"t": 1699149580, "d": ["acmeair-customer-db", 140]}, {"t": 1699149580, "d": ["acmeair-customerservice", 2]}, {"t": 1699149580, "d": ["acmeair-authservice", 2]}, {"t": 1699149580, "d": ["acmeair-flight-db", 140]}, {"t": 1699149580, "d": ["acmeair-mainservice", 0]}, {"t": 1699149580, "d": ["jmeter", 0]}, {"t": 1699149590, "d": ["acmeair-booking-db", 140]}, {"t": 1699149590, "d": ["acmeair-bookingservice", 2]}, {"t": 1699149590, "d": ["acmeair-flightservice", 1.333334]}, {"t": 1699149590, "d": ["acmeair-customer-db", 140]}, {"t": 1699149590, "d": ["acmeair-customerservice", 2]}, {"t": 1699149590, "d": ["acmeair-authservice", 3]}, {"t": 1699149590, "d": ["acmeair-flight-db", 140]}, {"t": 1699149590, "d": ["acmeair-mainservice", 0]}, {"t": 1699149590, "d": ["jmeter", 0]}, {"t": 1699149600, "d": ["acmeair-booking-db", 140]}, {"t": 1699149600, "d": ["acmeair-bookingservice", 2]}, {"t": 1699149600, "d": ["acmeair-flightservice", 1.538462]}, {"t": 1699149600, "d": ["acmeair-customer-db", 140]}, {"t": 1699149600, "d": ["acmeair-customerservice", 2]}, {"t": 1699149600, "d": ["acmeair-authservice", 3]}, {"t": 1699149600, "d": ["acmeair-flight-db", 140]}, {"t": 1699149600, "d": ["acmeair-mainservice", 0]}, {"t": 1699149600, "d": ["jmeter", 0]}, {"t": 1699149610, "d": ["acmeair-booking-db", 140]}, {"t": 1699149610, "d": ["acmeair-bookingservice", 2]}, {"t": 1699149610, "d": ["acmeair-flightservice", 2]}, {"t": 1699149610, "d": ["acmeair-customer-db", 140]}, {"t": 1699149610, "d": ["acmeair-customerservice", 2]}, {"t": 1699149610, "d": ["acmeair-authservice", 2]}, {"t": 1699149610, "d": ["acmeair-flight-db", 140]}, {"t": 1699149610, "d": ["acmeair-mainservice", 0]}, {"t": 1699149610, "d": ["jmeter", 0]}, {"t": 1699149620, "d": ["acmeair-booking-db", 140]}, {"t": 1699149620, "d": ["acmeair-bookingservice", 2]}, {"t": 1699149620, "d": ["acmeair-flightservice", 2]}, {"t": 1699149620, "d": ["acmeair-customer-db", 140]}, {"t": 1699149620, "d": ["acmeair-customerservice", 2]}, {"t": 1699149620, "d": ["acmeair-authservice", 3]}, {"t": 1699149620, "d": ["acmeair-flight-db", 140]}, {"t": 1699149620, "d": ["acmeair-mainservice", 0]}, {"t": 1699149620, "d": ["jmeter", 0]}, {"t": 1699149630, "d": ["acmeair-booking-db", 140]}, {"t": 1699149630, "d": ["acmeair-bookingservice", 2]}, {"t": 1699149630, "d": ["acmeair-flightservice", 2]}, {"t": 1699149630, "d": ["acmeair-customer-db", 140]}, {"t": 1699149630, "d": ["acmeair-customerservice", 2]}, {"t": 1699149630, "d": ["acmeair-authservice", 3]}, {"t": 1699149630, "d": ["acmeair-flight-db", 140]}, {"t": 1699149630, "d": ["acmeair-mainservice", 0]}, {"t": 1699149630, "d": ["jmeter", 0]}, {"t": 1699149640, "d": ["acmeair-booking-db", 140]}, {"t": 1699149640, "d": ["acmeair-bookingservice", 3]}, {"t": 1699149640, "d": ["acmeair-flightservice", 2]}, {"t": 1699149640, "d": ["acmeair-customer-db", 140]}, {"t": 1699149640, "d": ["acmeair-customerservice", 3]}, {"t": 1699149640, "d": ["acmeair-authservice", 2]}, {"t": 1699149640, "d": ["acmeair-flight-db", 140]}, {"t": 1699149640, "d": ["acmeair-mainservice", 0]}, {"t": 1699149640, "d": ["jmeter", 0]}, {"t": 1699149650, "d": ["acmeair-booking-db", 140]}, {"t": 1699149650, "d": ["acmeair-bookingservice", 2]}, {"t": 1699149650, "d": ["acmeair-flightservice", 2.5]}, {"t": 1699149650, "d": ["acmeair-customer-db", 140]}, {"t": 1699149650, "d": ["acmeair-customerservice", 2]}, {"t": 1699149650, "d": ["acmeair-authservice", 3]}, {"t": 1699149650, "d": ["acmeair-flight-db", 140]}, {"t": 1699149650, "d": ["acmeair-mainservice", 0]}, {"t": 1699149650, "d": ["jmeter", 0]}, {"t": 1699149660, "d": ["acmeair-booking-db", 140]}, {"t": 1699149660, "d": ["acmeair-bookingservice", 3]}, {"t": 1699149660, "d": ["acmeair-flightservice", 2.5]}, {"t": 1699149660, "d": ["acmeair-customer-db", 140]}, {"t": 1699149660, "d": ["acmeair-customerservice", 3]}, {"t": 1699149660, "d": ["acmeair-authservice", 3]}, {"t": 1699149660, "d": ["acmeair-flight-db", 140]}, {"t": 1699149660, "d": ["acmeair-mainservice", 0]}, {"t": 1699149660, "d": ["jmeter", 0]}, {"t": 1699149670, "d": ["acmeair-booking-db", 140]}, {"t": 1699149670, "d": ["acmeair-bookingservice", 3]}, {"t": 1699149670, "d": ["acmeair-flightservice", 2]}, {"t": 1699149670, "d": ["acmeair-customer-db", 140]}, {"t": 1699149670, "d": ["acmeair-customerservice", 3]}, {"t": 1699149670, "d": ["acmeair-authservice", 2]}, {"t": 1699149670, "d": ["acmeair-flight-db", 140.5]}, {"t": 1699149670, "d": ["acmeair-mainservice", 0]}, {"t": 1699149670, "d": ["jmeter", 0]}, {"t": 1699149680, "d": ["acmeair-booking-db", 140]}, {"t": 1699149680, "d": ["acmeair-bookingservice", 2]}, {"t": 1699149680, "d": ["acmeair-flightservice", 3]}, {"t": 1699149680, "d": ["acmeair-customer-db", 140]}, {"t": 1699149680, "d": ["acmeair-customerservice", 2]}, {"t": 1699149680, "d": ["acmeair-authservice", 3]}, {"t": 1699149680, "d": ["acmeair-flight-db", 140]}, {"t": 1699149680, "d": ["acmeair-mainservice", 0]}, {"t": 1699149680, "d": ["jmeter", 0]}, {"t": 1699149690, "d": ["acmeair-booking-db", 140]}, {"t": 1699149690, "d": ["acmeair-bookingservice", 3]}, {"t": 1699149690, "d": ["acmeair-flightservice", 2.5]}, {"t": 1699149690, "d": ["acmeair-customer-db", 140]}, {"t": 1699149690, "d": ["acmeair-customerservice", 3]}, {"t": 1699149690, "d": ["acmeair-authservice", 3]}, {"t": 1699149690, "d": ["acmeair-flight-db", 141]}, {"t": 1699149690, "d": ["acmeair-mainservice", 0]}, {"t": 1699149690, "d": ["jmeter", 0]}, {"t": 1699149700, "d": ["acmeair-booking-db", 140]}, {"t": 1699149700, "d": ["acmeair-bookingservice", 3]}, {"t": 1699149700, "d": ["acmeair-flightservice", 2.5]}, {"t": 1699149700, "d": ["acmeair-customer-db", 140]}, {"t": 1699149700, "d": ["acmeair-customerservice", 3]}, {"t": 1699149700, "d": ["acmeair-authservice", 2]}, {"t": 1699149700, "d": ["acmeair-flight-db", 140]}, {"t": 1699149700, "d": ["acmeair-mainservice", 0]}, {"t": 1699149700, "d": ["jmeter", 0]}, {"t": 1699149710, "d": ["acmeair-booking-db", 140]}, {"t": 1699149710, "d": ["acmeair-bookingservice", 2]}, {"t": 1699149710, "d": ["acmeair-flightservice", 3]}, {"t": 1699149710, "d": ["acmeair-customer-db", 140]}, {"t": 1699149710, "d": ["acmeair-customerservice", 2]}, {"t": 1699149710, "d": ["acmeair-authservice", 3]}, {"t": 1699149710, "d": ["acmeair-flight-db", 140]}, {"t": 1699149710, "d": ["acmeair-mainservice", 0]}, {"t": 1699149710, "d": ["jmeter", 0]}, {"t": 1699149720, "d": ["acmeair-booking-db", 140]}, {"t": 1699149720, "d": ["acmeair-bookingservice", 3]}, {"t": 1699149720, "d": ["acmeair-flightservice", 2.5]}, {"t": 1699149720, "d": ["acmeair-customer-db", 140]}, {"t": 1699149720, "d": ["acmeair-customerservice", 3]}, {"t": 1699149720, "d": ["acmeair-authservice", 3]}, {"t": 1699149720, "d": ["acmeair-flight-db", 140.5]}, {"t": 1699149720, "d": ["acmeair-mainservice", 0]}, {"t": 1699149720, "d": ["jmeter", 0]}, {"t": 1699149730, "d": ["acmeair-booking-db", 140]}, {"t": 1699149730, "d": ["acmeair-bookingservice", 3]}, {"t": 1699149730, "d": ["acmeair-flightservice", 2.5]}, {"t": 1699149730, "d": ["acmeair-customer-db", 140]}, {"t": 1699149730, "d": ["acmeair-customerservice", 3]}, {"t": 1699149730, "d": ["acmeair-authservice", 2]}, {"t": 1699149730, "d": ["acmeair-flight-db", 140.5]}, {"t": 1699149730, "d": ["acmeair-mainservice", 0]}, {"t": 1699149730, "d": ["jmeter", 0]}, {"t": 1699149740, "d": ["acmeair-booking-db", 140]}, {"t": 1699149740, "d": ["acmeair-bookingservice", 2]}, {"t": 1699149740, "d": ["acmeair-flightservice", 3]}, {"t": 1699149740, "d": ["acmeair-customer-db", 140]}, {"t": 1699149740, "d": ["acmeair-customerservice", 2]}, {"t": 1699149740, "d": ["acmeair-authservice", 3]}, {"t": 1699149740, "d": ["acmeair-flight-db", 140]}, {"t": 1699149740, "d": ["acmeair-mainservice", 0]}, {"t": 1699149740, "d": ["jmeter", 0]}, {"t": 1699149750, "d": ["acmeair-booking-db", 140]}, {"t": 1699149750, "d": ["acmeair-bookingservice", 3]}, {"t": 1699149750, "d": ["acmeair-flightservice", 2.5]}, {"t": 1699149750, "d": ["acmeair-customer-db", 140]}, {"t": 1699149750, "d": ["acmeair-customerservice", 3]}, {"t": 1699149750, "d": ["acmeair-authservice", 3]}, {"t": 1699149750, "d": ["acmeair-flight-db", 140.5]}, {"t": 1699149750, "d": ["acmeair-mainservice", 0]}, {"t": 1699149750, "d": ["jmeter", 0]}, {"t": 1699149760, "d": ["acmeair-booking-db", 140]}, {"t": 1699149760, "d": ["acmeair-bookingservice", 3]}, {"t": 1699149760, "d": ["acmeair-flightservice", 2.5]}, {"t": 1699149760, "d": ["acmeair-customer-db", 140]}, {"t": 1699149760, "d": ["acmeair-customerservice", 3]}, {"t": 1699149760, "d": ["acmeair-authservice", 2]}, {"t": 1699149760, "d": ["acmeair-flight-db", 140.5]}, {"t": 1699149760, "d": ["acmeair-mainservice", 0]}, {"t": 1699149760, "d": ["jmeter", 0]}, {"t": 1699149770, "d": ["acmeair-booking-db", 140]}, {"t": 1699149770, "d": ["acmeair-bookingservice", 2]}, {"t": 1699149770, "d": ["acmeair-flightservice", 3]}, {"t": 1699149770, "d": ["acmeair-customer-db", 140]}, {"t": 1699149770, "d": ["acmeair-customerservice", 2]}, {"t": 1699149770, "d": ["acmeair-authservice", 3]}, {"t": 1699149770, "d": ["acmeair-flight-db", 140]}, {"t": 1699149770, "d": ["acmeair-mainservice", 0]}, {"t": 1699149770, "d": ["jmeter", 0]}, {"t": 1699149780, "d": ["acmeair-booking-db", 140]}, {"t": 1699149780, "d": ["acmeair-bookingservice", 3]}, {"t": 1699149780, "d": ["acmeair-flightservice", 2.5]}, {"t": 1699149780, "d": ["acmeair-customer-db", 140]}, {"t": 1699149780, "d": ["acmeair-customerservice", 3]}, {"t": 1699149780, "d": ["acmeair-authservice", 3]}, {"t": 1699149780, "d": ["acmeair-flight-db", 140.5]}, {"t": 1699149780, "d": ["acmeair-mainservice", 0]}, {"t": 1699149780, "d": ["jmeter", 0]}, {"t": 1699149790, "d": ["acmeair-booking-db", 140]}, {"t": 1699149790, "d": ["acmeair-bookingservice", 3]}, {"t": 1699149790, "d": ["acmeair-flightservice", 2.5]}, {"t": 1699149790, "d": ["acmeair-customer-db", 140]}, {"t": 1699149790, "d": ["acmeair-customerservice", 3]}, {"t": 1699149790, "d": ["acmeair-authservice", 2]}, {"t": 1699149790, "d": ["acmeair-flight-db", 140]}, {"t": 1699149790, "d": ["acmeair-mainservice", 0]}, {"t": 1699149790, "d": ["jmeter", 0]}], "start": 1699149490, "end": 1699149790}