{"data": [{"t": 1697856410, "d": ["acmeair-bookingservice", 1.696001]}, {"t": 1697856410, "d": ["acmeair-customerservice", 1.475]}, {"t": 1697856410, "d": ["acmeair-authservice", 1.417]}, {"t": 1697856410, "d": ["acmeair-flightservice", 1.067]}, {"t": 1697856410, "d": ["acmeair-mainservice", 1.017]}, {"t": 1697856420, "d": ["acmeair-bookingservice", 1.938]}, {"t": 1697856420, "d": ["acmeair-customerservice", 1.483]}, {"t": 1697856420, "d": ["acmeair-authservice", 1.430001]}, {"t": 1697856420, "d": ["acmeair-flightservice", 1.06]}, {"t": 1697856420, "d": ["acmeair-mainservice", 0.956001]}, {"t": 1697856430, "d": ["acmeair-bookingservice", 1.835001]}, {"t": 1697856430, "d": ["acmeair-customerservice", 1.425]}, {"t": 1697856430, "d": ["acmeair-authservice", 1.393]}, {"t": 1697856430, "d": ["acmeair-flightservice", 1.078]}, {"t": 1697856430, "d": ["acmeair-mainservice", 0.986]}, {"t": 1697856440, "d": ["acmeair-bookingservice", 1.964]}, {"t": 1697856440, "d": ["acmeair-customerservice", 1.45]}, {"t": 1697856440, "d": ["acmeair-authservice", 1.389]}, {"t": 1697856440, "d": ["acmeair-flightservice", 1.085]}, {"t": 1697856440, "d": ["acmeair-mainservice", 0.979]}, {"t": 1697856450, "d": ["acmeair-bookingservice", 1.604]}, {"t": 1697856450, "d": ["acmeair-customerservice", 1.430001]}, {"t": 1697856450, "d": ["acmeair-authservice", 1.447]}, {"t": 1697856450, "d": ["acmeair-flightservice", 1.082]}, {"t": 1697856450, "d": ["acmeair-mainservice", 0.993]}, {"t": 1697856460, "d": ["acmeair-bookingservice", 1.638]}, {"t": 1697856460, "d": ["acmeair-customerservice", 1.444]}, {"t": 1697856460, "d": ["acmeair-authservice", 1.377]}, {"t": 1697856460, "d": ["acmeair-flightservice", 1.003]}, {"t": 1697856460, "d": ["acmeair-mainservice", 0.976]}, {"t": 1697856470, "d": ["acmeair-bookingservice", 1.55]}, {"t": 1697856470, "d": ["acmeair-customerservice", 1.442]}, {"t": 1697856470, "d": ["acmeair-authservice", 1.423]}, {"t": 1697856470, "d": ["acmeair-flightservice", 1.009]}, {"t": 1697856470, "d": ["acmeair-mainservice", 0.916]}, {"t": 1697856480, "d": ["acmeair-bookingservice", 1.561]}, {"t": 1697856480, "d": ["acmeair-customerservice", 1.522]}, {"t": 1697856480, "d": ["acmeair-authservice", 1.41]}, {"t": 1697856480, "d": ["acmeair-flightservice", 0.99]}, {"t": 1697856480, "d": ["acmeair-mainservice", 0.973001]}, {"t": 1697856490, "d": ["acmeair-bookingservice", 1.561]}, {"t": 1697856490, "d": ["acmeair-customerservice", 1.397]}, {"t": 1697856490, "d": ["acmeair-authservice", 1.426]}, {"t": 1697856490, "d": ["acmeair-flightservice", 0.963001]}, {"t": 1697856490, "d": ["acmeair-mainservice", 0.928]}, {"t": 1697856500, "d": ["acmeair-bookingservice", 1.494]}, {"t": 1697856500, "d": ["acmeair-customerservice", 1.428]}, {"t": 1697856500, "d": ["acmeair-authservice", 1.412]}, {"t": 1697856500, "d": ["acmeair-flightservice", 0.983]}, {"t": 1697856500, "d": ["acmeair-mainservice", 0.909]}, {"t": 1697856510, "d": ["acmeair-bookingservice", 2.286]}, {"t": 1697856510, "d": ["acmeair-customerservice", 1.439]}, {"t": 1697856510, "d": ["acmeair-authservice", 1.403]}, {"t": 1697856510, "d": ["acmeair-flightservice", 0.999]}, {"t": 1697856510, "d": ["acmeair-mainservice", 0.936]}, {"t": 1697856520, "d": ["acmeair-bookingservice", 3.215]}, {"t": 1697856520, "d": ["acmeair-customerservice", 1.439]}, {"t": 1697856520, "d": ["acmeair-authservice", 1.46]}, {"t": 1697856520, "d": ["acmeair-flightservice", 0.972001]}, {"t": 1697856520, "d": ["acmeair-mainservice", 0.928]}, {"t": 1697856530, "d": ["acmeair-bookingservice", 1.558]}, {"t": 1697856530, "d": ["acmeair-customerservice", 1.373]}, {"t": 1697856530, "d": ["acmeair-authservice", 1.372]}, {"t": 1697856530, "d": ["acmeair-flightservice", 1.074]}, {"t": 1697856530, "d": ["acmeair-mainservice", 0.941001]}, {"t": 1697856540, "d": ["acmeair-bookingservice", 2.099]}, {"t": 1697856540, "d": ["acmeair-customerservice", 1.305001]}, {"t": 1697856540, "d": ["acmeair-authservice", 1.307]}, {"t": 1697856540, "d": ["acmeair-flightservice", 1.123]}, {"t": 1697856540, "d": ["acmeair-mainservice", 0.925]}, {"t": 1697856550, "d": ["acmeair-bookingservice", 1.617001]}, {"t": 1697856550, "d": ["acmeair-customerservice", 1.436]}, {"t": 1697856550, "d": ["acmeair-authservice", 1.432]}, {"t": 1697856550, "d": ["acmeair-flightservice", 0.944]}, {"t": 1697856550, "d": ["acmeair-mainservice", 0.963001]}, {"t": 1697856560, "d": ["acmeair-bookingservice", 1.659]}, {"t": 1697856560, "d": ["acmeair-customerservice", 1.512]}, {"t": 1697856560, "d": ["acmeair-authservice", 1.499]}, {"t": 1697856560, "d": ["acmeair-flightservice", 1.011]}, {"t": 1697856560, "d": ["acmeair-mainservice", 0.969]}, {"t": 1697856570, "d": ["acmeair-bookingservice", 1.578]}, {"t": 1697856570, "d": ["acmeair-customerservice", 1.462]}, {"t": 1697856570, "d": ["acmeair-authservice", 1.437]}, {"t": 1697856570, "d": ["acmeair-flightservice", 1.001]}, {"t": 1697856570, "d": ["acmeair-mainservice", 0.919]}, {"t": 1697856580, "d": ["acmeair-bookingservice", 1.575]}, {"t": 1697856580, "d": ["acmeair-customerservice", 1.439]}, {"t": 1697856580, "d": ["acmeair-authservice", 1.456]}, {"t": 1697856580, "d": ["acmeair-flightservice", 1.003]}, {"t": 1697856580, "d": ["acmeair-mainservice", 0.886]}, {"t": 1697856590, "d": ["acmeair-bookingservice", 7.421]}, {"t": 1697856590, "d": ["acmeair-customerservice", 1.46]}, {"t": 1697856590, "d": ["acmeair-authservice", 1.46]}, {"t": 1697856590, "d": ["acmeair-flightservice", 1.041]}, {"t": 1697856590, "d": ["acmeair-mainservice", 0.961]}, {"t": 1697856600, "d": ["acmeair-bookingservice", 1.772]}, {"t": 1697856600, "d": ["acmeair-customerservice", 1.454]}, {"t": 1697856600, "d": ["acmeair-authservice", 1.408]}, {"t": 1697856600, "d": ["acmeair-flightservice", 1.007001]}, {"t": 1697856600, "d": ["acmeair-mainservice", 0.92]}, {"t": 1697856610, "d": ["acmeair-bookingservice", 1.593]}, {"t": 1697856610, "d": ["acmeair-customerservice", 1.445]}, {"t": 1697856610, "d": ["acmeair-authservice", 1.42]}, {"t": 1697856610, "d": ["acmeair-flightservice", 0.988001]}, {"t": 1697856610, "d": ["acmeair-mainservice", 0.989001]}, {"t": 1697856620, "d": ["acmeair-bookingservice", 1.461]}, {"t": 1697856620, "d": ["acmeair-customerservice", 1.517]}, {"t": 1697856620, "d": ["acmeair-authservice", 1.429]}, {"t": 1697856620, "d": ["acmeair-flightservice", 1.043]}, {"t": 1697856620, "d": ["acmeair-mainservice", 0.988001]}, {"t": 1697856630, "d": ["acmeair-bookingservice", 1.682]}, {"t": 1697856630, "d": ["acmeair-customerservice", 1.554]}, {"t": 1697856630, "d": ["acmeair-authservice", 1.419]}, {"t": 1697856630, "d": ["acmeair-flightservice", 0.996001]}, {"t": 1697856630, "d": ["acmeair-mainservice", 0.954]}, {"t": 1697856640, "d": ["acmeair-bookingservice", 2.328001]}, {"t": 1697856640, "d": ["acmeair-customerservice", 1.462]}, {"t": 1697856640, "d": ["acmeair-authservice", 1.378]}, {"t": 1697856640, "d": ["acmeair-flightservice", 1.06]}, {"t": 1697856640, "d": ["acmeair-mainservice", 0.975]}, {"t": 1697856650, "d": ["acmeair-bookingservice", 1.535]}, {"t": 1697856650, "d": ["acmeair-customerservice", 1.539001]}, {"t": 1697856650, "d": ["acmeair-authservice", 1.402]}, {"t": 1697856650, "d": ["acmeair-flightservice", 1.051]}, {"t": 1697856650, "d": ["acmeair-mainservice", 0.978]}, {"t": 1697856660, "d": ["acmeair-bookingservice", 1.476]}, {"t": 1697856660, "d": ["acmeair-customerservice", 1.468]}, {"t": 1697856660, "d": ["acmeair-authservice", 1.452]}, {"t": 1697856660, "d": ["acmeair-flightservice", 1.097]}, {"t": 1697856660, "d": ["acmeair-mainservice", 0.938001]}, {"t": 1697856670, "d": ["acmeair-bookingservice", 1.873]}, {"t": 1697856670, "d": ["acmeair-customerservice", 1.459]}, {"t": 1697856670, "d": ["acmeair-authservice", 1.406001]}, {"t": 1697856670, "d": ["acmeair-flightservice", 0.998]}, {"t": 1697856670, "d": ["acmeair-mainservice", 0.92]}, {"t": 1697856680, "d": ["acmeair-bookingservice", 2.245]}, {"t": 1697856680, "d": ["acmeair-customerservice", 1.488]}, {"t": 1697856680, "d": ["acmeair-authservice", 1.501]}, {"t": 1697856680, "d": ["acmeair-flightservice", 1.055001]}, {"t": 1697856680, "d": ["acmeair-mainservice", 0.832001]}, {"t": 1697856690, "d": ["acmeair-bookingservice", 1.712001]}, {"t": 1697856690, "d": ["acmeair-customerservice", 1.52]}, {"t": 1697856690, "d": ["acmeair-authservice", 1.446001]}, {"t": 1697856690, "d": ["acmeair-flightservice", 1.055001]}, {"t": 1697856690, "d": ["acmeair-mainservice", 0.911]}, {"t": 1697856700, "d": ["acmeair-bookingservice", 1.4]}, {"t": 1697856700, "d": ["acmeair-customerservice", 1.498]}, {"t": 1697856700, "d": ["acmeair-authservice", 1.494]}, {"t": 1697856700, "d": ["acmeair-flightservice", 1.017]}, {"t": 1697856700, "d": ["acmeair-mainservice", 0.97]}], "start": 1697856400, "end": 1697856700}