{"data": [{"t": 1697856430, "d": ["acmeair-bookingservice", 187442476.8]}, {"t": 1697856430, "d": ["acmeair-customerservice", 128116320]}, {"t": 1697856430, "d": ["acmeair-flightservice", 86196884.8]}, {"t": 1697856430, "d": ["acmeair-authservice", 80929432]}, {"t": 1697856430, "d": ["acmeair-mainservice", 45053609.6]}, {"t": 1697856440, "d": ["acmeair-bookingservice", 189064492.8]}, {"t": 1697856440, "d": ["acmeair-customerservice", 129701062.4]}, {"t": 1697856440, "d": ["acmeair-flightservice", 87589524.8]}, {"t": 1697856440, "d": ["acmeair-authservice", 82397848]}, {"t": 1697856440, "d": ["acmeair-mainservice", 46050576]}, {"t": 1697856450, "d": ["acmeair-bookingservice", 190597216]}, {"t": 1697856450, "d": ["acmeair-customerservice", 131135072]}, {"t": 1697856450, "d": ["acmeair-flightservice", 89102177.6]}, {"t": 1697856450, "d": ["acmeair-authservice", 82847083.2]}, {"t": 1697856450, "d": ["acmeair-mainservice", 46898857.6]}, {"t": 1697856460, "d": ["acmeair-bookingservice", 192038188.8]}, {"t": 1697856460, "d": ["acmeair-customerservice", 132755040]}, {"t": 1697856460, "d": ["acmeair-flightservice", 90623022.4]}, {"t": 1697856460, "d": ["acmeair-authservice", 80275640]}, {"t": 1697856460, "d": ["acmeair-mainservice", 47737718.4]}, {"t": 1697856470, "d": ["acmeair-bookingservice", 193528313.6]}, {"t": 1697856470, "d": ["acmeair-customerservice", 134249670.4]}, {"t": 1697856470, "d": ["acmeair-flightservice", 92053345.6]}, {"t": 1697856470, "d": ["acmeair-authservice", 81756344]}, {"t": 1697856470, "d": ["acmeair-mainservice", 48701916.8]}, {"t": 1697856480, "d": ["acmeair-bookingservice", 195144595.2]}, {"t": 1697856480, "d": ["acmeair-customerservice", 129813376.8]}, {"t": 1697856480, "d": ["acmeair-flightservice", 93625390.4]}, {"t": 1697856480, "d": ["acmeair-authservice", 83207134.4]}, {"t": 1697856480, "d": ["acmeair-mainservice", 49594025.6]}, {"t": 1697856490, "d": ["acmeair-bookingservice", 196621203.2]}, {"t": 1697856490, "d": ["acmeair-customerservice", 125484808]}, {"t": 1697856490, "d": ["acmeair-flightservice", 95109780.8]}, {"t": 1697856490, "d": ["acmeair-authservice", 81118145.6]}, {"t": 1697856490, "d": ["acmeair-mainservice", 50487772.8]}, {"t": 1697856500, "d": ["acmeair-bookingservice", 198037190.4]}, {"t": 1697856500, "d": ["acmeair-customerservice", 127031048]}, {"t": 1697856500, "d": ["acmeair-flightservice", 96595400]}, {"t": 1697856500, "d": ["acmeair-authservice", 81069412.8]}, {"t": 1697856500, "d": ["acmeair-mainservice", 51394627.2]}, {"t": 1697856510, "d": ["acmeair-bookingservice", 199619884.8]}, {"t": 1697856510, "d": ["acmeair-customerservice", 128550664]}, {"t": 1697856510, "d": ["acmeair-flightservice", 98000328]}, {"t": 1697856510, "d": ["acmeair-authservice", 82473112]}, {"t": 1697856510, "d": ["acmeair-mainservice", 52327286.4]}, {"t": 1697856520, "d": ["acmeair-bookingservice", 201120659.2]}, {"t": 1697856520, "d": ["acmeair-customerservice", 130148513.6]}, {"t": 1697856520, "d": ["acmeair-flightservice", 99569505.6]}, {"t": 1697856520, "d": ["acmeair-authservice", 82995772.8]}, {"t": 1697856520, "d": ["acmeair-mainservice", 53150172.8]}, {"t": 1697856530, "d": ["acmeair-bookingservice", 202629625.6]}, {"t": 1697856530, "d": ["acmeair-customerservice", 131698892.8]}, {"t": 1697856530, "d": ["acmeair-flightservice", 101065774.4]}, {"t": 1697856530, "d": ["acmeair-authservice", 80416156.8]}, {"t": 1697856530, "d": ["acmeair-mainservice", 54054569.6]}, {"t": 1697856540, "d": ["acmeair-bookingservice", 204086982.4]}, {"t": 1697856540, "d": ["acmeair-customerservice", 133276772.8]}, {"t": 1697856540, "d": ["acmeair-flightservice", 102521902.4]}, {"t": 1697856540, "d": ["acmeair-authservice", 81854262.4]}, {"t": 1697856540, "d": ["acmeair-mainservice", 54940944]}, {"t": 1697856550, "d": ["acmeair-bookingservice", 205590624]}, {"t": 1697856550, "d": ["acmeair-customerservice", 134815384]}, {"t": 1697856550, "d": ["acmeair-flightservice", 104141460.8]}, {"t": 1697856550, "d": ["acmeair-authservice", 83356248]}, {"t": 1697856550, "d": ["acmeair-mainservice", 55905961.6]}, {"t": 1697856560, "d": ["acmeair-bookingservice", 207149971.2]}, {"t": 1697856560, "d": ["acmeair-customerservice", 126828145.6]}, {"t": 1697856560, "d": ["acmeair-flightservice", 105609467.2]}, {"t": 1697856560, "d": ["acmeair-authservice", 81210720.8]}, {"t": 1697856560, "d": ["acmeair-mainservice", 56766121.6]}, {"t": 1697856570, "d": ["acmeair-bookingservice", 208591763.2]}, {"t": 1697856570, "d": ["acmeair-customerservice", 126005393.6]}, {"t": 1697856570, "d": ["acmeair-flightservice", 107004974.4]}, {"t": 1697856570, "d": ["acmeair-authservice", 81105056]}, {"t": 1697856570, "d": ["acmeair-mainservice", 57737692.8]}, {"t": 1697856580, "d": ["acmeair-bookingservice", 210020448]}, {"t": 1697856580, "d": ["acmeair-customerservice", 127575390.4]}, {"t": 1697856580, "d": ["acmeair-flightservice", 108581115.2]}, {"t": 1697856580, "d": ["acmeair-authservice", 82634092.8]}, {"t": 1697856580, "d": ["acmeair-mainservice", 58567542.4]}, {"t": 1697856590, "d": ["acmeair-bookingservice", 202691965.6]}, {"t": 1697856590, "d": ["acmeair-customerservice", 129097873.6]}, {"t": 1697856590, "d": ["acmeair-flightservice", 110092129.6]}, {"t": 1697856590, "d": ["acmeair-authservice", 83080140.8]}, {"t": 1697856590, "d": ["acmeair-mainservice", 43419586.4]}, {"t": 1697856600, "d": ["acmeair-bookingservice", 124194564.8]}, {"t": 1697856600, "d": ["acmeair-customerservice", 130602334.4]}, {"t": 1697856600, "d": ["acmeair-flightservice", 111547028.8]}, {"t": 1697856600, "d": ["acmeair-authservice", 80338252.8]}, {"t": 1697856600, "d": ["acmeair-mainservice", 33580713.6]}, {"t": 1697856610, "d": ["acmeair-bookingservice", 125830767.2]}, {"t": 1697856610, "d": ["acmeair-customerservice", 132086724.8]}, {"t": 1697856610, "d": ["acmeair-flightservice", 112996193.6]}, {"t": 1697856610, "d": ["acmeair-authservice", 81866060.8]}, {"t": 1697856610, "d": ["acmeair-mainservice", 34518702.4]}, {"t": 1697856620, "d": ["acmeair-bookingservice", 127303816]}, {"t": 1697856620, "d": ["acmeair-customerservice", 133652625.6]}, {"t": 1697856620, "d": ["acmeair-flightservice", 114533012.8]}, {"t": 1697856620, "d": ["acmeair-authservice", 83332836.8]}, {"t": 1697856620, "d": ["acmeair-mainservice", 35500942.4]}, {"t": 1697856630, "d": ["acmeair-bookingservice", 128889106.4]}, {"t": 1697856630, "d": ["acmeair-customerservice", 132845328]}, {"t": 1697856630, "d": ["acmeair-flightservice", 115923195.2]}, {"t": 1697856630, "d": ["acmeair-authservice", 81165698.4]}, {"t": 1697856630, "d": ["acmeair-mainservice", 36393870.4]}, {"t": 1697856640, "d": ["acmeair-bookingservice", 130504089.6]}, {"t": 1697856640, "d": ["acmeair-customerservice", 125166652.8]}, {"t": 1697856640, "d": ["acmeair-flightservice", 84511532]}, {"t": 1697856640, "d": ["acmeair-authservice", 81175555.2]}, {"t": 1697856640, "d": ["acmeair-mainservice", 37362984]}, {"t": 1697856650, "d": ["acmeair-bookingservice", 132112299.2]}, {"t": 1697856650, "d": ["acmeair-customerservice", 126690774.4]}, {"t": 1697856650, "d": ["acmeair-flightservice", 71900012.8]}, {"t": 1697856650, "d": ["acmeair-authservice", 82652572.8]}, {"t": 1697856650, "d": ["acmeair-mainservice", 38282126.4]}, {"t": 1697856660, "d": ["acmeair-bookingservice", 133681930.4]}, {"t": 1697856660, "d": ["acmeair-customerservice", 128186633.6]}, {"t": 1697856660, "d": ["acmeair-flightservice", 73326649.6]}, {"t": 1697856660, "d": ["acmeair-authservice", 83072019.2]}, {"t": 1697856660, "d": ["acmeair-mainservice", 39170548.8]}, {"t": 1697856670, "d": ["acmeair-bookingservice", 134985361.6]}, {"t": 1697856670, "d": ["acmeair-customerservice", 129738608]}, {"t": 1697856670, "d": ["acmeair-flightservice", 74934739.2]}, {"t": 1697856670, "d": ["acmeair-authservice", 80570656]}, {"t": 1697856670, "d": ["acmeair-mainservice", 40083137.6]}, {"t": 1697856680, "d": ["acmeair-bookingservice", 136557256]}, {"t": 1697856680, "d": ["acmeair-customerservice", 131329494.4]}, {"t": 1697856680, "d": ["acmeair-flightservice", 76411347.2]}, {"t": 1697856680, "d": ["acmeair-authservice", 82021868.8]}, {"t": 1697856680, "d": ["acmeair-mainservice", 40956404.8]}, {"t": 1697856690, "d": ["acmeair-bookingservice", 138087456]}, {"t": 1697856690, "d": ["acmeair-customerservice", 132750809.6]}, {"t": 1697856690, "d": ["acmeair-flightservice", 77859692.8]}, {"t": 1697856690, "d": ["acmeair-authservice", 83480420.8]}, {"t": 1697856690, "d": ["acmeair-mainservice", 41902990.4]}, {"t": 1697856700, "d": ["acmeair-bookingservice", 139511160.8]}, {"t": 1697856700, "d": ["acmeair-customerservice", 134294592.8]}, {"t": 1697856700, "d": ["acmeair-flightservice", 79405932.8]}, {"t": 1697856700, "d": ["acmeair-authservice", 80386606.4]}, {"t": 1697856700, "d": ["acmeair-mainservice", 42826228.8]}, {"t": 1697856710, "d": ["acmeair-bookingservice", 141094108.8]}, {"t": 1697856710, "d": ["acmeair-customerservice", 127669296]}, {"t": 1697856710, "d": ["acmeair-flightservice", 80945619.2]}, {"t": 1697856710, "d": ["acmeair-authservice", 81355723.2]}, {"t": 1697856710, "d": ["acmeair-mainservice", 43717928]}, {"t": 1697856720, "d": ["acmeair-bookingservice", 142646819.2]}, {"t": 1697856720, "d": ["acmeair-customerservice", 125665537.6]}, {"t": 1697856720, "d": ["acmeair-flightservice", 82396012.8]}, {"t": 1697856720, "d": ["acmeair-authservice", 82799563.2]}, {"t": 1697856720, "d": ["acmeair-mainservice", 44648539.2]}], "start": 1697856420, "end": 1697856720}