{"data": [{"t": 1697856430, "d": ["acmeair-bookingservice", 16307]}, {"t": 1697856430, "d": ["acmeair-customerservice", 15757]}, {"t": 1697856430, "d": ["acmeair-authservice", 15372]}, {"t": 1697856430, "d": ["acmeair-flightservice", 15366]}, {"t": 1697856430, "d": ["acmeair-mainservice", 10543]}, {"t": 1697856440, "d": ["acmeair-bookingservice", 16307]}, {"t": 1697856440, "d": ["acmeair-customerservice", 15757]}, {"t": 1697856440, "d": ["acmeair-authservice", 15372]}, {"t": 1697856440, "d": ["acmeair-flightservice", 15366]}, {"t": 1697856440, "d": ["acmeair-mainservice", 10543]}, {"t": 1697856450, "d": ["acmeair-bookingservice", 16307]}, {"t": 1697856450, "d": ["acmeair-customerservice", 15757]}, {"t": 1697856450, "d": ["acmeair-authservice", 15372]}, {"t": 1697856450, "d": ["acmeair-flightservice", 15366]}, {"t": 1697856450, "d": ["acmeair-mainservice", 10543]}, {"t": 1697856460, "d": ["acmeair-bookingservice", 16307]}, {"t": 1697856460, "d": ["acmeair-customerservice", 15757]}, {"t": 1697856460, "d": ["acmeair-authservice", 15372]}, {"t": 1697856460, "d": ["acmeair-flightservice", 15366]}, {"t": 1697856460, "d": ["acmeair-mainservice", 10543]}, {"t": 1697856470, "d": ["acmeair-bookingservice", 16307]}, {"t": 1697856470, "d": ["acmeair-customerservice", 15757]}, {"t": 1697856470, "d": ["acmeair-authservice", 15372]}, {"t": 1697856470, "d": ["acmeair-flightservice", 15366]}, {"t": 1697856470, "d": ["acmeair-mainservice", 10543]}, {"t": 1697856480, "d": ["acmeair-bookingservice", 16307]}, {"t": 1697856480, "d": ["acmeair-customerservice", 15757]}, {"t": 1697856480, "d": ["acmeair-authservice", 15372]}, {"t": 1697856480, "d": ["acmeair-flightservice", 15366]}, {"t": 1697856480, "d": ["acmeair-mainservice", 10543]}, {"t": 1697856490, "d": ["acmeair-bookingservice", 16307]}, {"t": 1697856490, "d": ["acmeair-customerservice", 15757]}, {"t": 1697856490, "d": ["acmeair-authservice", 15372]}, {"t": 1697856490, "d": ["acmeair-flightservice", 15366]}, {"t": 1697856490, "d": ["acmeair-mainservice", 10543]}, {"t": 1697856500, "d": ["acmeair-bookingservice", 16307]}, {"t": 1697856500, "d": ["acmeair-customerservice", 15757]}, {"t": 1697856500, "d": ["acmeair-authservice", 15372]}, {"t": 1697856500, "d": ["acmeair-flightservice", 15366]}, {"t": 1697856500, "d": ["acmeair-mainservice", 10543]}, {"t": 1697856510, "d": ["acmeair-bookingservice", 16307]}, {"t": 1697856510, "d": ["acmeair-customerservice", 15757]}, {"t": 1697856510, "d": ["acmeair-authservice", 15372]}, {"t": 1697856510, "d": ["acmeair-flightservice", 15366]}, {"t": 1697856510, "d": ["acmeair-mainservice", 10543]}, {"t": 1697856520, "d": ["acmeair-bookingservice", 16307]}, {"t": 1697856520, "d": ["acmeair-customerservice", 15757]}, {"t": 1697856520, "d": ["acmeair-authservice", 15372]}, {"t": 1697856520, "d": ["acmeair-flightservice", 15366]}, {"t": 1697856520, "d": ["acmeair-mainservice", 10543]}, {"t": 1697856530, "d": ["acmeair-bookingservice", 16307]}, {"t": 1697856530, "d": ["acmeair-customerservice", 15757]}, {"t": 1697856530, "d": ["acmeair-authservice", 15372]}, {"t": 1697856530, "d": ["acmeair-flightservice", 15366]}, {"t": 1697856530, "d": ["acmeair-mainservice", 10543]}, {"t": 1697856540, "d": ["acmeair-bookingservice", 16307]}, {"t": 1697856540, "d": ["acmeair-customerservice", 15757]}, {"t": 1697856540, "d": ["acmeair-authservice", 15372]}, {"t": 1697856540, "d": ["acmeair-flightservice", 15366]}, {"t": 1697856540, "d": ["acmeair-mainservice", 10543]}, {"t": 1697856550, "d": ["acmeair-bookingservice", 16307]}, {"t": 1697856550, "d": ["acmeair-customerservice", 15757]}, {"t": 1697856550, "d": ["acmeair-authservice", 15372]}, {"t": 1697856550, "d": ["acmeair-flightservice", 15366]}, {"t": 1697856550, "d": ["acmeair-mainservice", 10543]}, {"t": 1697856560, "d": ["acmeair-bookingservice", 16307]}, {"t": 1697856560, "d": ["acmeair-customerservice", 15757]}, {"t": 1697856560, "d": ["acmeair-authservice", 15372]}, {"t": 1697856560, "d": ["acmeair-flightservice", 15366]}, {"t": 1697856560, "d": ["acmeair-mainservice", 10543]}, {"t": 1697856570, "d": ["acmeair-bookingservice", 16307]}, {"t": 1697856570, "d": ["acmeair-customerservice", 15757]}, {"t": 1697856570, "d": ["acmeair-authservice", 15372]}, {"t": 1697856570, "d": ["acmeair-flightservice", 15366]}, {"t": 1697856570, "d": ["acmeair-mainservice", 10543]}, {"t": 1697856580, "d": ["acmeair-bookingservice", 16307]}, {"t": 1697856580, "d": ["acmeair-customerservice", 15757]}, {"t": 1697856580, "d": ["acmeair-authservice", 15372]}, {"t": 1697856580, "d": ["acmeair-flightservice", 15366]}, {"t": 1697856580, "d": ["acmeair-mainservice", 10543]}, {"t": 1697856590, "d": ["acmeair-bookingservice", 16306.3]}, {"t": 1697856590, "d": ["acmeair-customerservice", 15757]}, {"t": 1697856590, "d": ["acmeair-authservice", 15372]}, {"t": 1697856590, "d": ["acmeair-flightservice", 15366]}, {"t": 1697856590, "d": ["acmeair-mainservice", 10543]}, {"t": 1697856600, "d": ["acmeair-bookingservice", 16300]}, {"t": 1697856600, "d": ["acmeair-customerservice", 15757]}, {"t": 1697856600, "d": ["acmeair-authservice", 15372]}, {"t": 1697856600, "d": ["acmeair-flightservice", 15366]}, {"t": 1697856600, "d": ["acmeair-mainservice", 10543]}, {"t": 1697856610, "d": ["acmeair-bookingservice", 16300]}, {"t": 1697856610, "d": ["acmeair-customerservice", 15757]}, {"t": 1697856610, "d": ["acmeair-authservice", 15372]}, {"t": 1697856610, "d": ["acmeair-flightservice", 15366]}, {"t": 1697856610, "d": ["acmeair-mainservice", 10543]}, {"t": 1697856620, "d": ["acmeair-bookingservice", 16300]}, {"t": 1697856620, "d": ["acmeair-customerservice", 15757]}, {"t": 1697856620, "d": ["acmeair-authservice", 15372]}, {"t": 1697856620, "d": ["acmeair-flightservice", 15366]}, {"t": 1697856620, "d": ["acmeair-mainservice", 10543]}, {"t": 1697856630, "d": ["acmeair-bookingservice", 16300]}, {"t": 1697856630, "d": ["acmeair-customerservice", 15757]}, {"t": 1697856630, "d": ["acmeair-authservice", 15372]}, {"t": 1697856630, "d": ["acmeair-flightservice", 15366]}, {"t": 1697856630, "d": ["acmeair-mainservice", 10543]}, {"t": 1697856640, "d": ["acmeair-bookingservice", 16300]}, {"t": 1697856640, "d": ["acmeair-customerservice", 15757]}, {"t": 1697856640, "d": ["acmeair-authservice", 15372]}, {"t": 1697856640, "d": ["acmeair-flightservice", 15366]}, {"t": 1697856640, "d": ["acmeair-mainservice", 10543]}, {"t": 1697856650, "d": ["acmeair-bookingservice", 16300]}, {"t": 1697856650, "d": ["acmeair-customerservice", 15757]}, {"t": 1697856650, "d": ["acmeair-authservice", 15372]}, {"t": 1697856650, "d": ["acmeair-flightservice", 15366]}, {"t": 1697856650, "d": ["acmeair-mainservice", 10543]}, {"t": 1697856660, "d": ["acmeair-bookingservice", 16300]}, {"t": 1697856660, "d": ["acmeair-customerservice", 15757]}, {"t": 1697856660, "d": ["acmeair-authservice", 15372]}, {"t": 1697856660, "d": ["acmeair-flightservice", 15366]}, {"t": 1697856660, "d": ["acmeair-mainservice", 10543]}, {"t": 1697856670, "d": ["acmeair-bookingservice", 16300]}, {"t": 1697856670, "d": ["acmeair-customerservice", 15757]}, {"t": 1697856670, "d": ["acmeair-authservice", 15372]}, {"t": 1697856670, "d": ["acmeair-flightservice", 15366]}, {"t": 1697856670, "d": ["acmeair-mainservice", 10543]}, {"t": 1697856680, "d": ["acmeair-bookingservice", 16300]}, {"t": 1697856680, "d": ["acmeair-customerservice", 15757]}, {"t": 1697856680, "d": ["acmeair-authservice", 15372]}, {"t": 1697856680, "d": ["acmeair-flightservice", 15366]}, {"t": 1697856680, "d": ["acmeair-mainservice", 10543]}, {"t": 1697856690, "d": ["acmeair-bookingservice", 16300]}, {"t": 1697856690, "d": ["acmeair-customerservice", 15757]}, {"t": 1697856690, "d": ["acmeair-authservice", 15372]}, {"t": 1697856690, "d": ["acmeair-flightservice", 15366]}, {"t": 1697856690, "d": ["acmeair-mainservice", 10543]}, {"t": 1697856700, "d": ["acmeair-bookingservice", 16300]}, {"t": 1697856700, "d": ["acmeair-customerservice", 15757]}, {"t": 1697856700, "d": ["acmeair-authservice", 15372]}, {"t": 1697856700, "d": ["acmeair-flightservice", 15366]}, {"t": 1697856700, "d": ["acmeair-mainservice", 10543]}, {"t": 1697856710, "d": ["acmeair-bookingservice", 16300]}, {"t": 1697856710, "d": ["acmeair-customerservice", 15757]}, {"t": 1697856710, "d": ["acmeair-authservice", 15372]}, {"t": 1697856710, "d": ["acmeair-flightservice", 15366]}, {"t": 1697856710, "d": ["acmeair-mainservice", 10543]}, {"t": 1697856720, "d": ["acmeair-bookingservice", 16300]}, {"t": 1697856720, "d": ["acmeair-customerservice", 15757]}, {"t": 1697856720, "d": ["acmeair-authservice", 15372]}, {"t": 1697856720, "d": ["acmeair-flightservice", 15366]}, {"t": 1697856720, "d": ["acmeair-mainservice", 10543]}], "start": 1697856420, "end": 1697856720}