{"data": [{"t": 1697856430, "d": ["acmeair-bookingservice", 450629632]}, {"t": 1697856430, "d": ["acmeair-customerservice", 308604928]}, {"t": 1697856430, "d": ["acmeair-booking-db", 286502912]}, {"t": 1697856430, "d": ["acmeair-flightservice", 268681216]}, {"t": 1697856430, "d": ["acmeair-authservice", 244785152]}, {"t": 1697856430, "d": ["acmeair-customer-db", 238759526.4]}, {"t": 1697856430, "d": ["acmeair-flight-db", 226717696]}, {"t": 1697856430, "d": ["acmeair-mainservice", 158351360]}, {"t": 1697856440, "d": ["acmeair-bookingservice", 450631270.4]}, {"t": 1697856440, "d": ["acmeair-customerservice", 308604928]}, {"t": 1697856440, "d": ["acmeair-booking-db", 286504960]}, {"t": 1697856440, "d": ["acmeair-flightservice", 268681216]}, {"t": 1697856440, "d": ["acmeair-authservice", 244785152]}, {"t": 1697856440, "d": ["acmeair-customer-db", 238763622.4]}, {"t": 1697856440, "d": ["acmeair-flight-db", 226717696]}, {"t": 1697856440, "d": ["acmeair-mainservice", 158351360]}, {"t": 1697856450, "d": ["acmeair-bookingservice", 450633728]}, {"t": 1697856450, "d": ["acmeair-customerservice", 308604928]}, {"t": 1697856450, "d": ["acmeair-booking-db", 286502912]}, {"t": 1697856450, "d": ["acmeair-flightservice", 268681216]}, {"t": 1697856450, "d": ["acmeair-authservice", 244785152]}, {"t": 1697856450, "d": ["acmeair-customer-db", 238858240]}, {"t": 1697856450, "d": ["acmeair-flight-db", 226717696]}, {"t": 1697856450, "d": ["acmeair-mainservice", 158351360]}, {"t": 1697856460, "d": ["acmeair-bookingservice", 450633728]}, {"t": 1697856460, "d": ["acmeair-customerservice", 308604928]}, {"t": 1697856460, "d": ["acmeair-booking-db", 286502912]}, {"t": 1697856460, "d": ["acmeair-flightservice", 268681216]}, {"t": 1697856460, "d": ["acmeair-authservice", 244785152]}, {"t": 1697856460, "d": ["acmeair-customer-db", 238858240]}, {"t": 1697856460, "d": ["acmeair-flight-db", 226717696]}, {"t": 1697856460, "d": ["acmeair-mainservice", 158351360]}, {"t": 1697856470, "d": ["acmeair-bookingservice", 450633728]}, {"t": 1697856470, "d": ["acmeair-customerservice", 308604928]}, {"t": 1697856470, "d": ["acmeair-booking-db", 286502912]}, {"t": 1697856470, "d": ["acmeair-flightservice", 268681216]}, {"t": 1697856470, "d": ["acmeair-authservice", 244785152]}, {"t": 1697856470, "d": ["acmeair-customer-db", 238858240]}, {"t": 1697856470, "d": ["acmeair-flight-db", 226717696]}, {"t": 1697856470, "d": ["acmeair-mainservice", 158351360]}, {"t": 1697856480, "d": ["acmeair-bookingservice", 450633728]}, {"t": 1697856480, "d": ["acmeair-customerservice", 308604928]}, {"t": 1697856480, "d": ["acmeair-booking-db", 286502912]}, {"t": 1697856480, "d": ["acmeair-flightservice", 268681216]}, {"t": 1697856480, "d": ["acmeair-authservice", 244785152]}, {"t": 1697856480, "d": ["acmeair-customer-db", 238858240]}, {"t": 1697856480, "d": ["acmeair-flight-db", 226717696]}, {"t": 1697856480, "d": ["acmeair-mainservice", 158351360]}, {"t": 1697856490, "d": ["acmeair-bookingservice", 450633728]}, {"t": 1697856490, "d": ["acmeair-customerservice", 308604928]}, {"t": 1697856490, "d": ["acmeair-booking-db", 286502912]}, {"t": 1697856490, "d": ["acmeair-flightservice", 268681216]}, {"t": 1697856490, "d": ["acmeair-authservice", 244785152]}, {"t": 1697856490, "d": ["acmeair-customer-db", 238858240]}, {"t": 1697856490, "d": ["acmeair-flight-db", 226717696]}, {"t": 1697856490, "d": ["acmeair-mainservice", 158351360]}, {"t": 1697856500, "d": ["acmeair-bookingservice", 450633728]}, {"t": 1697856500, "d": ["acmeair-customerservice", 308604928]}, {"t": 1697856500, "d": ["acmeair-booking-db", 286502912]}, {"t": 1697856500, "d": ["acmeair-flightservice", 268681216]}, {"t": 1697856500, "d": ["acmeair-authservice", 244785152]}, {"t": 1697856500, "d": ["acmeair-customer-db", 238899200]}, {"t": 1697856500, "d": ["acmeair-flight-db", 226717696]}, {"t": 1697856500, "d": ["acmeair-mainservice", 158351360]}, {"t": 1697856510, "d": ["acmeair-bookingservice", 450633728]}, {"t": 1697856510, "d": ["acmeair-customerservice", 308604928]}, {"t": 1697856510, "d": ["acmeair-booking-db", 286502912]}, {"t": 1697856510, "d": ["acmeair-flightservice", 268681216]}, {"t": 1697856510, "d": ["acmeair-authservice", 244785152]}, {"t": 1697856510, "d": ["acmeair-customer-db", 238899200]}, {"t": 1697856510, "d": ["acmeair-flight-db", 226717696]}, {"t": 1697856510, "d": ["acmeair-mainservice", 158351360]}, {"t": 1697856520, "d": ["acmeair-bookingservice", 450635776]}, {"t": 1697856520, "d": ["acmeair-customerservice", 308604928]}, {"t": 1697856520, "d": ["acmeair-booking-db", 286502912]}, {"t": 1697856520, "d": ["acmeair-flightservice", 268681216]}, {"t": 1697856520, "d": ["acmeair-authservice", 244785152]}, {"t": 1697856520, "d": ["acmeair-customer-db", 238899200]}, {"t": 1697856520, "d": ["acmeair-flight-db", 226717696]}, {"t": 1697856520, "d": ["acmeair-mainservice", 158351360]}, {"t": 1697856530, "d": ["acmeair-bookingservice", 450641920]}, {"t": 1697856530, "d": ["acmeair-customerservice", 308604928]}, {"t": 1697856530, "d": ["acmeair-booking-db", 286502912]}, {"t": 1697856530, "d": ["acmeair-flightservice", 268681216]}, {"t": 1697856530, "d": ["acmeair-authservice", 244785152]}, {"t": 1697856530, "d": ["acmeair-customer-db", 238895513.6]}, {"t": 1697856530, "d": ["acmeair-flight-db", 226717696]}, {"t": 1697856530, "d": ["acmeair-mainservice", 158351360]}, {"t": 1697856540, "d": ["acmeair-bookingservice", 450645606.4]}, {"t": 1697856540, "d": ["acmeair-customerservice", 308604928]}, {"t": 1697856540, "d": ["acmeair-booking-db", 286502912]}, {"t": 1697856540, "d": ["acmeair-flightservice", 269326336]}, {"t": 1697856540, "d": ["acmeair-authservice", 244785152]}, {"t": 1697856540, "d": ["acmeair-customer-db", 238891417.6]}, {"t": 1697856540, "d": ["acmeair-flight-db", 226717696]}, {"t": 1697856540, "d": ["acmeair-mainservice", 158351360]}, {"t": 1697856550, "d": ["acmeair-bookingservice", 450646016]}, {"t": 1697856550, "d": ["acmeair-customerservice", 308604928]}, {"t": 1697856550, "d": ["acmeair-booking-db", 286502912]}, {"t": 1697856550, "d": ["acmeair-flightservice", 269602816]}, {"t": 1697856550, "d": ["acmeair-authservice", 244785152]}, {"t": 1697856550, "d": ["acmeair-customer-db", 238891008]}, {"t": 1697856550, "d": ["acmeair-flight-db", 226717696]}, {"t": 1697856550, "d": ["acmeair-mainservice", 158351360]}, {"t": 1697856560, "d": ["acmeair-bookingservice", 450649702.4]}, {"t": 1697856560, "d": ["acmeair-customerservice", 308604928]}, {"t": 1697856560, "d": ["acmeair-booking-db", 286502912]}, {"t": 1697856560, "d": ["acmeair-flightservice", 269602816]}, {"t": 1697856560, "d": ["acmeair-authservice", 244785152]}, {"t": 1697856560, "d": ["acmeair-customer-db", 238885683.2]}, {"t": 1697856560, "d": ["acmeair-flight-db", 226717696]}, {"t": 1697856560, "d": ["acmeair-mainservice", 158351360]}, {"t": 1697856570, "d": ["acmeair-bookingservice", 450650112]}, {"t": 1697856570, "d": ["acmeair-customerservice", 308604928]}, {"t": 1697856570, "d": ["acmeair-booking-db", 286502912]}, {"t": 1697856570, "d": ["acmeair-flightservice", 269602816]}, {"t": 1697856570, "d": ["acmeair-authservice", 244785152]}, {"t": 1697856570, "d": ["acmeair-customer-db", 238891008]}, {"t": 1697856570, "d": ["acmeair-flight-db", 226717696]}, {"t": 1697856570, "d": ["acmeair-mainservice", 158351360]}, {"t": 1697856580, "d": ["acmeair-bookingservice", 450650112]}, {"t": 1697856580, "d": ["acmeair-customerservice", 308596736]}, {"t": 1697856580, "d": ["acmeair-booking-db", 286502912]}, {"t": 1697856580, "d": ["acmeair-flightservice", 270467891.2]}, {"t": 1697856580, "d": ["acmeair-authservice", 244785152]}, {"t": 1697856580, "d": ["acmeair-customer-db", 238886092.8]}, {"t": 1697856580, "d": ["acmeair-flight-db", 226717696]}, {"t": 1697856580, "d": ["acmeair-mainservice", 158351360]}, {"t": 1697856590, "d": ["acmeair-bookingservice", 444678144]}, {"t": 1697856590, "d": ["acmeair-customerservice", 308596736]}, {"t": 1697856590, "d": ["acmeair-booking-db", 286502912]}, {"t": 1697856590, "d": ["acmeair-flightservice", 271044608]}, {"t": 1697856590, "d": ["acmeair-authservice", 244785152]}, {"t": 1697856590, "d": ["acmeair-customer-db", 238891008]}, {"t": 1697856590, "d": ["acmeair-flight-db", 226717696]}, {"t": 1697856590, "d": ["acmeair-mainservice", 158191616]}, {"t": 1697856600, "d": ["acmeair-bookingservice", 420794368]}, {"t": 1697856600, "d": ["acmeair-customerservice", 308596736]}, {"t": 1697856600, "d": ["acmeair-booking-db", 286502912]}, {"t": 1697856600, "d": ["acmeair-flightservice", 271044608]}, {"t": 1697856600, "d": ["acmeair-authservice", 244785152]}, {"t": 1697856600, "d": ["acmeair-customer-db", 238891008]}, {"t": 1697856600, "d": ["acmeair-flight-db", 226717696]}, {"t": 1697856600, "d": ["acmeair-mainservice", 158085120]}, {"t": 1697856610, "d": ["acmeair-bookingservice", 420798464]}, {"t": 1697856610, "d": ["acmeair-customerservice", 308596736]}, {"t": 1697856610, "d": ["acmeair-booking-db", 286502912]}, {"t": 1697856610, "d": ["acmeair-flightservice", 271044608]}, {"t": 1697856610, "d": ["acmeair-authservice", 244785152]}, {"t": 1697856610, "d": ["acmeair-customer-db", 238876262.4]}, {"t": 1697856610, "d": ["acmeair-flight-db", 226717696]}, {"t": 1697856610, "d": ["acmeair-mainservice", 158085120]}, {"t": 1697856620, "d": ["acmeair-bookingservice", 420800102.4]}, {"t": 1697856620, "d": ["acmeair-customerservice", 308596736]}, {"t": 1697856620, "d": ["acmeair-booking-db", 286502912]}, {"t": 1697856620, "d": ["acmeair-flightservice", 271044608]}, {"t": 1697856620, "d": ["acmeair-authservice", 244785152]}, {"t": 1697856620, "d": ["acmeair-customer-db", 238842675.2]}, {"t": 1697856620, "d": ["acmeair-flight-db", 226717696]}, {"t": 1697856620, "d": ["acmeair-mainservice", 158085120]}, {"t": 1697856630, "d": ["acmeair-bookingservice", 420802560]}, {"t": 1697856630, "d": ["acmeair-customerservice", 308605337.6]}, {"t": 1697856630, "d": ["acmeair-booking-db", 286502912]}, {"t": 1697856630, "d": ["acmeair-flightservice", 271044608]}, {"t": 1697856630, "d": ["acmeair-authservice", 244785152]}, {"t": 1697856630, "d": ["acmeair-customer-db", 238841856]}, {"t": 1697856630, "d": ["acmeair-flight-db", 226717696]}, {"t": 1697856630, "d": ["acmeair-mainservice", 158085120]}, {"t": 1697856640, "d": ["acmeair-bookingservice", 420809523.2]}, {"t": 1697856640, "d": ["acmeair-customerservice", 308625408]}, {"t": 1697856640, "d": ["acmeair-booking-db", 286502912]}, {"t": 1697856640, "d": ["acmeair-flightservice", 271044608]}, {"t": 1697856640, "d": ["acmeair-authservice", 244785152]}, {"t": 1697856640, "d": ["acmeair-customer-db", 238841856]}, {"t": 1697856640, "d": ["acmeair-flight-db", 226707456]}, {"t": 1697856640, "d": ["acmeair-mainservice", 158085120]}, {"t": 1697856650, "d": ["acmeair-bookingservice", 420814848]}, {"t": 1697856650, "d": ["acmeair-customerservice", 308625408]}, {"t": 1697856650, "d": ["acmeair-booking-db", 286502912]}, {"t": 1697856650, "d": ["acmeair-flightservice", 271044608]}, {"t": 1697856650, "d": ["acmeair-authservice", 244785152]}, {"t": 1697856650, "d": ["acmeair-customer-db", 238841856]}, {"t": 1697856650, "d": ["acmeair-flight-db", 226690662.4]}, {"t": 1697856650, "d": ["acmeair-mainservice", 158085120]}, {"t": 1697856660, "d": ["acmeair-bookingservice", 420814848]}, {"t": 1697856660, "d": ["acmeair-customerservice", 308625408]}, {"t": 1697856660, "d": ["acmeair-booking-db", 286399692.8]}, {"t": 1697856660, "d": ["acmeair-flightservice", 271044608]}, {"t": 1697856660, "d": ["acmeair-authservice", 244785152]}, {"t": 1697856660, "d": ["acmeair-customer-db", 238795980.8]}, {"t": 1697856660, "d": ["acmeair-flight-db", 226664448]}, {"t": 1697856660, "d": ["acmeair-mainservice", 158085120]}, {"t": 1697856670, "d": ["acmeair-bookingservice", 420814848]}, {"t": 1697856670, "d": ["acmeair-customerservice", 308625408]}, {"t": 1697856670, "d": ["acmeair-booking-db", 286340710.4]}, {"t": 1697856670, "d": ["acmeair-flightservice", 271044608]}, {"t": 1697856670, "d": ["acmeair-authservice", 244785152]}, {"t": 1697856670, "d": ["acmeair-customer-db", 238835302.4]}, {"t": 1697856670, "d": ["acmeair-flight-db", 226664448]}, {"t": 1697856670, "d": ["acmeair-mainservice", 158085120]}, {"t": 1697856680, "d": ["acmeair-bookingservice", 420816486.4]}, {"t": 1697856680, "d": ["acmeair-customerservice", 308625408]}, {"t": 1697856680, "d": ["acmeair-booking-db", 286343168]}, {"t": 1697856680, "d": ["acmeair-flightservice", 271044608]}, {"t": 1697856680, "d": ["acmeair-authservice", 244785152]}, {"t": 1697856680, "d": ["acmeair-customer-db", 238841856]}, {"t": 1697856680, "d": ["acmeair-flight-db", 226664448]}, {"t": 1697856680, "d": ["acmeair-mainservice", 158085120]}, {"t": 1697856690, "d": ["acmeair-bookingservice", 420818944]}, {"t": 1697856690, "d": ["acmeair-customerservice", 308627865.6]}, {"t": 1697856690, "d": ["acmeair-booking-db", 286343168]}, {"t": 1697856690, "d": ["acmeair-flightservice", 271044608]}, {"t": 1697856690, "d": ["acmeair-authservice", 244785152]}, {"t": 1697856690, "d": ["acmeair-customer-db", 238841856]}, {"t": 1697856690, "d": ["acmeair-flight-db", 226664448]}, {"t": 1697856690, "d": ["acmeair-mainservice", 158085120]}, {"t": 1697856700, "d": ["acmeair-bookingservice", 420818944]}, {"t": 1697856700, "d": ["acmeair-customerservice", 308633600]}, {"t": 1697856700, "d": ["acmeair-booking-db", 286347673.6]}, {"t": 1697856700, "d": ["acmeair-flightservice", 271044608]}, {"t": 1697856700, "d": ["acmeair-authservice", 244785152]}, {"t": 1697856700, "d": ["acmeair-customer-db", 238841856]}, {"t": 1697856700, "d": ["acmeair-flight-db", 226664448]}, {"t": 1697856700, "d": ["acmeair-mainservice", 158085120]}, {"t": 1697856710, "d": ["acmeair-bookingservice", 420819353.6]}, {"t": 1697856710, "d": ["acmeair-customerservice", 308646707.2]}, {"t": 1697856710, "d": ["acmeair-booking-db", 286427955.2]}, {"t": 1697856710, "d": ["acmeair-flightservice", 271044608]}, {"t": 1697856710, "d": ["acmeair-authservice", 244785152]}, {"t": 1697856710, "d": ["acmeair-customer-db", 238841856]}, {"t": 1697856710, "d": ["acmeair-flight-db", 226629632]}, {"t": 1697856710, "d": ["acmeair-mainservice", 158085120]}, {"t": 1697856720, "d": ["acmeair-bookingservice", 420824678.4]}, {"t": 1697856720, "d": ["acmeair-customerservice", 308649984]}, {"t": 1697856720, "d": ["acmeair-booking-db", 286490624]}, {"t": 1697856720, "d": ["acmeair-flightservice", 271044608]}, {"t": 1697856720, "d": ["acmeair-authservice", 244785152]}, {"t": 1697856720, "d": ["acmeair-customer-db", 238775500.8]}, {"t": 1697856720, "d": ["acmeair-flight-db", 226647654.4]}, {"t": 1697856720, "d": ["acmeair-mainservice", 158085120]}], "start": 1697856420, "end": 1697856720}