{"data": [{"t": 1697856430, "d": ["acmeair-booking-db", 17]}, {"t": 1697856430, "d": ["acmeair-customer-db", 16]}, {"t": 1697856430, "d": ["acmeair-flight-db", 11]}, {"t": 1697856440, "d": ["acmeair-booking-db", 17]}, {"t": 1697856440, "d": ["acmeair-customer-db", 16]}, {"t": 1697856440, "d": ["acmeair-flight-db", 11]}, {"t": 1697856450, "d": ["acmeair-booking-db", 17]}, {"t": 1697856450, "d": ["acmeair-customer-db", 16]}, {"t": 1697856450, "d": ["acmeair-flight-db", 11]}, {"t": 1697856460, "d": ["acmeair-booking-db", 17]}, {"t": 1697856460, "d": ["acmeair-customer-db", 16]}, {"t": 1697856460, "d": ["acmeair-flight-db", 11]}, {"t": 1697856470, "d": ["acmeair-booking-db", 17]}, {"t": 1697856470, "d": ["acmeair-customer-db", 16]}, {"t": 1697856470, "d": ["acmeair-flight-db", 11]}, {"t": 1697856480, "d": ["acmeair-booking-db", 17]}, {"t": 1697856480, "d": ["acmeair-customer-db", 16]}, {"t": 1697856480, "d": ["acmeair-flight-db", 11]}, {"t": 1697856490, "d": ["acmeair-booking-db", 17]}, {"t": 1697856490, "d": ["acmeair-customer-db", 16]}, {"t": 1697856490, "d": ["acmeair-flight-db", 11]}, {"t": 1697856500, "d": ["acmeair-booking-db", 17]}, {"t": 1697856500, "d": ["acmeair-customer-db", 16]}, {"t": 1697856500, "d": ["acmeair-flight-db", 11]}, {"t": 1697856510, "d": ["acmeair-booking-db", 17]}, {"t": 1697856510, "d": ["acmeair-customer-db", 16]}, {"t": 1697856510, "d": ["acmeair-flight-db", 11]}, {"t": 1697856520, "d": ["acmeair-booking-db", 17]}, {"t": 1697856520, "d": ["acmeair-customer-db", 16]}, {"t": 1697856520, "d": ["acmeair-flight-db", 11]}, {"t": 1697856530, "d": ["acmeair-booking-db", 17]}, {"t": 1697856530, "d": ["acmeair-customer-db", 16]}, {"t": 1697856530, "d": ["acmeair-flight-db", 11]}, {"t": 1697856540, "d": ["acmeair-booking-db", 17]}, {"t": 1697856540, "d": ["acmeair-customer-db", 16]}, {"t": 1697856540, "d": ["acmeair-flight-db", 11]}, {"t": 1697856550, "d": ["acmeair-booking-db", 17]}, {"t": 1697856550, "d": ["acmeair-customer-db", 16]}, {"t": 1697856550, "d": ["acmeair-flight-db", 11]}, {"t": 1697856560, "d": ["acmeair-booking-db", 17]}, {"t": 1697856560, "d": ["acmeair-customer-db", 16]}, {"t": 1697856560, "d": ["acmeair-flight-db", 11]}, {"t": 1697856570, "d": ["acmeair-booking-db", 17]}, {"t": 1697856570, "d": ["acmeair-customer-db", 16]}, {"t": 1697856570, "d": ["acmeair-flight-db", 11]}, {"t": 1697856580, "d": ["acmeair-booking-db", 17]}, {"t": 1697856580, "d": ["acmeair-customer-db", 16]}, {"t": 1697856580, "d": ["acmeair-flight-db", 11]}, {"t": 1697856590, "d": ["acmeair-booking-db", 17]}, {"t": 1697856590, "d": ["acmeair-customer-db", 16]}, {"t": 1697856590, "d": ["acmeair-flight-db", 11]}, {"t": 1697856600, "d": ["acmeair-booking-db", 17]}, {"t": 1697856600, "d": ["acmeair-customer-db", 16]}, {"t": 1697856600, "d": ["acmeair-flight-db", 11]}, {"t": 1697856610, "d": ["acmeair-booking-db", 17]}, {"t": 1697856610, "d": ["acmeair-customer-db", 16]}, {"t": 1697856610, "d": ["acmeair-flight-db", 11]}, {"t": 1697856620, "d": ["acmeair-booking-db", 17]}, {"t": 1697856620, "d": ["acmeair-customer-db", 16]}, {"t": 1697856620, "d": ["acmeair-flight-db", 11]}, {"t": 1697856630, "d": ["acmeair-booking-db", 17]}, {"t": 1697856630, "d": ["acmeair-customer-db", 16]}, {"t": 1697856630, "d": ["acmeair-flight-db", 11]}, {"t": 1697856640, "d": ["acmeair-booking-db", 17]}, {"t": 1697856640, "d": ["acmeair-customer-db", 16]}, {"t": 1697856640, "d": ["acmeair-flight-db", 11]}, {"t": 1697856650, "d": ["acmeair-booking-db", 17]}, {"t": 1697856650, "d": ["acmeair-customer-db", 16]}, {"t": 1697856650, "d": ["acmeair-flight-db", 11]}, {"t": 1697856660, "d": ["acmeair-booking-db", 17]}, {"t": 1697856660, "d": ["acmeair-customer-db", 16]}, {"t": 1697856660, "d": ["acmeair-flight-db", 11]}, {"t": 1697856670, "d": ["acmeair-booking-db", 17]}, {"t": 1697856670, "d": ["acmeair-customer-db", 16]}, {"t": 1697856670, "d": ["acmeair-flight-db", 11]}, {"t": 1697856680, "d": ["acmeair-booking-db", 17]}, {"t": 1697856680, "d": ["acmeair-customer-db", 16]}, {"t": 1697856680, "d": ["acmeair-flight-db", 11]}, {"t": 1697856690, "d": ["acmeair-booking-db", 17]}, {"t": 1697856690, "d": ["acmeair-customer-db", 16]}, {"t": 1697856690, "d": ["acmeair-flight-db", 11]}, {"t": 1697856700, "d": ["acmeair-booking-db", 17]}, {"t": 1697856700, "d": ["acmeair-customer-db", 16]}, {"t": 1697856700, "d": ["acmeair-flight-db", 11]}, {"t": 1697856710, "d": ["acmeair-booking-db", 17]}, {"t": 1697856710, "d": ["acmeair-customer-db", 16]}, {"t": 1697856710, "d": ["acmeair-flight-db", 11]}, {"t": 1697856720, "d": ["acmeair-booking-db", 17]}, {"t": 1697856720, "d": ["acmeair-customer-db", 16]}, {"t": 1697856720, "d": ["acmeair-flight-db", 11]}], "start": 1697856420, "end": 1697856720}