{"data": [{"t": 1697856430, "d": ["acmeair-bookingservice", 12523147]}, {"t": 1697856430, "d": ["acmeair-customerservice", 8683688]}, {"t": 1697856430, "d": ["acmeair-flightservice", 3712000]}, {"t": 1697856430, "d": ["acmeair-authservice", 1167041]}, {"t": 1697856430, "d": ["acmeair-mainservice", 529009]}, {"t": 1697856440, "d": ["acmeair-bookingservice", 14178471]}, {"t": 1697856440, "d": ["acmeair-customerservice", 8441987]}, {"t": 1697856440, "d": ["acmeair-flightservice", 3692951]}, {"t": 1697856440, "d": ["acmeair-authservice", 1402438]}, {"t": 1697856440, "d": ["acmeair-mainservice", 405241]}, {"t": 1697856450, "d": ["acmeair-bookingservice", 13845683]}, {"t": 1697856450, "d": ["acmeair-customerservice", 9919562]}, {"t": 1697856450, "d": ["acmeair-flightservice", 3474409]}, {"t": 1697856450, "d": ["acmeair-authservice", 3639039]}, {"t": 1697856450, "d": ["acmeair-mainservice", 392031]}, {"t": 1697856460, "d": ["acmeair-bookingservice", 13627240]}, {"t": 1697856460, "d": ["acmeair-customerservice", 8714754]}, {"t": 1697856460, "d": ["acmeair-flightservice", 3210039]}, {"t": 1697856460, "d": ["acmeair-authservice", 1235054]}, {"t": 1697856460, "d": ["acmeair-mainservice", 1021880]}, {"t": 1697856470, "d": ["acmeair-bookingservice", 14002945]}, {"t": 1697856470, "d": ["acmeair-customerservice", 10135612]}, {"t": 1697856470, "d": ["acmeair-flightservice", 3198011]}, {"t": 1697856470, "d": ["acmeair-authservice", 1243538]}, {"t": 1697856470, "d": ["acmeair-mainservice", 429878]}, {"t": 1697856480, "d": ["acmeair-bookingservice", 12625451]}, {"t": 1697856480, "d": ["acmeair-customerservice", 10971460]}, {"t": 1697856480, "d": ["acmeair-flightservice", 5599346]}, {"t": 1697856480, "d": ["acmeair-authservice", 1151549]}, {"t": 1697856480, "d": ["acmeair-mainservice", 362521]}, {"t": 1697856490, "d": ["acmeair-bookingservice", 13470042]}, {"t": 1697856490, "d": ["acmeair-customerservice", 10237393]}, {"t": 1697856490, "d": ["acmeair-flightservice", 3329435]}, {"t": 1697856490, "d": ["acmeair-authservice", 3159428]}, {"t": 1697856490, "d": ["acmeair-mainservice", 476565]}, {"t": 1697856500, "d": ["acmeair-bookingservice", 13890846]}, {"t": 1697856500, "d": ["acmeair-customerservice", 14055895]}, {"t": 1697856500, "d": ["acmeair-flightservice", 3704353]}, {"t": 1697856500, "d": ["acmeair-authservice", 1222435]}, {"t": 1697856500, "d": ["acmeair-mainservice", 346043]}, {"t": 1697856510, "d": ["acmeair-bookingservice", 13714217]}, {"t": 1697856510, "d": ["acmeair-customerservice", 10902012]}, {"t": 1697856510, "d": ["acmeair-flightservice", 3753639]}, {"t": 1697856510, "d": ["acmeair-authservice", 1406930]}, {"t": 1697856510, "d": ["acmeair-mainservice", 521560]}, {"t": 1697856520, "d": ["acmeair-bookingservice", 16101449]}, {"t": 1697856520, "d": ["acmeair-customerservice", 8716316]}, {"t": 1697856520, "d": ["acmeair-flightservice", 3282534]}, {"t": 1697856520, "d": ["acmeair-authservice", 3084768]}, {"t": 1697856520, "d": ["acmeair-mainservice", 356741]}, {"t": 1697856530, "d": ["acmeair-bookingservice", 12468081]}, {"t": 1697856530, "d": ["acmeair-customerservice", 8547140]}, {"t": 1697856530, "d": ["acmeair-flightservice", 3545808]}, {"t": 1697856530, "d": ["acmeair-authservice", 1278322]}, {"t": 1697856530, "d": ["acmeair-mainservice", 484736]}, {"t": 1697856540, "d": ["acmeair-bookingservice", 13881235]}, {"t": 1697856540, "d": ["acmeair-customerservice", 12081660]}, {"t": 1697856540, "d": ["acmeair-flightservice", 3601359]}, {"t": 1697856540, "d": ["acmeair-authservice", 1350403]}, {"t": 1697856540, "d": ["acmeair-mainservice", 460215]}, {"t": 1697856550, "d": ["acmeair-bookingservice", 14318730]}, {"t": 1697856550, "d": ["acmeair-customerservice", 8125632]}, {"t": 1697856550, "d": ["acmeair-flightservice", 3219301]}, {"t": 1697856550, "d": ["acmeair-authservice", 1194961]}, {"t": 1697856550, "d": ["acmeair-mainservice", 472574]}, {"t": 1697856560, "d": ["acmeair-bookingservice", 15043392]}, {"t": 1697856560, "d": ["acmeair-customerservice", 7629292]}, {"t": 1697856560, "d": ["acmeair-flightservice", 3753016]}, {"t": 1697856560, "d": ["acmeair-authservice", 3932005]}, {"t": 1697856560, "d": ["acmeair-mainservice", 460189]}, {"t": 1697856570, "d": ["acmeair-bookingservice", 16477383]}, {"t": 1697856570, "d": ["acmeair-customerservice", 10077692]}, {"t": 1697856570, "d": ["acmeair-flightservice", 3669476]}, {"t": 1697856570, "d": ["acmeair-authservice", 1232229]}, {"t": 1697856570, "d": ["acmeair-mainservice", 373058]}, {"t": 1697856580, "d": ["acmeair-bookingservice", 14473843]}, {"t": 1697856580, "d": ["acmeair-customerservice", 9453174]}, {"t": 1697856580, "d": ["acmeair-flightservice", 3707019]}, {"t": 1697856580, "d": ["acmeair-authservice", 1417477]}, {"t": 1697856580, "d": ["acmeair-mainservice", 541329]}, {"t": 1697856590, "d": ["acmeair-bookingservice", 13095833]}, {"t": 1697856590, "d": ["acmeair-customerservice", 9866508]}, {"t": 1697856590, "d": ["acmeair-flightservice", 3911667]}, {"t": 1697856590, "d": ["acmeair-authservice", 3321269]}, {"t": 1697856590, "d": ["acmeair-mainservice", 384155]}, {"t": 1697856600, "d": ["acmeair-bookingservice", 14442620]}, {"t": 1697856600, "d": ["acmeair-customerservice", 10442499]}, {"t": 1697856600, "d": ["acmeair-flightservice", 3681600]}, {"t": 1697856600, "d": ["acmeair-authservice", 1261918]}, {"t": 1697856600, "d": ["acmeair-mainservice", 408005]}, {"t": 1697856610, "d": ["acmeair-bookingservice", 14530947]}, {"t": 1697856610, "d": ["acmeair-customerservice", 7413729]}, {"t": 1697856610, "d": ["acmeair-flightservice", 3401848]}, {"t": 1697856610, "d": ["acmeair-authservice", 1167232]}, {"t": 1697856610, "d": ["acmeair-mainservice", 319783]}, {"t": 1697856620, "d": ["acmeair-bookingservice", 12275139]}, {"t": 1697856620, "d": ["acmeair-customerservice", 14085456]}, {"t": 1697856620, "d": ["acmeair-flightservice", 3852121]}, {"t": 1697856620, "d": ["acmeair-authservice", 1125589]}, {"t": 1697856620, "d": ["acmeair-mainservice", 504877]}, {"t": 1697856630, "d": ["acmeair-bookingservice", 14498945]}, {"t": 1697856630, "d": ["acmeair-customerservice", 12959286]}, {"t": 1697856630, "d": ["acmeair-flightservice", 3602344]}, {"t": 1697856630, "d": ["acmeair-authservice", 2965252]}, {"t": 1697856630, "d": ["acmeair-mainservice", 403396]}, {"t": 1697856640, "d": ["acmeair-bookingservice", 15131366]}, {"t": 1697856640, "d": ["acmeair-customerservice", 19250776]}, {"t": 1697856640, "d": ["acmeair-flightservice", 5516447]}, {"t": 1697856640, "d": ["acmeair-authservice", 1124527]}, {"t": 1697856640, "d": ["acmeair-mainservice", 507527]}, {"t": 1697856650, "d": ["acmeair-bookingservice", 13433823]}, {"t": 1697856650, "d": ["acmeair-customerservice", 10290494]}, {"t": 1697856650, "d": ["acmeair-flightservice", 3879388]}, {"t": 1697856650, "d": ["acmeair-authservice", 1204765]}, {"t": 1697856650, "d": ["acmeair-mainservice", 497017]}, {"t": 1697856660, "d": ["acmeair-bookingservice", 13978880]}, {"t": 1697856660, "d": ["acmeair-customerservice", 10708740]}, {"t": 1697856660, "d": ["acmeair-flightservice", 3814792]}, {"t": 1697856660, "d": ["acmeair-authservice", 3147089]}, {"t": 1697856660, "d": ["acmeair-mainservice", 380836]}, {"t": 1697856670, "d": ["acmeair-bookingservice", 14250214]}, {"t": 1697856670, "d": ["acmeair-customerservice", 8416005]}, {"t": 1697856670, "d": ["acmeair-flightservice", 3630738]}, {"t": 1697856670, "d": ["acmeair-authservice", 1193849]}, {"t": 1697856670, "d": ["acmeair-mainservice", 373806]}, {"t": 1697856680, "d": ["acmeair-bookingservice", 16964403]}, {"t": 1697856680, "d": ["acmeair-customerservice", 10023223]}, {"t": 1697856680, "d": ["acmeair-flightservice", 3379843]}, {"t": 1697856680, "d": ["acmeair-authservice", 1151183]}, {"t": 1697856680, "d": ["acmeair-mainservice", 417207]}, {"t": 1697856690, "d": ["acmeair-bookingservice", 13168126]}, {"t": 1697856690, "d": ["acmeair-customerservice", 9924185]}, {"t": 1697856690, "d": ["acmeair-flightservice", 3081566]}, {"t": 1697856690, "d": ["acmeair-authservice", 1457565]}, {"t": 1697856690, "d": ["acmeair-mainservice", 426068]}, {"t": 1697856700, "d": ["acmeair-bookingservice", 18102183]}, {"t": 1697856700, "d": ["acmeair-customerservice", 9166728]}, {"t": 1697856700, "d": ["acmeair-flightservice", 3389524]}, {"t": 1697856700, "d": ["acmeair-authservice", 1258960]}, {"t": 1697856700, "d": ["acmeair-mainservice", 375503]}, {"t": 1697856710, "d": ["acmeair-bookingservice", 13967538]}, {"t": 1697856710, "d": ["acmeair-customerservice", 13338327]}, {"t": 1697856710, "d": ["acmeair-flightservice", 3137151]}, {"t": 1697856710, "d": ["acmeair-authservice", 1435989]}, {"t": 1697856710, "d": ["acmeair-mainservice", 445091]}, {"t": 1697856720, "d": ["acmeair-bookingservice", 15406955]}, {"t": 1697856720, "d": ["acmeair-customerservice", 8784266]}, {"t": 1697856720, "d": ["acmeair-flightservice", 3444828]}, {"t": 1697856720, "d": ["acmeair-authservice", 1461123]}, {"t": 1697856720, "d": ["acmeair-mainservice", 496639]}], "start": 1697856420, "end": 1697856720}